solid ASCII
  facet normal -1.119644e-01 -9.937116e-01 -1.084751e-03
    outer loop
      vertex   -3.794504e+01 -3.294986e+01 1.800000e+01
      vertex   -3.801764e+01 -3.293185e+01 9.000000e+00
      vertex   -3.750000e+01 -3.300000e+01 1.800000e+01
    endloop
  endfacet
  facet normal -1.444327e-01 -9.895143e-01 8.144572e-04
    outer loop
      vertex   -3.750000e+01 -3.300000e+01 1.800000e+01
      vertex   -3.801764e+01 -3.293185e+01 9.000000e+00
      vertex   -3.794504e+01 -3.294986e+01 0.000000e+00
    endloop
  endfacet
  facet normal -1.119645e-01 -9.937122e-01 -0.000000e+00
    outer loop
      vertex   -3.750000e+01 -3.300000e+01 1.800000e+01
      vertex   -3.794504e+01 -3.294986e+01 0.000000e+00
      vertex   -3.750000e+01 -3.300000e+01 0.000000e+00
    endloop
  endfacet
  facet normal -3.302790e-01 -9.438830e-01 7.759081e-04
    outer loop
      vertex   -3.794504e+01 -3.294986e+01 1.800000e+01
      vertex   -3.836777e+01 -3.280194e+01 1.800000e+01
      vertex   -3.801764e+01 -3.293185e+01 9.000000e+00
    endloop
  endfacet
  facet normal -3.826830e-01 -9.238784e-01 -1.551543e-03
    outer loop
      vertex   -3.801764e+01 -3.293185e+01 9.000000e+00
      vertex   -3.836777e+01 -3.280194e+01 1.800000e+01
      vertex   -3.850000e+01 -3.273205e+01 9.000000e+00
    endloop
  endfacet
  facet normal -3.826830e-01 -9.238784e-01 1.551543e-03
    outer loop
      vertex   -3.801764e+01 -3.293185e+01 9.000000e+00
      vertex   -3.850000e+01 -3.273205e+01 9.000000e+00
      vertex   -3.836777e+01 -3.280194e+01 0.000000e+00
    endloop
  endfacet
  facet normal -5.320317e-01 -8.467235e-01 -1.241887e-03
    outer loop
      vertex   -3.836777e+01 -3.280194e+01 0.000000e+00
      vertex   -3.850000e+01 -3.273205e+01 9.000000e+00
      vertex   -3.874698e+01 -3.256366e+01 0.000000e+00
    endloop
  endfacet
  facet normal -6.087604e-01 -7.933520e-01 1.862286e-03
    outer loop
      vertex   -3.874698e+01 -3.256366e+01 0.000000e+00
      vertex   -3.850000e+01 -3.273205e+01 9.000000e+00
      vertex   -3.891421e+01 -3.241421e+01 9.000000e+00
    endloop
  endfacet
  facet normal -7.071061e-01 -7.071061e-01 -1.397285e-03
    outer loop
      vertex   -3.874698e+01 -3.256366e+01 0.000000e+00
      vertex   -3.891421e+01 -3.241421e+01 9.000000e+00
      vertex   -3.906366e+01 -3.224698e+01 0.000000e+00
    endloop
  endfacet
  facet normal -7.933520e-01 -6.087604e-01 1.862286e-03
    outer loop
      vertex   -3.906366e+01 -3.224698e+01 0.000000e+00
      vertex   -3.891421e+01 -3.241421e+01 9.000000e+00
      vertex   -3.923205e+01 -3.200000e+01 9.000000e+00
    endloop
  endfacet
  facet normal -8.467235e-01 -5.320317e-01 -1.241887e-03
    outer loop
      vertex   -3.906366e+01 -3.224698e+01 0.000000e+00
      vertex   -3.923205e+01 -3.200000e+01 9.000000e+00
      vertex   -3.930194e+01 -3.186777e+01 0.000000e+00
    endloop
  endfacet
  facet normal -9.238784e-01 -3.826830e-01 1.551543e-03
    outer loop
      vertex   -3.930194e+01 -3.186777e+01 0.000000e+00
      vertex   -3.923205e+01 -3.200000e+01 9.000000e+00
      vertex   -3.943185e+01 -3.151764e+01 9.000000e+00
    endloop
  endfacet
  facet normal -9.438830e-01 -3.302790e-01 -7.759081e-04
    outer loop
      vertex   -3.930194e+01 -3.186777e+01 0.000000e+00
      vertex   -3.943185e+01 -3.151764e+01 9.000000e+00
      vertex   -3.944986e+01 -3.144504e+01 0.000000e+00
    endloop
  endfacet
  facet normal -9.937116e-01 -1.119644e-01 1.084751e-03
    outer loop
      vertex   -3.944986e+01 -3.144504e+01 0.000000e+00
      vertex   -3.943185e+01 -3.151764e+01 9.000000e+00
      vertex   -3.950000e+01 -3.100000e+01 0.000000e+00
    endloop
  endfacet
  facet normal -9.895143e-01 -1.444327e-01 -8.144572e-04
    outer loop
      vertex   -3.950000e+01 -3.100000e+01 0.000000e+00
      vertex   -3.943185e+01 -3.151764e+01 9.000000e+00
      vertex   -3.944986e+01 -3.144504e+01 1.800000e+01
    endloop
  endfacet
  facet normal -9.937122e-01 -1.119645e-01 0.000000e+00
    outer loop
      vertex   -3.950000e+01 -3.100000e+01 0.000000e+00
      vertex   -3.944986e+01 -3.144504e+01 1.800000e+01
      vertex   -3.950000e+01 -3.100000e+01 1.800000e+01
    endloop
  endfacet
  facet normal -5.320317e-01 -8.467235e-01 1.241887e-03
    outer loop
      vertex   -3.836777e+01 -3.280194e+01 1.800000e+01
      vertex   -3.874698e+01 -3.256366e+01 1.800000e+01
      vertex   -3.850000e+01 -3.273205e+01 9.000000e+00
    endloop
  endfacet
  facet normal -6.087604e-01 -7.933520e-01 -1.862286e-03
    outer loop
      vertex   -3.850000e+01 -3.273205e+01 9.000000e+00
      vertex   -3.874698e+01 -3.256366e+01 1.800000e+01
      vertex   -3.891421e+01 -3.241421e+01 9.000000e+00
    endloop
  endfacet
  facet normal -7.071061e-01 -7.071061e-01 1.397285e-03
    outer loop
      vertex   -3.874698e+01 -3.256366e+01 1.800000e+01
      vertex   -3.906366e+01 -3.224698e+01 1.800000e+01
      vertex   -3.891421e+01 -3.241421e+01 9.000000e+00
    endloop
  endfacet
  facet normal -7.933520e-01 -6.087604e-01 -1.862286e-03
    outer loop
      vertex   -3.891421e+01 -3.241421e+01 9.000000e+00
      vertex   -3.906366e+01 -3.224698e+01 1.800000e+01
      vertex   -3.923205e+01 -3.200000e+01 9.000000e+00
    endloop
  endfacet
  facet normal -8.467235e-01 -5.320317e-01 1.241887e-03
    outer loop
      vertex   -3.906366e+01 -3.224698e+01 1.800000e+01
      vertex   -3.930194e+01 -3.186777e+01 1.800000e+01
      vertex   -3.923205e+01 -3.200000e+01 9.000000e+00
    endloop
  endfacet
  facet normal -9.238784e-01 -3.826830e-01 -1.551543e-03
    outer loop
      vertex   -3.923205e+01 -3.200000e+01 9.000000e+00
      vertex   -3.930194e+01 -3.186777e+01 1.800000e+01
      vertex   -3.943185e+01 -3.151764e+01 9.000000e+00
    endloop
  endfacet
  facet normal -9.438830e-01 -3.302790e-01 7.759081e-04
    outer loop
      vertex   -3.930194e+01 -3.186777e+01 1.800000e+01
      vertex   -3.944986e+01 -3.144504e+01 1.800000e+01
      vertex   -3.943185e+01 -3.151764e+01 9.000000e+00
    endloop
  endfacet
  facet normal -3.302790e-01 -9.438830e-01 -7.759081e-04
    outer loop
      vertex   -3.836777e+01 -3.280194e+01 0.000000e+00
      vertex   -3.794504e+01 -3.294986e+01 0.000000e+00
      vertex   -3.801764e+01 -3.293185e+01 9.000000e+00
    endloop
  endfacet
  facet normal -1.000000e+00 0.000000e+00 0.000000e+00
    outer loop
      vertex   -3.950000e+01 -3.100000e+01 1.800000e+01
      vertex   -3.950000e+01 3.100000e+01 1.800000e+01
      vertex   -3.950000e+01 -3.100000e+01 0.000000e+00
    endloop
  endfacet
  facet normal -1.000000e+00 0.000000e+00 0.000000e+00
    outer loop
      vertex   -3.950000e+01 -3.100000e+01 0.000000e+00
      vertex   -3.950000e+01 3.100000e+01 1.800000e+01
      vertex   -3.950000e+01 3.100000e+01 0.000000e+00
    endloop
  endfacet
  facet normal 0.000000e+00 0.000000e+00 1.000000e+00
    outer loop
      vertex   3.245452e+01 -2.708589e+01 1.800000e+01
      vertex   -3.245452e+01 -2.708589e+01 1.800000e+01
      vertex   3.240000e+01 -2.750000e+01 1.800000e+01
    endloop
  endfacet
  facet normal 0.000000e+00 0.000000e+00 1.000000e+00
    outer loop
      vertex   3.240000e+01 -2.750000e+01 1.800000e+01
      vertex   -3.245452e+01 -2.708589e+01 1.800000e+01
      vertex   -3.240000e+01 -2.750000e+01 1.800000e+01
    endloop
  endfacet
  facet normal 0.000000e+00 0.000000e+00 1.000000e+00
    outer loop
      vertex   3.240000e+01 -2.750000e+01 1.800000e+01
      vertex   -3.240000e+01 -2.750000e+01 1.800000e+01
      vertex   3.245452e+01 -2.791411e+01 1.800000e+01
    endloop
  endfacet
  facet normal 0.000000e+00 0.000000e+00 1.000000e+00
    outer loop
      vertex   3.245452e+01 -2.791411e+01 1.800000e+01
      vertex   -3.240000e+01 -2.750000e+01 1.800000e+01
      vertex   -3.245452e+01 -2.791411e+01 1.800000e+01
    endloop
  endfacet
  facet normal 0.000000e+00 0.000000e+00 1.000000e+00
    outer loop
      vertex   3.245452e+01 -2.791411e+01 1.800000e+01
      vertex   -3.245452e+01 -2.791411e+01 1.800000e+01
      vertex   3.261436e+01 -2.830000e+01 1.800000e+01
    endloop
  endfacet
  facet normal 0.000000e+00 0.000000e+00 1.000000e+00
    outer loop
      vertex   3.261436e+01 -2.830000e+01 1.800000e+01
      vertex   -3.245452e+01 -2.791411e+01 1.800000e+01
      vertex   -3.261436e+01 -2.830000e+01 1.800000e+01
    endloop
  endfacet
  facet normal 0.000000e+00 0.000000e+00 1.000000e+00
    outer loop
      vertex   3.261436e+01 -2.830000e+01 1.800000e+01
      vertex   -3.261436e+01 -2.830000e+01 1.800000e+01
      vertex   3.286863e+01 -2.863137e+01 1.800000e+01
    endloop
  endfacet
  facet normal 0.000000e+00 0.000000e+00 1.000000e+00
    outer loop
      vertex   3.286863e+01 -2.863137e+01 1.800000e+01
      vertex   -3.261436e+01 -2.830000e+01 1.800000e+01
      vertex   -3.286863e+01 -2.863137e+01 1.800000e+01
    endloop
  endfacet
  facet normal 0.000000e+00 0.000000e+00 1.000000e+00
    outer loop
      vertex   3.286863e+01 -2.863137e+01 1.800000e+01
      vertex   -3.286863e+01 -2.863137e+01 1.800000e+01
      vertex   3.750000e+01 -3.300000e+01 1.800000e+01
    endloop
  endfacet
  facet normal 0.000000e+00 0.000000e+00 1.000000e+00
    outer loop
      vertex   3.750000e+01 -3.300000e+01 1.800000e+01
      vertex   -3.286863e+01 -2.863137e+01 1.800000e+01
      vertex   -3.750000e+01 -3.300000e+01 1.800000e+01
    endloop
  endfacet
  facet normal 0.000000e+00 0.000000e+00 1.000000e+00
    outer loop
      vertex   -3.750000e+01 -3.300000e+01 1.800000e+01
      vertex   -3.286863e+01 -2.863137e+01 1.800000e+01
      vertex   -3.320000e+01 -2.888564e+01 1.800000e+01
    endloop
  endfacet
  facet normal 0.000000e+00 0.000000e+00 1.000000e+00
    outer loop
      vertex   -3.750000e+01 -3.300000e+01 1.800000e+01
      vertex   -3.320000e+01 -2.888564e+01 1.800000e+01
      vertex   -3.358589e+01 -2.904548e+01 1.800000e+01
    endloop
  endfacet
  facet normal 0.000000e+00 -0.000000e+00 1.000000e+00
    outer loop
      vertex   -3.245452e+01 -2.708589e+01 1.800000e+01
      vertex   3.245452e+01 -2.708589e+01 1.800000e+01
      vertex   -3.261436e+01 -2.670000e+01 1.800000e+01
    endloop
  endfacet
  facet normal -0.000000e+00 0.000000e+00 1.000000e+00
    outer loop
      vertex   -3.261436e+01 -2.670000e+01 1.800000e+01
      vertex   3.245452e+01 -2.708589e+01 1.800000e+01
      vertex   3.261436e+01 -2.670000e+01 1.800000e+01
    endloop
  endfacet
  facet normal 0.000000e+00 -0.000000e+00 1.000000e+00
    outer loop
      vertex   -3.261436e+01 -2.670000e+01 1.800000e+01
      vertex   3.261436e+01 -2.670000e+01 1.800000e+01
      vertex   -3.286863e+01 -2.636863e+01 1.800000e+01
    endloop
  endfacet
  facet normal -0.000000e+00 0.000000e+00 1.000000e+00
    outer loop
      vertex   -3.286863e+01 -2.636863e+01 1.800000e+01
      vertex   3.261436e+01 -2.670000e+01 1.800000e+01
      vertex   3.286863e+01 -2.636863e+01 1.800000e+01
    endloop
  endfacet
  facet normal 0.000000e+00 0.000000e+00 1.000000e+00
    outer loop
      vertex   -3.286863e+01 -2.636863e+01 1.800000e+01
      vertex   3.286863e+01 -2.636863e+01 1.800000e+01
      vertex   -3.286863e+01 2.636863e+01 1.800000e+01
    endloop
  endfacet
  facet normal -0.000000e+00 0.000000e+00 1.000000e+00
    outer loop
      vertex   -3.286863e+01 2.636863e+01 1.800000e+01
      vertex   3.286863e+01 -2.636863e+01 1.800000e+01
      vertex   3.286863e+01 2.636863e+01 1.800000e+01
    endloop
  endfacet
  facet normal 0.000000e+00 0.000000e+00 1.000000e+00
    outer loop
      vertex   -3.286863e+01 2.636863e+01 1.800000e+01
      vertex   3.286863e+01 2.636863e+01 1.800000e+01
      vertex   -3.261436e+01 2.670000e+01 1.800000e+01
    endloop
  endfacet
  facet normal -0.000000e+00 0.000000e+00 1.000000e+00
    outer loop
      vertex   -3.261436e+01 2.670000e+01 1.800000e+01
      vertex   3.286863e+01 2.636863e+01 1.800000e+01
      vertex   3.261436e+01 2.670000e+01 1.800000e+01
    endloop
  endfacet
  facet normal 0.000000e+00 0.000000e+00 1.000000e+00
    outer loop
      vertex   -3.261436e+01 2.670000e+01 1.800000e+01
      vertex   3.261436e+01 2.670000e+01 1.800000e+01
      vertex   -3.245452e+01 2.708589e+01 1.800000e+01
    endloop
  endfacet
  facet normal -0.000000e+00 0.000000e+00 1.000000e+00
    outer loop
      vertex   -3.245452e+01 2.708589e+01 1.800000e+01
      vertex   3.261436e+01 2.670000e+01 1.800000e+01
      vertex   3.245452e+01 2.708589e+01 1.800000e+01
    endloop
  endfacet
  facet normal 0.000000e+00 0.000000e+00 1.000000e+00
    outer loop
      vertex   -3.245452e+01 2.708589e+01 1.800000e+01
      vertex   3.245452e+01 2.708589e+01 1.800000e+01
      vertex   -3.240000e+01 2.750000e+01 1.800000e+01
    endloop
  endfacet
  facet normal -0.000000e+00 0.000000e+00 1.000000e+00
    outer loop
      vertex   -3.240000e+01 2.750000e+01 1.800000e+01
      vertex   3.245452e+01 2.708589e+01 1.800000e+01
      vertex   3.240000e+01 2.750000e+01 1.800000e+01
    endloop
  endfacet
  facet normal 0.000000e+00 -0.000000e+00 1.000000e+00
    outer loop
      vertex   -3.240000e+01 2.750000e+01 1.800000e+01
      vertex   3.240000e+01 2.750000e+01 1.800000e+01
      vertex   -3.245452e+01 2.791411e+01 1.800000e+01
    endloop
  endfacet
  facet normal -0.000000e+00 0.000000e+00 1.000000e+00
    outer loop
      vertex   -3.245452e+01 2.791411e+01 1.800000e+01
      vertex   3.240000e+01 2.750000e+01 1.800000e+01
      vertex   3.245452e+01 2.791411e+01 1.800000e+01
    endloop
  endfacet
  facet normal 0.000000e+00 -0.000000e+00 1.000000e+00
    outer loop
      vertex   -3.245452e+01 2.791411e+01 1.800000e+01
      vertex   3.245452e+01 2.791411e+01 1.800000e+01
      vertex   -3.261436e+01 2.830000e+01 1.800000e+01
    endloop
  endfacet
  facet normal -0.000000e+00 0.000000e+00 1.000000e+00
    outer loop
      vertex   -3.261436e+01 2.830000e+01 1.800000e+01
      vertex   3.245452e+01 2.791411e+01 1.800000e+01
      vertex   3.261436e+01 2.830000e+01 1.800000e+01
    endloop
  endfacet
  facet normal 0.000000e+00 -0.000000e+00 1.000000e+00
    outer loop
      vertex   -3.261436e+01 2.830000e+01 1.800000e+01
      vertex   3.261436e+01 2.830000e+01 1.800000e+01
      vertex   -3.286863e+01 2.863137e+01 1.800000e+01
    endloop
  endfacet
  facet normal -0.000000e+00 0.000000e+00 1.000000e+00
    outer loop
      vertex   -3.286863e+01 2.863137e+01 1.800000e+01
      vertex   3.261436e+01 2.830000e+01 1.800000e+01
      vertex   3.286863e+01 2.863137e+01 1.800000e+01
    endloop
  endfacet
  facet normal 0.000000e+00 -0.000000e+00 1.000000e+00
    outer loop
      vertex   -3.286863e+01 2.863137e+01 1.800000e+01
      vertex   3.286863e+01 2.863137e+01 1.800000e+01
      vertex   -3.750000e+01 3.300000e+01 1.800000e+01
    endloop
  endfacet
  facet normal -0.000000e+00 0.000000e+00 1.000000e+00
    outer loop
      vertex   -3.750000e+01 3.300000e+01 1.800000e+01
      vertex   3.286863e+01 2.863137e+01 1.800000e+01
      vertex   3.750000e+01 3.300000e+01 1.800000e+01
    endloop
  endfacet
  facet normal 0.000000e+00 0.000000e+00 1.000000e+00
    outer loop
      vertex   3.750000e+01 3.300000e+01 1.800000e+01
      vertex   3.286863e+01 2.863137e+01 1.800000e+01
      vertex   3.320000e+01 2.888564e+01 1.800000e+01
    endloop
  endfacet
  facet normal 0.000000e+00 0.000000e+00 1.000000e+00
    outer loop
      vertex   3.750000e+01 3.300000e+01 1.800000e+01
      vertex   3.320000e+01 2.888564e+01 1.800000e+01
      vertex   3.358589e+01 2.904548e+01 1.800000e+01
    endloop
  endfacet
  facet normal 0.000000e+00 0.000000e+00 1.000000e+00
    outer loop
      vertex   3.286863e+01 2.636863e+01 1.800000e+01
      vertex   3.286863e+01 -2.636863e+01 1.800000e+01
      vertex   3.320000e+01 2.611436e+01 1.800000e+01
    endloop
  endfacet
  facet normal 0.000000e+00 0.000000e+00 1.000000e+00
    outer loop
      vertex   3.320000e+01 2.611436e+01 1.800000e+01
      vertex   3.286863e+01 -2.636863e+01 1.800000e+01
      vertex   3.320000e+01 -2.611436e+01 1.800000e+01
    endloop
  endfacet
  facet normal 0.000000e+00 0.000000e+00 1.000000e+00
    outer loop
      vertex   3.320000e+01 2.611436e+01 1.800000e+01
      vertex   3.320000e+01 -2.611436e+01 1.800000e+01
      vertex   3.358589e+01 2.595452e+01 1.800000e+01
    endloop
  endfacet
  facet normal 0.000000e+00 0.000000e+00 1.000000e+00
    outer loop
      vertex   3.358589e+01 2.595452e+01 1.800000e+01
      vertex   3.320000e+01 -2.611436e+01 1.800000e+01
      vertex   3.358589e+01 -2.595452e+01 1.800000e+01
    endloop
  endfacet
  facet normal 0.000000e+00 0.000000e+00 1.000000e+00
    outer loop
      vertex   3.358589e+01 2.595452e+01 1.800000e+01
      vertex   3.358589e+01 -2.595452e+01 1.800000e+01
      vertex   3.400000e+01 2.590000e+01 1.800000e+01
    endloop
  endfacet
  facet normal 0.000000e+00 0.000000e+00 1.000000e+00
    outer loop
      vertex   3.400000e+01 2.590000e+01 1.800000e+01
      vertex   3.358589e+01 -2.595452e+01 1.800000e+01
      vertex   3.400000e+01 -2.590000e+01 1.800000e+01
    endloop
  endfacet
  facet normal 0.000000e+00 0.000000e+00 1.000000e+00
    outer loop
      vertex   3.400000e+01 2.590000e+01 1.800000e+01
      vertex   3.400000e+01 -2.590000e+01 1.800000e+01
      vertex   3.441411e+01 -2.595452e+01 1.800000e+01
    endloop
  endfacet
  facet normal -0.000000e+00 0.000000e+00 1.000000e+00
    outer loop
      vertex   3.400000e+01 2.590000e+01 1.800000e+01
      vertex   3.441411e+01 -2.595452e+01 1.800000e+01
      vertex   3.441411e+01 2.595452e+01 1.800000e+01
    endloop
  endfacet
  facet normal 0.000000e+00 0.000000e+00 1.000000e+00
    outer loop
      vertex   3.441411e+01 2.595452e+01 1.800000e+01
      vertex   3.441411e+01 -2.595452e+01 1.800000e+01
      vertex   3.480000e+01 -2.611436e+01 1.800000e+01
    endloop
  endfacet
  facet normal -0.000000e+00 0.000000e+00 1.000000e+00
    outer loop
      vertex   3.441411e+01 2.595452e+01 1.800000e+01
      vertex   3.480000e+01 -2.611436e+01 1.800000e+01
      vertex   3.480000e+01 2.611436e+01 1.800000e+01
    endloop
  endfacet
  facet normal 0.000000e+00 0.000000e+00 1.000000e+00
    outer loop
      vertex   3.480000e+01 2.611436e+01 1.800000e+01
      vertex   3.480000e+01 -2.611436e+01 1.800000e+01
      vertex   3.513137e+01 -2.636863e+01 1.800000e+01
    endloop
  endfacet
  facet normal -0.000000e+00 0.000000e+00 1.000000e+00
    outer loop
      vertex   3.480000e+01 2.611436e+01 1.800000e+01
      vertex   3.513137e+01 -2.636863e+01 1.800000e+01
      vertex   3.513137e+01 2.636863e+01 1.800000e+01
    endloop
  endfacet
  facet normal 0.000000e+00 0.000000e+00 1.000000e+00
    outer loop
      vertex   3.513137e+01 2.636863e+01 1.800000e+01
      vertex   3.513137e+01 -2.636863e+01 1.800000e+01
      vertex   3.950000e+01 -3.100000e+01 1.800000e+01
    endloop
  endfacet
  facet normal -0.000000e+00 0.000000e+00 1.000000e+00
    outer loop
      vertex   3.513137e+01 2.636863e+01 1.800000e+01
      vertex   3.950000e+01 -3.100000e+01 1.800000e+01
      vertex   3.950000e+01 3.100000e+01 1.800000e+01
    endloop
  endfacet
  facet normal 0.000000e+00 0.000000e+00 1.000000e+00
    outer loop
      vertex   3.513137e+01 -2.636863e+01 1.800000e+01
      vertex   3.538564e+01 -2.670000e+01 1.800000e+01
      vertex   3.950000e+01 -3.100000e+01 1.800000e+01
    endloop
  endfacet
  facet normal 0.000000e+00 0.000000e+00 1.000000e+00
    outer loop
      vertex   3.950000e+01 -3.100000e+01 1.800000e+01
      vertex   3.538564e+01 -2.670000e+01 1.800000e+01
      vertex   3.554548e+01 -2.708589e+01 1.800000e+01
    endloop
  endfacet
  facet normal 0.000000e+00 0.000000e+00 1.000000e+00
    outer loop
      vertex   3.950000e+01 -3.100000e+01 1.800000e+01
      vertex   3.554548e+01 -2.708589e+01 1.800000e+01
      vertex   3.560000e+01 -2.750000e+01 1.800000e+01
    endloop
  endfacet
  facet normal 0.000000e+00 0.000000e+00 1.000000e+00
    outer loop
      vertex   3.560000e+01 -2.750000e+01 1.800000e+01
      vertex   3.554548e+01 -2.791411e+01 1.800000e+01
      vertex   3.950000e+01 -3.100000e+01 1.800000e+01
    endloop
  endfacet
  facet normal 0.000000e+00 0.000000e+00 1.000000e+00
    outer loop
      vertex   3.950000e+01 -3.100000e+01 1.800000e+01
      vertex   3.554548e+01 -2.791411e+01 1.800000e+01
      vertex   3.538564e+01 -2.830000e+01 1.800000e+01
    endloop
  endfacet
  facet normal 0.000000e+00 0.000000e+00 1.000000e+00
    outer loop
      vertex   3.950000e+01 -3.100000e+01 1.800000e+01
      vertex   3.538564e+01 -2.830000e+01 1.800000e+01
      vertex   3.513137e+01 -2.863137e+01 1.800000e+01
    endloop
  endfacet
  facet normal 0.000000e+00 0.000000e+00 1.000000e+00
    outer loop
      vertex   3.513137e+01 -2.863137e+01 1.800000e+01
      vertex   3.480000e+01 -2.888564e+01 1.800000e+01
      vertex   3.950000e+01 -3.100000e+01 1.800000e+01
    endloop
  endfacet
  facet normal 0.000000e+00 0.000000e+00 1.000000e+00
    outer loop
      vertex   3.950000e+01 -3.100000e+01 1.800000e+01
      vertex   3.480000e+01 -2.888564e+01 1.800000e+01
      vertex   3.750000e+01 -3.300000e+01 1.800000e+01
    endloop
  endfacet
  facet normal 0.000000e+00 0.000000e+00 1.000000e+00
    outer loop
      vertex   3.950000e+01 -3.100000e+01 1.800000e+01
      vertex   3.750000e+01 -3.300000e+01 1.800000e+01
      vertex   3.944986e+01 -3.144504e+01 1.800000e+01
    endloop
  endfacet
  facet normal 0.000000e+00 0.000000e+00 1.000000e+00
    outer loop
      vertex   3.944986e+01 -3.144504e+01 1.800000e+01
      vertex   3.750000e+01 -3.300000e+01 1.800000e+01
      vertex   3.930194e+01 -3.186777e+01 1.800000e+01
    endloop
  endfacet
  facet normal 0.000000e+00 0.000000e+00 1.000000e+00
    outer loop
      vertex   3.930194e+01 -3.186777e+01 1.800000e+01
      vertex   3.750000e+01 -3.300000e+01 1.800000e+01
      vertex   3.906366e+01 -3.224698e+01 1.800000e+01
    endloop
  endfacet
  facet normal 0.000000e+00 0.000000e+00 1.000000e+00
    outer loop
      vertex   3.906366e+01 -3.224698e+01 1.800000e+01
      vertex   3.750000e+01 -3.300000e+01 1.800000e+01
      vertex   3.874698e+01 -3.256366e+01 1.800000e+01
    endloop
  endfacet
  facet normal 0.000000e+00 0.000000e+00 1.000000e+00
    outer loop
      vertex   3.874698e+01 -3.256366e+01 1.800000e+01
      vertex   3.750000e+01 -3.300000e+01 1.800000e+01
      vertex   3.836777e+01 -3.280194e+01 1.800000e+01
    endloop
  endfacet
  facet normal 0.000000e+00 0.000000e+00 1.000000e+00
    outer loop
      vertex   3.836777e+01 -3.280194e+01 1.800000e+01
      vertex   3.750000e+01 -3.300000e+01 1.800000e+01
      vertex   3.794504e+01 -3.294986e+01 1.800000e+01
    endloop
  endfacet
  facet normal 0.000000e+00 0.000000e+00 1.000000e+00
    outer loop
      vertex   3.480000e+01 -2.888564e+01 1.800000e+01
      vertex   3.441411e+01 -2.904548e+01 1.800000e+01
      vertex   3.750000e+01 -3.300000e+01 1.800000e+01
    endloop
  endfacet
  facet normal 0.000000e+00 0.000000e+00 1.000000e+00
    outer loop
      vertex   3.750000e+01 -3.300000e+01 1.800000e+01
      vertex   3.441411e+01 -2.904548e+01 1.800000e+01
      vertex   3.400000e+01 -2.910000e+01 1.800000e+01
    endloop
  endfacet
  facet normal 0.000000e+00 0.000000e+00 1.000000e+00
    outer loop
      vertex   3.750000e+01 -3.300000e+01 1.800000e+01
      vertex   3.400000e+01 -2.910000e+01 1.800000e+01
      vertex   3.358589e+01 -2.904548e+01 1.800000e+01
    endloop
  endfacet
  facet normal 0.000000e+00 0.000000e+00 1.000000e+00
    outer loop
      vertex   3.358589e+01 -2.904548e+01 1.800000e+01
      vertex   3.320000e+01 -2.888564e+01 1.800000e+01
      vertex   3.750000e+01 -3.300000e+01 1.800000e+01
    endloop
  endfacet
  facet normal 0.000000e+00 0.000000e+00 1.000000e+00
    outer loop
      vertex   3.750000e+01 -3.300000e+01 1.800000e+01
      vertex   3.320000e+01 -2.888564e+01 1.800000e+01
      vertex   3.286863e+01 -2.863137e+01 1.800000e+01
    endloop
  endfacet
  facet normal 0.000000e+00 0.000000e+00 1.000000e+00
    outer loop
      vertex   -3.554548e+01 2.708589e+01 1.800000e+01
      vertex   -3.560000e+01 2.750000e+01 1.800000e+01
      vertex   -3.950000e+01 3.100000e+01 1.800000e+01
    endloop
  endfacet
  facet normal 0.000000e+00 0.000000e+00 1.000000e+00
    outer loop
      vertex   -3.950000e+01 3.100000e+01 1.800000e+01
      vertex   -3.560000e+01 2.750000e+01 1.800000e+01
      vertex   -3.554548e+01 2.791411e+01 1.800000e+01
    endloop
  endfacet
  facet normal 0.000000e+00 0.000000e+00 1.000000e+00
    outer loop
      vertex   -3.950000e+01 3.100000e+01 1.800000e+01
      vertex   -3.554548e+01 2.791411e+01 1.800000e+01
      vertex   -3.538564e+01 2.830000e+01 1.800000e+01
    endloop
  endfacet
  facet normal 0.000000e+00 -0.000000e+00 1.000000e+00
    outer loop
      vertex   -3.538564e+01 2.830000e+01 1.800000e+01
      vertex   -3.513137e+01 2.863137e+01 1.800000e+01
      vertex   -3.950000e+01 3.100000e+01 1.800000e+01
    endloop
  endfacet
  facet normal 0.000000e+00 0.000000e+00 1.000000e+00
    outer loop
      vertex   -3.950000e+01 3.100000e+01 1.800000e+01
      vertex   -3.513137e+01 2.863137e+01 1.800000e+01
      vertex   -3.480000e+01 2.888564e+01 1.800000e+01
    endloop
  endfacet
  facet normal -0.000000e+00 0.000000e+00 1.000000e+00
    outer loop
      vertex   -3.950000e+01 3.100000e+01 1.800000e+01
      vertex   -3.480000e+01 2.888564e+01 1.800000e+01
      vertex   -3.750000e+01 3.300000e+01 1.800000e+01
    endloop
  endfacet
  facet normal 0.000000e+00 0.000000e+00 1.000000e+00
    outer loop
      vertex   -3.750000e+01 3.300000e+01 1.800000e+01
      vertex   -3.480000e+01 2.888564e+01 1.800000e+01
      vertex   -3.441411e+01 2.904548e+01 1.800000e+01
    endloop
  endfacet
  facet normal 0.000000e+00 0.000000e+00 1.000000e+00
    outer loop
      vertex   -3.750000e+01 3.300000e+01 1.800000e+01
      vertex   -3.441411e+01 2.904548e+01 1.800000e+01
      vertex   -3.400000e+01 2.910000e+01 1.800000e+01
    endloop
  endfacet
  facet normal -0.000000e+00 -0.000000e+00 1.000000e+00
    outer loop
      vertex   -3.400000e+01 2.910000e+01 1.800000e+01
      vertex   -3.358589e+01 2.904548e+01 1.800000e+01
      vertex   -3.750000e+01 3.300000e+01 1.800000e+01
    endloop
  endfacet
  facet normal 0.000000e+00 0.000000e+00 1.000000e+00
    outer loop
      vertex   -3.750000e+01 3.300000e+01 1.800000e+01
      vertex   -3.358589e+01 2.904548e+01 1.800000e+01
      vertex   -3.320000e+01 2.888564e+01 1.800000e+01
    endloop
  endfacet
  facet normal 0.000000e+00 0.000000e+00 1.000000e+00
    outer loop
      vertex   -3.750000e+01 3.300000e+01 1.800000e+01
      vertex   -3.320000e+01 2.888564e+01 1.800000e+01
      vertex   -3.286863e+01 2.863137e+01 1.800000e+01
    endloop
  endfacet
  facet normal 0.000000e+00 0.000000e+00 1.000000e+00
    outer loop
      vertex   -3.286863e+01 2.636863e+01 1.800000e+01
      vertex   -3.320000e+01 2.611436e+01 1.800000e+01
      vertex   -3.286863e+01 -2.636863e+01 1.800000e+01
    endloop
  endfacet
  facet normal 0.000000e+00 0.000000e+00 1.000000e+00
    outer loop
      vertex   -3.286863e+01 -2.636863e+01 1.800000e+01
      vertex   -3.320000e+01 2.611436e+01 1.800000e+01
      vertex   -3.320000e+01 -2.611436e+01 1.800000e+01
    endloop
  endfacet
  facet normal 0.000000e+00 -0.000000e+00 1.000000e+00
    outer loop
      vertex   -3.320000e+01 -2.611436e+01 1.800000e+01
      vertex   -3.320000e+01 2.611436e+01 1.800000e+01
      vertex   -3.358589e+01 2.595452e+01 1.800000e+01
    endloop
  endfacet
  facet normal 0.000000e+00 0.000000e+00 1.000000e+00
    outer loop
      vertex   -3.320000e+01 -2.611436e+01 1.800000e+01
      vertex   -3.358589e+01 2.595452e+01 1.800000e+01
      vertex   -3.358589e+01 -2.595452e+01 1.800000e+01
    endloop
  endfacet
  facet normal 0.000000e+00 -0.000000e+00 1.000000e+00
    outer loop
      vertex   -3.358589e+01 -2.595452e+01 1.800000e+01
      vertex   -3.358589e+01 2.595452e+01 1.800000e+01
      vertex   -3.400000e+01 2.590000e+01 1.800000e+01
    endloop
  endfacet
  facet normal 0.000000e+00 0.000000e+00 1.000000e+00
    outer loop
      vertex   -3.358589e+01 -2.595452e+01 1.800000e+01
      vertex   -3.400000e+01 2.590000e+01 1.800000e+01
      vertex   -3.400000e+01 -2.590000e+01 1.800000e+01
    endloop
  endfacet
  facet normal 0.000000e+00 -0.000000e+00 1.000000e+00
    outer loop
      vertex   -3.400000e+01 -2.590000e+01 1.800000e+01
      vertex   -3.400000e+01 2.590000e+01 1.800000e+01
      vertex   -3.441411e+01 -2.595452e+01 1.800000e+01
    endloop
  endfacet
  facet normal 0.000000e+00 0.000000e+00 1.000000e+00
    outer loop
      vertex   -3.441411e+01 -2.595452e+01 1.800000e+01
      vertex   -3.400000e+01 2.590000e+01 1.800000e+01
      vertex   -3.441411e+01 2.595452e+01 1.800000e+01
    endloop
  endfacet
  facet normal 0.000000e+00 -0.000000e+00 1.000000e+00
    outer loop
      vertex   -3.441411e+01 -2.595452e+01 1.800000e+01
      vertex   -3.441411e+01 2.595452e+01 1.800000e+01
      vertex   -3.480000e+01 -2.611436e+01 1.800000e+01
    endloop
  endfacet
  facet normal 0.000000e+00 0.000000e+00 1.000000e+00
    outer loop
      vertex   -3.480000e+01 -2.611436e+01 1.800000e+01
      vertex   -3.441411e+01 2.595452e+01 1.800000e+01
      vertex   -3.480000e+01 2.611436e+01 1.800000e+01
    endloop
  endfacet
  facet normal 0.000000e+00 -0.000000e+00 1.000000e+00
    outer loop
      vertex   -3.480000e+01 -2.611436e+01 1.800000e+01
      vertex   -3.480000e+01 2.611436e+01 1.800000e+01
      vertex   -3.513137e+01 -2.636863e+01 1.800000e+01
    endloop
  endfacet
  facet normal 0.000000e+00 0.000000e+00 1.000000e+00
    outer loop
      vertex   -3.513137e+01 -2.636863e+01 1.800000e+01
      vertex   -3.480000e+01 2.611436e+01 1.800000e+01
      vertex   -3.513137e+01 2.636863e+01 1.800000e+01
    endloop
  endfacet
  facet normal 0.000000e+00 -0.000000e+00 1.000000e+00
    outer loop
      vertex   -3.513137e+01 -2.636863e+01 1.800000e+01
      vertex   -3.513137e+01 2.636863e+01 1.800000e+01
      vertex   -3.950000e+01 -3.100000e+01 1.800000e+01
    endloop
  endfacet
  facet normal 0.000000e+00 0.000000e+00 1.000000e+00
    outer loop
      vertex   -3.950000e+01 -3.100000e+01 1.800000e+01
      vertex   -3.513137e+01 2.636863e+01 1.800000e+01
      vertex   -3.950000e+01 3.100000e+01 1.800000e+01
    endloop
  endfacet
  facet normal 0.000000e+00 0.000000e+00 1.000000e+00
    outer loop
      vertex   -3.950000e+01 3.100000e+01 1.800000e+01
      vertex   -3.513137e+01 2.636863e+01 1.800000e+01
      vertex   -3.538564e+01 2.670000e+01 1.800000e+01
    endloop
  endfacet
  facet normal 0.000000e+00 0.000000e+00 1.000000e+00
    outer loop
      vertex   -3.950000e+01 3.100000e+01 1.800000e+01
      vertex   -3.538564e+01 2.670000e+01 1.800000e+01
      vertex   -3.554548e+01 2.708589e+01 1.800000e+01
    endloop
  endfacet
  facet normal 0.000000e+00 0.000000e+00 1.000000e+00
    outer loop
      vertex   3.358589e+01 2.904548e+01 1.800000e+01
      vertex   3.400000e+01 2.910000e+01 1.800000e+01
      vertex   3.750000e+01 3.300000e+01 1.800000e+01
    endloop
  endfacet
  facet normal 0.000000e+00 0.000000e+00 1.000000e+00
    outer loop
      vertex   3.750000e+01 3.300000e+01 1.800000e+01
      vertex   3.400000e+01 2.910000e+01 1.800000e+01
      vertex   3.441411e+01 2.904548e+01 1.800000e+01
    endloop
  endfacet
  facet normal 0.000000e+00 0.000000e+00 1.000000e+00
    outer loop
      vertex   3.750000e+01 3.300000e+01 1.800000e+01
      vertex   3.441411e+01 2.904548e+01 1.800000e+01
      vertex   3.480000e+01 2.888564e+01 1.800000e+01
    endloop
  endfacet
  facet normal 0.000000e+00 0.000000e+00 1.000000e+00
    outer loop
      vertex   3.750000e+01 3.300000e+01 1.800000e+01
      vertex   3.480000e+01 2.888564e+01 1.800000e+01
      vertex   3.950000e+01 3.100000e+01 1.800000e+01
    endloop
  endfacet
  facet normal 0.000000e+00 0.000000e+00 1.000000e+00
    outer loop
      vertex   3.950000e+01 3.100000e+01 1.800000e+01
      vertex   3.480000e+01 2.888564e+01 1.800000e+01
      vertex   3.513137e+01 2.863137e+01 1.800000e+01
    endloop
  endfacet
  facet normal 0.000000e+00 0.000000e+00 1.000000e+00
    outer loop
      vertex   3.950000e+01 3.100000e+01 1.800000e+01
      vertex   3.513137e+01 2.863137e+01 1.800000e+01
      vertex   3.538564e+01 2.830000e+01 1.800000e+01
    endloop
  endfacet
  facet normal -0.000000e+00 0.000000e+00 1.000000e+00
    outer loop
      vertex   3.538564e+01 2.830000e+01 1.800000e+01
      vertex   3.554548e+01 2.791411e+01 1.800000e+01
      vertex   3.950000e+01 3.100000e+01 1.800000e+01
    endloop
  endfacet
  facet normal 0.000000e+00 0.000000e+00 1.000000e+00
    outer loop
      vertex   3.950000e+01 3.100000e+01 1.800000e+01
      vertex   3.554548e+01 2.791411e+01 1.800000e+01
      vertex   3.560000e+01 2.750000e+01 1.800000e+01
    endloop
  endfacet
  facet normal 0.000000e+00 0.000000e+00 1.000000e+00
    outer loop
      vertex   3.950000e+01 3.100000e+01 1.800000e+01
      vertex   3.560000e+01 2.750000e+01 1.800000e+01
      vertex   3.554548e+01 2.708589e+01 1.800000e+01
    endloop
  endfacet
  facet normal -0.000000e+00 0.000000e+00 1.000000e+00
    outer loop
      vertex   3.554548e+01 2.708589e+01 1.800000e+01
      vertex   3.538564e+01 2.670000e+01 1.800000e+01
      vertex   3.950000e+01 3.100000e+01 1.800000e+01
    endloop
  endfacet
  facet normal 0.000000e+00 0.000000e+00 1.000000e+00
    outer loop
      vertex   3.950000e+01 3.100000e+01 1.800000e+01
      vertex   3.538564e+01 2.670000e+01 1.800000e+01
      vertex   3.513137e+01 2.636863e+01 1.800000e+01
    endloop
  endfacet
  facet normal 0.000000e+00 0.000000e+00 1.000000e+00
    outer loop
      vertex   -3.554548e+01 -2.791411e+01 1.800000e+01
      vertex   -3.560000e+01 -2.750000e+01 1.800000e+01
      vertex   -3.950000e+01 -3.100000e+01 1.800000e+01
    endloop
  endfacet
  facet normal 0.000000e+00 0.000000e+00 1.000000e+00
    outer loop
      vertex   -3.950000e+01 -3.100000e+01 1.800000e+01
      vertex   -3.560000e+01 -2.750000e+01 1.800000e+01
      vertex   -3.554548e+01 -2.708589e+01 1.800000e+01
    endloop
  endfacet
  facet normal 0.000000e+00 0.000000e+00 1.000000e+00
    outer loop
      vertex   -3.950000e+01 -3.100000e+01 1.800000e+01
      vertex   -3.554548e+01 -2.708589e+01 1.800000e+01
      vertex   -3.538564e+01 -2.670000e+01 1.800000e+01
    endloop
  endfacet
  facet normal 0.000000e+00 -0.000000e+00 1.000000e+00
    outer loop
      vertex   -3.538564e+01 -2.670000e+01 1.800000e+01
      vertex   -3.513137e+01 -2.636863e+01 1.800000e+01
      vertex   -3.950000e+01 -3.100000e+01 1.800000e+01
    endloop
  endfacet
  facet normal 0.000000e+00 0.000000e+00 1.000000e+00
    outer loop
      vertex   -3.358589e+01 -2.904548e+01 1.800000e+01
      vertex   -3.400000e+01 -2.910000e+01 1.800000e+01
      vertex   -3.750000e+01 -3.300000e+01 1.800000e+01
    endloop
  endfacet
  facet normal 0.000000e+00 0.000000e+00 1.000000e+00
    outer loop
      vertex   -3.750000e+01 -3.300000e+01 1.800000e+01
      vertex   -3.400000e+01 -2.910000e+01 1.800000e+01
      vertex   -3.441411e+01 -2.904548e+01 1.800000e+01
    endloop
  endfacet
  facet normal 0.000000e+00 0.000000e+00 1.000000e+00
    outer loop
      vertex   -3.750000e+01 -3.300000e+01 1.800000e+01
      vertex   -3.441411e+01 -2.904548e+01 1.800000e+01
      vertex   -3.480000e+01 -2.888564e+01 1.800000e+01
    endloop
  endfacet
  facet normal 0.000000e+00 -0.000000e+00 1.000000e+00
    outer loop
      vertex   -3.750000e+01 -3.300000e+01 1.800000e+01
      vertex   -3.480000e+01 -2.888564e+01 1.800000e+01
      vertex   -3.950000e+01 -3.100000e+01 1.800000e+01
    endloop
  endfacet
  facet normal 0.000000e+00 0.000000e+00 1.000000e+00
    outer loop
      vertex   -3.950000e+01 -3.100000e+01 1.800000e+01
      vertex   -3.480000e+01 -2.888564e+01 1.800000e+01
      vertex   -3.513137e+01 -2.863137e+01 1.800000e+01
    endloop
  endfacet
  facet normal 0.000000e+00 0.000000e+00 1.000000e+00
    outer loop
      vertex   -3.950000e+01 -3.100000e+01 1.800000e+01
      vertex   -3.513137e+01 -2.863137e+01 1.800000e+01
      vertex   -3.538564e+01 -2.830000e+01 1.800000e+01
    endloop
  endfacet
  facet normal 0.000000e+00 0.000000e+00 1.000000e+00
    outer loop
      vertex   -3.538564e+01 -2.830000e+01 1.800000e+01
      vertex   -3.554548e+01 -2.791411e+01 1.800000e+01
      vertex   -3.950000e+01 -3.100000e+01 1.800000e+01
    endloop
  endfacet
  facet normal 0.000000e+00 0.000000e+00 1.000000e+00
    outer loop
      vertex   -3.950000e+01 -3.100000e+01 1.800000e+01
      vertex   -3.944986e+01 -3.144504e+01 1.800000e+01
      vertex   -3.750000e+01 -3.300000e+01 1.800000e+01
    endloop
  endfacet
  facet normal 0.000000e+00 0.000000e+00 1.000000e+00
    outer loop
      vertex   -3.750000e+01 -3.300000e+01 1.800000e+01
      vertex   -3.944986e+01 -3.144504e+01 1.800000e+01
      vertex   -3.930194e+01 -3.186777e+01 1.800000e+01
    endloop
  endfacet
  facet normal 0.000000e+00 0.000000e+00 1.000000e+00
    outer loop
      vertex   -3.750000e+01 -3.300000e+01 1.800000e+01
      vertex   -3.930194e+01 -3.186777e+01 1.800000e+01
      vertex   -3.906366e+01 -3.224698e+01 1.800000e+01
    endloop
  endfacet
  facet normal 0.000000e+00 0.000000e+00 1.000000e+00
    outer loop
      vertex   -3.906366e+01 -3.224698e+01 1.800000e+01
      vertex   -3.874698e+01 -3.256366e+01 1.800000e+01
      vertex   -3.750000e+01 -3.300000e+01 1.800000e+01
    endloop
  endfacet
  facet normal 0.000000e+00 0.000000e+00 1.000000e+00
    outer loop
      vertex   -3.750000e+01 -3.300000e+01 1.800000e+01
      vertex   -3.874698e+01 -3.256366e+01 1.800000e+01
      vertex   -3.836777e+01 -3.280194e+01 1.800000e+01
    endloop
  endfacet
  facet normal 0.000000e+00 0.000000e+00 1.000000e+00
    outer loop
      vertex   -3.750000e+01 -3.300000e+01 1.800000e+01
      vertex   -3.836777e+01 -3.280194e+01 1.800000e+01
      vertex   -3.794504e+01 -3.294986e+01 1.800000e+01
    endloop
  endfacet
  facet normal 0.000000e+00 0.000000e+00 1.000000e+00
    outer loop
      vertex   3.950000e+01 3.100000e+01 1.800000e+01
      vertex   3.944986e+01 3.144504e+01 1.800000e+01
      vertex   3.750000e+01 3.300000e+01 1.800000e+01
    endloop
  endfacet
  facet normal 0.000000e+00 0.000000e+00 1.000000e+00
    outer loop
      vertex   3.750000e+01 3.300000e+01 1.800000e+01
      vertex   3.944986e+01 3.144504e+01 1.800000e+01
      vertex   3.930194e+01 3.186777e+01 1.800000e+01
    endloop
  endfacet
  facet normal 0.000000e+00 0.000000e+00 1.000000e+00
    outer loop
      vertex   3.750000e+01 3.300000e+01 1.800000e+01
      vertex   3.930194e+01 3.186777e+01 1.800000e+01
      vertex   3.906366e+01 3.224698e+01 1.800000e+01
    endloop
  endfacet
  facet normal 0.000000e+00 0.000000e+00 1.000000e+00
    outer loop
      vertex   3.906366e+01 3.224698e+01 1.800000e+01
      vertex   3.874698e+01 3.256366e+01 1.800000e+01
      vertex   3.750000e+01 3.300000e+01 1.800000e+01
    endloop
  endfacet
  facet normal 0.000000e+00 0.000000e+00 1.000000e+00
    outer loop
      vertex   3.750000e+01 3.300000e+01 1.800000e+01
      vertex   3.874698e+01 3.256366e+01 1.800000e+01
      vertex   3.836777e+01 3.280194e+01 1.800000e+01
    endloop
  endfacet
  facet normal 0.000000e+00 0.000000e+00 1.000000e+00
    outer loop
      vertex   3.750000e+01 3.300000e+01 1.800000e+01
      vertex   3.836777e+01 3.280194e+01 1.800000e+01
      vertex   3.794504e+01 3.294986e+01 1.800000e+01
    endloop
  endfacet
  facet normal -0.000000e+00 0.000000e+00 1.000000e+00
    outer loop
      vertex   -3.794504e+01 3.294986e+01 1.800000e+01
      vertex   -3.836777e+01 3.280194e+01 1.800000e+01
      vertex   -3.750000e+01 3.300000e+01 1.800000e+01
    endloop
  endfacet
  facet normal 0.000000e+00 0.000000e+00 1.000000e+00
    outer loop
      vertex   -3.750000e+01 3.300000e+01 1.800000e+01
      vertex   -3.836777e+01 3.280194e+01 1.800000e+01
      vertex   -3.874698e+01 3.256366e+01 1.800000e+01
    endloop
  endfacet
  facet normal 0.000000e+00 0.000000e+00 1.000000e+00
    outer loop
      vertex   -3.750000e+01 3.300000e+01 1.800000e+01
      vertex   -3.874698e+01 3.256366e+01 1.800000e+01
      vertex   -3.906366e+01 3.224698e+01 1.800000e+01
    endloop
  endfacet
  facet normal -0.000000e+00 0.000000e+00 1.000000e+00
    outer loop
      vertex   -3.906366e+01 3.224698e+01 1.800000e+01
      vertex   -3.930194e+01 3.186777e+01 1.800000e+01
      vertex   -3.750000e+01 3.300000e+01 1.800000e+01
    endloop
  endfacet
  facet normal 0.000000e+00 0.000000e+00 1.000000e+00
    outer loop
      vertex   -3.750000e+01 3.300000e+01 1.800000e+01
      vertex   -3.930194e+01 3.186777e+01 1.800000e+01
      vertex   -3.944986e+01 3.144504e+01 1.800000e+01
    endloop
  endfacet
  facet normal 0.000000e+00 0.000000e+00 1.000000e+00
    outer loop
      vertex   -3.750000e+01 3.300000e+01 1.800000e+01
      vertex   -3.944986e+01 3.144504e+01 1.800000e+01
      vertex   -3.950000e+01 3.100000e+01 1.800000e+01
    endloop
  endfacet
  facet normal 9.937116e-01 -1.119644e-01 -1.084751e-03
    outer loop
      vertex   3.944986e+01 -3.144504e+01 1.800000e+01
      vertex   3.943185e+01 -3.151764e+01 9.000000e+00
      vertex   3.950000e+01 -3.100000e+01 1.800000e+01
    endloop
  endfacet
  facet normal 9.895143e-01 -1.444327e-01 8.144572e-04
    outer loop
      vertex   3.950000e+01 -3.100000e+01 1.800000e+01
      vertex   3.943185e+01 -3.151764e+01 9.000000e+00
      vertex   3.944986e+01 -3.144504e+01 0.000000e+00
    endloop
  endfacet
  facet normal 9.937122e-01 -1.119645e-01 0.000000e+00
    outer loop
      vertex   3.950000e+01 -3.100000e+01 1.800000e+01
      vertex   3.944986e+01 -3.144504e+01 0.000000e+00
      vertex   3.950000e+01 -3.100000e+01 0.000000e+00
    endloop
  endfacet
  facet normal 9.438830e-01 -3.302790e-01 7.759081e-04
    outer loop
      vertex   3.944986e+01 -3.144504e+01 1.800000e+01
      vertex   3.930194e+01 -3.186777e+01 1.800000e+01
      vertex   3.943185e+01 -3.151764e+01 9.000000e+00
    endloop
  endfacet
  facet normal 9.238784e-01 -3.826830e-01 -1.551543e-03
    outer loop
      vertex   3.943185e+01 -3.151764e+01 9.000000e+00
      vertex   3.930194e+01 -3.186777e+01 1.800000e+01
      vertex   3.923205e+01 -3.200000e+01 9.000000e+00
    endloop
  endfacet
  facet normal 9.238784e-01 -3.826830e-01 1.551543e-03
    outer loop
      vertex   3.943185e+01 -3.151764e+01 9.000000e+00
      vertex   3.923205e+01 -3.200000e+01 9.000000e+00
      vertex   3.930194e+01 -3.186777e+01 0.000000e+00
    endloop
  endfacet
  facet normal 8.467235e-01 -5.320317e-01 -1.241887e-03
    outer loop
      vertex   3.930194e+01 -3.186777e+01 0.000000e+00
      vertex   3.923205e+01 -3.200000e+01 9.000000e+00
      vertex   3.906366e+01 -3.224698e+01 0.000000e+00
    endloop
  endfacet
  facet normal 7.933520e-01 -6.087604e-01 1.862286e-03
    outer loop
      vertex   3.906366e+01 -3.224698e+01 0.000000e+00
      vertex   3.923205e+01 -3.200000e+01 9.000000e+00
      vertex   3.891421e+01 -3.241421e+01 9.000000e+00
    endloop
  endfacet
  facet normal 7.071061e-01 -7.071061e-01 -1.397285e-03
    outer loop
      vertex   3.906366e+01 -3.224698e+01 0.000000e+00
      vertex   3.891421e+01 -3.241421e+01 9.000000e+00
      vertex   3.874698e+01 -3.256366e+01 0.000000e+00
    endloop
  endfacet
  facet normal 6.087604e-01 -7.933520e-01 1.862286e-03
    outer loop
      vertex   3.874698e+01 -3.256366e+01 0.000000e+00
      vertex   3.891421e+01 -3.241421e+01 9.000000e+00
      vertex   3.850000e+01 -3.273205e+01 9.000000e+00
    endloop
  endfacet
  facet normal 5.320317e-01 -8.467235e-01 -1.241887e-03
    outer loop
      vertex   3.874698e+01 -3.256366e+01 0.000000e+00
      vertex   3.850000e+01 -3.273205e+01 9.000000e+00
      vertex   3.836777e+01 -3.280194e+01 0.000000e+00
    endloop
  endfacet
  facet normal 3.826830e-01 -9.238784e-01 1.551543e-03
    outer loop
      vertex   3.836777e+01 -3.280194e+01 0.000000e+00
      vertex   3.850000e+01 -3.273205e+01 9.000000e+00
      vertex   3.801764e+01 -3.293185e+01 9.000000e+00
    endloop
  endfacet
  facet normal 3.302790e-01 -9.438830e-01 -7.759081e-04
    outer loop
      vertex   3.836777e+01 -3.280194e+01 0.000000e+00
      vertex   3.801764e+01 -3.293185e+01 9.000000e+00
      vertex   3.794504e+01 -3.294986e+01 0.000000e+00
    endloop
  endfacet
  facet normal 1.119644e-01 -9.937116e-01 1.084751e-03
    outer loop
      vertex   3.794504e+01 -3.294986e+01 0.000000e+00
      vertex   3.801764e+01 -3.293185e+01 9.000000e+00
      vertex   3.750000e+01 -3.300000e+01 0.000000e+00
    endloop
  endfacet
  facet normal 1.444327e-01 -9.895143e-01 -8.144572e-04
    outer loop
      vertex   3.750000e+01 -3.300000e+01 0.000000e+00
      vertex   3.801764e+01 -3.293185e+01 9.000000e+00
      vertex   3.794504e+01 -3.294986e+01 1.800000e+01
    endloop
  endfacet
  facet normal 1.119645e-01 -9.937122e-01 0.000000e+00
    outer loop
      vertex   3.750000e+01 -3.300000e+01 0.000000e+00
      vertex   3.794504e+01 -3.294986e+01 1.800000e+01
      vertex   3.750000e+01 -3.300000e+01 1.800000e+01
    endloop
  endfacet
  facet normal 8.467235e-01 -5.320317e-01 1.241887e-03
    outer loop
      vertex   3.930194e+01 -3.186777e+01 1.800000e+01
      vertex   3.906366e+01 -3.224698e+01 1.800000e+01
      vertex   3.923205e+01 -3.200000e+01 9.000000e+00
    endloop
  endfacet
  facet normal 7.933520e-01 -6.087604e-01 -1.862286e-03
    outer loop
      vertex   3.923205e+01 -3.200000e+01 9.000000e+00
      vertex   3.906366e+01 -3.224698e+01 1.800000e+01
      vertex   3.891421e+01 -3.241421e+01 9.000000e+00
    endloop
  endfacet
  facet normal 7.071061e-01 -7.071061e-01 1.397285e-03
    outer loop
      vertex   3.906366e+01 -3.224698e+01 1.800000e+01
      vertex   3.874698e+01 -3.256366e+01 1.800000e+01
      vertex   3.891421e+01 -3.241421e+01 9.000000e+00
    endloop
  endfacet
  facet normal 6.087604e-01 -7.933520e-01 -1.862286e-03
    outer loop
      vertex   3.891421e+01 -3.241421e+01 9.000000e+00
      vertex   3.874698e+01 -3.256366e+01 1.800000e+01
      vertex   3.850000e+01 -3.273205e+01 9.000000e+00
    endloop
  endfacet
  facet normal 5.320317e-01 -8.467235e-01 1.241887e-03
    outer loop
      vertex   3.874698e+01 -3.256366e+01 1.800000e+01
      vertex   3.836777e+01 -3.280194e+01 1.800000e+01
      vertex   3.850000e+01 -3.273205e+01 9.000000e+00
    endloop
  endfacet
  facet normal 3.826830e-01 -9.238784e-01 -1.551543e-03
    outer loop
      vertex   3.850000e+01 -3.273205e+01 9.000000e+00
      vertex   3.836777e+01 -3.280194e+01 1.800000e+01
      vertex   3.801764e+01 -3.293185e+01 9.000000e+00
    endloop
  endfacet
  facet normal 3.302790e-01 -9.438830e-01 7.759081e-04
    outer loop
      vertex   3.836777e+01 -3.280194e+01 1.800000e+01
      vertex   3.794504e+01 -3.294986e+01 1.800000e+01
      vertex   3.801764e+01 -3.293185e+01 9.000000e+00
    endloop
  endfacet
  facet normal 9.438830e-01 -3.302790e-01 -7.759081e-04
    outer loop
      vertex   3.930194e+01 -3.186777e+01 0.000000e+00
      vertex   3.944986e+01 -3.144504e+01 0.000000e+00
      vertex   3.943185e+01 -3.151764e+01 9.000000e+00
    endloop
  endfacet
  facet normal 1.000000e+00 0.000000e+00 0.000000e+00
    outer loop
      vertex   3.950000e+01 -3.100000e+01 0.000000e+00
      vertex   3.950000e+01 3.100000e+01 0.000000e+00
      vertex   3.950000e+01 -3.100000e+01 1.800000e+01
    endloop
  endfacet
  facet normal 1.000000e+00 -0.000000e+00 0.000000e+00
    outer loop
      vertex   3.950000e+01 -3.100000e+01 1.800000e+01
      vertex   3.950000e+01 3.100000e+01 0.000000e+00
      vertex   3.950000e+01 3.100000e+01 1.800000e+01
    endloop
  endfacet
  facet normal 1.119644e-01 9.937116e-01 -1.084751e-03
    outer loop
      vertex   3.794504e+01 3.294986e+01 1.800000e+01
      vertex   3.801764e+01 3.293185e+01 9.000000e+00
      vertex   3.750000e+01 3.300000e+01 1.800000e+01
    endloop
  endfacet
  facet normal 1.444327e-01 9.895143e-01 8.144572e-04
    outer loop
      vertex   3.750000e+01 3.300000e+01 1.800000e+01
      vertex   3.801764e+01 3.293185e+01 9.000000e+00
      vertex   3.794504e+01 3.294986e+01 0.000000e+00
    endloop
  endfacet
  facet normal 1.119645e-01 9.937122e-01 0.000000e+00
    outer loop
      vertex   3.750000e+01 3.300000e+01 1.800000e+01
      vertex   3.794504e+01 3.294986e+01 0.000000e+00
      vertex   3.750000e+01 3.300000e+01 0.000000e+00
    endloop
  endfacet
  facet normal 3.302790e-01 9.438830e-01 7.759081e-04
    outer loop
      vertex   3.794504e+01 3.294986e+01 1.800000e+01
      vertex   3.836777e+01 3.280194e+01 1.800000e+01
      vertex   3.801764e+01 3.293185e+01 9.000000e+00
    endloop
  endfacet
  facet normal 3.826830e-01 9.238784e-01 -1.551543e-03
    outer loop
      vertex   3.801764e+01 3.293185e+01 9.000000e+00
      vertex   3.836777e+01 3.280194e+01 1.800000e+01
      vertex   3.850000e+01 3.273205e+01 9.000000e+00
    endloop
  endfacet
  facet normal 3.826830e-01 9.238784e-01 1.551543e-03
    outer loop
      vertex   3.801764e+01 3.293185e+01 9.000000e+00
      vertex   3.850000e+01 3.273205e+01 9.000000e+00
      vertex   3.836777e+01 3.280194e+01 0.000000e+00
    endloop
  endfacet
  facet normal 5.320317e-01 8.467235e-01 -1.241887e-03
    outer loop
      vertex   3.836777e+01 3.280194e+01 0.000000e+00
      vertex   3.850000e+01 3.273205e+01 9.000000e+00
      vertex   3.874698e+01 3.256366e+01 0.000000e+00
    endloop
  endfacet
  facet normal 6.087604e-01 7.933520e-01 1.862286e-03
    outer loop
      vertex   3.874698e+01 3.256366e+01 0.000000e+00
      vertex   3.850000e+01 3.273205e+01 9.000000e+00
      vertex   3.891421e+01 3.241421e+01 9.000000e+00
    endloop
  endfacet
  facet normal 7.071061e-01 7.071061e-01 -1.397285e-03
    outer loop
      vertex   3.874698e+01 3.256366e+01 0.000000e+00
      vertex   3.891421e+01 3.241421e+01 9.000000e+00
      vertex   3.906366e+01 3.224698e+01 0.000000e+00
    endloop
  endfacet
  facet normal 7.933520e-01 6.087604e-01 1.862286e-03
    outer loop
      vertex   3.906366e+01 3.224698e+01 0.000000e+00
      vertex   3.891421e+01 3.241421e+01 9.000000e+00
      vertex   3.923205e+01 3.200000e+01 9.000000e+00
    endloop
  endfacet
  facet normal 8.467235e-01 5.320317e-01 -1.241887e-03
    outer loop
      vertex   3.906366e+01 3.224698e+01 0.000000e+00
      vertex   3.923205e+01 3.200000e+01 9.000000e+00
      vertex   3.930194e+01 3.186777e+01 0.000000e+00
    endloop
  endfacet
  facet normal 9.238784e-01 3.826830e-01 1.551543e-03
    outer loop
      vertex   3.930194e+01 3.186777e+01 0.000000e+00
      vertex   3.923205e+01 3.200000e+01 9.000000e+00
      vertex   3.943185e+01 3.151764e+01 9.000000e+00
    endloop
  endfacet
  facet normal 9.438830e-01 3.302790e-01 -7.759081e-04
    outer loop
      vertex   3.930194e+01 3.186777e+01 0.000000e+00
      vertex   3.943185e+01 3.151764e+01 9.000000e+00
      vertex   3.944986e+01 3.144504e+01 0.000000e+00
    endloop
  endfacet
  facet normal 9.937116e-01 1.119644e-01 1.084751e-03
    outer loop
      vertex   3.944986e+01 3.144504e+01 0.000000e+00
      vertex   3.943185e+01 3.151764e+01 9.000000e+00
      vertex   3.950000e+01 3.100000e+01 0.000000e+00
    endloop
  endfacet
  facet normal 9.895143e-01 1.444327e-01 -8.144572e-04
    outer loop
      vertex   3.950000e+01 3.100000e+01 0.000000e+00
      vertex   3.943185e+01 3.151764e+01 9.000000e+00
      vertex   3.944986e+01 3.144504e+01 1.800000e+01
    endloop
  endfacet
  facet normal 9.937122e-01 1.119645e-01 -0.000000e+00
    outer loop
      vertex   3.950000e+01 3.100000e+01 0.000000e+00
      vertex   3.944986e+01 3.144504e+01 1.800000e+01
      vertex   3.950000e+01 3.100000e+01 1.800000e+01
    endloop
  endfacet
  facet normal 5.320317e-01 8.467235e-01 1.241887e-03
    outer loop
      vertex   3.836777e+01 3.280194e+01 1.800000e+01
      vertex   3.874698e+01 3.256366e+01 1.800000e+01
      vertex   3.850000e+01 3.273205e+01 9.000000e+00
    endloop
  endfacet
  facet normal 6.087604e-01 7.933520e-01 -1.862286e-03
    outer loop
      vertex   3.850000e+01 3.273205e+01 9.000000e+00
      vertex   3.874698e+01 3.256366e+01 1.800000e+01
      vertex   3.891421e+01 3.241421e+01 9.000000e+00
    endloop
  endfacet
  facet normal 7.071061e-01 7.071061e-01 1.397285e-03
    outer loop
      vertex   3.874698e+01 3.256366e+01 1.800000e+01
      vertex   3.906366e+01 3.224698e+01 1.800000e+01
      vertex   3.891421e+01 3.241421e+01 9.000000e+00
    endloop
  endfacet
  facet normal 7.933520e-01 6.087604e-01 -1.862286e-03
    outer loop
      vertex   3.891421e+01 3.241421e+01 9.000000e+00
      vertex   3.906366e+01 3.224698e+01 1.800000e+01
      vertex   3.923205e+01 3.200000e+01 9.000000e+00
    endloop
  endfacet
  facet normal 8.467235e-01 5.320317e-01 1.241887e-03
    outer loop
      vertex   3.906366e+01 3.224698e+01 1.800000e+01
      vertex   3.930194e+01 3.186777e+01 1.800000e+01
      vertex   3.923205e+01 3.200000e+01 9.000000e+00
    endloop
  endfacet
  facet normal 9.238784e-01 3.826830e-01 -1.551543e-03
    outer loop
      vertex   3.923205e+01 3.200000e+01 9.000000e+00
      vertex   3.930194e+01 3.186777e+01 1.800000e+01
      vertex   3.943185e+01 3.151764e+01 9.000000e+00
    endloop
  endfacet
  facet normal 9.438830e-01 3.302790e-01 7.759081e-04
    outer loop
      vertex   3.930194e+01 3.186777e+01 1.800000e+01
      vertex   3.944986e+01 3.144504e+01 1.800000e+01
      vertex   3.943185e+01 3.151764e+01 9.000000e+00
    endloop
  endfacet
  facet normal 3.302790e-01 9.438830e-01 -7.759081e-04
    outer loop
      vertex   3.836777e+01 3.280194e+01 0.000000e+00
      vertex   3.794504e+01 3.294986e+01 0.000000e+00
      vertex   3.801764e+01 3.293185e+01 9.000000e+00
    endloop
  endfacet
  facet normal -9.937116e-01 1.119644e-01 -1.084751e-03
    outer loop
      vertex   -3.944986e+01 3.144504e+01 1.800000e+01
      vertex   -3.943185e+01 3.151764e+01 9.000000e+00
      vertex   -3.950000e+01 3.100000e+01 1.800000e+01
    endloop
  endfacet
  facet normal -9.895143e-01 1.444327e-01 8.144572e-04
    outer loop
      vertex   -3.950000e+01 3.100000e+01 1.800000e+01
      vertex   -3.943185e+01 3.151764e+01 9.000000e+00
      vertex   -3.944986e+01 3.144504e+01 0.000000e+00
    endloop
  endfacet
  facet normal -9.937122e-01 1.119645e-01 0.000000e+00
    outer loop
      vertex   -3.950000e+01 3.100000e+01 1.800000e+01
      vertex   -3.944986e+01 3.144504e+01 0.000000e+00
      vertex   -3.950000e+01 3.100000e+01 0.000000e+00
    endloop
  endfacet
  facet normal -9.438830e-01 3.302790e-01 7.759081e-04
    outer loop
      vertex   -3.944986e+01 3.144504e+01 1.800000e+01
      vertex   -3.930194e+01 3.186777e+01 1.800000e+01
      vertex   -3.943185e+01 3.151764e+01 9.000000e+00
    endloop
  endfacet
  facet normal -9.238784e-01 3.826830e-01 -1.551543e-03
    outer loop
      vertex   -3.943185e+01 3.151764e+01 9.000000e+00
      vertex   -3.930194e+01 3.186777e+01 1.800000e+01
      vertex   -3.923205e+01 3.200000e+01 9.000000e+00
    endloop
  endfacet
  facet normal -9.238784e-01 3.826830e-01 1.551543e-03
    outer loop
      vertex   -3.943185e+01 3.151764e+01 9.000000e+00
      vertex   -3.923205e+01 3.200000e+01 9.000000e+00
      vertex   -3.930194e+01 3.186777e+01 0.000000e+00
    endloop
  endfacet
  facet normal -8.467235e-01 5.320317e-01 -1.241887e-03
    outer loop
      vertex   -3.930194e+01 3.186777e+01 0.000000e+00
      vertex   -3.923205e+01 3.200000e+01 9.000000e+00
      vertex   -3.906366e+01 3.224698e+01 0.000000e+00
    endloop
  endfacet
  facet normal -7.933520e-01 6.087604e-01 1.862286e-03
    outer loop
      vertex   -3.906366e+01 3.224698e+01 0.000000e+00
      vertex   -3.923205e+01 3.200000e+01 9.000000e+00
      vertex   -3.891421e+01 3.241421e+01 9.000000e+00
    endloop
  endfacet
  facet normal -7.071061e-01 7.071061e-01 -1.397285e-03
    outer loop
      vertex   -3.906366e+01 3.224698e+01 0.000000e+00
      vertex   -3.891421e+01 3.241421e+01 9.000000e+00
      vertex   -3.874698e+01 3.256366e+01 0.000000e+00
    endloop
  endfacet
  facet normal -6.087604e-01 7.933520e-01 1.862286e-03
    outer loop
      vertex   -3.874698e+01 3.256366e+01 0.000000e+00
      vertex   -3.891421e+01 3.241421e+01 9.000000e+00
      vertex   -3.850000e+01 3.273205e+01 9.000000e+00
    endloop
  endfacet
  facet normal -5.320317e-01 8.467235e-01 -1.241887e-03
    outer loop
      vertex   -3.874698e+01 3.256366e+01 0.000000e+00
      vertex   -3.850000e+01 3.273205e+01 9.000000e+00
      vertex   -3.836777e+01 3.280194e+01 0.000000e+00
    endloop
  endfacet
  facet normal -3.826830e-01 9.238784e-01 1.551543e-03
    outer loop
      vertex   -3.836777e+01 3.280194e+01 0.000000e+00
      vertex   -3.850000e+01 3.273205e+01 9.000000e+00
      vertex   -3.801764e+01 3.293185e+01 9.000000e+00
    endloop
  endfacet
  facet normal -3.302790e-01 9.438830e-01 -7.759081e-04
    outer loop
      vertex   -3.836777e+01 3.280194e+01 0.000000e+00
      vertex   -3.801764e+01 3.293185e+01 9.000000e+00
      vertex   -3.794504e+01 3.294986e+01 0.000000e+00
    endloop
  endfacet
  facet normal -1.119644e-01 9.937116e-01 1.084751e-03
    outer loop
      vertex   -3.794504e+01 3.294986e+01 0.000000e+00
      vertex   -3.801764e+01 3.293185e+01 9.000000e+00
      vertex   -3.750000e+01 3.300000e+01 0.000000e+00
    endloop
  endfacet
  facet normal -1.444327e-01 9.895143e-01 -8.144572e-04
    outer loop
      vertex   -3.750000e+01 3.300000e+01 0.000000e+00
      vertex   -3.801764e+01 3.293185e+01 9.000000e+00
      vertex   -3.794504e+01 3.294986e+01 1.800000e+01
    endloop
  endfacet
  facet normal -1.119645e-01 9.937122e-01 0.000000e+00
    outer loop
      vertex   -3.750000e+01 3.300000e+01 0.000000e+00
      vertex   -3.794504e+01 3.294986e+01 1.800000e+01
      vertex   -3.750000e+01 3.300000e+01 1.800000e+01
    endloop
  endfacet
  facet normal -8.467235e-01 5.320317e-01 1.241887e-03
    outer loop
      vertex   -3.930194e+01 3.186777e+01 1.800000e+01
      vertex   -3.906366e+01 3.224698e+01 1.800000e+01
      vertex   -3.923205e+01 3.200000e+01 9.000000e+00
    endloop
  endfacet
  facet normal -7.933520e-01 6.087604e-01 -1.862286e-03
    outer loop
      vertex   -3.923205e+01 3.200000e+01 9.000000e+00
      vertex   -3.906366e+01 3.224698e+01 1.800000e+01
      vertex   -3.891421e+01 3.241421e+01 9.000000e+00
    endloop
  endfacet
  facet normal -7.071061e-01 7.071061e-01 1.397285e-03
    outer loop
      vertex   -3.906366e+01 3.224698e+01 1.800000e+01
      vertex   -3.874698e+01 3.256366e+01 1.800000e+01
      vertex   -3.891421e+01 3.241421e+01 9.000000e+00
    endloop
  endfacet
  facet normal -6.087604e-01 7.933520e-01 -1.862286e-03
    outer loop
      vertex   -3.891421e+01 3.241421e+01 9.000000e+00
      vertex   -3.874698e+01 3.256366e+01 1.800000e+01
      vertex   -3.850000e+01 3.273205e+01 9.000000e+00
    endloop
  endfacet
  facet normal -5.320317e-01 8.467235e-01 1.241887e-03
    outer loop
      vertex   -3.874698e+01 3.256366e+01 1.800000e+01
      vertex   -3.836777e+01 3.280194e+01 1.800000e+01
      vertex   -3.850000e+01 3.273205e+01 9.000000e+00
    endloop
  endfacet
  facet normal -3.826830e-01 9.238784e-01 -1.551543e-03
    outer loop
      vertex   -3.850000e+01 3.273205e+01 9.000000e+00
      vertex   -3.836777e+01 3.280194e+01 1.800000e+01
      vertex   -3.801764e+01 3.293185e+01 9.000000e+00
    endloop
  endfacet
  facet normal -3.302790e-01 9.438830e-01 7.759081e-04
    outer loop
      vertex   -3.836777e+01 3.280194e+01 1.800000e+01
      vertex   -3.794504e+01 3.294986e+01 1.800000e+01
      vertex   -3.801764e+01 3.293185e+01 9.000000e+00
    endloop
  endfacet
  facet normal -9.438830e-01 3.302790e-01 -7.759081e-04
    outer loop
      vertex   -3.930194e+01 3.186777e+01 0.000000e+00
      vertex   -3.944986e+01 3.144504e+01 0.000000e+00
      vertex   -3.943185e+01 3.151764e+01 9.000000e+00
    endloop
  endfacet
  facet normal 9.914449e-01 -1.305262e-01 0.000000e+00
    outer loop
      vertex   3.245452e+01 -2.708589e+01 5.500000e+00
      vertex   3.245452e+01 -2.708589e+01 1.175000e+01
      vertex   3.240000e+01 -2.750000e+01 5.500000e+00
    endloop
  endfacet
  facet normal 9.914449e-01 -1.305262e-01 0.000000e+00
    outer loop
      vertex   3.240000e+01 -2.750000e+01 5.500000e+00
      vertex   3.245452e+01 -2.708589e+01 1.175000e+01
      vertex   3.240000e+01 -2.750000e+01 1.175000e+01
    endloop
  endfacet
  facet normal 9.914449e-01 1.305262e-01 -0.000000e+00
    outer loop
      vertex   3.240000e+01 -2.750000e+01 5.500000e+00
      vertex   3.240000e+01 -2.750000e+01 1.175000e+01
      vertex   3.245452e+01 -2.791411e+01 5.500000e+00
    endloop
  endfacet
  facet normal 9.914449e-01 1.305262e-01 -0.000000e+00
    outer loop
      vertex   3.245452e+01 -2.791411e+01 5.500000e+00
      vertex   3.240000e+01 -2.750000e+01 1.175000e+01
      vertex   3.245452e+01 -2.791411e+01 1.175000e+01
    endloop
  endfacet
  facet normal 9.238795e-01 3.826834e-01 -0.000000e+00
    outer loop
      vertex   3.245452e+01 -2.791411e+01 5.500000e+00
      vertex   3.245452e+01 -2.791411e+01 1.175000e+01
      vertex   3.261436e+01 -2.830000e+01 5.500000e+00
    endloop
  endfacet
  facet normal 9.238795e-01 3.826834e-01 -0.000000e+00
    outer loop
      vertex   3.261436e+01 -2.830000e+01 5.500000e+00
      vertex   3.245452e+01 -2.791411e+01 1.175000e+01
      vertex   3.261436e+01 -2.830000e+01 1.175000e+01
    endloop
  endfacet
  facet normal 7.933533e-01 6.087614e-01 -0.000000e+00
    outer loop
      vertex   3.261436e+01 -2.830000e+01 5.500000e+00
      vertex   3.261436e+01 -2.830000e+01 1.175000e+01
      vertex   3.286863e+01 -2.863137e+01 5.500000e+00
    endloop
  endfacet
  facet normal 7.933533e-01 6.087614e-01 -0.000000e+00
    outer loop
      vertex   3.286863e+01 -2.863137e+01 5.500000e+00
      vertex   3.261436e+01 -2.830000e+01 1.175000e+01
      vertex   3.286863e+01 -2.863137e+01 1.175000e+01
    endloop
  endfacet
  facet normal 6.087614e-01 7.933533e-01 -0.000000e+00
    outer loop
      vertex   3.286863e+01 -2.863137e+01 5.500000e+00
      vertex   3.286863e+01 -2.863137e+01 1.175000e+01
      vertex   3.320000e+01 -2.888564e+01 5.500000e+00
    endloop
  endfacet
  facet normal 6.087614e-01 7.933533e-01 -0.000000e+00
    outer loop
      vertex   3.320000e+01 -2.888564e+01 5.500000e+00
      vertex   3.286863e+01 -2.863137e+01 1.175000e+01
      vertex   3.320000e+01 -2.888564e+01 1.175000e+01
    endloop
  endfacet
  facet normal 3.826834e-01 9.238795e-01 -0.000000e+00
    outer loop
      vertex   3.320000e+01 -2.888564e+01 5.500000e+00
      vertex   3.320000e+01 -2.888564e+01 1.175000e+01
      vertex   3.358589e+01 -2.904548e+01 5.500000e+00
    endloop
  endfacet
  facet normal 3.826834e-01 9.238795e-01 -0.000000e+00
    outer loop
      vertex   3.358589e+01 -2.904548e+01 5.500000e+00
      vertex   3.320000e+01 -2.888564e+01 1.175000e+01
      vertex   3.358589e+01 -2.904548e+01 1.175000e+01
    endloop
  endfacet
  facet normal 1.305262e-01 9.914449e-01 -0.000000e+00
    outer loop
      vertex   3.358589e+01 -2.904548e+01 5.500000e+00
      vertex   3.358589e+01 -2.904548e+01 1.175000e+01
      vertex   3.400000e+01 -2.910000e+01 5.500000e+00
    endloop
  endfacet
  facet normal 1.305262e-01 9.914449e-01 -0.000000e+00
    outer loop
      vertex   3.400000e+01 -2.910000e+01 5.500000e+00
      vertex   3.358589e+01 -2.904548e+01 1.175000e+01
      vertex   3.400000e+01 -2.910000e+01 1.175000e+01
    endloop
  endfacet
  facet normal -1.305262e-01 9.914449e-01 0.000000e+00
    outer loop
      vertex   3.400000e+01 -2.910000e+01 5.500000e+00
      vertex   3.400000e+01 -2.910000e+01 1.175000e+01
      vertex   3.441411e+01 -2.904548e+01 5.500000e+00
    endloop
  endfacet
  facet normal -1.305262e-01 9.914449e-01 0.000000e+00
    outer loop
      vertex   3.441411e+01 -2.904548e+01 5.500000e+00
      vertex   3.400000e+01 -2.910000e+01 1.175000e+01
      vertex   3.441411e+01 -2.904548e+01 1.175000e+01
    endloop
  endfacet
  facet normal -3.826834e-01 9.238795e-01 0.000000e+00
    outer loop
      vertex   3.441411e+01 -2.904548e+01 5.500000e+00
      vertex   3.441411e+01 -2.904548e+01 1.175000e+01
      vertex   3.480000e+01 -2.888564e+01 5.500000e+00
    endloop
  endfacet
  facet normal -3.826834e-01 9.238795e-01 0.000000e+00
    outer loop
      vertex   3.480000e+01 -2.888564e+01 5.500000e+00
      vertex   3.441411e+01 -2.904548e+01 1.175000e+01
      vertex   3.480000e+01 -2.888564e+01 1.175000e+01
    endloop
  endfacet
  facet normal -6.087614e-01 7.933533e-01 0.000000e+00
    outer loop
      vertex   3.480000e+01 -2.888564e+01 5.500000e+00
      vertex   3.480000e+01 -2.888564e+01 1.175000e+01
      vertex   3.513137e+01 -2.863137e+01 5.500000e+00
    endloop
  endfacet
  facet normal -6.087614e-01 7.933533e-01 0.000000e+00
    outer loop
      vertex   3.513137e+01 -2.863137e+01 5.500000e+00
      vertex   3.480000e+01 -2.888564e+01 1.175000e+01
      vertex   3.513137e+01 -2.863137e+01 1.175000e+01
    endloop
  endfacet
  facet normal -7.933533e-01 6.087614e-01 0.000000e+00
    outer loop
      vertex   3.513137e+01 -2.863137e+01 5.500000e+00
      vertex   3.513137e+01 -2.863137e+01 1.175000e+01
      vertex   3.538564e+01 -2.830000e+01 5.500000e+00
    endloop
  endfacet
  facet normal -7.933533e-01 6.087614e-01 0.000000e+00
    outer loop
      vertex   3.538564e+01 -2.830000e+01 5.500000e+00
      vertex   3.513137e+01 -2.863137e+01 1.175000e+01
      vertex   3.538564e+01 -2.830000e+01 1.175000e+01
    endloop
  endfacet
  facet normal -9.238795e-01 3.826834e-01 0.000000e+00
    outer loop
      vertex   3.538564e+01 -2.830000e+01 5.500000e+00
      vertex   3.538564e+01 -2.830000e+01 1.175000e+01
      vertex   3.554548e+01 -2.791411e+01 5.500000e+00
    endloop
  endfacet
  facet normal -9.238795e-01 3.826834e-01 0.000000e+00
    outer loop
      vertex   3.554548e+01 -2.791411e+01 5.500000e+00
      vertex   3.538564e+01 -2.830000e+01 1.175000e+01
      vertex   3.554548e+01 -2.791411e+01 1.175000e+01
    endloop
  endfacet
  facet normal -9.914449e-01 1.305262e-01 0.000000e+00
    outer loop
      vertex   3.554548e+01 -2.791411e+01 5.500000e+00
      vertex   3.554548e+01 -2.791411e+01 1.175000e+01
      vertex   3.560000e+01 -2.750000e+01 5.500000e+00
    endloop
  endfacet
  facet normal -9.914449e-01 1.305262e-01 0.000000e+00
    outer loop
      vertex   3.560000e+01 -2.750000e+01 5.500000e+00
      vertex   3.554548e+01 -2.791411e+01 1.175000e+01
      vertex   3.560000e+01 -2.750000e+01 1.175000e+01
    endloop
  endfacet
  facet normal -9.914449e-01 -1.305262e-01 0.000000e+00
    outer loop
      vertex   3.560000e+01 -2.750000e+01 5.500000e+00
      vertex   3.560000e+01 -2.750000e+01 1.175000e+01
      vertex   3.554548e+01 -2.708589e+01 5.500000e+00
    endloop
  endfacet
  facet normal -9.914449e-01 -1.305262e-01 0.000000e+00
    outer loop
      vertex   3.554548e+01 -2.708589e+01 5.500000e+00
      vertex   3.560000e+01 -2.750000e+01 1.175000e+01
      vertex   3.554548e+01 -2.708589e+01 1.175000e+01
    endloop
  endfacet
  facet normal -9.238795e-01 -3.826834e-01 0.000000e+00
    outer loop
      vertex   3.554548e+01 -2.708589e+01 5.500000e+00
      vertex   3.554548e+01 -2.708589e+01 1.175000e+01
      vertex   3.538564e+01 -2.670000e+01 5.500000e+00
    endloop
  endfacet
  facet normal -9.238795e-01 -3.826834e-01 0.000000e+00
    outer loop
      vertex   3.538564e+01 -2.670000e+01 5.500000e+00
      vertex   3.554548e+01 -2.708589e+01 1.175000e+01
      vertex   3.538564e+01 -2.670000e+01 1.175000e+01
    endloop
  endfacet
  facet normal -7.933533e-01 -6.087614e-01 0.000000e+00
    outer loop
      vertex   3.538564e+01 -2.670000e+01 5.500000e+00
      vertex   3.538564e+01 -2.670000e+01 1.175000e+01
      vertex   3.513137e+01 -2.636863e+01 5.500000e+00
    endloop
  endfacet
  facet normal -7.933533e-01 -6.087614e-01 0.000000e+00
    outer loop
      vertex   3.513137e+01 -2.636863e+01 5.500000e+00
      vertex   3.538564e+01 -2.670000e+01 1.175000e+01
      vertex   3.513137e+01 -2.636863e+01 1.175000e+01
    endloop
  endfacet
  facet normal -6.087614e-01 -7.933533e-01 0.000000e+00
    outer loop
      vertex   3.513137e+01 -2.636863e+01 5.500000e+00
      vertex   3.513137e+01 -2.636863e+01 1.175000e+01
      vertex   3.480000e+01 -2.611436e+01 5.500000e+00
    endloop
  endfacet
  facet normal -6.087614e-01 -7.933533e-01 0.000000e+00
    outer loop
      vertex   3.480000e+01 -2.611436e+01 5.500000e+00
      vertex   3.513137e+01 -2.636863e+01 1.175000e+01
      vertex   3.480000e+01 -2.611436e+01 1.175000e+01
    endloop
  endfacet
  facet normal -3.826834e-01 -9.238795e-01 0.000000e+00
    outer loop
      vertex   3.480000e+01 -2.611436e+01 5.500000e+00
      vertex   3.480000e+01 -2.611436e+01 1.175000e+01
      vertex   3.441411e+01 -2.595452e+01 5.500000e+00
    endloop
  endfacet
  facet normal -3.826834e-01 -9.238795e-01 0.000000e+00
    outer loop
      vertex   3.441411e+01 -2.595452e+01 5.500000e+00
      vertex   3.480000e+01 -2.611436e+01 1.175000e+01
      vertex   3.441411e+01 -2.595452e+01 1.175000e+01
    endloop
  endfacet
  facet normal -1.305262e-01 -9.914449e-01 0.000000e+00
    outer loop
      vertex   3.441411e+01 -2.595452e+01 5.500000e+00
      vertex   3.441411e+01 -2.595452e+01 1.175000e+01
      vertex   3.400000e+01 -2.590000e+01 5.500000e+00
    endloop
  endfacet
  facet normal -1.305262e-01 -9.914449e-01 0.000000e+00
    outer loop
      vertex   3.400000e+01 -2.590000e+01 5.500000e+00
      vertex   3.441411e+01 -2.595452e+01 1.175000e+01
      vertex   3.400000e+01 -2.590000e+01 1.175000e+01
    endloop
  endfacet
  facet normal 1.305262e-01 -9.914449e-01 0.000000e+00
    outer loop
      vertex   3.400000e+01 -2.590000e+01 5.500000e+00
      vertex   3.400000e+01 -2.590000e+01 1.175000e+01
      vertex   3.358589e+01 -2.595452e+01 5.500000e+00
    endloop
  endfacet
  facet normal 1.305262e-01 -9.914449e-01 0.000000e+00
    outer loop
      vertex   3.358589e+01 -2.595452e+01 5.500000e+00
      vertex   3.400000e+01 -2.590000e+01 1.175000e+01
      vertex   3.358589e+01 -2.595452e+01 1.175000e+01
    endloop
  endfacet
  facet normal 3.826834e-01 -9.238795e-01 0.000000e+00
    outer loop
      vertex   3.358589e+01 -2.595452e+01 5.500000e+00
      vertex   3.358589e+01 -2.595452e+01 1.175000e+01
      vertex   3.320000e+01 -2.611436e+01 5.500000e+00
    endloop
  endfacet
  facet normal 3.826834e-01 -9.238795e-01 0.000000e+00
    outer loop
      vertex   3.320000e+01 -2.611436e+01 5.500000e+00
      vertex   3.358589e+01 -2.595452e+01 1.175000e+01
      vertex   3.320000e+01 -2.611436e+01 1.175000e+01
    endloop
  endfacet
  facet normal 6.087614e-01 -7.933533e-01 0.000000e+00
    outer loop
      vertex   3.320000e+01 -2.611436e+01 5.500000e+00
      vertex   3.320000e+01 -2.611436e+01 1.175000e+01
      vertex   3.286863e+01 -2.636863e+01 5.500000e+00
    endloop
  endfacet
  facet normal 6.087614e-01 -7.933533e-01 0.000000e+00
    outer loop
      vertex   3.286863e+01 -2.636863e+01 5.500000e+00
      vertex   3.320000e+01 -2.611436e+01 1.175000e+01
      vertex   3.286863e+01 -2.636863e+01 1.175000e+01
    endloop
  endfacet
  facet normal 7.933533e-01 -6.087614e-01 0.000000e+00
    outer loop
      vertex   3.286863e+01 -2.636863e+01 5.500000e+00
      vertex   3.286863e+01 -2.636863e+01 1.175000e+01
      vertex   3.261436e+01 -2.670000e+01 5.500000e+00
    endloop
  endfacet
  facet normal 7.933533e-01 -6.087614e-01 0.000000e+00
    outer loop
      vertex   3.261436e+01 -2.670000e+01 5.500000e+00
      vertex   3.286863e+01 -2.636863e+01 1.175000e+01
      vertex   3.261436e+01 -2.670000e+01 1.175000e+01
    endloop
  endfacet
  facet normal 9.238795e-01 -3.826834e-01 0.000000e+00
    outer loop
      vertex   3.261436e+01 -2.670000e+01 5.500000e+00
      vertex   3.261436e+01 -2.670000e+01 1.175000e+01
      vertex   3.245452e+01 -2.708589e+01 5.500000e+00
    endloop
  endfacet
  facet normal 9.238795e-01 -3.826834e-01 0.000000e+00
    outer loop
      vertex   3.245452e+01 -2.708589e+01 5.500000e+00
      vertex   3.261436e+01 -2.670000e+01 1.175000e+01
      vertex   3.245452e+01 -2.708589e+01 1.175000e+01
    endloop
  endfacet
  facet normal 9.914449e-01 1.305262e-01 0.000000e+00
    outer loop
      vertex   3.245452e+01 -2.791411e+01 1.800000e+01
      vertex   3.245452e+01 -2.791411e+01 1.175000e+01
      vertex   3.240000e+01 -2.750000e+01 1.800000e+01
    endloop
  endfacet
  facet normal 9.914449e-01 1.305262e-01 0.000000e+00
    outer loop
      vertex   3.240000e+01 -2.750000e+01 1.800000e+01
      vertex   3.245452e+01 -2.791411e+01 1.175000e+01
      vertex   3.240000e+01 -2.750000e+01 1.175000e+01
    endloop
  endfacet
  facet normal 9.914449e-01 -1.305262e-01 0.000000e+00
    outer loop
      vertex   3.240000e+01 -2.750000e+01 1.800000e+01
      vertex   3.240000e+01 -2.750000e+01 1.175000e+01
      vertex   3.245452e+01 -2.708589e+01 1.800000e+01
    endloop
  endfacet
  facet normal 9.914449e-01 -1.305262e-01 0.000000e+00
    outer loop
      vertex   3.245452e+01 -2.708589e+01 1.800000e+01
      vertex   3.240000e+01 -2.750000e+01 1.175000e+01
      vertex   3.245452e+01 -2.708589e+01 1.175000e+01
    endloop
  endfacet
  facet normal 9.238795e-01 -3.826834e-01 0.000000e+00
    outer loop
      vertex   3.245452e+01 -2.708589e+01 1.800000e+01
      vertex   3.245452e+01 -2.708589e+01 1.175000e+01
      vertex   3.261436e+01 -2.670000e+01 1.800000e+01
    endloop
  endfacet
  facet normal 9.238795e-01 -3.826834e-01 0.000000e+00
    outer loop
      vertex   3.261436e+01 -2.670000e+01 1.800000e+01
      vertex   3.245452e+01 -2.708589e+01 1.175000e+01
      vertex   3.261436e+01 -2.670000e+01 1.175000e+01
    endloop
  endfacet
  facet normal 7.933533e-01 -6.087614e-01 0.000000e+00
    outer loop
      vertex   3.261436e+01 -2.670000e+01 1.800000e+01
      vertex   3.261436e+01 -2.670000e+01 1.175000e+01
      vertex   3.286863e+01 -2.636863e+01 1.800000e+01
    endloop
  endfacet
  facet normal 7.933533e-01 -6.087614e-01 0.000000e+00
    outer loop
      vertex   3.286863e+01 -2.636863e+01 1.800000e+01
      vertex   3.261436e+01 -2.670000e+01 1.175000e+01
      vertex   3.286863e+01 -2.636863e+01 1.175000e+01
    endloop
  endfacet
  facet normal 6.087614e-01 -7.933533e-01 0.000000e+00
    outer loop
      vertex   3.286863e+01 -2.636863e+01 1.800000e+01
      vertex   3.286863e+01 -2.636863e+01 1.175000e+01
      vertex   3.320000e+01 -2.611436e+01 1.800000e+01
    endloop
  endfacet
  facet normal 6.087614e-01 -7.933533e-01 0.000000e+00
    outer loop
      vertex   3.320000e+01 -2.611436e+01 1.800000e+01
      vertex   3.286863e+01 -2.636863e+01 1.175000e+01
      vertex   3.320000e+01 -2.611436e+01 1.175000e+01
    endloop
  endfacet
  facet normal 3.826834e-01 -9.238795e-01 0.000000e+00
    outer loop
      vertex   3.320000e+01 -2.611436e+01 1.800000e+01
      vertex   3.320000e+01 -2.611436e+01 1.175000e+01
      vertex   3.358589e+01 -2.595452e+01 1.800000e+01
    endloop
  endfacet
  facet normal 3.826834e-01 -9.238795e-01 0.000000e+00
    outer loop
      vertex   3.358589e+01 -2.595452e+01 1.800000e+01
      vertex   3.320000e+01 -2.611436e+01 1.175000e+01
      vertex   3.358589e+01 -2.595452e+01 1.175000e+01
    endloop
  endfacet
  facet normal 1.305262e-01 -9.914449e-01 0.000000e+00
    outer loop
      vertex   3.358589e+01 -2.595452e+01 1.800000e+01
      vertex   3.358589e+01 -2.595452e+01 1.175000e+01
      vertex   3.400000e+01 -2.590000e+01 1.800000e+01
    endloop
  endfacet
  facet normal 1.305262e-01 -9.914449e-01 0.000000e+00
    outer loop
      vertex   3.400000e+01 -2.590000e+01 1.800000e+01
      vertex   3.358589e+01 -2.595452e+01 1.175000e+01
      vertex   3.400000e+01 -2.590000e+01 1.175000e+01
    endloop
  endfacet
  facet normal -1.305262e-01 -9.914449e-01 -0.000000e+00
    outer loop
      vertex   3.400000e+01 -2.590000e+01 1.800000e+01
      vertex   3.400000e+01 -2.590000e+01 1.175000e+01
      vertex   3.441411e+01 -2.595452e+01 1.800000e+01
    endloop
  endfacet
  facet normal -1.305262e-01 -9.914449e-01 -0.000000e+00
    outer loop
      vertex   3.441411e+01 -2.595452e+01 1.800000e+01
      vertex   3.400000e+01 -2.590000e+01 1.175000e+01
      vertex   3.441411e+01 -2.595452e+01 1.175000e+01
    endloop
  endfacet
  facet normal -3.826834e-01 -9.238795e-01 -0.000000e+00
    outer loop
      vertex   3.441411e+01 -2.595452e+01 1.800000e+01
      vertex   3.441411e+01 -2.595452e+01 1.175000e+01
      vertex   3.480000e+01 -2.611436e+01 1.800000e+01
    endloop
  endfacet
  facet normal -3.826834e-01 -9.238795e-01 -0.000000e+00
    outer loop
      vertex   3.480000e+01 -2.611436e+01 1.800000e+01
      vertex   3.441411e+01 -2.595452e+01 1.175000e+01
      vertex   3.480000e+01 -2.611436e+01 1.175000e+01
    endloop
  endfacet
  facet normal -6.087614e-01 -7.933533e-01 -0.000000e+00
    outer loop
      vertex   3.480000e+01 -2.611436e+01 1.800000e+01
      vertex   3.480000e+01 -2.611436e+01 1.175000e+01
      vertex   3.513137e+01 -2.636863e+01 1.800000e+01
    endloop
  endfacet
  facet normal -6.087614e-01 -7.933533e-01 -0.000000e+00
    outer loop
      vertex   3.513137e+01 -2.636863e+01 1.800000e+01
      vertex   3.480000e+01 -2.611436e+01 1.175000e+01
      vertex   3.513137e+01 -2.636863e+01 1.175000e+01
    endloop
  endfacet
  facet normal -7.933533e-01 -6.087614e-01 -0.000000e+00
    outer loop
      vertex   3.513137e+01 -2.636863e+01 1.800000e+01
      vertex   3.513137e+01 -2.636863e+01 1.175000e+01
      vertex   3.538564e+01 -2.670000e+01 1.800000e+01
    endloop
  endfacet
  facet normal -7.933533e-01 -6.087614e-01 -0.000000e+00
    outer loop
      vertex   3.538564e+01 -2.670000e+01 1.800000e+01
      vertex   3.513137e+01 -2.636863e+01 1.175000e+01
      vertex   3.538564e+01 -2.670000e+01 1.175000e+01
    endloop
  endfacet
  facet normal -9.238795e-01 -3.826834e-01 -0.000000e+00
    outer loop
      vertex   3.538564e+01 -2.670000e+01 1.800000e+01
      vertex   3.538564e+01 -2.670000e+01 1.175000e+01
      vertex   3.554548e+01 -2.708589e+01 1.800000e+01
    endloop
  endfacet
  facet normal -9.238795e-01 -3.826834e-01 -0.000000e+00
    outer loop
      vertex   3.554548e+01 -2.708589e+01 1.800000e+01
      vertex   3.538564e+01 -2.670000e+01 1.175000e+01
      vertex   3.554548e+01 -2.708589e+01 1.175000e+01
    endloop
  endfacet
  facet normal -9.914449e-01 -1.305262e-01 -0.000000e+00
    outer loop
      vertex   3.554548e+01 -2.708589e+01 1.800000e+01
      vertex   3.554548e+01 -2.708589e+01 1.175000e+01
      vertex   3.560000e+01 -2.750000e+01 1.800000e+01
    endloop
  endfacet
  facet normal -9.914449e-01 -1.305262e-01 -0.000000e+00
    outer loop
      vertex   3.560000e+01 -2.750000e+01 1.800000e+01
      vertex   3.554548e+01 -2.708589e+01 1.175000e+01
      vertex   3.560000e+01 -2.750000e+01 1.175000e+01
    endloop
  endfacet
  facet normal -9.914449e-01 1.305262e-01 0.000000e+00
    outer loop
      vertex   3.560000e+01 -2.750000e+01 1.800000e+01
      vertex   3.560000e+01 -2.750000e+01 1.175000e+01
      vertex   3.554548e+01 -2.791411e+01 1.800000e+01
    endloop
  endfacet
  facet normal -9.914449e-01 1.305262e-01 0.000000e+00
    outer loop
      vertex   3.554548e+01 -2.791411e+01 1.800000e+01
      vertex   3.560000e+01 -2.750000e+01 1.175000e+01
      vertex   3.554548e+01 -2.791411e+01 1.175000e+01
    endloop
  endfacet
  facet normal -9.238795e-01 3.826834e-01 0.000000e+00
    outer loop
      vertex   3.554548e+01 -2.791411e+01 1.800000e+01
      vertex   3.554548e+01 -2.791411e+01 1.175000e+01
      vertex   3.538564e+01 -2.830000e+01 1.800000e+01
    endloop
  endfacet
  facet normal -9.238795e-01 3.826834e-01 0.000000e+00
    outer loop
      vertex   3.538564e+01 -2.830000e+01 1.800000e+01
      vertex   3.554548e+01 -2.791411e+01 1.175000e+01
      vertex   3.538564e+01 -2.830000e+01 1.175000e+01
    endloop
  endfacet
  facet normal -7.933533e-01 6.087614e-01 0.000000e+00
    outer loop
      vertex   3.538564e+01 -2.830000e+01 1.800000e+01
      vertex   3.538564e+01 -2.830000e+01 1.175000e+01
      vertex   3.513137e+01 -2.863137e+01 1.800000e+01
    endloop
  endfacet
  facet normal -7.933533e-01 6.087614e-01 0.000000e+00
    outer loop
      vertex   3.513137e+01 -2.863137e+01 1.800000e+01
      vertex   3.538564e+01 -2.830000e+01 1.175000e+01
      vertex   3.513137e+01 -2.863137e+01 1.175000e+01
    endloop
  endfacet
  facet normal -6.087614e-01 7.933533e-01 0.000000e+00
    outer loop
      vertex   3.513137e+01 -2.863137e+01 1.800000e+01
      vertex   3.513137e+01 -2.863137e+01 1.175000e+01
      vertex   3.480000e+01 -2.888564e+01 1.800000e+01
    endloop
  endfacet
  facet normal -6.087614e-01 7.933533e-01 0.000000e+00
    outer loop
      vertex   3.480000e+01 -2.888564e+01 1.800000e+01
      vertex   3.513137e+01 -2.863137e+01 1.175000e+01
      vertex   3.480000e+01 -2.888564e+01 1.175000e+01
    endloop
  endfacet
  facet normal -3.826834e-01 9.238795e-01 0.000000e+00
    outer loop
      vertex   3.480000e+01 -2.888564e+01 1.800000e+01
      vertex   3.480000e+01 -2.888564e+01 1.175000e+01
      vertex   3.441411e+01 -2.904548e+01 1.800000e+01
    endloop
  endfacet
  facet normal -3.826834e-01 9.238795e-01 0.000000e+00
    outer loop
      vertex   3.441411e+01 -2.904548e+01 1.800000e+01
      vertex   3.480000e+01 -2.888564e+01 1.175000e+01
      vertex   3.441411e+01 -2.904548e+01 1.175000e+01
    endloop
  endfacet
  facet normal -1.305262e-01 9.914449e-01 0.000000e+00
    outer loop
      vertex   3.441411e+01 -2.904548e+01 1.800000e+01
      vertex   3.441411e+01 -2.904548e+01 1.175000e+01
      vertex   3.400000e+01 -2.910000e+01 1.800000e+01
    endloop
  endfacet
  facet normal -1.305262e-01 9.914449e-01 0.000000e+00
    outer loop
      vertex   3.400000e+01 -2.910000e+01 1.800000e+01
      vertex   3.441411e+01 -2.904548e+01 1.175000e+01
      vertex   3.400000e+01 -2.910000e+01 1.175000e+01
    endloop
  endfacet
  facet normal 1.305262e-01 9.914449e-01 0.000000e+00
    outer loop
      vertex   3.400000e+01 -2.910000e+01 1.800000e+01
      vertex   3.400000e+01 -2.910000e+01 1.175000e+01
      vertex   3.358589e+01 -2.904548e+01 1.800000e+01
    endloop
  endfacet
  facet normal 1.305262e-01 9.914449e-01 0.000000e+00
    outer loop
      vertex   3.358589e+01 -2.904548e+01 1.800000e+01
      vertex   3.400000e+01 -2.910000e+01 1.175000e+01
      vertex   3.358589e+01 -2.904548e+01 1.175000e+01
    endloop
  endfacet
  facet normal 3.826834e-01 9.238795e-01 0.000000e+00
    outer loop
      vertex   3.358589e+01 -2.904548e+01 1.800000e+01
      vertex   3.358589e+01 -2.904548e+01 1.175000e+01
      vertex   3.320000e+01 -2.888564e+01 1.800000e+01
    endloop
  endfacet
  facet normal 3.826834e-01 9.238795e-01 0.000000e+00
    outer loop
      vertex   3.320000e+01 -2.888564e+01 1.800000e+01
      vertex   3.358589e+01 -2.904548e+01 1.175000e+01
      vertex   3.320000e+01 -2.888564e+01 1.175000e+01
    endloop
  endfacet
  facet normal 6.087614e-01 7.933533e-01 0.000000e+00
    outer loop
      vertex   3.320000e+01 -2.888564e+01 1.800000e+01
      vertex   3.320000e+01 -2.888564e+01 1.175000e+01
      vertex   3.286863e+01 -2.863137e+01 1.800000e+01
    endloop
  endfacet
  facet normal 6.087614e-01 7.933533e-01 0.000000e+00
    outer loop
      vertex   3.286863e+01 -2.863137e+01 1.800000e+01
      vertex   3.320000e+01 -2.888564e+01 1.175000e+01
      vertex   3.286863e+01 -2.863137e+01 1.175000e+01
    endloop
  endfacet
  facet normal 7.933533e-01 6.087614e-01 0.000000e+00
    outer loop
      vertex   3.286863e+01 -2.863137e+01 1.800000e+01
      vertex   3.286863e+01 -2.863137e+01 1.175000e+01
      vertex   3.261436e+01 -2.830000e+01 1.800000e+01
    endloop
  endfacet
  facet normal 7.933533e-01 6.087614e-01 0.000000e+00
    outer loop
      vertex   3.261436e+01 -2.830000e+01 1.800000e+01
      vertex   3.286863e+01 -2.863137e+01 1.175000e+01
      vertex   3.261436e+01 -2.830000e+01 1.175000e+01
    endloop
  endfacet
  facet normal 9.238795e-01 3.826834e-01 0.000000e+00
    outer loop
      vertex   3.261436e+01 -2.830000e+01 1.800000e+01
      vertex   3.261436e+01 -2.830000e+01 1.175000e+01
      vertex   3.245452e+01 -2.791411e+01 1.800000e+01
    endloop
  endfacet
  facet normal 9.238795e-01 3.826834e-01 0.000000e+00
    outer loop
      vertex   3.245452e+01 -2.791411e+01 1.800000e+01
      vertex   3.261436e+01 -2.830000e+01 1.175000e+01
      vertex   3.245452e+01 -2.791411e+01 1.175000e+01
    endloop
  endfacet
  facet normal 9.914449e-01 -1.305262e-01 0.000000e+00
    outer loop
      vertex   -3.554548e+01 2.791411e+01 5.500000e+00
      vertex   -3.554548e+01 2.791411e+01 1.175000e+01
      vertex   -3.560000e+01 2.750000e+01 5.500000e+00
    endloop
  endfacet
  facet normal 9.914449e-01 -1.305262e-01 0.000000e+00
    outer loop
      vertex   -3.560000e+01 2.750000e+01 5.500000e+00
      vertex   -3.554548e+01 2.791411e+01 1.175000e+01
      vertex   -3.560000e+01 2.750000e+01 1.175000e+01
    endloop
  endfacet
  facet normal 9.914449e-01 1.305262e-01 -0.000000e+00
    outer loop
      vertex   -3.560000e+01 2.750000e+01 5.500000e+00
      vertex   -3.560000e+01 2.750000e+01 1.175000e+01
      vertex   -3.554548e+01 2.708589e+01 5.500000e+00
    endloop
  endfacet
  facet normal 9.914449e-01 1.305262e-01 -0.000000e+00
    outer loop
      vertex   -3.554548e+01 2.708589e+01 5.500000e+00
      vertex   -3.560000e+01 2.750000e+01 1.175000e+01
      vertex   -3.554548e+01 2.708589e+01 1.175000e+01
    endloop
  endfacet
  facet normal 9.238795e-01 3.826834e-01 -0.000000e+00
    outer loop
      vertex   -3.554548e+01 2.708589e+01 5.500000e+00
      vertex   -3.554548e+01 2.708589e+01 1.175000e+01
      vertex   -3.538564e+01 2.670000e+01 5.500000e+00
    endloop
  endfacet
  facet normal 9.238795e-01 3.826834e-01 -0.000000e+00
    outer loop
      vertex   -3.538564e+01 2.670000e+01 5.500000e+00
      vertex   -3.554548e+01 2.708589e+01 1.175000e+01
      vertex   -3.538564e+01 2.670000e+01 1.175000e+01
    endloop
  endfacet
  facet normal 7.933533e-01 6.087614e-01 -0.000000e+00
    outer loop
      vertex   -3.538564e+01 2.670000e+01 5.500000e+00
      vertex   -3.538564e+01 2.670000e+01 1.175000e+01
      vertex   -3.513137e+01 2.636863e+01 5.500000e+00
    endloop
  endfacet
  facet normal 7.933533e-01 6.087614e-01 -0.000000e+00
    outer loop
      vertex   -3.513137e+01 2.636863e+01 5.500000e+00
      vertex   -3.538564e+01 2.670000e+01 1.175000e+01
      vertex   -3.513137e+01 2.636863e+01 1.175000e+01
    endloop
  endfacet
  facet normal 6.087614e-01 7.933533e-01 -0.000000e+00
    outer loop
      vertex   -3.513137e+01 2.636863e+01 5.500000e+00
      vertex   -3.513137e+01 2.636863e+01 1.175000e+01
      vertex   -3.480000e+01 2.611436e+01 5.500000e+00
    endloop
  endfacet
  facet normal 6.087614e-01 7.933533e-01 -0.000000e+00
    outer loop
      vertex   -3.480000e+01 2.611436e+01 5.500000e+00
      vertex   -3.513137e+01 2.636863e+01 1.175000e+01
      vertex   -3.480000e+01 2.611436e+01 1.175000e+01
    endloop
  endfacet
  facet normal 3.826834e-01 9.238795e-01 -0.000000e+00
    outer loop
      vertex   -3.480000e+01 2.611436e+01 5.500000e+00
      vertex   -3.480000e+01 2.611436e+01 1.175000e+01
      vertex   -3.441411e+01 2.595452e+01 5.500000e+00
    endloop
  endfacet
  facet normal 3.826834e-01 9.238795e-01 -0.000000e+00
    outer loop
      vertex   -3.441411e+01 2.595452e+01 5.500000e+00
      vertex   -3.480000e+01 2.611436e+01 1.175000e+01
      vertex   -3.441411e+01 2.595452e+01 1.175000e+01
    endloop
  endfacet
  facet normal 1.305262e-01 9.914449e-01 -0.000000e+00
    outer loop
      vertex   -3.441411e+01 2.595452e+01 5.500000e+00
      vertex   -3.441411e+01 2.595452e+01 1.175000e+01
      vertex   -3.400000e+01 2.590000e+01 5.500000e+00
    endloop
  endfacet
  facet normal 1.305262e-01 9.914449e-01 -0.000000e+00
    outer loop
      vertex   -3.400000e+01 2.590000e+01 5.500000e+00
      vertex   -3.441411e+01 2.595452e+01 1.175000e+01
      vertex   -3.400000e+01 2.590000e+01 1.175000e+01
    endloop
  endfacet
  facet normal -1.305262e-01 9.914449e-01 0.000000e+00
    outer loop
      vertex   -3.400000e+01 2.590000e+01 5.500000e+00
      vertex   -3.400000e+01 2.590000e+01 1.175000e+01
      vertex   -3.358589e+01 2.595452e+01 5.500000e+00
    endloop
  endfacet
  facet normal -1.305262e-01 9.914449e-01 0.000000e+00
    outer loop
      vertex   -3.358589e+01 2.595452e+01 5.500000e+00
      vertex   -3.400000e+01 2.590000e+01 1.175000e+01
      vertex   -3.358589e+01 2.595452e+01 1.175000e+01
    endloop
  endfacet
  facet normal -3.826834e-01 9.238795e-01 0.000000e+00
    outer loop
      vertex   -3.358589e+01 2.595452e+01 5.500000e+00
      vertex   -3.358589e+01 2.595452e+01 1.175000e+01
      vertex   -3.320000e+01 2.611436e+01 5.500000e+00
    endloop
  endfacet
  facet normal -3.826834e-01 9.238795e-01 0.000000e+00
    outer loop
      vertex   -3.320000e+01 2.611436e+01 5.500000e+00
      vertex   -3.358589e+01 2.595452e+01 1.175000e+01
      vertex   -3.320000e+01 2.611436e+01 1.175000e+01
    endloop
  endfacet
  facet normal -6.087614e-01 7.933533e-01 0.000000e+00
    outer loop
      vertex   -3.320000e+01 2.611436e+01 5.500000e+00
      vertex   -3.320000e+01 2.611436e+01 1.175000e+01
      vertex   -3.286863e+01 2.636863e+01 5.500000e+00
    endloop
  endfacet
  facet normal -6.087614e-01 7.933533e-01 0.000000e+00
    outer loop
      vertex   -3.286863e+01 2.636863e+01 5.500000e+00
      vertex   -3.320000e+01 2.611436e+01 1.175000e+01
      vertex   -3.286863e+01 2.636863e+01 1.175000e+01
    endloop
  endfacet
  facet normal -7.933533e-01 6.087614e-01 0.000000e+00
    outer loop
      vertex   -3.286863e+01 2.636863e+01 5.500000e+00
      vertex   -3.286863e+01 2.636863e+01 1.175000e+01
      vertex   -3.261436e+01 2.670000e+01 5.500000e+00
    endloop
  endfacet
  facet normal -7.933533e-01 6.087614e-01 0.000000e+00
    outer loop
      vertex   -3.261436e+01 2.670000e+01 5.500000e+00
      vertex   -3.286863e+01 2.636863e+01 1.175000e+01
      vertex   -3.261436e+01 2.670000e+01 1.175000e+01
    endloop
  endfacet
  facet normal -9.238795e-01 3.826834e-01 0.000000e+00
    outer loop
      vertex   -3.261436e+01 2.670000e+01 5.500000e+00
      vertex   -3.261436e+01 2.670000e+01 1.175000e+01
      vertex   -3.245452e+01 2.708589e+01 5.500000e+00
    endloop
  endfacet
  facet normal -9.238795e-01 3.826834e-01 0.000000e+00
    outer loop
      vertex   -3.245452e+01 2.708589e+01 5.500000e+00
      vertex   -3.261436e+01 2.670000e+01 1.175000e+01
      vertex   -3.245452e+01 2.708589e+01 1.175000e+01
    endloop
  endfacet
  facet normal -9.914449e-01 1.305262e-01 0.000000e+00
    outer loop
      vertex   -3.245452e+01 2.708589e+01 5.500000e+00
      vertex   -3.245452e+01 2.708589e+01 1.175000e+01
      vertex   -3.240000e+01 2.750000e+01 5.500000e+00
    endloop
  endfacet
  facet normal -9.914449e-01 1.305262e-01 0.000000e+00
    outer loop
      vertex   -3.240000e+01 2.750000e+01 5.500000e+00
      vertex   -3.245452e+01 2.708589e+01 1.175000e+01
      vertex   -3.240000e+01 2.750000e+01 1.175000e+01
    endloop
  endfacet
  facet normal -9.914449e-01 -1.305262e-01 0.000000e+00
    outer loop
      vertex   -3.240000e+01 2.750000e+01 5.500000e+00
      vertex   -3.240000e+01 2.750000e+01 1.175000e+01
      vertex   -3.245452e+01 2.791411e+01 5.500000e+00
    endloop
  endfacet
  facet normal -9.914449e-01 -1.305262e-01 0.000000e+00
    outer loop
      vertex   -3.245452e+01 2.791411e+01 5.500000e+00
      vertex   -3.240000e+01 2.750000e+01 1.175000e+01
      vertex   -3.245452e+01 2.791411e+01 1.175000e+01
    endloop
  endfacet
  facet normal -9.238795e-01 -3.826834e-01 0.000000e+00
    outer loop
      vertex   -3.245452e+01 2.791411e+01 5.500000e+00
      vertex   -3.245452e+01 2.791411e+01 1.175000e+01
      vertex   -3.261436e+01 2.830000e+01 5.500000e+00
    endloop
  endfacet
  facet normal -9.238795e-01 -3.826834e-01 0.000000e+00
    outer loop
      vertex   -3.261436e+01 2.830000e+01 5.500000e+00
      vertex   -3.245452e+01 2.791411e+01 1.175000e+01
      vertex   -3.261436e+01 2.830000e+01 1.175000e+01
    endloop
  endfacet
  facet normal -7.933533e-01 -6.087614e-01 0.000000e+00
    outer loop
      vertex   -3.261436e+01 2.830000e+01 5.500000e+00
      vertex   -3.261436e+01 2.830000e+01 1.175000e+01
      vertex   -3.286863e+01 2.863137e+01 5.500000e+00
    endloop
  endfacet
  facet normal -7.933533e-01 -6.087614e-01 0.000000e+00
    outer loop
      vertex   -3.286863e+01 2.863137e+01 5.500000e+00
      vertex   -3.261436e+01 2.830000e+01 1.175000e+01
      vertex   -3.286863e+01 2.863137e+01 1.175000e+01
    endloop
  endfacet
  facet normal -6.087614e-01 -7.933533e-01 0.000000e+00
    outer loop
      vertex   -3.286863e+01 2.863137e+01 5.500000e+00
      vertex   -3.286863e+01 2.863137e+01 1.175000e+01
      vertex   -3.320000e+01 2.888564e+01 5.500000e+00
    endloop
  endfacet
  facet normal -6.087614e-01 -7.933533e-01 0.000000e+00
    outer loop
      vertex   -3.320000e+01 2.888564e+01 5.500000e+00
      vertex   -3.286863e+01 2.863137e+01 1.175000e+01
      vertex   -3.320000e+01 2.888564e+01 1.175000e+01
    endloop
  endfacet
  facet normal -3.826834e-01 -9.238795e-01 0.000000e+00
    outer loop
      vertex   -3.320000e+01 2.888564e+01 5.500000e+00
      vertex   -3.320000e+01 2.888564e+01 1.175000e+01
      vertex   -3.358589e+01 2.904548e+01 5.500000e+00
    endloop
  endfacet
  facet normal -3.826834e-01 -9.238795e-01 0.000000e+00
    outer loop
      vertex   -3.358589e+01 2.904548e+01 5.500000e+00
      vertex   -3.320000e+01 2.888564e+01 1.175000e+01
      vertex   -3.358589e+01 2.904548e+01 1.175000e+01
    endloop
  endfacet
  facet normal -1.305262e-01 -9.914449e-01 0.000000e+00
    outer loop
      vertex   -3.358589e+01 2.904548e+01 5.500000e+00
      vertex   -3.358589e+01 2.904548e+01 1.175000e+01
      vertex   -3.400000e+01 2.910000e+01 5.500000e+00
    endloop
  endfacet
  facet normal -1.305262e-01 -9.914449e-01 0.000000e+00
    outer loop
      vertex   -3.400000e+01 2.910000e+01 5.500000e+00
      vertex   -3.358589e+01 2.904548e+01 1.175000e+01
      vertex   -3.400000e+01 2.910000e+01 1.175000e+01
    endloop
  endfacet
  facet normal 1.305262e-01 -9.914449e-01 0.000000e+00
    outer loop
      vertex   -3.400000e+01 2.910000e+01 5.500000e+00
      vertex   -3.400000e+01 2.910000e+01 1.175000e+01
      vertex   -3.441411e+01 2.904548e+01 5.500000e+00
    endloop
  endfacet
  facet normal 1.305262e-01 -9.914449e-01 0.000000e+00
    outer loop
      vertex   -3.441411e+01 2.904548e+01 5.500000e+00
      vertex   -3.400000e+01 2.910000e+01 1.175000e+01
      vertex   -3.441411e+01 2.904548e+01 1.175000e+01
    endloop
  endfacet
  facet normal 3.826834e-01 -9.238795e-01 0.000000e+00
    outer loop
      vertex   -3.441411e+01 2.904548e+01 5.500000e+00
      vertex   -3.441411e+01 2.904548e+01 1.175000e+01
      vertex   -3.480000e+01 2.888564e+01 5.500000e+00
    endloop
  endfacet
  facet normal 3.826834e-01 -9.238795e-01 0.000000e+00
    outer loop
      vertex   -3.480000e+01 2.888564e+01 5.500000e+00
      vertex   -3.441411e+01 2.904548e+01 1.175000e+01
      vertex   -3.480000e+01 2.888564e+01 1.175000e+01
    endloop
  endfacet
  facet normal 6.087614e-01 -7.933533e-01 0.000000e+00
    outer loop
      vertex   -3.480000e+01 2.888564e+01 5.500000e+00
      vertex   -3.480000e+01 2.888564e+01 1.175000e+01
      vertex   -3.513137e+01 2.863137e+01 5.500000e+00
    endloop
  endfacet
  facet normal 6.087614e-01 -7.933533e-01 0.000000e+00
    outer loop
      vertex   -3.513137e+01 2.863137e+01 5.500000e+00
      vertex   -3.480000e+01 2.888564e+01 1.175000e+01
      vertex   -3.513137e+01 2.863137e+01 1.175000e+01
    endloop
  endfacet
  facet normal 7.933533e-01 -6.087614e-01 0.000000e+00
    outer loop
      vertex   -3.513137e+01 2.863137e+01 5.500000e+00
      vertex   -3.513137e+01 2.863137e+01 1.175000e+01
      vertex   -3.538564e+01 2.830000e+01 5.500000e+00
    endloop
  endfacet
  facet normal 7.933533e-01 -6.087614e-01 0.000000e+00
    outer loop
      vertex   -3.538564e+01 2.830000e+01 5.500000e+00
      vertex   -3.513137e+01 2.863137e+01 1.175000e+01
      vertex   -3.538564e+01 2.830000e+01 1.175000e+01
    endloop
  endfacet
  facet normal 9.238795e-01 -3.826834e-01 0.000000e+00
    outer loop
      vertex   -3.538564e+01 2.830000e+01 5.500000e+00
      vertex   -3.538564e+01 2.830000e+01 1.175000e+01
      vertex   -3.554548e+01 2.791411e+01 5.500000e+00
    endloop
  endfacet
  facet normal 9.238795e-01 -3.826834e-01 0.000000e+00
    outer loop
      vertex   -3.554548e+01 2.791411e+01 5.500000e+00
      vertex   -3.538564e+01 2.830000e+01 1.175000e+01
      vertex   -3.554548e+01 2.791411e+01 1.175000e+01
    endloop
  endfacet
  facet normal 9.914449e-01 1.305262e-01 0.000000e+00
    outer loop
      vertex   -3.554548e+01 2.708589e+01 1.800000e+01
      vertex   -3.554548e+01 2.708589e+01 1.175000e+01
      vertex   -3.560000e+01 2.750000e+01 1.800000e+01
    endloop
  endfacet
  facet normal 9.914449e-01 1.305262e-01 0.000000e+00
    outer loop
      vertex   -3.560000e+01 2.750000e+01 1.800000e+01
      vertex   -3.554548e+01 2.708589e+01 1.175000e+01
      vertex   -3.560000e+01 2.750000e+01 1.175000e+01
    endloop
  endfacet
  facet normal 9.914449e-01 -1.305262e-01 0.000000e+00
    outer loop
      vertex   -3.560000e+01 2.750000e+01 1.800000e+01
      vertex   -3.560000e+01 2.750000e+01 1.175000e+01
      vertex   -3.554548e+01 2.791411e+01 1.800000e+01
    endloop
  endfacet
  facet normal 9.914449e-01 -1.305262e-01 0.000000e+00
    outer loop
      vertex   -3.554548e+01 2.791411e+01 1.800000e+01
      vertex   -3.560000e+01 2.750000e+01 1.175000e+01
      vertex   -3.554548e+01 2.791411e+01 1.175000e+01
    endloop
  endfacet
  facet normal 9.238795e-01 -3.826834e-01 0.000000e+00
    outer loop
      vertex   -3.554548e+01 2.791411e+01 1.800000e+01
      vertex   -3.554548e+01 2.791411e+01 1.175000e+01
      vertex   -3.538564e+01 2.830000e+01 1.800000e+01
    endloop
  endfacet
  facet normal 9.238795e-01 -3.826834e-01 0.000000e+00
    outer loop
      vertex   -3.538564e+01 2.830000e+01 1.800000e+01
      vertex   -3.554548e+01 2.791411e+01 1.175000e+01
      vertex   -3.538564e+01 2.830000e+01 1.175000e+01
    endloop
  endfacet
  facet normal 7.933533e-01 -6.087614e-01 0.000000e+00
    outer loop
      vertex   -3.538564e+01 2.830000e+01 1.800000e+01
      vertex   -3.538564e+01 2.830000e+01 1.175000e+01
      vertex   -3.513137e+01 2.863137e+01 1.800000e+01
    endloop
  endfacet
  facet normal 7.933533e-01 -6.087614e-01 0.000000e+00
    outer loop
      vertex   -3.513137e+01 2.863137e+01 1.800000e+01
      vertex   -3.538564e+01 2.830000e+01 1.175000e+01
      vertex   -3.513137e+01 2.863137e+01 1.175000e+01
    endloop
  endfacet
  facet normal 6.087614e-01 -7.933533e-01 0.000000e+00
    outer loop
      vertex   -3.513137e+01 2.863137e+01 1.800000e+01
      vertex   -3.513137e+01 2.863137e+01 1.175000e+01
      vertex   -3.480000e+01 2.888564e+01 1.800000e+01
    endloop
  endfacet
  facet normal 6.087614e-01 -7.933533e-01 0.000000e+00
    outer loop
      vertex   -3.480000e+01 2.888564e+01 1.800000e+01
      vertex   -3.513137e+01 2.863137e+01 1.175000e+01
      vertex   -3.480000e+01 2.888564e+01 1.175000e+01
    endloop
  endfacet
  facet normal 3.826834e-01 -9.238795e-01 0.000000e+00
    outer loop
      vertex   -3.480000e+01 2.888564e+01 1.800000e+01
      vertex   -3.480000e+01 2.888564e+01 1.175000e+01
      vertex   -3.441411e+01 2.904548e+01 1.800000e+01
    endloop
  endfacet
  facet normal 3.826834e-01 -9.238795e-01 0.000000e+00
    outer loop
      vertex   -3.441411e+01 2.904548e+01 1.800000e+01
      vertex   -3.480000e+01 2.888564e+01 1.175000e+01
      vertex   -3.441411e+01 2.904548e+01 1.175000e+01
    endloop
  endfacet
  facet normal 1.305262e-01 -9.914449e-01 0.000000e+00
    outer loop
      vertex   -3.441411e+01 2.904548e+01 1.800000e+01
      vertex   -3.441411e+01 2.904548e+01 1.175000e+01
      vertex   -3.400000e+01 2.910000e+01 1.800000e+01
    endloop
  endfacet
  facet normal 1.305262e-01 -9.914449e-01 0.000000e+00
    outer loop
      vertex   -3.400000e+01 2.910000e+01 1.800000e+01
      vertex   -3.441411e+01 2.904548e+01 1.175000e+01
      vertex   -3.400000e+01 2.910000e+01 1.175000e+01
    endloop
  endfacet
  facet normal -1.305262e-01 -9.914449e-01 -0.000000e+00
    outer loop
      vertex   -3.400000e+01 2.910000e+01 1.800000e+01
      vertex   -3.400000e+01 2.910000e+01 1.175000e+01
      vertex   -3.358589e+01 2.904548e+01 1.800000e+01
    endloop
  endfacet
  facet normal -1.305262e-01 -9.914449e-01 -0.000000e+00
    outer loop
      vertex   -3.358589e+01 2.904548e+01 1.800000e+01
      vertex   -3.400000e+01 2.910000e+01 1.175000e+01
      vertex   -3.358589e+01 2.904548e+01 1.175000e+01
    endloop
  endfacet
  facet normal -3.826834e-01 -9.238795e-01 -0.000000e+00
    outer loop
      vertex   -3.358589e+01 2.904548e+01 1.800000e+01
      vertex   -3.358589e+01 2.904548e+01 1.175000e+01
      vertex   -3.320000e+01 2.888564e+01 1.800000e+01
    endloop
  endfacet
  facet normal -3.826834e-01 -9.238795e-01 -0.000000e+00
    outer loop
      vertex   -3.320000e+01 2.888564e+01 1.800000e+01
      vertex   -3.358589e+01 2.904548e+01 1.175000e+01
      vertex   -3.320000e+01 2.888564e+01 1.175000e+01
    endloop
  endfacet
  facet normal -6.087614e-01 -7.933533e-01 -0.000000e+00
    outer loop
      vertex   -3.320000e+01 2.888564e+01 1.800000e+01
      vertex   -3.320000e+01 2.888564e+01 1.175000e+01
      vertex   -3.286863e+01 2.863137e+01 1.800000e+01
    endloop
  endfacet
  facet normal -6.087614e-01 -7.933533e-01 -0.000000e+00
    outer loop
      vertex   -3.286863e+01 2.863137e+01 1.800000e+01
      vertex   -3.320000e+01 2.888564e+01 1.175000e+01
      vertex   -3.286863e+01 2.863137e+01 1.175000e+01
    endloop
  endfacet
  facet normal -7.933533e-01 -6.087614e-01 -0.000000e+00
    outer loop
      vertex   -3.286863e+01 2.863137e+01 1.800000e+01
      vertex   -3.286863e+01 2.863137e+01 1.175000e+01
      vertex   -3.261436e+01 2.830000e+01 1.800000e+01
    endloop
  endfacet
  facet normal -7.933533e-01 -6.087614e-01 -0.000000e+00
    outer loop
      vertex   -3.261436e+01 2.830000e+01 1.800000e+01
      vertex   -3.286863e+01 2.863137e+01 1.175000e+01
      vertex   -3.261436e+01 2.830000e+01 1.175000e+01
    endloop
  endfacet
  facet normal -9.238795e-01 -3.826834e-01 -0.000000e+00
    outer loop
      vertex   -3.261436e+01 2.830000e+01 1.800000e+01
      vertex   -3.261436e+01 2.830000e+01 1.175000e+01
      vertex   -3.245452e+01 2.791411e+01 1.800000e+01
    endloop
  endfacet
  facet normal -9.238795e-01 -3.826834e-01 -0.000000e+00
    outer loop
      vertex   -3.245452e+01 2.791411e+01 1.800000e+01
      vertex   -3.261436e+01 2.830000e+01 1.175000e+01
      vertex   -3.245452e+01 2.791411e+01 1.175000e+01
    endloop
  endfacet
  facet normal -9.914449e-01 -1.305262e-01 -0.000000e+00
    outer loop
      vertex   -3.245452e+01 2.791411e+01 1.800000e+01
      vertex   -3.245452e+01 2.791411e+01 1.175000e+01
      vertex   -3.240000e+01 2.750000e+01 1.800000e+01
    endloop
  endfacet
  facet normal -9.914449e-01 -1.305262e-01 -0.000000e+00
    outer loop
      vertex   -3.240000e+01 2.750000e+01 1.800000e+01
      vertex   -3.245452e+01 2.791411e+01 1.175000e+01
      vertex   -3.240000e+01 2.750000e+01 1.175000e+01
    endloop
  endfacet
  facet normal -9.914449e-01 1.305262e-01 0.000000e+00
    outer loop
      vertex   -3.240000e+01 2.750000e+01 1.800000e+01
      vertex   -3.240000e+01 2.750000e+01 1.175000e+01
      vertex   -3.245452e+01 2.708589e+01 1.800000e+01
    endloop
  endfacet
  facet normal -9.914449e-01 1.305262e-01 0.000000e+00
    outer loop
      vertex   -3.245452e+01 2.708589e+01 1.800000e+01
      vertex   -3.240000e+01 2.750000e+01 1.175000e+01
      vertex   -3.245452e+01 2.708589e+01 1.175000e+01
    endloop
  endfacet
  facet normal -9.238795e-01 3.826834e-01 0.000000e+00
    outer loop
      vertex   -3.245452e+01 2.708589e+01 1.800000e+01
      vertex   -3.245452e+01 2.708589e+01 1.175000e+01
      vertex   -3.261436e+01 2.670000e+01 1.800000e+01
    endloop
  endfacet
  facet normal -9.238795e-01 3.826834e-01 0.000000e+00
    outer loop
      vertex   -3.261436e+01 2.670000e+01 1.800000e+01
      vertex   -3.245452e+01 2.708589e+01 1.175000e+01
      vertex   -3.261436e+01 2.670000e+01 1.175000e+01
    endloop
  endfacet
  facet normal -7.933533e-01 6.087614e-01 0.000000e+00
    outer loop
      vertex   -3.261436e+01 2.670000e+01 1.800000e+01
      vertex   -3.261436e+01 2.670000e+01 1.175000e+01
      vertex   -3.286863e+01 2.636863e+01 1.800000e+01
    endloop
  endfacet
  facet normal -7.933533e-01 6.087614e-01 0.000000e+00
    outer loop
      vertex   -3.286863e+01 2.636863e+01 1.800000e+01
      vertex   -3.261436e+01 2.670000e+01 1.175000e+01
      vertex   -3.286863e+01 2.636863e+01 1.175000e+01
    endloop
  endfacet
  facet normal -6.087614e-01 7.933533e-01 0.000000e+00
    outer loop
      vertex   -3.286863e+01 2.636863e+01 1.800000e+01
      vertex   -3.286863e+01 2.636863e+01 1.175000e+01
      vertex   -3.320000e+01 2.611436e+01 1.800000e+01
    endloop
  endfacet
  facet normal -6.087614e-01 7.933533e-01 0.000000e+00
    outer loop
      vertex   -3.320000e+01 2.611436e+01 1.800000e+01
      vertex   -3.286863e+01 2.636863e+01 1.175000e+01
      vertex   -3.320000e+01 2.611436e+01 1.175000e+01
    endloop
  endfacet
  facet normal -3.826834e-01 9.238795e-01 0.000000e+00
    outer loop
      vertex   -3.320000e+01 2.611436e+01 1.800000e+01
      vertex   -3.320000e+01 2.611436e+01 1.175000e+01
      vertex   -3.358589e+01 2.595452e+01 1.800000e+01
    endloop
  endfacet
  facet normal -3.826834e-01 9.238795e-01 0.000000e+00
    outer loop
      vertex   -3.358589e+01 2.595452e+01 1.800000e+01
      vertex   -3.320000e+01 2.611436e+01 1.175000e+01
      vertex   -3.358589e+01 2.595452e+01 1.175000e+01
    endloop
  endfacet
  facet normal -1.305262e-01 9.914449e-01 0.000000e+00
    outer loop
      vertex   -3.358589e+01 2.595452e+01 1.800000e+01
      vertex   -3.358589e+01 2.595452e+01 1.175000e+01
      vertex   -3.400000e+01 2.590000e+01 1.800000e+01
    endloop
  endfacet
  facet normal -1.305262e-01 9.914449e-01 0.000000e+00
    outer loop
      vertex   -3.400000e+01 2.590000e+01 1.800000e+01
      vertex   -3.358589e+01 2.595452e+01 1.175000e+01
      vertex   -3.400000e+01 2.590000e+01 1.175000e+01
    endloop
  endfacet
  facet normal 1.305262e-01 9.914449e-01 0.000000e+00
    outer loop
      vertex   -3.400000e+01 2.590000e+01 1.800000e+01
      vertex   -3.400000e+01 2.590000e+01 1.175000e+01
      vertex   -3.441411e+01 2.595452e+01 1.800000e+01
    endloop
  endfacet
  facet normal 1.305262e-01 9.914449e-01 0.000000e+00
    outer loop
      vertex   -3.441411e+01 2.595452e+01 1.800000e+01
      vertex   -3.400000e+01 2.590000e+01 1.175000e+01
      vertex   -3.441411e+01 2.595452e+01 1.175000e+01
    endloop
  endfacet
  facet normal 3.826834e-01 9.238795e-01 0.000000e+00
    outer loop
      vertex   -3.441411e+01 2.595452e+01 1.800000e+01
      vertex   -3.441411e+01 2.595452e+01 1.175000e+01
      vertex   -3.480000e+01 2.611436e+01 1.800000e+01
    endloop
  endfacet
  facet normal 3.826834e-01 9.238795e-01 0.000000e+00
    outer loop
      vertex   -3.480000e+01 2.611436e+01 1.800000e+01
      vertex   -3.441411e+01 2.595452e+01 1.175000e+01
      vertex   -3.480000e+01 2.611436e+01 1.175000e+01
    endloop
  endfacet
  facet normal 6.087614e-01 7.933533e-01 0.000000e+00
    outer loop
      vertex   -3.480000e+01 2.611436e+01 1.800000e+01
      vertex   -3.480000e+01 2.611436e+01 1.175000e+01
      vertex   -3.513137e+01 2.636863e+01 1.800000e+01
    endloop
  endfacet
  facet normal 6.087614e-01 7.933533e-01 0.000000e+00
    outer loop
      vertex   -3.513137e+01 2.636863e+01 1.800000e+01
      vertex   -3.480000e+01 2.611436e+01 1.175000e+01
      vertex   -3.513137e+01 2.636863e+01 1.175000e+01
    endloop
  endfacet
  facet normal 7.933533e-01 6.087614e-01 0.000000e+00
    outer loop
      vertex   -3.513137e+01 2.636863e+01 1.800000e+01
      vertex   -3.513137e+01 2.636863e+01 1.175000e+01
      vertex   -3.538564e+01 2.670000e+01 1.800000e+01
    endloop
  endfacet
  facet normal 7.933533e-01 6.087614e-01 0.000000e+00
    outer loop
      vertex   -3.538564e+01 2.670000e+01 1.800000e+01
      vertex   -3.513137e+01 2.636863e+01 1.175000e+01
      vertex   -3.538564e+01 2.670000e+01 1.175000e+01
    endloop
  endfacet
  facet normal 9.238795e-01 3.826834e-01 0.000000e+00
    outer loop
      vertex   -3.538564e+01 2.670000e+01 1.800000e+01
      vertex   -3.538564e+01 2.670000e+01 1.175000e+01
      vertex   -3.554548e+01 2.708589e+01 1.800000e+01
    endloop
  endfacet
  facet normal 9.238795e-01 3.826834e-01 0.000000e+00
    outer loop
      vertex   -3.554548e+01 2.708589e+01 1.800000e+01
      vertex   -3.538564e+01 2.670000e+01 1.175000e+01
      vertex   -3.554548e+01 2.708589e+01 1.175000e+01
    endloop
  endfacet
  facet normal 9.914449e-01 -1.305262e-01 0.000000e+00
    outer loop
      vertex   3.245452e+01 2.791411e+01 5.500000e+00
      vertex   3.245452e+01 2.791411e+01 1.175000e+01
      vertex   3.240000e+01 2.750000e+01 5.500000e+00
    endloop
  endfacet
  facet normal 9.914449e-01 -1.305262e-01 0.000000e+00
    outer loop
      vertex   3.240000e+01 2.750000e+01 5.500000e+00
      vertex   3.245452e+01 2.791411e+01 1.175000e+01
      vertex   3.240000e+01 2.750000e+01 1.175000e+01
    endloop
  endfacet
  facet normal 9.914449e-01 1.305262e-01 -0.000000e+00
    outer loop
      vertex   3.240000e+01 2.750000e+01 5.500000e+00
      vertex   3.240000e+01 2.750000e+01 1.175000e+01
      vertex   3.245452e+01 2.708589e+01 5.500000e+00
    endloop
  endfacet
  facet normal 9.914449e-01 1.305262e-01 -0.000000e+00
    outer loop
      vertex   3.245452e+01 2.708589e+01 5.500000e+00
      vertex   3.240000e+01 2.750000e+01 1.175000e+01
      vertex   3.245452e+01 2.708589e+01 1.175000e+01
    endloop
  endfacet
  facet normal 9.238795e-01 3.826834e-01 -0.000000e+00
    outer loop
      vertex   3.245452e+01 2.708589e+01 5.500000e+00
      vertex   3.245452e+01 2.708589e+01 1.175000e+01
      vertex   3.261436e+01 2.670000e+01 5.500000e+00
    endloop
  endfacet
  facet normal 9.238795e-01 3.826834e-01 -0.000000e+00
    outer loop
      vertex   3.261436e+01 2.670000e+01 5.500000e+00
      vertex   3.245452e+01 2.708589e+01 1.175000e+01
      vertex   3.261436e+01 2.670000e+01 1.175000e+01
    endloop
  endfacet
  facet normal 7.933533e-01 6.087614e-01 -0.000000e+00
    outer loop
      vertex   3.261436e+01 2.670000e+01 5.500000e+00
      vertex   3.261436e+01 2.670000e+01 1.175000e+01
      vertex   3.286863e+01 2.636863e+01 5.500000e+00
    endloop
  endfacet
  facet normal 7.933533e-01 6.087614e-01 -0.000000e+00
    outer loop
      vertex   3.286863e+01 2.636863e+01 5.500000e+00
      vertex   3.261436e+01 2.670000e+01 1.175000e+01
      vertex   3.286863e+01 2.636863e+01 1.175000e+01
    endloop
  endfacet
  facet normal 6.087614e-01 7.933533e-01 -0.000000e+00
    outer loop
      vertex   3.286863e+01 2.636863e+01 5.500000e+00
      vertex   3.286863e+01 2.636863e+01 1.175000e+01
      vertex   3.320000e+01 2.611436e+01 5.500000e+00
    endloop
  endfacet
  facet normal 6.087614e-01 7.933533e-01 -0.000000e+00
    outer loop
      vertex   3.320000e+01 2.611436e+01 5.500000e+00
      vertex   3.286863e+01 2.636863e+01 1.175000e+01
      vertex   3.320000e+01 2.611436e+01 1.175000e+01
    endloop
  endfacet
  facet normal 3.826834e-01 9.238795e-01 -0.000000e+00
    outer loop
      vertex   3.320000e+01 2.611436e+01 5.500000e+00
      vertex   3.320000e+01 2.611436e+01 1.175000e+01
      vertex   3.358589e+01 2.595452e+01 5.500000e+00
    endloop
  endfacet
  facet normal 3.826834e-01 9.238795e-01 -0.000000e+00
    outer loop
      vertex   3.358589e+01 2.595452e+01 5.500000e+00
      vertex   3.320000e+01 2.611436e+01 1.175000e+01
      vertex   3.358589e+01 2.595452e+01 1.175000e+01
    endloop
  endfacet
  facet normal 1.305262e-01 9.914449e-01 -0.000000e+00
    outer loop
      vertex   3.358589e+01 2.595452e+01 5.500000e+00
      vertex   3.358589e+01 2.595452e+01 1.175000e+01
      vertex   3.400000e+01 2.590000e+01 5.500000e+00
    endloop
  endfacet
  facet normal 1.305262e-01 9.914449e-01 -0.000000e+00
    outer loop
      vertex   3.400000e+01 2.590000e+01 5.500000e+00
      vertex   3.358589e+01 2.595452e+01 1.175000e+01
      vertex   3.400000e+01 2.590000e+01 1.175000e+01
    endloop
  endfacet
  facet normal -1.305262e-01 9.914449e-01 0.000000e+00
    outer loop
      vertex   3.400000e+01 2.590000e+01 5.500000e+00
      vertex   3.400000e+01 2.590000e+01 1.175000e+01
      vertex   3.441411e+01 2.595452e+01 5.500000e+00
    endloop
  endfacet
  facet normal -1.305262e-01 9.914449e-01 0.000000e+00
    outer loop
      vertex   3.441411e+01 2.595452e+01 5.500000e+00
      vertex   3.400000e+01 2.590000e+01 1.175000e+01
      vertex   3.441411e+01 2.595452e+01 1.175000e+01
    endloop
  endfacet
  facet normal -3.826834e-01 9.238795e-01 0.000000e+00
    outer loop
      vertex   3.441411e+01 2.595452e+01 5.500000e+00
      vertex   3.441411e+01 2.595452e+01 1.175000e+01
      vertex   3.480000e+01 2.611436e+01 5.500000e+00
    endloop
  endfacet
  facet normal -3.826834e-01 9.238795e-01 0.000000e+00
    outer loop
      vertex   3.480000e+01 2.611436e+01 5.500000e+00
      vertex   3.441411e+01 2.595452e+01 1.175000e+01
      vertex   3.480000e+01 2.611436e+01 1.175000e+01
    endloop
  endfacet
  facet normal -6.087614e-01 7.933533e-01 0.000000e+00
    outer loop
      vertex   3.480000e+01 2.611436e+01 5.500000e+00
      vertex   3.480000e+01 2.611436e+01 1.175000e+01
      vertex   3.513137e+01 2.636863e+01 5.500000e+00
    endloop
  endfacet
  facet normal -6.087614e-01 7.933533e-01 0.000000e+00
    outer loop
      vertex   3.513137e+01 2.636863e+01 5.500000e+00
      vertex   3.480000e+01 2.611436e+01 1.175000e+01
      vertex   3.513137e+01 2.636863e+01 1.175000e+01
    endloop
  endfacet
  facet normal -7.933533e-01 6.087614e-01 0.000000e+00
    outer loop
      vertex   3.513137e+01 2.636863e+01 5.500000e+00
      vertex   3.513137e+01 2.636863e+01 1.175000e+01
      vertex   3.538564e+01 2.670000e+01 5.500000e+00
    endloop
  endfacet
  facet normal -7.933533e-01 6.087614e-01 0.000000e+00
    outer loop
      vertex   3.538564e+01 2.670000e+01 5.500000e+00
      vertex   3.513137e+01 2.636863e+01 1.175000e+01
      vertex   3.538564e+01 2.670000e+01 1.175000e+01
    endloop
  endfacet
  facet normal -9.238795e-01 3.826834e-01 0.000000e+00
    outer loop
      vertex   3.538564e+01 2.670000e+01 5.500000e+00
      vertex   3.538564e+01 2.670000e+01 1.175000e+01
      vertex   3.554548e+01 2.708589e+01 5.500000e+00
    endloop
  endfacet
  facet normal -9.238795e-01 3.826834e-01 0.000000e+00
    outer loop
      vertex   3.554548e+01 2.708589e+01 5.500000e+00
      vertex   3.538564e+01 2.670000e+01 1.175000e+01
      vertex   3.554548e+01 2.708589e+01 1.175000e+01
    endloop
  endfacet
  facet normal -9.914449e-01 1.305262e-01 0.000000e+00
    outer loop
      vertex   3.554548e+01 2.708589e+01 5.500000e+00
      vertex   3.554548e+01 2.708589e+01 1.175000e+01
      vertex   3.560000e+01 2.750000e+01 5.500000e+00
    endloop
  endfacet
  facet normal -9.914449e-01 1.305262e-01 0.000000e+00
    outer loop
      vertex   3.560000e+01 2.750000e+01 5.500000e+00
      vertex   3.554548e+01 2.708589e+01 1.175000e+01
      vertex   3.560000e+01 2.750000e+01 1.175000e+01
    endloop
  endfacet
  facet normal -9.914449e-01 -1.305262e-01 0.000000e+00
    outer loop
      vertex   3.560000e+01 2.750000e+01 5.500000e+00
      vertex   3.560000e+01 2.750000e+01 1.175000e+01
      vertex   3.554548e+01 2.791411e+01 5.500000e+00
    endloop
  endfacet
  facet normal -9.914449e-01 -1.305262e-01 0.000000e+00
    outer loop
      vertex   3.554548e+01 2.791411e+01 5.500000e+00
      vertex   3.560000e+01 2.750000e+01 1.175000e+01
      vertex   3.554548e+01 2.791411e+01 1.175000e+01
    endloop
  endfacet
  facet normal -9.238795e-01 -3.826834e-01 0.000000e+00
    outer loop
      vertex   3.554548e+01 2.791411e+01 5.500000e+00
      vertex   3.554548e+01 2.791411e+01 1.175000e+01
      vertex   3.538564e+01 2.830000e+01 5.500000e+00
    endloop
  endfacet
  facet normal -9.238795e-01 -3.826834e-01 0.000000e+00
    outer loop
      vertex   3.538564e+01 2.830000e+01 5.500000e+00
      vertex   3.554548e+01 2.791411e+01 1.175000e+01
      vertex   3.538564e+01 2.830000e+01 1.175000e+01
    endloop
  endfacet
  facet normal -7.933533e-01 -6.087614e-01 0.000000e+00
    outer loop
      vertex   3.538564e+01 2.830000e+01 5.500000e+00
      vertex   3.538564e+01 2.830000e+01 1.175000e+01
      vertex   3.513137e+01 2.863137e+01 5.500000e+00
    endloop
  endfacet
  facet normal -7.933533e-01 -6.087614e-01 0.000000e+00
    outer loop
      vertex   3.513137e+01 2.863137e+01 5.500000e+00
      vertex   3.538564e+01 2.830000e+01 1.175000e+01
      vertex   3.513137e+01 2.863137e+01 1.175000e+01
    endloop
  endfacet
  facet normal -6.087614e-01 -7.933533e-01 0.000000e+00
    outer loop
      vertex   3.513137e+01 2.863137e+01 5.500000e+00
      vertex   3.513137e+01 2.863137e+01 1.175000e+01
      vertex   3.480000e+01 2.888564e+01 5.500000e+00
    endloop
  endfacet
  facet normal -6.087614e-01 -7.933533e-01 0.000000e+00
    outer loop
      vertex   3.480000e+01 2.888564e+01 5.500000e+00
      vertex   3.513137e+01 2.863137e+01 1.175000e+01
      vertex   3.480000e+01 2.888564e+01 1.175000e+01
    endloop
  endfacet
  facet normal -3.826834e-01 -9.238795e-01 0.000000e+00
    outer loop
      vertex   3.480000e+01 2.888564e+01 5.500000e+00
      vertex   3.480000e+01 2.888564e+01 1.175000e+01
      vertex   3.441411e+01 2.904548e+01 5.500000e+00
    endloop
  endfacet
  facet normal -3.826834e-01 -9.238795e-01 0.000000e+00
    outer loop
      vertex   3.441411e+01 2.904548e+01 5.500000e+00
      vertex   3.480000e+01 2.888564e+01 1.175000e+01
      vertex   3.441411e+01 2.904548e+01 1.175000e+01
    endloop
  endfacet
  facet normal -1.305262e-01 -9.914449e-01 0.000000e+00
    outer loop
      vertex   3.441411e+01 2.904548e+01 5.500000e+00
      vertex   3.441411e+01 2.904548e+01 1.175000e+01
      vertex   3.400000e+01 2.910000e+01 5.500000e+00
    endloop
  endfacet
  facet normal -1.305262e-01 -9.914449e-01 0.000000e+00
    outer loop
      vertex   3.400000e+01 2.910000e+01 5.500000e+00
      vertex   3.441411e+01 2.904548e+01 1.175000e+01
      vertex   3.400000e+01 2.910000e+01 1.175000e+01
    endloop
  endfacet
  facet normal 1.305262e-01 -9.914449e-01 0.000000e+00
    outer loop
      vertex   3.400000e+01 2.910000e+01 5.500000e+00
      vertex   3.400000e+01 2.910000e+01 1.175000e+01
      vertex   3.358589e+01 2.904548e+01 5.500000e+00
    endloop
  endfacet
  facet normal 1.305262e-01 -9.914449e-01 0.000000e+00
    outer loop
      vertex   3.358589e+01 2.904548e+01 5.500000e+00
      vertex   3.400000e+01 2.910000e+01 1.175000e+01
      vertex   3.358589e+01 2.904548e+01 1.175000e+01
    endloop
  endfacet
  facet normal 3.826834e-01 -9.238795e-01 0.000000e+00
    outer loop
      vertex   3.358589e+01 2.904548e+01 5.500000e+00
      vertex   3.358589e+01 2.904548e+01 1.175000e+01
      vertex   3.320000e+01 2.888564e+01 5.500000e+00
    endloop
  endfacet
  facet normal 3.826834e-01 -9.238795e-01 0.000000e+00
    outer loop
      vertex   3.320000e+01 2.888564e+01 5.500000e+00
      vertex   3.358589e+01 2.904548e+01 1.175000e+01
      vertex   3.320000e+01 2.888564e+01 1.175000e+01
    endloop
  endfacet
  facet normal 6.087614e-01 -7.933533e-01 0.000000e+00
    outer loop
      vertex   3.320000e+01 2.888564e+01 5.500000e+00
      vertex   3.320000e+01 2.888564e+01 1.175000e+01
      vertex   3.286863e+01 2.863137e+01 5.500000e+00
    endloop
  endfacet
  facet normal 6.087614e-01 -7.933533e-01 0.000000e+00
    outer loop
      vertex   3.286863e+01 2.863137e+01 5.500000e+00
      vertex   3.320000e+01 2.888564e+01 1.175000e+01
      vertex   3.286863e+01 2.863137e+01 1.175000e+01
    endloop
  endfacet
  facet normal 7.933533e-01 -6.087614e-01 0.000000e+00
    outer loop
      vertex   3.286863e+01 2.863137e+01 5.500000e+00
      vertex   3.286863e+01 2.863137e+01 1.175000e+01
      vertex   3.261436e+01 2.830000e+01 5.500000e+00
    endloop
  endfacet
  facet normal 7.933533e-01 -6.087614e-01 0.000000e+00
    outer loop
      vertex   3.261436e+01 2.830000e+01 5.500000e+00
      vertex   3.286863e+01 2.863137e+01 1.175000e+01
      vertex   3.261436e+01 2.830000e+01 1.175000e+01
    endloop
  endfacet
  facet normal 9.238795e-01 -3.826834e-01 0.000000e+00
    outer loop
      vertex   3.261436e+01 2.830000e+01 5.500000e+00
      vertex   3.261436e+01 2.830000e+01 1.175000e+01
      vertex   3.245452e+01 2.791411e+01 5.500000e+00
    endloop
  endfacet
  facet normal 9.238795e-01 -3.826834e-01 0.000000e+00
    outer loop
      vertex   3.245452e+01 2.791411e+01 5.500000e+00
      vertex   3.261436e+01 2.830000e+01 1.175000e+01
      vertex   3.245452e+01 2.791411e+01 1.175000e+01
    endloop
  endfacet
  facet normal 9.914449e-01 1.305262e-01 0.000000e+00
    outer loop
      vertex   3.245452e+01 2.708589e+01 1.800000e+01
      vertex   3.245452e+01 2.708589e+01 1.175000e+01
      vertex   3.240000e+01 2.750000e+01 1.800000e+01
    endloop
  endfacet
  facet normal 9.914449e-01 1.305262e-01 0.000000e+00
    outer loop
      vertex   3.240000e+01 2.750000e+01 1.800000e+01
      vertex   3.245452e+01 2.708589e+01 1.175000e+01
      vertex   3.240000e+01 2.750000e+01 1.175000e+01
    endloop
  endfacet
  facet normal 9.914449e-01 -1.305262e-01 0.000000e+00
    outer loop
      vertex   3.240000e+01 2.750000e+01 1.800000e+01
      vertex   3.240000e+01 2.750000e+01 1.175000e+01
      vertex   3.245452e+01 2.791411e+01 1.800000e+01
    endloop
  endfacet
  facet normal 9.914449e-01 -1.305262e-01 0.000000e+00
    outer loop
      vertex   3.245452e+01 2.791411e+01 1.800000e+01
      vertex   3.240000e+01 2.750000e+01 1.175000e+01
      vertex   3.245452e+01 2.791411e+01 1.175000e+01
    endloop
  endfacet
  facet normal 9.238795e-01 -3.826834e-01 0.000000e+00
    outer loop
      vertex   3.245452e+01 2.791411e+01 1.800000e+01
      vertex   3.245452e+01 2.791411e+01 1.175000e+01
      vertex   3.261436e+01 2.830000e+01 1.800000e+01
    endloop
  endfacet
  facet normal 9.238795e-01 -3.826834e-01 0.000000e+00
    outer loop
      vertex   3.261436e+01 2.830000e+01 1.800000e+01
      vertex   3.245452e+01 2.791411e+01 1.175000e+01
      vertex   3.261436e+01 2.830000e+01 1.175000e+01
    endloop
  endfacet
  facet normal 7.933533e-01 -6.087614e-01 0.000000e+00
    outer loop
      vertex   3.261436e+01 2.830000e+01 1.800000e+01
      vertex   3.261436e+01 2.830000e+01 1.175000e+01
      vertex   3.286863e+01 2.863137e+01 1.800000e+01
    endloop
  endfacet
  facet normal 7.933533e-01 -6.087614e-01 0.000000e+00
    outer loop
      vertex   3.286863e+01 2.863137e+01 1.800000e+01
      vertex   3.261436e+01 2.830000e+01 1.175000e+01
      vertex   3.286863e+01 2.863137e+01 1.175000e+01
    endloop
  endfacet
  facet normal 6.087614e-01 -7.933533e-01 0.000000e+00
    outer loop
      vertex   3.286863e+01 2.863137e+01 1.800000e+01
      vertex   3.286863e+01 2.863137e+01 1.175000e+01
      vertex   3.320000e+01 2.888564e+01 1.800000e+01
    endloop
  endfacet
  facet normal 6.087614e-01 -7.933533e-01 0.000000e+00
    outer loop
      vertex   3.320000e+01 2.888564e+01 1.800000e+01
      vertex   3.286863e+01 2.863137e+01 1.175000e+01
      vertex   3.320000e+01 2.888564e+01 1.175000e+01
    endloop
  endfacet
  facet normal 3.826834e-01 -9.238795e-01 0.000000e+00
    outer loop
      vertex   3.320000e+01 2.888564e+01 1.800000e+01
      vertex   3.320000e+01 2.888564e+01 1.175000e+01
      vertex   3.358589e+01 2.904548e+01 1.800000e+01
    endloop
  endfacet
  facet normal 3.826834e-01 -9.238795e-01 0.000000e+00
    outer loop
      vertex   3.358589e+01 2.904548e+01 1.800000e+01
      vertex   3.320000e+01 2.888564e+01 1.175000e+01
      vertex   3.358589e+01 2.904548e+01 1.175000e+01
    endloop
  endfacet
  facet normal 1.305262e-01 -9.914449e-01 0.000000e+00
    outer loop
      vertex   3.358589e+01 2.904548e+01 1.800000e+01
      vertex   3.358589e+01 2.904548e+01 1.175000e+01
      vertex   3.400000e+01 2.910000e+01 1.800000e+01
    endloop
  endfacet
  facet normal 1.305262e-01 -9.914449e-01 0.000000e+00
    outer loop
      vertex   3.400000e+01 2.910000e+01 1.800000e+01
      vertex   3.358589e+01 2.904548e+01 1.175000e+01
      vertex   3.400000e+01 2.910000e+01 1.175000e+01
    endloop
  endfacet
  facet normal -1.305262e-01 -9.914449e-01 -0.000000e+00
    outer loop
      vertex   3.400000e+01 2.910000e+01 1.800000e+01
      vertex   3.400000e+01 2.910000e+01 1.175000e+01
      vertex   3.441411e+01 2.904548e+01 1.800000e+01
    endloop
  endfacet
  facet normal -1.305262e-01 -9.914449e-01 -0.000000e+00
    outer loop
      vertex   3.441411e+01 2.904548e+01 1.800000e+01
      vertex   3.400000e+01 2.910000e+01 1.175000e+01
      vertex   3.441411e+01 2.904548e+01 1.175000e+01
    endloop
  endfacet
  facet normal -3.826834e-01 -9.238795e-01 -0.000000e+00
    outer loop
      vertex   3.441411e+01 2.904548e+01 1.800000e+01
      vertex   3.441411e+01 2.904548e+01 1.175000e+01
      vertex   3.480000e+01 2.888564e+01 1.800000e+01
    endloop
  endfacet
  facet normal -3.826834e-01 -9.238795e-01 -0.000000e+00
    outer loop
      vertex   3.480000e+01 2.888564e+01 1.800000e+01
      vertex   3.441411e+01 2.904548e+01 1.175000e+01
      vertex   3.480000e+01 2.888564e+01 1.175000e+01
    endloop
  endfacet
  facet normal -6.087614e-01 -7.933533e-01 -0.000000e+00
    outer loop
      vertex   3.480000e+01 2.888564e+01 1.800000e+01
      vertex   3.480000e+01 2.888564e+01 1.175000e+01
      vertex   3.513137e+01 2.863137e+01 1.800000e+01
    endloop
  endfacet
  facet normal -6.087614e-01 -7.933533e-01 -0.000000e+00
    outer loop
      vertex   3.513137e+01 2.863137e+01 1.800000e+01
      vertex   3.480000e+01 2.888564e+01 1.175000e+01
      vertex   3.513137e+01 2.863137e+01 1.175000e+01
    endloop
  endfacet
  facet normal -7.933533e-01 -6.087614e-01 -0.000000e+00
    outer loop
      vertex   3.513137e+01 2.863137e+01 1.800000e+01
      vertex   3.513137e+01 2.863137e+01 1.175000e+01
      vertex   3.538564e+01 2.830000e+01 1.800000e+01
    endloop
  endfacet
  facet normal -7.933533e-01 -6.087614e-01 -0.000000e+00
    outer loop
      vertex   3.538564e+01 2.830000e+01 1.800000e+01
      vertex   3.513137e+01 2.863137e+01 1.175000e+01
      vertex   3.538564e+01 2.830000e+01 1.175000e+01
    endloop
  endfacet
  facet normal -9.238795e-01 -3.826834e-01 -0.000000e+00
    outer loop
      vertex   3.538564e+01 2.830000e+01 1.800000e+01
      vertex   3.538564e+01 2.830000e+01 1.175000e+01
      vertex   3.554548e+01 2.791411e+01 1.800000e+01
    endloop
  endfacet
  facet normal -9.238795e-01 -3.826834e-01 -0.000000e+00
    outer loop
      vertex   3.554548e+01 2.791411e+01 1.800000e+01
      vertex   3.538564e+01 2.830000e+01 1.175000e+01
      vertex   3.554548e+01 2.791411e+01 1.175000e+01
    endloop
  endfacet
  facet normal -9.914449e-01 -1.305262e-01 -0.000000e+00
    outer loop
      vertex   3.554548e+01 2.791411e+01 1.800000e+01
      vertex   3.554548e+01 2.791411e+01 1.175000e+01
      vertex   3.560000e+01 2.750000e+01 1.800000e+01
    endloop
  endfacet
  facet normal -9.914449e-01 -1.305262e-01 -0.000000e+00
    outer loop
      vertex   3.560000e+01 2.750000e+01 1.800000e+01
      vertex   3.554548e+01 2.791411e+01 1.175000e+01
      vertex   3.560000e+01 2.750000e+01 1.175000e+01
    endloop
  endfacet
  facet normal -9.914449e-01 1.305262e-01 0.000000e+00
    outer loop
      vertex   3.560000e+01 2.750000e+01 1.800000e+01
      vertex   3.560000e+01 2.750000e+01 1.175000e+01
      vertex   3.554548e+01 2.708589e+01 1.800000e+01
    endloop
  endfacet
  facet normal -9.914449e-01 1.305262e-01 0.000000e+00
    outer loop
      vertex   3.554548e+01 2.708589e+01 1.800000e+01
      vertex   3.560000e+01 2.750000e+01 1.175000e+01
      vertex   3.554548e+01 2.708589e+01 1.175000e+01
    endloop
  endfacet
  facet normal -9.238795e-01 3.826834e-01 0.000000e+00
    outer loop
      vertex   3.554548e+01 2.708589e+01 1.800000e+01
      vertex   3.554548e+01 2.708589e+01 1.175000e+01
      vertex   3.538564e+01 2.670000e+01 1.800000e+01
    endloop
  endfacet
  facet normal -9.238795e-01 3.826834e-01 0.000000e+00
    outer loop
      vertex   3.538564e+01 2.670000e+01 1.800000e+01
      vertex   3.554548e+01 2.708589e+01 1.175000e+01
      vertex   3.538564e+01 2.670000e+01 1.175000e+01
    endloop
  endfacet
  facet normal -7.933533e-01 6.087614e-01 0.000000e+00
    outer loop
      vertex   3.538564e+01 2.670000e+01 1.800000e+01
      vertex   3.538564e+01 2.670000e+01 1.175000e+01
      vertex   3.513137e+01 2.636863e+01 1.800000e+01
    endloop
  endfacet
  facet normal -7.933533e-01 6.087614e-01 0.000000e+00
    outer loop
      vertex   3.513137e+01 2.636863e+01 1.800000e+01
      vertex   3.538564e+01 2.670000e+01 1.175000e+01
      vertex   3.513137e+01 2.636863e+01 1.175000e+01
    endloop
  endfacet
  facet normal -6.087614e-01 7.933533e-01 0.000000e+00
    outer loop
      vertex   3.513137e+01 2.636863e+01 1.800000e+01
      vertex   3.513137e+01 2.636863e+01 1.175000e+01
      vertex   3.480000e+01 2.611436e+01 1.800000e+01
    endloop
  endfacet
  facet normal -6.087614e-01 7.933533e-01 0.000000e+00
    outer loop
      vertex   3.480000e+01 2.611436e+01 1.800000e+01
      vertex   3.513137e+01 2.636863e+01 1.175000e+01
      vertex   3.480000e+01 2.611436e+01 1.175000e+01
    endloop
  endfacet
  facet normal -3.826834e-01 9.238795e-01 0.000000e+00
    outer loop
      vertex   3.480000e+01 2.611436e+01 1.800000e+01
      vertex   3.480000e+01 2.611436e+01 1.175000e+01
      vertex   3.441411e+01 2.595452e+01 1.800000e+01
    endloop
  endfacet
  facet normal -3.826834e-01 9.238795e-01 0.000000e+00
    outer loop
      vertex   3.441411e+01 2.595452e+01 1.800000e+01
      vertex   3.480000e+01 2.611436e+01 1.175000e+01
      vertex   3.441411e+01 2.595452e+01 1.175000e+01
    endloop
  endfacet
  facet normal -1.305262e-01 9.914449e-01 0.000000e+00
    outer loop
      vertex   3.441411e+01 2.595452e+01 1.800000e+01
      vertex   3.441411e+01 2.595452e+01 1.175000e+01
      vertex   3.400000e+01 2.590000e+01 1.800000e+01
    endloop
  endfacet
  facet normal -1.305262e-01 9.914449e-01 0.000000e+00
    outer loop
      vertex   3.400000e+01 2.590000e+01 1.800000e+01
      vertex   3.441411e+01 2.595452e+01 1.175000e+01
      vertex   3.400000e+01 2.590000e+01 1.175000e+01
    endloop
  endfacet
  facet normal 1.305262e-01 9.914449e-01 0.000000e+00
    outer loop
      vertex   3.400000e+01 2.590000e+01 1.800000e+01
      vertex   3.400000e+01 2.590000e+01 1.175000e+01
      vertex   3.358589e+01 2.595452e+01 1.800000e+01
    endloop
  endfacet
  facet normal 1.305262e-01 9.914449e-01 0.000000e+00
    outer loop
      vertex   3.358589e+01 2.595452e+01 1.800000e+01
      vertex   3.400000e+01 2.590000e+01 1.175000e+01
      vertex   3.358589e+01 2.595452e+01 1.175000e+01
    endloop
  endfacet
  facet normal 3.826834e-01 9.238795e-01 0.000000e+00
    outer loop
      vertex   3.358589e+01 2.595452e+01 1.800000e+01
      vertex   3.358589e+01 2.595452e+01 1.175000e+01
      vertex   3.320000e+01 2.611436e+01 1.800000e+01
    endloop
  endfacet
  facet normal 3.826834e-01 9.238795e-01 0.000000e+00
    outer loop
      vertex   3.320000e+01 2.611436e+01 1.800000e+01
      vertex   3.358589e+01 2.595452e+01 1.175000e+01
      vertex   3.320000e+01 2.611436e+01 1.175000e+01
    endloop
  endfacet
  facet normal 6.087614e-01 7.933533e-01 0.000000e+00
    outer loop
      vertex   3.320000e+01 2.611436e+01 1.800000e+01
      vertex   3.320000e+01 2.611436e+01 1.175000e+01
      vertex   3.286863e+01 2.636863e+01 1.800000e+01
    endloop
  endfacet
  facet normal 6.087614e-01 7.933533e-01 0.000000e+00
    outer loop
      vertex   3.286863e+01 2.636863e+01 1.800000e+01
      vertex   3.320000e+01 2.611436e+01 1.175000e+01
      vertex   3.286863e+01 2.636863e+01 1.175000e+01
    endloop
  endfacet
  facet normal 7.933533e-01 6.087614e-01 0.000000e+00
    outer loop
      vertex   3.286863e+01 2.636863e+01 1.800000e+01
      vertex   3.286863e+01 2.636863e+01 1.175000e+01
      vertex   3.261436e+01 2.670000e+01 1.800000e+01
    endloop
  endfacet
  facet normal 7.933533e-01 6.087614e-01 0.000000e+00
    outer loop
      vertex   3.261436e+01 2.670000e+01 1.800000e+01
      vertex   3.286863e+01 2.636863e+01 1.175000e+01
      vertex   3.261436e+01 2.670000e+01 1.175000e+01
    endloop
  endfacet
  facet normal 9.238795e-01 3.826834e-01 0.000000e+00
    outer loop
      vertex   3.261436e+01 2.670000e+01 1.800000e+01
      vertex   3.261436e+01 2.670000e+01 1.175000e+01
      vertex   3.245452e+01 2.708589e+01 1.800000e+01
    endloop
  endfacet
  facet normal 9.238795e-01 3.826834e-01 0.000000e+00
    outer loop
      vertex   3.245452e+01 2.708589e+01 1.800000e+01
      vertex   3.261436e+01 2.670000e+01 1.175000e+01
      vertex   3.245452e+01 2.708589e+01 1.175000e+01
    endloop
  endfacet
  facet normal 9.914449e-01 -1.305262e-01 0.000000e+00
    outer loop
      vertex   -3.554548e+01 -2.708589e+01 5.500000e+00
      vertex   -3.554548e+01 -2.708589e+01 1.175000e+01
      vertex   -3.560000e+01 -2.750000e+01 5.500000e+00
    endloop
  endfacet
  facet normal 9.914449e-01 -1.305262e-01 0.000000e+00
    outer loop
      vertex   -3.560000e+01 -2.750000e+01 5.500000e+00
      vertex   -3.554548e+01 -2.708589e+01 1.175000e+01
      vertex   -3.560000e+01 -2.750000e+01 1.175000e+01
    endloop
  endfacet
  facet normal 9.914449e-01 1.305262e-01 -0.000000e+00
    outer loop
      vertex   -3.560000e+01 -2.750000e+01 5.500000e+00
      vertex   -3.560000e+01 -2.750000e+01 1.175000e+01
      vertex   -3.554548e+01 -2.791411e+01 5.500000e+00
    endloop
  endfacet
  facet normal 9.914449e-01 1.305262e-01 -0.000000e+00
    outer loop
      vertex   -3.554548e+01 -2.791411e+01 5.500000e+00
      vertex   -3.560000e+01 -2.750000e+01 1.175000e+01
      vertex   -3.554548e+01 -2.791411e+01 1.175000e+01
    endloop
  endfacet
  facet normal 9.238795e-01 3.826834e-01 -0.000000e+00
    outer loop
      vertex   -3.554548e+01 -2.791411e+01 5.500000e+00
      vertex   -3.554548e+01 -2.791411e+01 1.175000e+01
      vertex   -3.538564e+01 -2.830000e+01 5.500000e+00
    endloop
  endfacet
  facet normal 9.238795e-01 3.826834e-01 -0.000000e+00
    outer loop
      vertex   -3.538564e+01 -2.830000e+01 5.500000e+00
      vertex   -3.554548e+01 -2.791411e+01 1.175000e+01
      vertex   -3.538564e+01 -2.830000e+01 1.175000e+01
    endloop
  endfacet
  facet normal 7.933533e-01 6.087614e-01 -0.000000e+00
    outer loop
      vertex   -3.538564e+01 -2.830000e+01 5.500000e+00
      vertex   -3.538564e+01 -2.830000e+01 1.175000e+01
      vertex   -3.513137e+01 -2.863137e+01 5.500000e+00
    endloop
  endfacet
  facet normal 7.933533e-01 6.087614e-01 -0.000000e+00
    outer loop
      vertex   -3.513137e+01 -2.863137e+01 5.500000e+00
      vertex   -3.538564e+01 -2.830000e+01 1.175000e+01
      vertex   -3.513137e+01 -2.863137e+01 1.175000e+01
    endloop
  endfacet
  facet normal 6.087614e-01 7.933533e-01 -0.000000e+00
    outer loop
      vertex   -3.513137e+01 -2.863137e+01 5.500000e+00
      vertex   -3.513137e+01 -2.863137e+01 1.175000e+01
      vertex   -3.480000e+01 -2.888564e+01 5.500000e+00
    endloop
  endfacet
  facet normal 6.087614e-01 7.933533e-01 -0.000000e+00
    outer loop
      vertex   -3.480000e+01 -2.888564e+01 5.500000e+00
      vertex   -3.513137e+01 -2.863137e+01 1.175000e+01
      vertex   -3.480000e+01 -2.888564e+01 1.175000e+01
    endloop
  endfacet
  facet normal 3.826834e-01 9.238795e-01 -0.000000e+00
    outer loop
      vertex   -3.480000e+01 -2.888564e+01 5.500000e+00
      vertex   -3.480000e+01 -2.888564e+01 1.175000e+01
      vertex   -3.441411e+01 -2.904548e+01 5.500000e+00
    endloop
  endfacet
  facet normal 3.826834e-01 9.238795e-01 -0.000000e+00
    outer loop
      vertex   -3.441411e+01 -2.904548e+01 5.500000e+00
      vertex   -3.480000e+01 -2.888564e+01 1.175000e+01
      vertex   -3.441411e+01 -2.904548e+01 1.175000e+01
    endloop
  endfacet
  facet normal 1.305262e-01 9.914449e-01 -0.000000e+00
    outer loop
      vertex   -3.441411e+01 -2.904548e+01 5.500000e+00
      vertex   -3.441411e+01 -2.904548e+01 1.175000e+01
      vertex   -3.400000e+01 -2.910000e+01 5.500000e+00
    endloop
  endfacet
  facet normal 1.305262e-01 9.914449e-01 -0.000000e+00
    outer loop
      vertex   -3.400000e+01 -2.910000e+01 5.500000e+00
      vertex   -3.441411e+01 -2.904548e+01 1.175000e+01
      vertex   -3.400000e+01 -2.910000e+01 1.175000e+01
    endloop
  endfacet
  facet normal -1.305262e-01 9.914449e-01 0.000000e+00
    outer loop
      vertex   -3.400000e+01 -2.910000e+01 5.500000e+00
      vertex   -3.400000e+01 -2.910000e+01 1.175000e+01
      vertex   -3.358589e+01 -2.904548e+01 5.500000e+00
    endloop
  endfacet
  facet normal -1.305262e-01 9.914449e-01 0.000000e+00
    outer loop
      vertex   -3.358589e+01 -2.904548e+01 5.500000e+00
      vertex   -3.400000e+01 -2.910000e+01 1.175000e+01
      vertex   -3.358589e+01 -2.904548e+01 1.175000e+01
    endloop
  endfacet
  facet normal -3.826834e-01 9.238795e-01 0.000000e+00
    outer loop
      vertex   -3.358589e+01 -2.904548e+01 5.500000e+00
      vertex   -3.358589e+01 -2.904548e+01 1.175000e+01
      vertex   -3.320000e+01 -2.888564e+01 5.500000e+00
    endloop
  endfacet
  facet normal -3.826834e-01 9.238795e-01 0.000000e+00
    outer loop
      vertex   -3.320000e+01 -2.888564e+01 5.500000e+00
      vertex   -3.358589e+01 -2.904548e+01 1.175000e+01
      vertex   -3.320000e+01 -2.888564e+01 1.175000e+01
    endloop
  endfacet
  facet normal -6.087614e-01 7.933533e-01 0.000000e+00
    outer loop
      vertex   -3.320000e+01 -2.888564e+01 5.500000e+00
      vertex   -3.320000e+01 -2.888564e+01 1.175000e+01
      vertex   -3.286863e+01 -2.863137e+01 5.500000e+00
    endloop
  endfacet
  facet normal -6.087614e-01 7.933533e-01 0.000000e+00
    outer loop
      vertex   -3.286863e+01 -2.863137e+01 5.500000e+00
      vertex   -3.320000e+01 -2.888564e+01 1.175000e+01
      vertex   -3.286863e+01 -2.863137e+01 1.175000e+01
    endloop
  endfacet
  facet normal -7.933533e-01 6.087614e-01 0.000000e+00
    outer loop
      vertex   -3.286863e+01 -2.863137e+01 5.500000e+00
      vertex   -3.286863e+01 -2.863137e+01 1.175000e+01
      vertex   -3.261436e+01 -2.830000e+01 5.500000e+00
    endloop
  endfacet
  facet normal -7.933533e-01 6.087614e-01 0.000000e+00
    outer loop
      vertex   -3.261436e+01 -2.830000e+01 5.500000e+00
      vertex   -3.286863e+01 -2.863137e+01 1.175000e+01
      vertex   -3.261436e+01 -2.830000e+01 1.175000e+01
    endloop
  endfacet
  facet normal -9.238795e-01 3.826834e-01 0.000000e+00
    outer loop
      vertex   -3.261436e+01 -2.830000e+01 5.500000e+00
      vertex   -3.261436e+01 -2.830000e+01 1.175000e+01
      vertex   -3.245452e+01 -2.791411e+01 5.500000e+00
    endloop
  endfacet
  facet normal -9.238795e-01 3.826834e-01 0.000000e+00
    outer loop
      vertex   -3.245452e+01 -2.791411e+01 5.500000e+00
      vertex   -3.261436e+01 -2.830000e+01 1.175000e+01
      vertex   -3.245452e+01 -2.791411e+01 1.175000e+01
    endloop
  endfacet
  facet normal -9.914449e-01 1.305262e-01 0.000000e+00
    outer loop
      vertex   -3.245452e+01 -2.791411e+01 5.500000e+00
      vertex   -3.245452e+01 -2.791411e+01 1.175000e+01
      vertex   -3.240000e+01 -2.750000e+01 5.500000e+00
    endloop
  endfacet
  facet normal -9.914449e-01 1.305262e-01 0.000000e+00
    outer loop
      vertex   -3.240000e+01 -2.750000e+01 5.500000e+00
      vertex   -3.245452e+01 -2.791411e+01 1.175000e+01
      vertex   -3.240000e+01 -2.750000e+01 1.175000e+01
    endloop
  endfacet
  facet normal -9.914449e-01 -1.305262e-01 0.000000e+00
    outer loop
      vertex   -3.240000e+01 -2.750000e+01 5.500000e+00
      vertex   -3.240000e+01 -2.750000e+01 1.175000e+01
      vertex   -3.245452e+01 -2.708589e+01 5.500000e+00
    endloop
  endfacet
  facet normal -9.914449e-01 -1.305262e-01 0.000000e+00
    outer loop
      vertex   -3.245452e+01 -2.708589e+01 5.500000e+00
      vertex   -3.240000e+01 -2.750000e+01 1.175000e+01
      vertex   -3.245452e+01 -2.708589e+01 1.175000e+01
    endloop
  endfacet
  facet normal -9.238795e-01 -3.826834e-01 0.000000e+00
    outer loop
      vertex   -3.245452e+01 -2.708589e+01 5.500000e+00
      vertex   -3.245452e+01 -2.708589e+01 1.175000e+01
      vertex   -3.261436e+01 -2.670000e+01 5.500000e+00
    endloop
  endfacet
  facet normal -9.238795e-01 -3.826834e-01 0.000000e+00
    outer loop
      vertex   -3.261436e+01 -2.670000e+01 5.500000e+00
      vertex   -3.245452e+01 -2.708589e+01 1.175000e+01
      vertex   -3.261436e+01 -2.670000e+01 1.175000e+01
    endloop
  endfacet
  facet normal -7.933533e-01 -6.087614e-01 0.000000e+00
    outer loop
      vertex   -3.261436e+01 -2.670000e+01 5.500000e+00
      vertex   -3.261436e+01 -2.670000e+01 1.175000e+01
      vertex   -3.286863e+01 -2.636863e+01 5.500000e+00
    endloop
  endfacet
  facet normal -7.933533e-01 -6.087614e-01 0.000000e+00
    outer loop
      vertex   -3.286863e+01 -2.636863e+01 5.500000e+00
      vertex   -3.261436e+01 -2.670000e+01 1.175000e+01
      vertex   -3.286863e+01 -2.636863e+01 1.175000e+01
    endloop
  endfacet
  facet normal -6.087614e-01 -7.933533e-01 0.000000e+00
    outer loop
      vertex   -3.286863e+01 -2.636863e+01 5.500000e+00
      vertex   -3.286863e+01 -2.636863e+01 1.175000e+01
      vertex   -3.320000e+01 -2.611436e+01 5.500000e+00
    endloop
  endfacet
  facet normal -6.087614e-01 -7.933533e-01 0.000000e+00
    outer loop
      vertex   -3.320000e+01 -2.611436e+01 5.500000e+00
      vertex   -3.286863e+01 -2.636863e+01 1.175000e+01
      vertex   -3.320000e+01 -2.611436e+01 1.175000e+01
    endloop
  endfacet
  facet normal -3.826834e-01 -9.238795e-01 0.000000e+00
    outer loop
      vertex   -3.320000e+01 -2.611436e+01 5.500000e+00
      vertex   -3.320000e+01 -2.611436e+01 1.175000e+01
      vertex   -3.358589e+01 -2.595452e+01 5.500000e+00
    endloop
  endfacet
  facet normal -3.826834e-01 -9.238795e-01 0.000000e+00
    outer loop
      vertex   -3.358589e+01 -2.595452e+01 5.500000e+00
      vertex   -3.320000e+01 -2.611436e+01 1.175000e+01
      vertex   -3.358589e+01 -2.595452e+01 1.175000e+01
    endloop
  endfacet
  facet normal -1.305262e-01 -9.914449e-01 0.000000e+00
    outer loop
      vertex   -3.358589e+01 -2.595452e+01 5.500000e+00
      vertex   -3.358589e+01 -2.595452e+01 1.175000e+01
      vertex   -3.400000e+01 -2.590000e+01 5.500000e+00
    endloop
  endfacet
  facet normal -1.305262e-01 -9.914449e-01 0.000000e+00
    outer loop
      vertex   -3.400000e+01 -2.590000e+01 5.500000e+00
      vertex   -3.358589e+01 -2.595452e+01 1.175000e+01
      vertex   -3.400000e+01 -2.590000e+01 1.175000e+01
    endloop
  endfacet
  facet normal 1.305262e-01 -9.914449e-01 0.000000e+00
    outer loop
      vertex   -3.400000e+01 -2.590000e+01 5.500000e+00
      vertex   -3.400000e+01 -2.590000e+01 1.175000e+01
      vertex   -3.441411e+01 -2.595452e+01 5.500000e+00
    endloop
  endfacet
  facet normal 1.305262e-01 -9.914449e-01 0.000000e+00
    outer loop
      vertex   -3.441411e+01 -2.595452e+01 5.500000e+00
      vertex   -3.400000e+01 -2.590000e+01 1.175000e+01
      vertex   -3.441411e+01 -2.595452e+01 1.175000e+01
    endloop
  endfacet
  facet normal 3.826834e-01 -9.238795e-01 0.000000e+00
    outer loop
      vertex   -3.441411e+01 -2.595452e+01 5.500000e+00
      vertex   -3.441411e+01 -2.595452e+01 1.175000e+01
      vertex   -3.480000e+01 -2.611436e+01 5.500000e+00
    endloop
  endfacet
  facet normal 3.826834e-01 -9.238795e-01 0.000000e+00
    outer loop
      vertex   -3.480000e+01 -2.611436e+01 5.500000e+00
      vertex   -3.441411e+01 -2.595452e+01 1.175000e+01
      vertex   -3.480000e+01 -2.611436e+01 1.175000e+01
    endloop
  endfacet
  facet normal 6.087614e-01 -7.933533e-01 0.000000e+00
    outer loop
      vertex   -3.480000e+01 -2.611436e+01 5.500000e+00
      vertex   -3.480000e+01 -2.611436e+01 1.175000e+01
      vertex   -3.513137e+01 -2.636863e+01 5.500000e+00
    endloop
  endfacet
  facet normal 6.087614e-01 -7.933533e-01 0.000000e+00
    outer loop
      vertex   -3.513137e+01 -2.636863e+01 5.500000e+00
      vertex   -3.480000e+01 -2.611436e+01 1.175000e+01
      vertex   -3.513137e+01 -2.636863e+01 1.175000e+01
    endloop
  endfacet
  facet normal 7.933533e-01 -6.087614e-01 0.000000e+00
    outer loop
      vertex   -3.513137e+01 -2.636863e+01 5.500000e+00
      vertex   -3.513137e+01 -2.636863e+01 1.175000e+01
      vertex   -3.538564e+01 -2.670000e+01 5.500000e+00
    endloop
  endfacet
  facet normal 7.933533e-01 -6.087614e-01 0.000000e+00
    outer loop
      vertex   -3.538564e+01 -2.670000e+01 5.500000e+00
      vertex   -3.513137e+01 -2.636863e+01 1.175000e+01
      vertex   -3.538564e+01 -2.670000e+01 1.175000e+01
    endloop
  endfacet
  facet normal 9.238795e-01 -3.826834e-01 0.000000e+00
    outer loop
      vertex   -3.538564e+01 -2.670000e+01 5.500000e+00
      vertex   -3.538564e+01 -2.670000e+01 1.175000e+01
      vertex   -3.554548e+01 -2.708589e+01 5.500000e+00
    endloop
  endfacet
  facet normal 9.238795e-01 -3.826834e-01 0.000000e+00
    outer loop
      vertex   -3.554548e+01 -2.708589e+01 5.500000e+00
      vertex   -3.538564e+01 -2.670000e+01 1.175000e+01
      vertex   -3.554548e+01 -2.708589e+01 1.175000e+01
    endloop
  endfacet
  facet normal 9.914449e-01 1.305262e-01 0.000000e+00
    outer loop
      vertex   -3.554548e+01 -2.791411e+01 1.800000e+01
      vertex   -3.554548e+01 -2.791411e+01 1.175000e+01
      vertex   -3.560000e+01 -2.750000e+01 1.800000e+01
    endloop
  endfacet
  facet normal 9.914449e-01 1.305262e-01 0.000000e+00
    outer loop
      vertex   -3.560000e+01 -2.750000e+01 1.800000e+01
      vertex   -3.554548e+01 -2.791411e+01 1.175000e+01
      vertex   -3.560000e+01 -2.750000e+01 1.175000e+01
    endloop
  endfacet
  facet normal 9.914449e-01 -1.305262e-01 0.000000e+00
    outer loop
      vertex   -3.560000e+01 -2.750000e+01 1.800000e+01
      vertex   -3.560000e+01 -2.750000e+01 1.175000e+01
      vertex   -3.554548e+01 -2.708589e+01 1.800000e+01
    endloop
  endfacet
  facet normal 9.914449e-01 -1.305262e-01 0.000000e+00
    outer loop
      vertex   -3.554548e+01 -2.708589e+01 1.800000e+01
      vertex   -3.560000e+01 -2.750000e+01 1.175000e+01
      vertex   -3.554548e+01 -2.708589e+01 1.175000e+01
    endloop
  endfacet
  facet normal 9.238795e-01 -3.826834e-01 0.000000e+00
    outer loop
      vertex   -3.554548e+01 -2.708589e+01 1.800000e+01
      vertex   -3.554548e+01 -2.708589e+01 1.175000e+01
      vertex   -3.538564e+01 -2.670000e+01 1.800000e+01
    endloop
  endfacet
  facet normal 9.238795e-01 -3.826834e-01 0.000000e+00
    outer loop
      vertex   -3.538564e+01 -2.670000e+01 1.800000e+01
      vertex   -3.554548e+01 -2.708589e+01 1.175000e+01
      vertex   -3.538564e+01 -2.670000e+01 1.175000e+01
    endloop
  endfacet
  facet normal 7.933533e-01 -6.087614e-01 0.000000e+00
    outer loop
      vertex   -3.538564e+01 -2.670000e+01 1.800000e+01
      vertex   -3.538564e+01 -2.670000e+01 1.175000e+01
      vertex   -3.513137e+01 -2.636863e+01 1.800000e+01
    endloop
  endfacet
  facet normal 7.933533e-01 -6.087614e-01 0.000000e+00
    outer loop
      vertex   -3.513137e+01 -2.636863e+01 1.800000e+01
      vertex   -3.538564e+01 -2.670000e+01 1.175000e+01
      vertex   -3.513137e+01 -2.636863e+01 1.175000e+01
    endloop
  endfacet
  facet normal 6.087614e-01 -7.933533e-01 0.000000e+00
    outer loop
      vertex   -3.513137e+01 -2.636863e+01 1.800000e+01
      vertex   -3.513137e+01 -2.636863e+01 1.175000e+01
      vertex   -3.480000e+01 -2.611436e+01 1.800000e+01
    endloop
  endfacet
  facet normal 6.087614e-01 -7.933533e-01 0.000000e+00
    outer loop
      vertex   -3.480000e+01 -2.611436e+01 1.800000e+01
      vertex   -3.513137e+01 -2.636863e+01 1.175000e+01
      vertex   -3.480000e+01 -2.611436e+01 1.175000e+01
    endloop
  endfacet
  facet normal 3.826834e-01 -9.238795e-01 0.000000e+00
    outer loop
      vertex   -3.480000e+01 -2.611436e+01 1.800000e+01
      vertex   -3.480000e+01 -2.611436e+01 1.175000e+01
      vertex   -3.441411e+01 -2.595452e+01 1.800000e+01
    endloop
  endfacet
  facet normal 3.826834e-01 -9.238795e-01 0.000000e+00
    outer loop
      vertex   -3.441411e+01 -2.595452e+01 1.800000e+01
      vertex   -3.480000e+01 -2.611436e+01 1.175000e+01
      vertex   -3.441411e+01 -2.595452e+01 1.175000e+01
    endloop
  endfacet
  facet normal 1.305262e-01 -9.914449e-01 0.000000e+00
    outer loop
      vertex   -3.441411e+01 -2.595452e+01 1.800000e+01
      vertex   -3.441411e+01 -2.595452e+01 1.175000e+01
      vertex   -3.400000e+01 -2.590000e+01 1.800000e+01
    endloop
  endfacet
  facet normal 1.305262e-01 -9.914449e-01 0.000000e+00
    outer loop
      vertex   -3.400000e+01 -2.590000e+01 1.800000e+01
      vertex   -3.441411e+01 -2.595452e+01 1.175000e+01
      vertex   -3.400000e+01 -2.590000e+01 1.175000e+01
    endloop
  endfacet
  facet normal -1.305262e-01 -9.914449e-01 -0.000000e+00
    outer loop
      vertex   -3.400000e+01 -2.590000e+01 1.800000e+01
      vertex   -3.400000e+01 -2.590000e+01 1.175000e+01
      vertex   -3.358589e+01 -2.595452e+01 1.800000e+01
    endloop
  endfacet
  facet normal -1.305262e-01 -9.914449e-01 -0.000000e+00
    outer loop
      vertex   -3.358589e+01 -2.595452e+01 1.800000e+01
      vertex   -3.400000e+01 -2.590000e+01 1.175000e+01
      vertex   -3.358589e+01 -2.595452e+01 1.175000e+01
    endloop
  endfacet
  facet normal -3.826834e-01 -9.238795e-01 -0.000000e+00
    outer loop
      vertex   -3.358589e+01 -2.595452e+01 1.800000e+01
      vertex   -3.358589e+01 -2.595452e+01 1.175000e+01
      vertex   -3.320000e+01 -2.611436e+01 1.800000e+01
    endloop
  endfacet
  facet normal -3.826834e-01 -9.238795e-01 -0.000000e+00
    outer loop
      vertex   -3.320000e+01 -2.611436e+01 1.800000e+01
      vertex   -3.358589e+01 -2.595452e+01 1.175000e+01
      vertex   -3.320000e+01 -2.611436e+01 1.175000e+01
    endloop
  endfacet
  facet normal -6.087614e-01 -7.933533e-01 -0.000000e+00
    outer loop
      vertex   -3.320000e+01 -2.611436e+01 1.800000e+01
      vertex   -3.320000e+01 -2.611436e+01 1.175000e+01
      vertex   -3.286863e+01 -2.636863e+01 1.800000e+01
    endloop
  endfacet
  facet normal -6.087614e-01 -7.933533e-01 -0.000000e+00
    outer loop
      vertex   -3.286863e+01 -2.636863e+01 1.800000e+01
      vertex   -3.320000e+01 -2.611436e+01 1.175000e+01
      vertex   -3.286863e+01 -2.636863e+01 1.175000e+01
    endloop
  endfacet
  facet normal -7.933533e-01 -6.087614e-01 -0.000000e+00
    outer loop
      vertex   -3.286863e+01 -2.636863e+01 1.800000e+01
      vertex   -3.286863e+01 -2.636863e+01 1.175000e+01
      vertex   -3.261436e+01 -2.670000e+01 1.800000e+01
    endloop
  endfacet
  facet normal -7.933533e-01 -6.087614e-01 -0.000000e+00
    outer loop
      vertex   -3.261436e+01 -2.670000e+01 1.800000e+01
      vertex   -3.286863e+01 -2.636863e+01 1.175000e+01
      vertex   -3.261436e+01 -2.670000e+01 1.175000e+01
    endloop
  endfacet
  facet normal -9.238795e-01 -3.826834e-01 -0.000000e+00
    outer loop
      vertex   -3.261436e+01 -2.670000e+01 1.800000e+01
      vertex   -3.261436e+01 -2.670000e+01 1.175000e+01
      vertex   -3.245452e+01 -2.708589e+01 1.800000e+01
    endloop
  endfacet
  facet normal -9.238795e-01 -3.826834e-01 -0.000000e+00
    outer loop
      vertex   -3.245452e+01 -2.708589e+01 1.800000e+01
      vertex   -3.261436e+01 -2.670000e+01 1.175000e+01
      vertex   -3.245452e+01 -2.708589e+01 1.175000e+01
    endloop
  endfacet
  facet normal -9.914449e-01 -1.305262e-01 -0.000000e+00
    outer loop
      vertex   -3.245452e+01 -2.708589e+01 1.800000e+01
      vertex   -3.245452e+01 -2.708589e+01 1.175000e+01
      vertex   -3.240000e+01 -2.750000e+01 1.800000e+01
    endloop
  endfacet
  facet normal -9.914449e-01 -1.305262e-01 -0.000000e+00
    outer loop
      vertex   -3.240000e+01 -2.750000e+01 1.800000e+01
      vertex   -3.245452e+01 -2.708589e+01 1.175000e+01
      vertex   -3.240000e+01 -2.750000e+01 1.175000e+01
    endloop
  endfacet
  facet normal -9.914449e-01 1.305262e-01 0.000000e+00
    outer loop
      vertex   -3.240000e+01 -2.750000e+01 1.800000e+01
      vertex   -3.240000e+01 -2.750000e+01 1.175000e+01
      vertex   -3.245452e+01 -2.791411e+01 1.800000e+01
    endloop
  endfacet
  facet normal -9.914449e-01 1.305262e-01 0.000000e+00
    outer loop
      vertex   -3.245452e+01 -2.791411e+01 1.800000e+01
      vertex   -3.240000e+01 -2.750000e+01 1.175000e+01
      vertex   -3.245452e+01 -2.791411e+01 1.175000e+01
    endloop
  endfacet
  facet normal -9.238795e-01 3.826834e-01 0.000000e+00
    outer loop
      vertex   -3.245452e+01 -2.791411e+01 1.800000e+01
      vertex   -3.245452e+01 -2.791411e+01 1.175000e+01
      vertex   -3.261436e+01 -2.830000e+01 1.800000e+01
    endloop
  endfacet
  facet normal -9.238795e-01 3.826834e-01 0.000000e+00
    outer loop
      vertex   -3.261436e+01 -2.830000e+01 1.800000e+01
      vertex   -3.245452e+01 -2.791411e+01 1.175000e+01
      vertex   -3.261436e+01 -2.830000e+01 1.175000e+01
    endloop
  endfacet
  facet normal -7.933533e-01 6.087614e-01 0.000000e+00
    outer loop
      vertex   -3.261436e+01 -2.830000e+01 1.800000e+01
      vertex   -3.261436e+01 -2.830000e+01 1.175000e+01
      vertex   -3.286863e+01 -2.863137e+01 1.800000e+01
    endloop
  endfacet
  facet normal -7.933533e-01 6.087614e-01 0.000000e+00
    outer loop
      vertex   -3.286863e+01 -2.863137e+01 1.800000e+01
      vertex   -3.261436e+01 -2.830000e+01 1.175000e+01
      vertex   -3.286863e+01 -2.863137e+01 1.175000e+01
    endloop
  endfacet
  facet normal -6.087614e-01 7.933533e-01 0.000000e+00
    outer loop
      vertex   -3.286863e+01 -2.863137e+01 1.800000e+01
      vertex   -3.286863e+01 -2.863137e+01 1.175000e+01
      vertex   -3.320000e+01 -2.888564e+01 1.800000e+01
    endloop
  endfacet
  facet normal -6.087614e-01 7.933533e-01 0.000000e+00
    outer loop
      vertex   -3.320000e+01 -2.888564e+01 1.800000e+01
      vertex   -3.286863e+01 -2.863137e+01 1.175000e+01
      vertex   -3.320000e+01 -2.888564e+01 1.175000e+01
    endloop
  endfacet
  facet normal -3.826834e-01 9.238795e-01 0.000000e+00
    outer loop
      vertex   -3.320000e+01 -2.888564e+01 1.800000e+01
      vertex   -3.320000e+01 -2.888564e+01 1.175000e+01
      vertex   -3.358589e+01 -2.904548e+01 1.800000e+01
    endloop
  endfacet
  facet normal -3.826834e-01 9.238795e-01 0.000000e+00
    outer loop
      vertex   -3.358589e+01 -2.904548e+01 1.800000e+01
      vertex   -3.320000e+01 -2.888564e+01 1.175000e+01
      vertex   -3.358589e+01 -2.904548e+01 1.175000e+01
    endloop
  endfacet
  facet normal -1.305262e-01 9.914449e-01 0.000000e+00
    outer loop
      vertex   -3.358589e+01 -2.904548e+01 1.800000e+01
      vertex   -3.358589e+01 -2.904548e+01 1.175000e+01
      vertex   -3.400000e+01 -2.910000e+01 1.800000e+01
    endloop
  endfacet
  facet normal -1.305262e-01 9.914449e-01 0.000000e+00
    outer loop
      vertex   -3.400000e+01 -2.910000e+01 1.800000e+01
      vertex   -3.358589e+01 -2.904548e+01 1.175000e+01
      vertex   -3.400000e+01 -2.910000e+01 1.175000e+01
    endloop
  endfacet
  facet normal 1.305262e-01 9.914449e-01 0.000000e+00
    outer loop
      vertex   -3.400000e+01 -2.910000e+01 1.800000e+01
      vertex   -3.400000e+01 -2.910000e+01 1.175000e+01
      vertex   -3.441411e+01 -2.904548e+01 1.800000e+01
    endloop
  endfacet
  facet normal 1.305262e-01 9.914449e-01 0.000000e+00
    outer loop
      vertex   -3.441411e+01 -2.904548e+01 1.800000e+01
      vertex   -3.400000e+01 -2.910000e+01 1.175000e+01
      vertex   -3.441411e+01 -2.904548e+01 1.175000e+01
    endloop
  endfacet
  facet normal 3.826834e-01 9.238795e-01 0.000000e+00
    outer loop
      vertex   -3.441411e+01 -2.904548e+01 1.800000e+01
      vertex   -3.441411e+01 -2.904548e+01 1.175000e+01
      vertex   -3.480000e+01 -2.888564e+01 1.800000e+01
    endloop
  endfacet
  facet normal 3.826834e-01 9.238795e-01 0.000000e+00
    outer loop
      vertex   -3.480000e+01 -2.888564e+01 1.800000e+01
      vertex   -3.441411e+01 -2.904548e+01 1.175000e+01
      vertex   -3.480000e+01 -2.888564e+01 1.175000e+01
    endloop
  endfacet
  facet normal 6.087614e-01 7.933533e-01 0.000000e+00
    outer loop
      vertex   -3.480000e+01 -2.888564e+01 1.800000e+01
      vertex   -3.480000e+01 -2.888564e+01 1.175000e+01
      vertex   -3.513137e+01 -2.863137e+01 1.800000e+01
    endloop
  endfacet
  facet normal 6.087614e-01 7.933533e-01 0.000000e+00
    outer loop
      vertex   -3.513137e+01 -2.863137e+01 1.800000e+01
      vertex   -3.480000e+01 -2.888564e+01 1.175000e+01
      vertex   -3.513137e+01 -2.863137e+01 1.175000e+01
    endloop
  endfacet
  facet normal 7.933533e-01 6.087614e-01 0.000000e+00
    outer loop
      vertex   -3.513137e+01 -2.863137e+01 1.800000e+01
      vertex   -3.513137e+01 -2.863137e+01 1.175000e+01
      vertex   -3.538564e+01 -2.830000e+01 1.800000e+01
    endloop
  endfacet
  facet normal 7.933533e-01 6.087614e-01 0.000000e+00
    outer loop
      vertex   -3.538564e+01 -2.830000e+01 1.800000e+01
      vertex   -3.513137e+01 -2.863137e+01 1.175000e+01
      vertex   -3.538564e+01 -2.830000e+01 1.175000e+01
    endloop
  endfacet
  facet normal 9.238795e-01 3.826834e-01 0.000000e+00
    outer loop
      vertex   -3.538564e+01 -2.830000e+01 1.800000e+01
      vertex   -3.538564e+01 -2.830000e+01 1.175000e+01
      vertex   -3.554548e+01 -2.791411e+01 1.800000e+01
    endloop
  endfacet
  facet normal 9.238795e-01 3.826834e-01 0.000000e+00
    outer loop
      vertex   -3.554548e+01 -2.791411e+01 1.800000e+01
      vertex   -3.538564e+01 -2.830000e+01 1.175000e+01
      vertex   -3.554548e+01 -2.791411e+01 1.175000e+01
    endloop
  endfacet
  facet normal -0.000000e+00 -1.000000e+00 -0.000000e+00
    outer loop
      vertex   3.450000e+01 2.800000e+01 0.000000e+00
      vertex   -3.450000e+01 2.800000e+01 0.000000e+00
      vertex   3.450000e+01 2.800000e+01 -2.000000e+00
    endloop
  endfacet
  facet normal 0.000000e+00 -1.000000e+00 0.000000e+00
    outer loop
      vertex   3.450000e+01 2.800000e+01 -2.000000e+00
      vertex   -3.450000e+01 2.800000e+01 0.000000e+00
      vertex   -3.450000e+01 2.800000e+01 -2.000000e+00
    endloop
  endfacet
  facet normal -1.000000e+00 0.000000e+00 0.000000e+00
    outer loop
      vertex   3.450000e+01 -2.800000e+01 0.000000e+00
      vertex   3.450000e+01 2.800000e+01 0.000000e+00
      vertex   3.450000e+01 -2.800000e+01 -2.000000e+00
    endloop
  endfacet
  facet normal -1.000000e+00 0.000000e+00 0.000000e+00
    outer loop
      vertex   3.450000e+01 -2.800000e+01 -2.000000e+00
      vertex   3.450000e+01 2.800000e+01 0.000000e+00
      vertex   3.450000e+01 2.800000e+01 -2.000000e+00
    endloop
  endfacet
  facet normal -0.000000e+00 1.000000e+00 0.000000e+00
    outer loop
      vertex   -3.450000e+01 -2.800000e+01 0.000000e+00
      vertex   3.450000e+01 -2.800000e+01 0.000000e+00
      vertex   -3.450000e+01 -2.800000e+01 -2.000000e+00
    endloop
  endfacet
  facet normal 0.000000e+00 1.000000e+00 0.000000e+00
    outer loop
      vertex   -3.450000e+01 -2.800000e+01 -2.000000e+00
      vertex   3.450000e+01 -2.800000e+01 0.000000e+00
      vertex   3.450000e+01 -2.800000e+01 -2.000000e+00
    endloop
  endfacet
  facet normal 1.000000e+00 0.000000e+00 0.000000e+00
    outer loop
      vertex   -3.450000e+01 2.800000e+01 0.000000e+00
      vertex   -3.450000e+01 -2.800000e+01 0.000000e+00
      vertex   -3.450000e+01 2.800000e+01 -2.000000e+00
    endloop
  endfacet
  facet normal 1.000000e+00 0.000000e+00 0.000000e+00
    outer loop
      vertex   -3.450000e+01 2.800000e+01 -2.000000e+00
      vertex   -3.450000e+01 -2.800000e+01 0.000000e+00
      vertex   -3.450000e+01 -2.800000e+01 -2.000000e+00
    endloop
  endfacet
  facet normal 0.000000e+00 -1.000000e+00 3.552714e-15
    outer loop
      vertex   3.700000e+01 -3.050000e+01 0.000000e+00
      vertex   -3.700000e+01 -3.050000e+01 0.000000e+00
      vertex   3.700000e+01 -3.050000e+01 -2.000000e+00
    endloop
  endfacet
  facet normal 0.000000e+00 -1.000000e+00 3.552714e-15
    outer loop
      vertex   3.700000e+01 -3.050000e+01 -2.000000e+00
      vertex   -3.700000e+01 -3.050000e+01 0.000000e+00
      vertex   -3.700000e+01 -3.050000e+01 -2.000000e+00
    endloop
  endfacet
  facet normal 1.000000e+00 0.000000e+00 0.000000e+00
    outer loop
      vertex   3.700000e+01 3.050000e+01 0.000000e+00
      vertex   3.700000e+01 -3.050000e+01 0.000000e+00
      vertex   3.700000e+01 3.050000e+01 -2.000000e+00
    endloop
  endfacet
  facet normal 1.000000e+00 0.000000e+00 0.000000e+00
    outer loop
      vertex   3.700000e+01 3.050000e+01 -2.000000e+00
      vertex   3.700000e+01 -3.050000e+01 0.000000e+00
      vertex   3.700000e+01 -3.050000e+01 -2.000000e+00
    endloop
  endfacet
  facet normal -0.000000e+00 1.000000e+00 3.552714e-15
    outer loop
      vertex   -3.700000e+01 3.050000e+01 0.000000e+00
      vertex   3.700000e+01 3.050000e+01 0.000000e+00
      vertex   -3.700000e+01 3.050000e+01 -2.000000e+00
    endloop
  endfacet
  facet normal -0.000000e+00 1.000000e+00 3.552714e-15
    outer loop
      vertex   -3.700000e+01 3.050000e+01 -2.000000e+00
      vertex   3.700000e+01 3.050000e+01 0.000000e+00
      vertex   3.700000e+01 3.050000e+01 -2.000000e+00
    endloop
  endfacet
  facet normal -1.000000e+00 0.000000e+00 -0.000000e+00
    outer loop
      vertex   -3.700000e+01 -3.050000e+01 0.000000e+00
      vertex   -3.700000e+01 3.050000e+01 0.000000e+00
      vertex   -3.700000e+01 -3.050000e+01 -2.000000e+00
    endloop
  endfacet
  facet normal -1.000000e+00 0.000000e+00 0.000000e+00
    outer loop
      vertex   -3.700000e+01 -3.050000e+01 -2.000000e+00
      vertex   -3.700000e+01 3.050000e+01 0.000000e+00
      vertex   -3.700000e+01 3.050000e+01 -2.000000e+00
    endloop
  endfacet
  facet normal 0.000000e+00 0.000000e+00 1.000000e+00
    outer loop
      vertex   3.450000e+01 2.800000e+01 0.000000e+00
      vertex   3.450000e+01 -2.800000e+01 0.000000e+00
      vertex   3.700000e+01 -3.050000e+01 0.000000e+00
    endloop
  endfacet
  facet normal 0.000000e+00 0.000000e+00 1.000000e+00
    outer loop
      vertex   3.700000e+01 -3.050000e+01 0.000000e+00
      vertex   3.450000e+01 -2.800000e+01 0.000000e+00
      vertex   -3.450000e+01 -2.800000e+01 0.000000e+00
    endloop
  endfacet
  facet normal 0.000000e+00 0.000000e+00 1.000000e+00
    outer loop
      vertex   3.700000e+01 -3.050000e+01 0.000000e+00
      vertex   -3.450000e+01 -2.800000e+01 0.000000e+00
      vertex   -3.700000e+01 -3.050000e+01 0.000000e+00
    endloop
  endfacet
  facet normal 0.000000e+00 0.000000e+00 1.000000e+00
    outer loop
      vertex   -3.700000e+01 -3.050000e+01 0.000000e+00
      vertex   -3.450000e+01 -2.800000e+01 0.000000e+00
      vertex   -3.450000e+01 2.800000e+01 0.000000e+00
    endloop
  endfacet
  facet normal 0.000000e+00 0.000000e+00 1.000000e+00
    outer loop
      vertex   -3.700000e+01 -3.050000e+01 0.000000e+00
      vertex   -3.450000e+01 2.800000e+01 0.000000e+00
      vertex   -3.700000e+01 3.050000e+01 0.000000e+00
    endloop
  endfacet
  facet normal 0.000000e+00 0.000000e+00 1.000000e+00
    outer loop
      vertex   -3.700000e+01 3.050000e+01 0.000000e+00
      vertex   -3.450000e+01 2.800000e+01 0.000000e+00
      vertex   3.450000e+01 2.800000e+01 0.000000e+00
    endloop
  endfacet
  facet normal -0.000000e+00 0.000000e+00 1.000000e+00
    outer loop
      vertex   -3.700000e+01 3.050000e+01 0.000000e+00
      vertex   3.450000e+01 2.800000e+01 0.000000e+00
      vertex   3.700000e+01 3.050000e+01 0.000000e+00
    endloop
  endfacet
  facet normal 0.000000e+00 0.000000e+00 1.000000e+00
    outer loop
      vertex   3.700000e+01 3.050000e+01 0.000000e+00
      vertex   3.450000e+01 2.800000e+01 0.000000e+00
      vertex   3.700000e+01 -3.050000e+01 0.000000e+00
    endloop
  endfacet
  facet normal -0.000000e+00 0.000000e+00 -1.000000e+00
    outer loop
      vertex   -3.450000e+01 -2.800000e+01 -2.000000e+00
      vertex   -3.700000e+01 -3.050000e+01 -2.000000e+00
      vertex   -3.450000e+01 2.800000e+01 -2.000000e+00
    endloop
  endfacet
  facet normal -0.000000e+00 0.000000e+00 -1.000000e+00
    outer loop
      vertex   -3.450000e+01 2.800000e+01 -2.000000e+00
      vertex   -3.700000e+01 -3.050000e+01 -2.000000e+00
      vertex   -3.700000e+01 3.050000e+01 -2.000000e+00
    endloop
  endfacet
  facet normal 0.000000e+00 0.000000e+00 -1.000000e+00
    outer loop
      vertex   -3.450000e+01 2.800000e+01 -2.000000e+00
      vertex   -3.700000e+01 3.050000e+01 -2.000000e+00
      vertex   3.700000e+01 3.050000e+01 -2.000000e+00
    endloop
  endfacet
  facet normal 0.000000e+00 -0.000000e+00 -1.000000e+00
    outer loop
      vertex   -3.450000e+01 -2.800000e+01 -2.000000e+00
      vertex   3.450000e+01 -2.800000e+01 -2.000000e+00
      vertex   -3.700000e+01 -3.050000e+01 -2.000000e+00
    endloop
  endfacet
  facet normal 0.000000e+00 0.000000e+00 -1.000000e+00
    outer loop
      vertex   -3.700000e+01 -3.050000e+01 -2.000000e+00
      vertex   3.450000e+01 -2.800000e+01 -2.000000e+00
      vertex   3.700000e+01 -3.050000e+01 -2.000000e+00
    endloop
  endfacet
  facet normal 0.000000e+00 0.000000e+00 -1.000000e+00
    outer loop
      vertex   3.700000e+01 -3.050000e+01 -2.000000e+00
      vertex   3.450000e+01 -2.800000e+01 -2.000000e+00
      vertex   3.450000e+01 2.800000e+01 -2.000000e+00
    endloop
  endfacet
  facet normal 0.000000e+00 0.000000e+00 -1.000000e+00
    outer loop
      vertex   3.700000e+01 -3.050000e+01 -2.000000e+00
      vertex   3.450000e+01 2.800000e+01 -2.000000e+00
      vertex   3.700000e+01 3.050000e+01 -2.000000e+00
    endloop
  endfacet
  facet normal 0.000000e+00 0.000000e+00 -1.000000e+00
    outer loop
      vertex   3.700000e+01 3.050000e+01 -2.000000e+00
      vertex   3.450000e+01 2.800000e+01 -2.000000e+00
      vertex   -3.450000e+01 2.800000e+01 -2.000000e+00
    endloop
  endfacet
  facet normal 0.000000e+00 -1.000000e+00 0.000000e+00
    outer loop
      vertex   -3.700000e+01 3.050000e+01 0.000000e+00
      vertex   3.700000e+01 3.050000e+01 0.000000e+00
      vertex   -3.700000e+01 3.050000e+01 5.500000e+00
    endloop
  endfacet
  facet normal 0.000000e+00 -1.000000e+00 0.000000e+00
    outer loop
      vertex   -3.700000e+01 3.050000e+01 5.500000e+00
      vertex   3.700000e+01 3.050000e+01 0.000000e+00
      vertex   3.700000e+01 3.050000e+01 5.500000e+00
    endloop
  endfacet
  facet normal -1.000000e+00 0.000000e+00 0.000000e+00
    outer loop
      vertex   3.700000e+01 3.050000e+01 0.000000e+00
      vertex   3.700000e+01 -3.050000e+01 0.000000e+00
      vertex   3.700000e+01 3.050000e+01 5.500000e+00
    endloop
  endfacet
  facet normal -1.000000e+00 -0.000000e+00 0.000000e+00
    outer loop
      vertex   3.700000e+01 3.050000e+01 5.500000e+00
      vertex   3.700000e+01 -3.050000e+01 0.000000e+00
      vertex   3.700000e+01 -3.050000e+01 5.500000e+00
    endloop
  endfacet
  facet normal 0.000000e+00 1.000000e+00 -0.000000e+00
    outer loop
      vertex   3.700000e+01 -3.050000e+01 0.000000e+00
      vertex   -3.700000e+01 -3.050000e+01 0.000000e+00
      vertex   3.700000e+01 -3.050000e+01 5.500000e+00
    endloop
  endfacet
  facet normal 0.000000e+00 1.000000e+00 0.000000e+00
    outer loop
      vertex   3.700000e+01 -3.050000e+01 5.500000e+00
      vertex   -3.700000e+01 -3.050000e+01 0.000000e+00
      vertex   -3.700000e+01 -3.050000e+01 5.500000e+00
    endloop
  endfacet
  facet normal 1.000000e+00 0.000000e+00 0.000000e+00
    outer loop
      vertex   -3.700000e+01 -3.050000e+01 0.000000e+00
      vertex   -3.700000e+01 3.050000e+01 0.000000e+00
      vertex   -3.700000e+01 -3.050000e+01 5.500000e+00
    endloop
  endfacet
  facet normal 1.000000e+00 -0.000000e+00 0.000000e+00
    outer loop
      vertex   -3.700000e+01 -3.050000e+01 5.500000e+00
      vertex   -3.700000e+01 3.050000e+01 0.000000e+00
      vertex   -3.700000e+01 3.050000e+01 5.500000e+00
    endloop
  endfacet
  facet normal 0.000000e+00 0.000000e+00 -1.000000e+00
    outer loop
      vertex   3.245452e+01 -2.791411e+01 5.500000e+00
      vertex   -3.245452e+01 -2.791411e+01 5.500000e+00
      vertex   3.240000e+01 -2.750000e+01 5.500000e+00
    endloop
  endfacet
  facet normal -0.000000e+00 0.000000e+00 -1.000000e+00
    outer loop
      vertex   3.240000e+01 -2.750000e+01 5.500000e+00
      vertex   -3.245452e+01 -2.791411e+01 5.500000e+00
      vertex   -3.240000e+01 -2.750000e+01 5.500000e+00
    endloop
  endfacet
  facet normal 0.000000e+00 0.000000e+00 -1.000000e+00
    outer loop
      vertex   3.240000e+01 -2.750000e+01 5.500000e+00
      vertex   -3.240000e+01 -2.750000e+01 5.500000e+00
      vertex   3.245452e+01 -2.708589e+01 5.500000e+00
    endloop
  endfacet
  facet normal -0.000000e+00 0.000000e+00 -1.000000e+00
    outer loop
      vertex   3.245452e+01 -2.708589e+01 5.500000e+00
      vertex   -3.240000e+01 -2.750000e+01 5.500000e+00
      vertex   -3.245452e+01 -2.708589e+01 5.500000e+00
    endloop
  endfacet
  facet normal 0.000000e+00 0.000000e+00 -1.000000e+00
    outer loop
      vertex   3.245452e+01 -2.708589e+01 5.500000e+00
      vertex   -3.245452e+01 -2.708589e+01 5.500000e+00
      vertex   3.261436e+01 -2.670000e+01 5.500000e+00
    endloop
  endfacet
  facet normal -0.000000e+00 0.000000e+00 -1.000000e+00
    outer loop
      vertex   3.261436e+01 -2.670000e+01 5.500000e+00
      vertex   -3.245452e+01 -2.708589e+01 5.500000e+00
      vertex   -3.261436e+01 -2.670000e+01 5.500000e+00
    endloop
  endfacet
  facet normal 0.000000e+00 0.000000e+00 -1.000000e+00
    outer loop
      vertex   3.261436e+01 -2.670000e+01 5.500000e+00
      vertex   -3.261436e+01 -2.670000e+01 5.500000e+00
      vertex   3.286863e+01 -2.636863e+01 5.500000e+00
    endloop
  endfacet
  facet normal -0.000000e+00 0.000000e+00 -1.000000e+00
    outer loop
      vertex   3.286863e+01 -2.636863e+01 5.500000e+00
      vertex   -3.261436e+01 -2.670000e+01 5.500000e+00
      vertex   -3.286863e+01 -2.636863e+01 5.500000e+00
    endloop
  endfacet
  facet normal 0.000000e+00 0.000000e+00 -1.000000e+00
    outer loop
      vertex   3.286863e+01 -2.636863e+01 5.500000e+00
      vertex   -3.286863e+01 -2.636863e+01 5.500000e+00
      vertex   3.286863e+01 2.636863e+01 5.500000e+00
    endloop
  endfacet
  facet normal -0.000000e+00 0.000000e+00 -1.000000e+00
    outer loop
      vertex   3.286863e+01 2.636863e+01 5.500000e+00
      vertex   -3.286863e+01 -2.636863e+01 5.500000e+00
      vertex   -3.286863e+01 2.636863e+01 5.500000e+00
    endloop
  endfacet
  facet normal 0.000000e+00 0.000000e+00 -1.000000e+00
    outer loop
      vertex   3.286863e+01 2.636863e+01 5.500000e+00
      vertex   -3.286863e+01 2.636863e+01 5.500000e+00
      vertex   3.261436e+01 2.670000e+01 5.500000e+00
    endloop
  endfacet
  facet normal -0.000000e+00 0.000000e+00 -1.000000e+00
    outer loop
      vertex   3.261436e+01 2.670000e+01 5.500000e+00
      vertex   -3.286863e+01 2.636863e+01 5.500000e+00
      vertex   -3.261436e+01 2.670000e+01 5.500000e+00
    endloop
  endfacet
  facet normal 0.000000e+00 0.000000e+00 -1.000000e+00
    outer loop
      vertex   3.261436e+01 2.670000e+01 5.500000e+00
      vertex   -3.261436e+01 2.670000e+01 5.500000e+00
      vertex   3.245452e+01 2.708589e+01 5.500000e+00
    endloop
  endfacet
  facet normal -0.000000e+00 0.000000e+00 -1.000000e+00
    outer loop
      vertex   3.245452e+01 2.708589e+01 5.500000e+00
      vertex   -3.261436e+01 2.670000e+01 5.500000e+00
      vertex   -3.245452e+01 2.708589e+01 5.500000e+00
    endloop
  endfacet
  facet normal 0.000000e+00 0.000000e+00 -1.000000e+00
    outer loop
      vertex   3.245452e+01 2.708589e+01 5.500000e+00
      vertex   -3.245452e+01 2.708589e+01 5.500000e+00
      vertex   3.240000e+01 2.750000e+01 5.500000e+00
    endloop
  endfacet
  facet normal -0.000000e+00 0.000000e+00 -1.000000e+00
    outer loop
      vertex   3.240000e+01 2.750000e+01 5.500000e+00
      vertex   -3.245452e+01 2.708589e+01 5.500000e+00
      vertex   -3.240000e+01 2.750000e+01 5.500000e+00
    endloop
  endfacet
  facet normal 0.000000e+00 0.000000e+00 -1.000000e+00
    outer loop
      vertex   3.240000e+01 2.750000e+01 5.500000e+00
      vertex   -3.240000e+01 2.750000e+01 5.500000e+00
      vertex   3.245452e+01 2.791411e+01 5.500000e+00
    endloop
  endfacet
  facet normal -0.000000e+00 0.000000e+00 -1.000000e+00
    outer loop
      vertex   3.245452e+01 2.791411e+01 5.500000e+00
      vertex   -3.240000e+01 2.750000e+01 5.500000e+00
      vertex   -3.245452e+01 2.791411e+01 5.500000e+00
    endloop
  endfacet
  facet normal 0.000000e+00 0.000000e+00 -1.000000e+00
    outer loop
      vertex   3.245452e+01 2.791411e+01 5.500000e+00
      vertex   -3.245452e+01 2.791411e+01 5.500000e+00
      vertex   3.261436e+01 2.830000e+01 5.500000e+00
    endloop
  endfacet
  facet normal -0.000000e+00 0.000000e+00 -1.000000e+00
    outer loop
      vertex   3.261436e+01 2.830000e+01 5.500000e+00
      vertex   -3.245452e+01 2.791411e+01 5.500000e+00
      vertex   -3.261436e+01 2.830000e+01 5.500000e+00
    endloop
  endfacet
  facet normal 0.000000e+00 0.000000e+00 -1.000000e+00
    outer loop
      vertex   3.261436e+01 2.830000e+01 5.500000e+00
      vertex   -3.261436e+01 2.830000e+01 5.500000e+00
      vertex   3.286863e+01 2.863137e+01 5.500000e+00
    endloop
  endfacet
  facet normal -0.000000e+00 0.000000e+00 -1.000000e+00
    outer loop
      vertex   3.286863e+01 2.863137e+01 5.500000e+00
      vertex   -3.261436e+01 2.830000e+01 5.500000e+00
      vertex   -3.286863e+01 2.863137e+01 5.500000e+00
    endloop
  endfacet
  facet normal 0.000000e+00 0.000000e+00 -1.000000e+00
    outer loop
      vertex   3.286863e+01 2.863137e+01 5.500000e+00
      vertex   -3.286863e+01 2.863137e+01 5.500000e+00
      vertex   3.320000e+01 2.888564e+01 5.500000e+00
    endloop
  endfacet
  facet normal -0.000000e+00 0.000000e+00 -1.000000e+00
    outer loop
      vertex   3.320000e+01 2.888564e+01 5.500000e+00
      vertex   -3.286863e+01 2.863137e+01 5.500000e+00
      vertex   -3.320000e+01 2.888564e+01 5.500000e+00
    endloop
  endfacet
  facet normal 0.000000e+00 0.000000e+00 -1.000000e+00
    outer loop
      vertex   3.320000e+01 2.888564e+01 5.500000e+00
      vertex   -3.320000e+01 2.888564e+01 5.500000e+00
      vertex   3.358589e+01 2.904548e+01 5.500000e+00
    endloop
  endfacet
  facet normal -0.000000e+00 0.000000e+00 -1.000000e+00
    outer loop
      vertex   3.358589e+01 2.904548e+01 5.500000e+00
      vertex   -3.320000e+01 2.888564e+01 5.500000e+00
      vertex   -3.358589e+01 2.904548e+01 5.500000e+00
    endloop
  endfacet
  facet normal 0.000000e+00 0.000000e+00 -1.000000e+00
    outer loop
      vertex   3.358589e+01 2.904548e+01 5.500000e+00
      vertex   -3.358589e+01 2.904548e+01 5.500000e+00
      vertex   3.700000e+01 3.050000e+01 5.500000e+00
    endloop
  endfacet
  facet normal -0.000000e+00 0.000000e+00 -1.000000e+00
    outer loop
      vertex   3.700000e+01 3.050000e+01 5.500000e+00
      vertex   -3.358589e+01 2.904548e+01 5.500000e+00
      vertex   -3.700000e+01 3.050000e+01 5.500000e+00
    endloop
  endfacet
  facet normal 0.000000e+00 0.000000e+00 -1.000000e+00
    outer loop
      vertex   -3.700000e+01 3.050000e+01 5.500000e+00
      vertex   -3.358589e+01 2.904548e+01 5.500000e+00
      vertex   -3.400000e+01 2.910000e+01 5.500000e+00
    endloop
  endfacet
  facet normal 0.000000e+00 0.000000e+00 -1.000000e+00
    outer loop
      vertex   -3.700000e+01 3.050000e+01 5.500000e+00
      vertex   -3.400000e+01 2.910000e+01 5.500000e+00
      vertex   -3.441411e+01 2.904548e+01 5.500000e+00
    endloop
  endfacet
  facet normal 0.000000e+00 -0.000000e+00 -1.000000e+00
    outer loop
      vertex   -3.245452e+01 -2.791411e+01 5.500000e+00
      vertex   3.245452e+01 -2.791411e+01 5.500000e+00
      vertex   -3.261436e+01 -2.830000e+01 5.500000e+00
    endloop
  endfacet
  facet normal 0.000000e+00 0.000000e+00 -1.000000e+00
    outer loop
      vertex   -3.261436e+01 -2.830000e+01 5.500000e+00
      vertex   3.245452e+01 -2.791411e+01 5.500000e+00
      vertex   3.261436e+01 -2.830000e+01 5.500000e+00
    endloop
  endfacet
  facet normal 0.000000e+00 -0.000000e+00 -1.000000e+00
    outer loop
      vertex   -3.261436e+01 -2.830000e+01 5.500000e+00
      vertex   3.261436e+01 -2.830000e+01 5.500000e+00
      vertex   -3.286863e+01 -2.863137e+01 5.500000e+00
    endloop
  endfacet
  facet normal 0.000000e+00 0.000000e+00 -1.000000e+00
    outer loop
      vertex   -3.286863e+01 -2.863137e+01 5.500000e+00
      vertex   3.261436e+01 -2.830000e+01 5.500000e+00
      vertex   3.286863e+01 -2.863137e+01 5.500000e+00
    endloop
  endfacet
  facet normal 0.000000e+00 -0.000000e+00 -1.000000e+00
    outer loop
      vertex   -3.286863e+01 -2.863137e+01 5.500000e+00
      vertex   3.286863e+01 -2.863137e+01 5.500000e+00
      vertex   -3.320000e+01 -2.888564e+01 5.500000e+00
    endloop
  endfacet
  facet normal 0.000000e+00 0.000000e+00 -1.000000e+00
    outer loop
      vertex   -3.320000e+01 -2.888564e+01 5.500000e+00
      vertex   3.286863e+01 -2.863137e+01 5.500000e+00
      vertex   3.320000e+01 -2.888564e+01 5.500000e+00
    endloop
  endfacet
  facet normal 0.000000e+00 -0.000000e+00 -1.000000e+00
    outer loop
      vertex   -3.320000e+01 -2.888564e+01 5.500000e+00
      vertex   3.320000e+01 -2.888564e+01 5.500000e+00
      vertex   -3.358589e+01 -2.904548e+01 5.500000e+00
    endloop
  endfacet
  facet normal 0.000000e+00 0.000000e+00 -1.000000e+00
    outer loop
      vertex   -3.358589e+01 -2.904548e+01 5.500000e+00
      vertex   3.320000e+01 -2.888564e+01 5.500000e+00
      vertex   3.358589e+01 -2.904548e+01 5.500000e+00
    endloop
  endfacet
  facet normal 0.000000e+00 -0.000000e+00 -1.000000e+00
    outer loop
      vertex   -3.358589e+01 -2.904548e+01 5.500000e+00
      vertex   3.358589e+01 -2.904548e+01 5.500000e+00
      vertex   -3.700000e+01 -3.050000e+01 5.500000e+00
    endloop
  endfacet
  facet normal 0.000000e+00 0.000000e+00 -1.000000e+00
    outer loop
      vertex   -3.700000e+01 -3.050000e+01 5.500000e+00
      vertex   3.358589e+01 -2.904548e+01 5.500000e+00
      vertex   3.700000e+01 -3.050000e+01 5.500000e+00
    endloop
  endfacet
  facet normal 0.000000e+00 0.000000e+00 -1.000000e+00
    outer loop
      vertex   3.700000e+01 -3.050000e+01 5.500000e+00
      vertex   3.358589e+01 -2.904548e+01 5.500000e+00
      vertex   3.400000e+01 -2.910000e+01 5.500000e+00
    endloop
  endfacet
  facet normal 0.000000e+00 0.000000e+00 -1.000000e+00
    outer loop
      vertex   3.700000e+01 -3.050000e+01 5.500000e+00
      vertex   3.400000e+01 -2.910000e+01 5.500000e+00
      vertex   3.441411e+01 -2.904548e+01 5.500000e+00
    endloop
  endfacet
  facet normal 0.000000e+00 0.000000e+00 -1.000000e+00
    outer loop
      vertex   3.441411e+01 -2.904548e+01 5.500000e+00
      vertex   3.480000e+01 -2.888564e+01 5.500000e+00
      vertex   3.700000e+01 -3.050000e+01 5.500000e+00
    endloop
  endfacet
  facet normal 0.000000e+00 0.000000e+00 -1.000000e+00
    outer loop
      vertex   3.700000e+01 -3.050000e+01 5.500000e+00
      vertex   3.480000e+01 -2.888564e+01 5.500000e+00
      vertex   3.513137e+01 -2.863137e+01 5.500000e+00
    endloop
  endfacet
  facet normal 0.000000e+00 0.000000e+00 -1.000000e+00
    outer loop
      vertex   3.700000e+01 -3.050000e+01 5.500000e+00
      vertex   3.513137e+01 -2.863137e+01 5.500000e+00
      vertex   3.538564e+01 -2.830000e+01 5.500000e+00
    endloop
  endfacet
  facet normal 0.000000e+00 0.000000e+00 -1.000000e+00
    outer loop
      vertex   3.538564e+01 -2.830000e+01 5.500000e+00
      vertex   3.554548e+01 -2.791411e+01 5.500000e+00
      vertex   3.700000e+01 -3.050000e+01 5.500000e+00
    endloop
  endfacet
  facet normal 0.000000e+00 0.000000e+00 -1.000000e+00
    outer loop
      vertex   3.700000e+01 -3.050000e+01 5.500000e+00
      vertex   3.554548e+01 -2.791411e+01 5.500000e+00
      vertex   3.560000e+01 -2.750000e+01 5.500000e+00
    endloop
  endfacet
  facet normal 0.000000e+00 0.000000e+00 -1.000000e+00
    outer loop
      vertex   3.700000e+01 -3.050000e+01 5.500000e+00
      vertex   3.560000e+01 -2.750000e+01 5.500000e+00
      vertex   3.554548e+01 -2.708589e+01 5.500000e+00
    endloop
  endfacet
  facet normal 0.000000e+00 0.000000e+00 -1.000000e+00
    outer loop
      vertex   3.700000e+01 -3.050000e+01 5.500000e+00
      vertex   3.554548e+01 -2.708589e+01 5.500000e+00
      vertex   3.554548e+01 2.708589e+01 5.500000e+00
    endloop
  endfacet
  facet normal 0.000000e+00 -0.000000e+00 -1.000000e+00
    outer loop
      vertex   3.554548e+01 2.708589e+01 5.500000e+00
      vertex   3.554548e+01 -2.708589e+01 5.500000e+00
      vertex   3.538564e+01 -2.670000e+01 5.500000e+00
    endloop
  endfacet
  facet normal 0.000000e+00 0.000000e+00 -1.000000e+00
    outer loop
      vertex   3.554548e+01 2.708589e+01 5.500000e+00
      vertex   3.538564e+01 -2.670000e+01 5.500000e+00
      vertex   3.538564e+01 2.670000e+01 5.500000e+00
    endloop
  endfacet
  facet normal 0.000000e+00 -0.000000e+00 -1.000000e+00
    outer loop
      vertex   3.538564e+01 2.670000e+01 5.500000e+00
      vertex   3.538564e+01 -2.670000e+01 5.500000e+00
      vertex   3.513137e+01 2.636863e+01 5.500000e+00
    endloop
  endfacet
  facet normal 0.000000e+00 0.000000e+00 -1.000000e+00
    outer loop
      vertex   3.513137e+01 2.636863e+01 5.500000e+00
      vertex   3.538564e+01 -2.670000e+01 5.500000e+00
      vertex   3.513137e+01 -2.636863e+01 5.500000e+00
    endloop
  endfacet
  facet normal 0.000000e+00 -0.000000e+00 -1.000000e+00
    outer loop
      vertex   3.513137e+01 2.636863e+01 5.500000e+00
      vertex   3.513137e+01 -2.636863e+01 5.500000e+00
      vertex   3.480000e+01 2.611436e+01 5.500000e+00
    endloop
  endfacet
  facet normal 0.000000e+00 0.000000e+00 -1.000000e+00
    outer loop
      vertex   3.480000e+01 2.611436e+01 5.500000e+00
      vertex   3.513137e+01 -2.636863e+01 5.500000e+00
      vertex   3.480000e+01 -2.611436e+01 5.500000e+00
    endloop
  endfacet
  facet normal 0.000000e+00 -0.000000e+00 -1.000000e+00
    outer loop
      vertex   3.480000e+01 2.611436e+01 5.500000e+00
      vertex   3.480000e+01 -2.611436e+01 5.500000e+00
      vertex   3.441411e+01 2.595452e+01 5.500000e+00
    endloop
  endfacet
  facet normal 0.000000e+00 0.000000e+00 -1.000000e+00
    outer loop
      vertex   3.441411e+01 2.595452e+01 5.500000e+00
      vertex   3.480000e+01 -2.611436e+01 5.500000e+00
      vertex   3.441411e+01 -2.595452e+01 5.500000e+00
    endloop
  endfacet
  facet normal 0.000000e+00 -0.000000e+00 -1.000000e+00
    outer loop
      vertex   3.441411e+01 2.595452e+01 5.500000e+00
      vertex   3.441411e+01 -2.595452e+01 5.500000e+00
      vertex   3.400000e+01 2.590000e+01 5.500000e+00
    endloop
  endfacet
  facet normal 0.000000e+00 0.000000e+00 -1.000000e+00
    outer loop
      vertex   3.400000e+01 2.590000e+01 5.500000e+00
      vertex   3.441411e+01 -2.595452e+01 5.500000e+00
      vertex   3.400000e+01 -2.590000e+01 5.500000e+00
    endloop
  endfacet
  facet normal 0.000000e+00 -0.000000e+00 -1.000000e+00
    outer loop
      vertex   3.400000e+01 2.590000e+01 5.500000e+00
      vertex   3.400000e+01 -2.590000e+01 5.500000e+00
      vertex   3.358589e+01 -2.595452e+01 5.500000e+00
    endloop
  endfacet
  facet normal -0.000000e+00 0.000000e+00 -1.000000e+00
    outer loop
      vertex   3.400000e+01 2.590000e+01 5.500000e+00
      vertex   3.358589e+01 -2.595452e+01 5.500000e+00
      vertex   3.358589e+01 2.595452e+01 5.500000e+00
    endloop
  endfacet
  facet normal 0.000000e+00 -0.000000e+00 -1.000000e+00
    outer loop
      vertex   3.358589e+01 2.595452e+01 5.500000e+00
      vertex   3.358589e+01 -2.595452e+01 5.500000e+00
      vertex   3.320000e+01 -2.611436e+01 5.500000e+00
    endloop
  endfacet
  facet normal -0.000000e+00 0.000000e+00 -1.000000e+00
    outer loop
      vertex   3.358589e+01 2.595452e+01 5.500000e+00
      vertex   3.320000e+01 -2.611436e+01 5.500000e+00
      vertex   3.320000e+01 2.611436e+01 5.500000e+00
    endloop
  endfacet
  facet normal 0.000000e+00 -0.000000e+00 -1.000000e+00
    outer loop
      vertex   3.320000e+01 2.611436e+01 5.500000e+00
      vertex   3.320000e+01 -2.611436e+01 5.500000e+00
      vertex   3.286863e+01 -2.636863e+01 5.500000e+00
    endloop
  endfacet
  facet normal -0.000000e+00 0.000000e+00 -1.000000e+00
    outer loop
      vertex   3.320000e+01 2.611436e+01 5.500000e+00
      vertex   3.286863e+01 -2.636863e+01 5.500000e+00
      vertex   3.286863e+01 2.636863e+01 5.500000e+00
    endloop
  endfacet
  facet normal -0.000000e+00 0.000000e+00 -1.000000e+00
    outer loop
      vertex   -3.554548e+01 2.791411e+01 5.500000e+00
      vertex   -3.560000e+01 2.750000e+01 5.500000e+00
      vertex   -3.700000e+01 3.050000e+01 5.500000e+00
    endloop
  endfacet
  facet normal 0.000000e+00 0.000000e+00 -1.000000e+00
    outer loop
      vertex   -3.700000e+01 3.050000e+01 5.500000e+00
      vertex   -3.560000e+01 2.750000e+01 5.500000e+00
      vertex   -3.554548e+01 2.708589e+01 5.500000e+00
    endloop
  endfacet
  facet normal 0.000000e+00 0.000000e+00 -1.000000e+00
    outer loop
      vertex   -3.700000e+01 3.050000e+01 5.500000e+00
      vertex   -3.554548e+01 2.708589e+01 5.500000e+00
      vertex   -3.700000e+01 -3.050000e+01 5.500000e+00
    endloop
  endfacet
  facet normal 0.000000e+00 0.000000e+00 -1.000000e+00
    outer loop
      vertex   -3.700000e+01 -3.050000e+01 5.500000e+00
      vertex   -3.554548e+01 2.708589e+01 5.500000e+00
      vertex   -3.554548e+01 -2.708589e+01 5.500000e+00
    endloop
  endfacet
  facet normal 0.000000e+00 0.000000e+00 -1.000000e+00
    outer loop
      vertex   -3.700000e+01 -3.050000e+01 5.500000e+00
      vertex   -3.554548e+01 -2.708589e+01 5.500000e+00
      vertex   -3.560000e+01 -2.750000e+01 5.500000e+00
    endloop
  endfacet
  facet normal 0.000000e+00 0.000000e+00 -1.000000e+00
    outer loop
      vertex   -3.554548e+01 -2.708589e+01 5.500000e+00
      vertex   -3.554548e+01 2.708589e+01 5.500000e+00
      vertex   -3.538564e+01 -2.670000e+01 5.500000e+00
    endloop
  endfacet
  facet normal 0.000000e+00 0.000000e+00 -1.000000e+00
    outer loop
      vertex   -3.538564e+01 -2.670000e+01 5.500000e+00
      vertex   -3.554548e+01 2.708589e+01 5.500000e+00
      vertex   -3.538564e+01 2.670000e+01 5.500000e+00
    endloop
  endfacet
  facet normal 0.000000e+00 0.000000e+00 -1.000000e+00
    outer loop
      vertex   -3.538564e+01 -2.670000e+01 5.500000e+00
      vertex   -3.538564e+01 2.670000e+01 5.500000e+00
      vertex   -3.513137e+01 2.636863e+01 5.500000e+00
    endloop
  endfacet
  facet normal 0.000000e+00 0.000000e+00 -1.000000e+00
    outer loop
      vertex   -3.538564e+01 -2.670000e+01 5.500000e+00
      vertex   -3.513137e+01 2.636863e+01 5.500000e+00
      vertex   -3.513137e+01 -2.636863e+01 5.500000e+00
    endloop
  endfacet
  facet normal 0.000000e+00 0.000000e+00 -1.000000e+00
    outer loop
      vertex   -3.513137e+01 -2.636863e+01 5.500000e+00
      vertex   -3.513137e+01 2.636863e+01 5.500000e+00
      vertex   -3.480000e+01 2.611436e+01 5.500000e+00
    endloop
  endfacet
  facet normal 0.000000e+00 0.000000e+00 -1.000000e+00
    outer loop
      vertex   -3.513137e+01 -2.636863e+01 5.500000e+00
      vertex   -3.480000e+01 2.611436e+01 5.500000e+00
      vertex   -3.480000e+01 -2.611436e+01 5.500000e+00
    endloop
  endfacet
  facet normal 0.000000e+00 0.000000e+00 -1.000000e+00
    outer loop
      vertex   -3.480000e+01 -2.611436e+01 5.500000e+00
      vertex   -3.480000e+01 2.611436e+01 5.500000e+00
      vertex   -3.441411e+01 2.595452e+01 5.500000e+00
    endloop
  endfacet
  facet normal 0.000000e+00 0.000000e+00 -1.000000e+00
    outer loop
      vertex   -3.480000e+01 -2.611436e+01 5.500000e+00
      vertex   -3.441411e+01 2.595452e+01 5.500000e+00
      vertex   -3.441411e+01 -2.595452e+01 5.500000e+00
    endloop
  endfacet
  facet normal 0.000000e+00 0.000000e+00 -1.000000e+00
    outer loop
      vertex   -3.441411e+01 -2.595452e+01 5.500000e+00
      vertex   -3.441411e+01 2.595452e+01 5.500000e+00
      vertex   -3.400000e+01 2.590000e+01 5.500000e+00
    endloop
  endfacet
  facet normal 0.000000e+00 0.000000e+00 -1.000000e+00
    outer loop
      vertex   -3.441411e+01 -2.595452e+01 5.500000e+00
      vertex   -3.400000e+01 2.590000e+01 5.500000e+00
      vertex   -3.400000e+01 -2.590000e+01 5.500000e+00
    endloop
  endfacet
  facet normal 0.000000e+00 0.000000e+00 -1.000000e+00
    outer loop
      vertex   -3.400000e+01 -2.590000e+01 5.500000e+00
      vertex   -3.400000e+01 2.590000e+01 5.500000e+00
      vertex   -3.358589e+01 -2.595452e+01 5.500000e+00
    endloop
  endfacet
  facet normal 0.000000e+00 0.000000e+00 -1.000000e+00
    outer loop
      vertex   -3.358589e+01 -2.595452e+01 5.500000e+00
      vertex   -3.400000e+01 2.590000e+01 5.500000e+00
      vertex   -3.358589e+01 2.595452e+01 5.500000e+00
    endloop
  endfacet
  facet normal 0.000000e+00 0.000000e+00 -1.000000e+00
    outer loop
      vertex   -3.358589e+01 -2.595452e+01 5.500000e+00
      vertex   -3.358589e+01 2.595452e+01 5.500000e+00
      vertex   -3.320000e+01 -2.611436e+01 5.500000e+00
    endloop
  endfacet
  facet normal 0.000000e+00 0.000000e+00 -1.000000e+00
    outer loop
      vertex   -3.320000e+01 -2.611436e+01 5.500000e+00
      vertex   -3.358589e+01 2.595452e+01 5.500000e+00
      vertex   -3.320000e+01 2.611436e+01 5.500000e+00
    endloop
  endfacet
  facet normal 0.000000e+00 0.000000e+00 -1.000000e+00
    outer loop
      vertex   -3.320000e+01 -2.611436e+01 5.500000e+00
      vertex   -3.320000e+01 2.611436e+01 5.500000e+00
      vertex   -3.286863e+01 -2.636863e+01 5.500000e+00
    endloop
  endfacet
  facet normal 0.000000e+00 0.000000e+00 -1.000000e+00
    outer loop
      vertex   -3.286863e+01 -2.636863e+01 5.500000e+00
      vertex   -3.320000e+01 2.611436e+01 5.500000e+00
      vertex   -3.286863e+01 2.636863e+01 5.500000e+00
    endloop
  endfacet
  facet normal -0.000000e+00 0.000000e+00 -1.000000e+00
    outer loop
      vertex   -3.441411e+01 2.904548e+01 5.500000e+00
      vertex   -3.480000e+01 2.888564e+01 5.500000e+00
      vertex   -3.700000e+01 3.050000e+01 5.500000e+00
    endloop
  endfacet
  facet normal 0.000000e+00 0.000000e+00 -1.000000e+00
    outer loop
      vertex   -3.700000e+01 3.050000e+01 5.500000e+00
      vertex   -3.480000e+01 2.888564e+01 5.500000e+00
      vertex   -3.513137e+01 2.863137e+01 5.500000e+00
    endloop
  endfacet
  facet normal 0.000000e+00 0.000000e+00 -1.000000e+00
    outer loop
      vertex   -3.700000e+01 3.050000e+01 5.500000e+00
      vertex   -3.513137e+01 2.863137e+01 5.500000e+00
      vertex   -3.538564e+01 2.830000e+01 5.500000e+00
    endloop
  endfacet
  facet normal -0.000000e+00 0.000000e+00 -1.000000e+00
    outer loop
      vertex   -3.538564e+01 2.830000e+01 5.500000e+00
      vertex   -3.554548e+01 2.791411e+01 5.500000e+00
      vertex   -3.700000e+01 3.050000e+01 5.500000e+00
    endloop
  endfacet
  facet normal 0.000000e+00 0.000000e+00 -1.000000e+00
    outer loop
      vertex   3.700000e+01 -3.050000e+01 5.500000e+00
      vertex   3.554548e+01 2.708589e+01 5.500000e+00
      vertex   3.700000e+01 3.050000e+01 5.500000e+00
    endloop
  endfacet
  facet normal 0.000000e+00 0.000000e+00 -1.000000e+00
    outer loop
      vertex   3.700000e+01 3.050000e+01 5.500000e+00
      vertex   3.554548e+01 2.708589e+01 5.500000e+00
      vertex   3.560000e+01 2.750000e+01 5.500000e+00
    endloop
  endfacet
  facet normal 0.000000e+00 0.000000e+00 -1.000000e+00
    outer loop
      vertex   3.700000e+01 3.050000e+01 5.500000e+00
      vertex   3.560000e+01 2.750000e+01 5.500000e+00
      vertex   3.554548e+01 2.791411e+01 5.500000e+00
    endloop
  endfacet
  facet normal 0.000000e+00 0.000000e+00 -1.000000e+00
    outer loop
      vertex   3.554548e+01 2.791411e+01 5.500000e+00
      vertex   3.538564e+01 2.830000e+01 5.500000e+00
      vertex   3.700000e+01 3.050000e+01 5.500000e+00
    endloop
  endfacet
  facet normal 0.000000e+00 0.000000e+00 -1.000000e+00
    outer loop
      vertex   3.700000e+01 3.050000e+01 5.500000e+00
      vertex   3.538564e+01 2.830000e+01 5.500000e+00
      vertex   3.513137e+01 2.863137e+01 5.500000e+00
    endloop
  endfacet
  facet normal 0.000000e+00 0.000000e+00 -1.000000e+00
    outer loop
      vertex   3.700000e+01 3.050000e+01 5.500000e+00
      vertex   3.513137e+01 2.863137e+01 5.500000e+00
      vertex   3.480000e+01 2.888564e+01 5.500000e+00
    endloop
  endfacet
  facet normal 0.000000e+00 0.000000e+00 -1.000000e+00
    outer loop
      vertex   3.480000e+01 2.888564e+01 5.500000e+00
      vertex   3.441411e+01 2.904548e+01 5.500000e+00
      vertex   3.700000e+01 3.050000e+01 5.500000e+00
    endloop
  endfacet
  facet normal 0.000000e+00 0.000000e+00 -1.000000e+00
    outer loop
      vertex   3.700000e+01 3.050000e+01 5.500000e+00
      vertex   3.441411e+01 2.904548e+01 5.500000e+00
      vertex   3.400000e+01 2.910000e+01 5.500000e+00
    endloop
  endfacet
  facet normal 0.000000e+00 0.000000e+00 -1.000000e+00
    outer loop
      vertex   3.700000e+01 3.050000e+01 5.500000e+00
      vertex   3.400000e+01 2.910000e+01 5.500000e+00
      vertex   3.358589e+01 2.904548e+01 5.500000e+00
    endloop
  endfacet
  facet normal 0.000000e+00 -0.000000e+00 -1.000000e+00
    outer loop
      vertex   -3.560000e+01 -2.750000e+01 5.500000e+00
      vertex   -3.554548e+01 -2.791411e+01 5.500000e+00
      vertex   -3.700000e+01 -3.050000e+01 5.500000e+00
    endloop
  endfacet
  facet normal 0.000000e+00 0.000000e+00 -1.000000e+00
    outer loop
      vertex   -3.700000e+01 -3.050000e+01 5.500000e+00
      vertex   -3.554548e+01 -2.791411e+01 5.500000e+00
      vertex   -3.538564e+01 -2.830000e+01 5.500000e+00
    endloop
  endfacet
  facet normal 0.000000e+00 0.000000e+00 -1.000000e+00
    outer loop
      vertex   -3.700000e+01 -3.050000e+01 5.500000e+00
      vertex   -3.538564e+01 -2.830000e+01 5.500000e+00
      vertex   -3.513137e+01 -2.863137e+01 5.500000e+00
    endloop
  endfacet
  facet normal 0.000000e+00 -0.000000e+00 -1.000000e+00
    outer loop
      vertex   -3.513137e+01 -2.863137e+01 5.500000e+00
      vertex   -3.480000e+01 -2.888564e+01 5.500000e+00
      vertex   -3.700000e+01 -3.050000e+01 5.500000e+00
    endloop
  endfacet
  facet normal 0.000000e+00 0.000000e+00 -1.000000e+00
    outer loop
      vertex   -3.700000e+01 -3.050000e+01 5.500000e+00
      vertex   -3.480000e+01 -2.888564e+01 5.500000e+00
      vertex   -3.441411e+01 -2.904548e+01 5.500000e+00
    endloop
  endfacet
  facet normal 0.000000e+00 0.000000e+00 -1.000000e+00
    outer loop
      vertex   -3.700000e+01 -3.050000e+01 5.500000e+00
      vertex   -3.441411e+01 -2.904548e+01 5.500000e+00
      vertex   -3.400000e+01 -2.910000e+01 5.500000e+00
    endloop
  endfacet
  facet normal 0.000000e+00 -0.000000e+00 -1.000000e+00
    outer loop
      vertex   -3.400000e+01 -2.910000e+01 5.500000e+00
      vertex   -3.358589e+01 -2.904548e+01 5.500000e+00
      vertex   -3.700000e+01 -3.050000e+01 5.500000e+00
    endloop
  endfacet
  facet normal 0.000000e+00 1.000000e+00 -0.000000e+00
    outer loop
      vertex   3.750000e+01 3.300000e+01 0.000000e+00
      vertex   -3.750000e+01 3.300000e+01 0.000000e+00
      vertex   3.750000e+01 3.300000e+01 1.800000e+01
    endloop
  endfacet
  facet normal 0.000000e+00 1.000000e+00 0.000000e+00
    outer loop
      vertex   3.750000e+01 3.300000e+01 1.800000e+01
      vertex   -3.750000e+01 3.300000e+01 0.000000e+00
      vertex   -3.750000e+01 3.300000e+01 1.800000e+01
    endloop
  endfacet
  facet normal 0.000000e+00 -1.000000e+00 0.000000e+00
    outer loop
      vertex   -3.750000e+01 -3.300000e+01 0.000000e+00
      vertex   3.750000e+01 -3.300000e+01 0.000000e+00
      vertex   -3.750000e+01 -3.300000e+01 1.800000e+01
    endloop
  endfacet
  facet normal 0.000000e+00 -1.000000e+00 0.000000e+00
    outer loop
      vertex   -3.750000e+01 -3.300000e+01 1.800000e+01
      vertex   3.750000e+01 -3.300000e+01 0.000000e+00
      vertex   3.750000e+01 -3.300000e+01 1.800000e+01
    endloop
  endfacet
  facet normal 0.000000e+00 0.000000e+00 -1.000000e+00
    outer loop
      vertex   -3.794504e+01 -3.294986e+01 0.000000e+00
      vertex   -3.700000e+01 -3.050000e+01 0.000000e+00
      vertex   -3.750000e+01 -3.300000e+01 0.000000e+00
    endloop
  endfacet
  facet normal 0.000000e+00 0.000000e+00 -1.000000e+00
    outer loop
      vertex   -3.750000e+01 -3.300000e+01 0.000000e+00
      vertex   -3.700000e+01 -3.050000e+01 0.000000e+00
      vertex   3.700000e+01 -3.050000e+01 0.000000e+00
    endloop
  endfacet
  facet normal 0.000000e+00 0.000000e+00 -1.000000e+00
    outer loop
      vertex   -3.750000e+01 -3.300000e+01 0.000000e+00
      vertex   3.700000e+01 -3.050000e+01 0.000000e+00
      vertex   3.750000e+01 -3.300000e+01 0.000000e+00
    endloop
  endfacet
  facet normal 0.000000e+00 0.000000e+00 -1.000000e+00
    outer loop
      vertex   3.750000e+01 -3.300000e+01 0.000000e+00
      vertex   3.700000e+01 -3.050000e+01 0.000000e+00
      vertex   3.794504e+01 -3.294986e+01 0.000000e+00
    endloop
  endfacet
  facet normal 0.000000e+00 0.000000e+00 -1.000000e+00
    outer loop
      vertex   3.794504e+01 -3.294986e+01 0.000000e+00
      vertex   3.700000e+01 -3.050000e+01 0.000000e+00
      vertex   3.836777e+01 -3.280194e+01 0.000000e+00
    endloop
  endfacet
  facet normal 0.000000e+00 0.000000e+00 -1.000000e+00
    outer loop
      vertex   3.836777e+01 -3.280194e+01 0.000000e+00
      vertex   3.700000e+01 -3.050000e+01 0.000000e+00
      vertex   3.874698e+01 -3.256366e+01 0.000000e+00
    endloop
  endfacet
  facet normal 0.000000e+00 0.000000e+00 -1.000000e+00
    outer loop
      vertex   3.874698e+01 -3.256366e+01 0.000000e+00
      vertex   3.700000e+01 -3.050000e+01 0.000000e+00
      vertex   3.906366e+01 -3.224698e+01 0.000000e+00
    endloop
  endfacet
  facet normal 0.000000e+00 0.000000e+00 -1.000000e+00
    outer loop
      vertex   3.906366e+01 -3.224698e+01 0.000000e+00
      vertex   3.700000e+01 -3.050000e+01 0.000000e+00
      vertex   3.930194e+01 -3.186777e+01 0.000000e+00
    endloop
  endfacet
  facet normal 0.000000e+00 0.000000e+00 -1.000000e+00
    outer loop
      vertex   3.930194e+01 -3.186777e+01 0.000000e+00
      vertex   3.700000e+01 -3.050000e+01 0.000000e+00
      vertex   3.944986e+01 -3.144504e+01 0.000000e+00
    endloop
  endfacet
  facet normal 0.000000e+00 0.000000e+00 -1.000000e+00
    outer loop
      vertex   3.944986e+01 -3.144504e+01 0.000000e+00
      vertex   3.700000e+01 -3.050000e+01 0.000000e+00
      vertex   3.950000e+01 -3.100000e+01 0.000000e+00
    endloop
  endfacet
  facet normal 0.000000e+00 0.000000e+00 -1.000000e+00
    outer loop
      vertex   3.950000e+01 -3.100000e+01 0.000000e+00
      vertex   3.700000e+01 -3.050000e+01 0.000000e+00
      vertex   3.700000e+01 3.050000e+01 0.000000e+00
    endloop
  endfacet
  facet normal 0.000000e+00 0.000000e+00 -1.000000e+00
    outer loop
      vertex   3.950000e+01 -3.100000e+01 0.000000e+00
      vertex   3.700000e+01 3.050000e+01 0.000000e+00
      vertex   3.950000e+01 3.100000e+01 0.000000e+00
    endloop
  endfacet
  facet normal -0.000000e+00 0.000000e+00 -1.000000e+00
    outer loop
      vertex   3.950000e+01 3.100000e+01 0.000000e+00
      vertex   3.700000e+01 3.050000e+01 0.000000e+00
      vertex   3.944986e+01 3.144504e+01 0.000000e+00
    endloop
  endfacet
  facet normal -0.000000e+00 0.000000e+00 -1.000000e+00
    outer loop
      vertex   3.944986e+01 3.144504e+01 0.000000e+00
      vertex   3.700000e+01 3.050000e+01 0.000000e+00
      vertex   3.930194e+01 3.186777e+01 0.000000e+00
    endloop
  endfacet
  facet normal -0.000000e+00 0.000000e+00 -1.000000e+00
    outer loop
      vertex   3.930194e+01 3.186777e+01 0.000000e+00
      vertex   3.700000e+01 3.050000e+01 0.000000e+00
      vertex   3.906366e+01 3.224698e+01 0.000000e+00
    endloop
  endfacet
  facet normal -0.000000e+00 0.000000e+00 -1.000000e+00
    outer loop
      vertex   3.906366e+01 3.224698e+01 0.000000e+00
      vertex   3.700000e+01 3.050000e+01 0.000000e+00
      vertex   3.874698e+01 3.256366e+01 0.000000e+00
    endloop
  endfacet
  facet normal -0.000000e+00 0.000000e+00 -1.000000e+00
    outer loop
      vertex   3.874698e+01 3.256366e+01 0.000000e+00
      vertex   3.700000e+01 3.050000e+01 0.000000e+00
      vertex   3.836777e+01 3.280194e+01 0.000000e+00
    endloop
  endfacet
  facet normal -0.000000e+00 0.000000e+00 -1.000000e+00
    outer loop
      vertex   3.836777e+01 3.280194e+01 0.000000e+00
      vertex   3.700000e+01 3.050000e+01 0.000000e+00
      vertex   3.794504e+01 3.294986e+01 0.000000e+00
    endloop
  endfacet
  facet normal -0.000000e+00 0.000000e+00 -1.000000e+00
    outer loop
      vertex   3.794504e+01 3.294986e+01 0.000000e+00
      vertex   3.700000e+01 3.050000e+01 0.000000e+00
      vertex   3.750000e+01 3.300000e+01 0.000000e+00
    endloop
  endfacet
  facet normal 0.000000e+00 0.000000e+00 -1.000000e+00
    outer loop
      vertex   3.750000e+01 3.300000e+01 0.000000e+00
      vertex   3.700000e+01 3.050000e+01 0.000000e+00
      vertex   -3.700000e+01 3.050000e+01 0.000000e+00
    endloop
  endfacet
  facet normal -0.000000e+00 0.000000e+00 -1.000000e+00
    outer loop
      vertex   3.750000e+01 3.300000e+01 0.000000e+00
      vertex   -3.700000e+01 3.050000e+01 0.000000e+00
      vertex   -3.750000e+01 3.300000e+01 0.000000e+00
    endloop
  endfacet
  facet normal 0.000000e+00 -0.000000e+00 -1.000000e+00
    outer loop
      vertex   -3.750000e+01 3.300000e+01 0.000000e+00
      vertex   -3.700000e+01 3.050000e+01 0.000000e+00
      vertex   -3.794504e+01 3.294986e+01 0.000000e+00
    endloop
  endfacet
  facet normal 0.000000e+00 -0.000000e+00 -1.000000e+00
    outer loop
      vertex   -3.794504e+01 3.294986e+01 0.000000e+00
      vertex   -3.700000e+01 3.050000e+01 0.000000e+00
      vertex   -3.836777e+01 3.280194e+01 0.000000e+00
    endloop
  endfacet
  facet normal 0.000000e+00 -0.000000e+00 -1.000000e+00
    outer loop
      vertex   -3.836777e+01 3.280194e+01 0.000000e+00
      vertex   -3.700000e+01 3.050000e+01 0.000000e+00
      vertex   -3.874698e+01 3.256366e+01 0.000000e+00
    endloop
  endfacet
  facet normal 0.000000e+00 -0.000000e+00 -1.000000e+00
    outer loop
      vertex   -3.874698e+01 3.256366e+01 0.000000e+00
      vertex   -3.700000e+01 3.050000e+01 0.000000e+00
      vertex   -3.906366e+01 3.224698e+01 0.000000e+00
    endloop
  endfacet
  facet normal 0.000000e+00 -0.000000e+00 -1.000000e+00
    outer loop
      vertex   -3.906366e+01 3.224698e+01 0.000000e+00
      vertex   -3.700000e+01 3.050000e+01 0.000000e+00
      vertex   -3.930194e+01 3.186777e+01 0.000000e+00
    endloop
  endfacet
  facet normal 0.000000e+00 -0.000000e+00 -1.000000e+00
    outer loop
      vertex   -3.930194e+01 3.186777e+01 0.000000e+00
      vertex   -3.700000e+01 3.050000e+01 0.000000e+00
      vertex   -3.944986e+01 3.144504e+01 0.000000e+00
    endloop
  endfacet
  facet normal 0.000000e+00 -0.000000e+00 -1.000000e+00
    outer loop
      vertex   -3.944986e+01 3.144504e+01 0.000000e+00
      vertex   -3.700000e+01 3.050000e+01 0.000000e+00
      vertex   -3.950000e+01 3.100000e+01 0.000000e+00
    endloop
  endfacet
  facet normal 0.000000e+00 0.000000e+00 -1.000000e+00
    outer loop
      vertex   -3.950000e+01 3.100000e+01 0.000000e+00
      vertex   -3.700000e+01 3.050000e+01 0.000000e+00
      vertex   -3.950000e+01 -3.100000e+01 0.000000e+00
    endloop
  endfacet
  facet normal 0.000000e+00 0.000000e+00 -1.000000e+00
    outer loop
      vertex   -3.950000e+01 -3.100000e+01 0.000000e+00
      vertex   -3.700000e+01 3.050000e+01 0.000000e+00
      vertex   -3.700000e+01 -3.050000e+01 0.000000e+00
    endloop
  endfacet
  facet normal 0.000000e+00 0.000000e+00 -1.000000e+00
    outer loop
      vertex   -3.950000e+01 -3.100000e+01 0.000000e+00
      vertex   -3.700000e+01 -3.050000e+01 0.000000e+00
      vertex   -3.944986e+01 -3.144504e+01 0.000000e+00
    endloop
  endfacet
  facet normal 0.000000e+00 0.000000e+00 -1.000000e+00
    outer loop
      vertex   -3.944986e+01 -3.144504e+01 0.000000e+00
      vertex   -3.700000e+01 -3.050000e+01 0.000000e+00
      vertex   -3.930194e+01 -3.186777e+01 0.000000e+00
    endloop
  endfacet
  facet normal 0.000000e+00 0.000000e+00 -1.000000e+00
    outer loop
      vertex   -3.930194e+01 -3.186777e+01 0.000000e+00
      vertex   -3.700000e+01 -3.050000e+01 0.000000e+00
      vertex   -3.906366e+01 -3.224698e+01 0.000000e+00
    endloop
  endfacet
  facet normal 0.000000e+00 0.000000e+00 -1.000000e+00
    outer loop
      vertex   -3.906366e+01 -3.224698e+01 0.000000e+00
      vertex   -3.700000e+01 -3.050000e+01 0.000000e+00
      vertex   -3.874698e+01 -3.256366e+01 0.000000e+00
    endloop
  endfacet
  facet normal 0.000000e+00 0.000000e+00 -1.000000e+00
    outer loop
      vertex   -3.874698e+01 -3.256366e+01 0.000000e+00
      vertex   -3.700000e+01 -3.050000e+01 0.000000e+00
      vertex   -3.836777e+01 -3.280194e+01 0.000000e+00
    endloop
  endfacet
  facet normal 0.000000e+00 0.000000e+00 -1.000000e+00
    outer loop
      vertex   -3.836777e+01 -3.280194e+01 0.000000e+00
      vertex   -3.700000e+01 -3.050000e+01 0.000000e+00
      vertex   -3.794504e+01 -3.294986e+01 0.000000e+00
    endloop
  endfacet
endsolid
