ISO-10303-21;
HEADER;
FILE_DESCRIPTION((''),'2;1');
FILE_NAME('transparent_body', '2026-04-19T13:09:52', (''), (''), 'ImageToStl.com STEP Converter','', '');
FILE_SCHEMA(('AUTOMOTIVE_DESIGN_CC2'));
ENDSEC;
DATA;
#1=PRODUCT_DEFINITION_CONTEXT('',#4,'design');
#2=APPLICATION_PROTOCOL_DEFINITION('INTERNATIONAL STANDARD','automotive_design',1994,#4);
#3=(GEOMETRIC_REPRESENTATION_CONTEXT(3)GLOBAL_UNCERTAINTY_ASSIGNED_CONTEXT((#5))GLOBAL_UNIT_ASSIGNED_CONTEXT((#6,#7,#8))REPRESENTATION_CONTEXT('NONE','WORKSPACE'));
#4=APPLICATION_CONTEXT(' ');
#5=UNCERTAINTY_MEASURE_WITH_UNIT(LENGTH_MEASURE(1.0E-006),#6,'','');
#6=(CONVERSION_BASED_UNIT('METRE',#10)LENGTH_UNIT()NAMED_UNIT(#11));
#7=(NAMED_UNIT(#12)PLANE_ANGLE_UNIT()SI_UNIT($,.RADIAN.));
#8=(NAMED_UNIT(#12)SOLID_ANGLE_UNIT()SI_UNIT($,.STERADIAN.));
#9=AXIS2_PLACEMENT_3D('',#14,#15,#16);
#10=LENGTH_MEASURE_WITH_UNIT(LENGTH_MEASURE(1.0),#17);
#11=DIMENSIONAL_EXPONENTS(1.0,0.0,0.0,0.0,0.0,0.0,0.0);
#12=DIMENSIONAL_EXPONENTS(0.0,0.0,0.0,0.0,0.0,0.0,0.0);
#13=PRODUCT_CONTEXT('',#4,'mechanical');
#14=CARTESIAN_POINT('',(0.0,0.0,0.0));
#15=DIRECTION('',(0.0,0.0,1.0));
#16=DIRECTION('',(1.0,0.0,0.0));
#17=(NAMED_UNIT(#11)LENGTH_UNIT()SI_UNIT(.MILLI.,.METRE.));
#18=PRESENTATION_STYLE_ASSIGNMENT((#19));
#19=SURFACE_STYLE_USAGE(.BOTH.,#20);
#20=SURFACE_SIDE_STYLE('',(#21));
#21=SURFACE_STYLE_FILL_AREA(#22);
#22=FILL_AREA_STYLE('',(#23));
#23=FILL_AREA_STYLE_COLOUR('',#24);
#24=COLOUR_RGB('',0.85,0.85,0.85);
#25=SHAPE_DEFINITION_REPRESENTATION(#26,#27);
#26=PRODUCT_DEFINITION_SHAPE('productshape0','',#30);
#27=MANIFOLD_SURFACE_SHAPE_REPRESENTATION('',(#28,#9),#3);
#28=SHELL_BASED_SURFACE_MODEL('shell0',(#33));
#29=PRODUCT('product0','','',(#13));
#30=PRODUCT_DEFINITION('mesh0','',#31,#2);
#31=PRODUCT_DEFINITION_FORMATION_WITH_SPECIFIED_SOURCE('prodsource0','',#29,.NOT_KNOWN.);
#32=STYLED_ITEM('',(#18),#33);
#33=CLOSED_SHELL('',(#818,#840,#862,#884,#906,#928,#950,#972,#994,#1016,#1038,#1060,#1082,#1104,#1126,#1148,#1170,#1192,#1214,#1236,#1258,#1280,#1302,#1324,#1346,#1368,#1390,#1412,#1434,#1456,#1478,#1500,#1522,#1544,#1566,#1588,#1610,#1632,#1654,#1676,#1698,#1720,#1742,#1764,#1786,#1808,#1830,#1852,#1874,#1896,#1918,#1940,#1962,#1984,#2006,#2028,#2050,#2072,#2094,#2116,#2138,#2160,#2182,#2204,#2226,#2248,#2270,#2292,#2314,#2336,#2358,#2380,#2402,#2424,#2446,#2468,#2490,#2512,#2534,#2556,#2578,#2600,#2622,#2644,#2666,#2688,#2710,#2732,#2754,#2776,#2798,#2820,#2842,#2864,#2886,#2908,#2930,#2952,#2974,#2996,#3018,#3040,#3062,#3084,#3106,#3128,#3150,#3172,#3194,#3216,#3238,#3260,#3282,#3304,#3326,#3348,#3370,#3392,#3414,#3436,#3458,#3480,#3502,#3524,#3546,#3568,#3590,#3612,#3634,#3656,#3678,#3700,#3722,#3744,#3766,#3788,#3810,#3832,#3854,#3876,#3898,#3920,#3942,#3964,#3986,#4008,#4030,#4052,#4074,#4096,#4118,#4140,#4162,#4184,#4206,#4228,#4250,#4272,#4294,#4316,#4338,#4360,#4382,#4404,#4426,#4448,#4470,#4492,#4514,#4536,#4558,#4580,#4602,#4624,#4646,#4668,#4690,#4712,#4734,#4756,#4778,#4800,#4822,#4844,#4866,#4888,#4910,#4932,#4954,#4976,#4998,#5020,#5042,#5064,#5086,#5108,#5130,#5152,#5174,#5196,#5218,#5240,#5262,#5284,#5306,#5328,#5350,#5372,#5394,#5416,#5438,#5460,#5482,#5504,#5526,#5548,#5570,#5592,#5614,#5636,#5658,#5680,#5702,#5724,#5746,#5768,#5790,#5812,#5834,#5856,#5878,#5900,#5922,#5944,#5966,#5988,#6010,#6032,#6054,#6076,#6098,#6120,#6142,#6164,#6186,#6208,#6230,#6252,#6274,#6296,#6318,#6340,#6362,#6384,#6406,#6428,#6450,#6472,#6494,#6516,#6538,#6560,#6582,#6604,#6626,#6648,#6670,#6692,#6714,#6736,#6758,#6780,#6802,#6824,#6846,#6868,#6890,#6912,#6934,#6956,#6978,#7000,#7022,#7044,#7066,#7088,#7110,#7132,#7154,#7176,#7198,#7220,#7242,#7264,#7286,#7308,#7330,#7352,#7374,#7396,#7418,#7440,#7462,#7484,#7506,#7528,#7550,#7572,#7594,#7616,#7638,#7660,#7682,#7704,#7726,#7748,#7770,#7792,#7814,#7836,#7858,#7880,#7902,#7924,#7946,#7968,#7990,#8012,#8034,#8056,#8078,#8100,#8122,#8144,#8166,#8188,#8210,#8232,#8254,#8276,#8298,#8320,#8342,#8364,#8386,#8408,#8430,#8452,#8474,#8496,#8518,#8540,#8562,#8584,#8606,#8628,#8650,#8672,#8694,#8716,#8738,#8760,#8782,#8804,#8826,#8848,#8870,#8892,#8914,#8936,#8958,#8980,#9002,#9024,#9046,#9068,#9090,#9112,#9134,#9156,#9178,#9200,#9222,#9244,#9266,#9288,#9310,#9332,#9354,#9376,#9398,#9420,#9442,#9464,#9486,#9508,#9530,#9552,#9574,#9596,#9618,#9640,#9662,#9684,#9706,#9728,#9750,#9772,#9794,#9816,#9838,#9860,#9882,#9904,#9926,#9948,#9970,#9992,#10014,#10036,#10058,#10080,#10102,#10124,#10146,#10168,#10190,#10212,#10234,#10256,#10278,#10300,#10322,#10344,#10366,#10388,#10410,#10432,#10454,#10476,#10498,#10520,#10542,#10564,#10586,#10608,#10630,#10652,#10674,#10696,#10718,#10740,#10762,#10784,#10806,#10828,#10850,#10872,#10894,#10916,#10938,#10960,#10982,#11004,#11026,#11048,#11070,#11092,#11114,#11136,#11158,#11180,#11202,#11224,#11246,#11268,#11290,#11312,#11334,#11356,#11378,#11400,#11422,#11444,#11466,#11488,#11510,#11532,#11554,#11576,#11598,#11620,#11642,#11664,#11686,#11708,#11730,#11752,#11774,#11796,#11818,#11840,#11862,#11884,#11906,#11928,#11950,#11972,#11994,#12016,#12038,#12060,#12082,#12104,#12126,#12148,#12170,#12192,#12214,#12236,#12258,#12280,#12302,#12324,#12346,#12368,#12390,#12412,#12434,#12456,#12478,#12500,#12522,#12544,#12566,#12588,#12610,#12632,#12654,#12676,#12698,#12720,#12742,#12764,#12786,#12808,#12830,#12852,#12874,#12896,#12918,#12940,#12962,#12984,#13006,#13028,#13050,#13072,#13094,#13116,#13138,#13160,#13182,#13204,#13226,#13248,#13270,#13292,#13314,#13336,#13358,#13380,#13402,#13424,#13446,#13468,#13490,#13512,#13534,#13556,#13578,#13600,#13622,#13644,#13666,#13688,#13710,#13732,#13754,#13776,#13798,#13820,#13842,#13864,#13886,#13908,#13930,#13952,#13974,#13996,#14018,#14040,#14062,#14084,#14106,#14128,#14150,#14172,#14194,#14216,#14238,#14260,#14282,#14304,#14326,#14348,#14370,#14392,#14414,#14436,#14458,#14480,#14502,#14524,#14546,#14568,#14590,#14612,#14634,#14656,#14678,#14700,#14722,#14744,#14766,#14788,#14810,#14832,#14854,#14876,#14898,#14920,#14942,#14964,#14986,#15008,#15030,#15052,#15074,#15096,#15118,#15140,#15162,#15184,#15206,#15228,#15250,#15272,#15294,#15316,#15338,#15360,#15382,#15404,#15426,#15448,#15470,#15492,#15514,#15536,#15558,#15580,#15602,#15624,#15646,#15668,#15690,#15712,#15734,#15756,#15778,#15800,#15822,#15844,#15866,#15888,#15910,#15932,#15954,#15976,#15998,#16020,#16042,#16064,#16086,#16108,#16130,#16152,#16174,#16196,#16218,#16240,#16262,#16284,#16306,#16328,#16350,#16372,#16394,#16416,#16438,#16460,#16482,#16504,#16526,#16548,#16570,#16592,#16614,#16636,#16658,#16680,#16702,#16724,#16746,#16768,#16790,#16812,#16834,#16856,#16878,#16900,#16922,#16944,#16966,#16988,#17010,#17032,#17054,#17076,#17098,#17120,#17142,#17164,#17186,#17208,#17230,#17252,#17274,#17296,#17318,#17340,#17362,#17384,#17406,#17428,#17450,#17472,#17494,#17516,#17538,#17560,#17582,#17604,#17626,#17648,#17670,#17692,#17714,#17736,#17758,#17780,#17802,#17824,#17846,#17868,#17890,#17912,#17934,#17956,#17978,#18000,#18022,#18044,#18066,#18088,#18110,#18132,#18154,#18176,#18198,#18220,#18242,#18264,#18286,#18308,#18330,#18352,#18374,#18396,#18418,#18440,#18462,#18484));
#34=CARTESIAN_POINT('',(-37.94504,-32.94986,18));
#35=VERTEX_POINT('',#34);
#36=CARTESIAN_POINT('',(-38.01764,-32.93185,9));
#37=VERTEX_POINT('',#36);
#38=CARTESIAN_POINT('',(-37.5,-33,18));
#39=VERTEX_POINT('',#38);
#40=CARTESIAN_POINT('',(-37.94504,-32.94986,0));
#41=VERTEX_POINT('',#40);
#42=CARTESIAN_POINT('',(-37.5,-33,0));
#43=VERTEX_POINT('',#42);
#44=CARTESIAN_POINT('',(-38.36777,-32.80194,18));
#45=VERTEX_POINT('',#44);
#46=CARTESIAN_POINT('',(-38.5,-32.73205,9));
#47=VERTEX_POINT('',#46);
#48=CARTESIAN_POINT('',(-38.36777,-32.80194,0));
#49=VERTEX_POINT('',#48);
#50=CARTESIAN_POINT('',(-38.74698,-32.56366,0));
#51=VERTEX_POINT('',#50);
#52=CARTESIAN_POINT('',(-38.91421,-32.41421,9));
#53=VERTEX_POINT('',#52);
#54=CARTESIAN_POINT('',(-39.06366,-32.24698,0));
#55=VERTEX_POINT('',#54);
#56=CARTESIAN_POINT('',(-39.23205,-32,9));
#57=VERTEX_POINT('',#56);
#58=CARTESIAN_POINT('',(-39.30194,-31.86777,0));
#59=VERTEX_POINT('',#58);
#60=CARTESIAN_POINT('',(-39.43185,-31.51764,9));
#61=VERTEX_POINT('',#60);
#62=CARTESIAN_POINT('',(-39.44986,-31.44504,0));
#63=VERTEX_POINT('',#62);
#64=CARTESIAN_POINT('',(-39.5,-31,0));
#65=VERTEX_POINT('',#64);
#66=CARTESIAN_POINT('',(-39.44986,-31.44504,18));
#67=VERTEX_POINT('',#66);
#68=CARTESIAN_POINT('',(-39.5,-31,18));
#69=VERTEX_POINT('',#68);
#70=CARTESIAN_POINT('',(-38.74698,-32.56366,18));
#71=VERTEX_POINT('',#70);
#72=CARTESIAN_POINT('',(-39.06366,-32.24698,18));
#73=VERTEX_POINT('',#72);
#74=CARTESIAN_POINT('',(-39.30194,-31.86777,18));
#75=VERTEX_POINT('',#74);
#76=CARTESIAN_POINT('',(-39.5,31,18));
#77=VERTEX_POINT('',#76);
#78=CARTESIAN_POINT('',(-39.5,31,0));
#79=VERTEX_POINT('',#78);
#80=CARTESIAN_POINT('',(32.45452,-27.08589,18));
#81=VERTEX_POINT('',#80);
#82=CARTESIAN_POINT('',(-32.45452,-27.08589,18));
#83=VERTEX_POINT('',#82);
#84=CARTESIAN_POINT('',(32.4,-27.5,18));
#85=VERTEX_POINT('',#84);
#86=CARTESIAN_POINT('',(-32.4,-27.5,18));
#87=VERTEX_POINT('',#86);
#88=CARTESIAN_POINT('',(32.45452,-27.91411,18));
#89=VERTEX_POINT('',#88);
#90=CARTESIAN_POINT('',(-32.45452,-27.91411,18));
#91=VERTEX_POINT('',#90);
#92=CARTESIAN_POINT('',(32.61436,-28.3,18));
#93=VERTEX_POINT('',#92);
#94=CARTESIAN_POINT('',(-32.61436,-28.3,18));
#95=VERTEX_POINT('',#94);
#96=CARTESIAN_POINT('',(32.86863,-28.63137,18));
#97=VERTEX_POINT('',#96);
#98=CARTESIAN_POINT('',(-32.86863,-28.63137,18));
#99=VERTEX_POINT('',#98);
#100=CARTESIAN_POINT('',(37.5,-33,18));
#101=VERTEX_POINT('',#100);
#102=CARTESIAN_POINT('',(-33.2,-28.88564,18));
#103=VERTEX_POINT('',#102);
#104=CARTESIAN_POINT('',(-33.58589,-29.04548,18));
#105=VERTEX_POINT('',#104);
#106=CARTESIAN_POINT('',(-32.61436,-26.7,18));
#107=VERTEX_POINT('',#106);
#108=CARTESIAN_POINT('',(32.61436,-26.7,18));
#109=VERTEX_POINT('',#108);
#110=CARTESIAN_POINT('',(-32.86863,-26.36863,18));
#111=VERTEX_POINT('',#110);
#112=CARTESIAN_POINT('',(32.86863,-26.36863,18));
#113=VERTEX_POINT('',#112);
#114=CARTESIAN_POINT('',(-32.86863,26.36863,18));
#115=VERTEX_POINT('',#114);
#116=CARTESIAN_POINT('',(32.86863,26.36863,18));
#117=VERTEX_POINT('',#116);
#118=CARTESIAN_POINT('',(-32.61436,26.7,18));
#119=VERTEX_POINT('',#118);
#120=CARTESIAN_POINT('',(32.61436,26.7,18));
#121=VERTEX_POINT('',#120);
#122=CARTESIAN_POINT('',(-32.45452,27.08589,18));
#123=VERTEX_POINT('',#122);
#124=CARTESIAN_POINT('',(32.45452,27.08589,18));
#125=VERTEX_POINT('',#124);
#126=CARTESIAN_POINT('',(-32.4,27.5,18));
#127=VERTEX_POINT('',#126);
#128=CARTESIAN_POINT('',(32.4,27.5,18));
#129=VERTEX_POINT('',#128);
#130=CARTESIAN_POINT('',(-32.45452,27.91411,18));
#131=VERTEX_POINT('',#130);
#132=CARTESIAN_POINT('',(32.45452,27.91411,18));
#133=VERTEX_POINT('',#132);
#134=CARTESIAN_POINT('',(-32.61436,28.3,18));
#135=VERTEX_POINT('',#134);
#136=CARTESIAN_POINT('',(32.61436,28.3,18));
#137=VERTEX_POINT('',#136);
#138=CARTESIAN_POINT('',(-32.86863,28.63137,18));
#139=VERTEX_POINT('',#138);
#140=CARTESIAN_POINT('',(32.86863,28.63137,18));
#141=VERTEX_POINT('',#140);
#142=CARTESIAN_POINT('',(-37.5,33,18));
#143=VERTEX_POINT('',#142);
#144=CARTESIAN_POINT('',(37.5,33,18));
#145=VERTEX_POINT('',#144);
#146=CARTESIAN_POINT('',(33.2,28.88564,18));
#147=VERTEX_POINT('',#146);
#148=CARTESIAN_POINT('',(33.58589,29.04548,18));
#149=VERTEX_POINT('',#148);
#150=CARTESIAN_POINT('',(33.2,26.11436,18));
#151=VERTEX_POINT('',#150);
#152=CARTESIAN_POINT('',(33.2,-26.11436,18));
#153=VERTEX_POINT('',#152);
#154=CARTESIAN_POINT('',(33.58589,25.95452,18));
#155=VERTEX_POINT('',#154);
#156=CARTESIAN_POINT('',(33.58589,-25.95452,18));
#157=VERTEX_POINT('',#156);
#158=CARTESIAN_POINT('',(34,25.9,18));
#159=VERTEX_POINT('',#158);
#160=CARTESIAN_POINT('',(34,-25.9,18));
#161=VERTEX_POINT('',#160);
#162=CARTESIAN_POINT('',(34.41411,-25.95452,18));
#163=VERTEX_POINT('',#162);
#164=CARTESIAN_POINT('',(34.41411,25.95452,18));
#165=VERTEX_POINT('',#164);
#166=CARTESIAN_POINT('',(34.8,-26.11436,18));
#167=VERTEX_POINT('',#166);
#168=CARTESIAN_POINT('',(34.8,26.11436,18));
#169=VERTEX_POINT('',#168);
#170=CARTESIAN_POINT('',(35.13137,-26.36863,18));
#171=VERTEX_POINT('',#170);
#172=CARTESIAN_POINT('',(35.13137,26.36863,18));
#173=VERTEX_POINT('',#172);
#174=CARTESIAN_POINT('',(39.5,-31,18));
#175=VERTEX_POINT('',#174);
#176=CARTESIAN_POINT('',(39.5,31,18));
#177=VERTEX_POINT('',#176);
#178=CARTESIAN_POINT('',(35.38564,-26.7,18));
#179=VERTEX_POINT('',#178);
#180=CARTESIAN_POINT('',(35.54548,-27.08589,18));
#181=VERTEX_POINT('',#180);
#182=CARTESIAN_POINT('',(35.6,-27.5,18));
#183=VERTEX_POINT('',#182);
#184=CARTESIAN_POINT('',(35.54548,-27.91411,18));
#185=VERTEX_POINT('',#184);
#186=CARTESIAN_POINT('',(35.38564,-28.3,18));
#187=VERTEX_POINT('',#186);
#188=CARTESIAN_POINT('',(35.13137,-28.63137,18));
#189=VERTEX_POINT('',#188);
#190=CARTESIAN_POINT('',(34.8,-28.88564,18));
#191=VERTEX_POINT('',#190);
#192=CARTESIAN_POINT('',(39.44986,-31.44504,18));
#193=VERTEX_POINT('',#192);
#194=CARTESIAN_POINT('',(39.30194,-31.86777,18));
#195=VERTEX_POINT('',#194);
#196=CARTESIAN_POINT('',(39.06366,-32.24698,18));
#197=VERTEX_POINT('',#196);
#198=CARTESIAN_POINT('',(38.74698,-32.56366,18));
#199=VERTEX_POINT('',#198);
#200=CARTESIAN_POINT('',(38.36777,-32.80194,18));
#201=VERTEX_POINT('',#200);
#202=CARTESIAN_POINT('',(37.94504,-32.94986,18));
#203=VERTEX_POINT('',#202);
#204=CARTESIAN_POINT('',(34.41411,-29.04548,18));
#205=VERTEX_POINT('',#204);
#206=CARTESIAN_POINT('',(34,-29.1,18));
#207=VERTEX_POINT('',#206);
#208=CARTESIAN_POINT('',(33.58589,-29.04548,18));
#209=VERTEX_POINT('',#208);
#210=CARTESIAN_POINT('',(33.2,-28.88564,18));
#211=VERTEX_POINT('',#210);
#212=CARTESIAN_POINT('',(-35.54548,27.08589,18));
#213=VERTEX_POINT('',#212);
#214=CARTESIAN_POINT('',(-35.6,27.5,18));
#215=VERTEX_POINT('',#214);
#216=CARTESIAN_POINT('',(-35.54548,27.91411,18));
#217=VERTEX_POINT('',#216);
#218=CARTESIAN_POINT('',(-35.38564,28.3,18));
#219=VERTEX_POINT('',#218);
#220=CARTESIAN_POINT('',(-35.13137,28.63137,18));
#221=VERTEX_POINT('',#220);
#222=CARTESIAN_POINT('',(-34.8,28.88564,18));
#223=VERTEX_POINT('',#222);
#224=CARTESIAN_POINT('',(-34.41411,29.04548,18));
#225=VERTEX_POINT('',#224);
#226=CARTESIAN_POINT('',(-34,29.1,18));
#227=VERTEX_POINT('',#226);
#228=CARTESIAN_POINT('',(-33.58589,29.04548,18));
#229=VERTEX_POINT('',#228);
#230=CARTESIAN_POINT('',(-33.2,28.88564,18));
#231=VERTEX_POINT('',#230);
#232=CARTESIAN_POINT('',(-33.2,26.11436,18));
#233=VERTEX_POINT('',#232);
#234=CARTESIAN_POINT('',(-33.2,-26.11436,18));
#235=VERTEX_POINT('',#234);
#236=CARTESIAN_POINT('',(-33.58589,25.95452,18));
#237=VERTEX_POINT('',#236);
#238=CARTESIAN_POINT('',(-33.58589,-25.95452,18));
#239=VERTEX_POINT('',#238);
#240=CARTESIAN_POINT('',(-34,25.9,18));
#241=VERTEX_POINT('',#240);
#242=CARTESIAN_POINT('',(-34,-25.9,18));
#243=VERTEX_POINT('',#242);
#244=CARTESIAN_POINT('',(-34.41411,-25.95452,18));
#245=VERTEX_POINT('',#244);
#246=CARTESIAN_POINT('',(-34.41411,25.95452,18));
#247=VERTEX_POINT('',#246);
#248=CARTESIAN_POINT('',(-34.8,-26.11436,18));
#249=VERTEX_POINT('',#248);
#250=CARTESIAN_POINT('',(-34.8,26.11436,18));
#251=VERTEX_POINT('',#250);
#252=CARTESIAN_POINT('',(-35.13137,-26.36863,18));
#253=VERTEX_POINT('',#252);
#254=CARTESIAN_POINT('',(-35.13137,26.36863,18));
#255=VERTEX_POINT('',#254);
#256=CARTESIAN_POINT('',(-35.38564,26.7,18));
#257=VERTEX_POINT('',#256);
#258=CARTESIAN_POINT('',(34,29.1,18));
#259=VERTEX_POINT('',#258);
#260=CARTESIAN_POINT('',(34.41411,29.04548,18));
#261=VERTEX_POINT('',#260);
#262=CARTESIAN_POINT('',(34.8,28.88564,18));
#263=VERTEX_POINT('',#262);
#264=CARTESIAN_POINT('',(35.13137,28.63137,18));
#265=VERTEX_POINT('',#264);
#266=CARTESIAN_POINT('',(35.38564,28.3,18));
#267=VERTEX_POINT('',#266);
#268=CARTESIAN_POINT('',(35.54548,27.91411,18));
#269=VERTEX_POINT('',#268);
#270=CARTESIAN_POINT('',(35.6,27.5,18));
#271=VERTEX_POINT('',#270);
#272=CARTESIAN_POINT('',(35.54548,27.08589,18));
#273=VERTEX_POINT('',#272);
#274=CARTESIAN_POINT('',(35.38564,26.7,18));
#275=VERTEX_POINT('',#274);
#276=CARTESIAN_POINT('',(-35.54548,-27.91411,18));
#277=VERTEX_POINT('',#276);
#278=CARTESIAN_POINT('',(-35.6,-27.5,18));
#279=VERTEX_POINT('',#278);
#280=CARTESIAN_POINT('',(-35.54548,-27.08589,18));
#281=VERTEX_POINT('',#280);
#282=CARTESIAN_POINT('',(-35.38564,-26.7,18));
#283=VERTEX_POINT('',#282);
#284=CARTESIAN_POINT('',(-34,-29.1,18));
#285=VERTEX_POINT('',#284);
#286=CARTESIAN_POINT('',(-34.41411,-29.04548,18));
#287=VERTEX_POINT('',#286);
#288=CARTESIAN_POINT('',(-34.8,-28.88564,18));
#289=VERTEX_POINT('',#288);
#290=CARTESIAN_POINT('',(-35.13137,-28.63137,18));
#291=VERTEX_POINT('',#290);
#292=CARTESIAN_POINT('',(-35.38564,-28.3,18));
#293=VERTEX_POINT('',#292);
#294=CARTESIAN_POINT('',(39.44986,31.44504,18));
#295=VERTEX_POINT('',#294);
#296=CARTESIAN_POINT('',(39.30194,31.86777,18));
#297=VERTEX_POINT('',#296);
#298=CARTESIAN_POINT('',(39.06366,32.24698,18));
#299=VERTEX_POINT('',#298);
#300=CARTESIAN_POINT('',(38.74698,32.56366,18));
#301=VERTEX_POINT('',#300);
#302=CARTESIAN_POINT('',(38.36777,32.80194,18));
#303=VERTEX_POINT('',#302);
#304=CARTESIAN_POINT('',(37.94504,32.94986,18));
#305=VERTEX_POINT('',#304);
#306=CARTESIAN_POINT('',(-37.94504,32.94986,18));
#307=VERTEX_POINT('',#306);
#308=CARTESIAN_POINT('',(-38.36777,32.80194,18));
#309=VERTEX_POINT('',#308);
#310=CARTESIAN_POINT('',(-38.74698,32.56366,18));
#311=VERTEX_POINT('',#310);
#312=CARTESIAN_POINT('',(-39.06366,32.24698,18));
#313=VERTEX_POINT('',#312);
#314=CARTESIAN_POINT('',(-39.30194,31.86777,18));
#315=VERTEX_POINT('',#314);
#316=CARTESIAN_POINT('',(-39.44986,31.44504,18));
#317=VERTEX_POINT('',#316);
#318=CARTESIAN_POINT('',(39.43185,-31.51764,9));
#319=VERTEX_POINT('',#318);
#320=CARTESIAN_POINT('',(39.44986,-31.44504,0));
#321=VERTEX_POINT('',#320);
#322=CARTESIAN_POINT('',(39.5,-31,0));
#323=VERTEX_POINT('',#322);
#324=CARTESIAN_POINT('',(39.23205,-32,9));
#325=VERTEX_POINT('',#324);
#326=CARTESIAN_POINT('',(39.30194,-31.86777,0));
#327=VERTEX_POINT('',#326);
#328=CARTESIAN_POINT('',(39.06366,-32.24698,0));
#329=VERTEX_POINT('',#328);
#330=CARTESIAN_POINT('',(38.91421,-32.41421,9));
#331=VERTEX_POINT('',#330);
#332=CARTESIAN_POINT('',(38.74698,-32.56366,0));
#333=VERTEX_POINT('',#332);
#334=CARTESIAN_POINT('',(38.5,-32.73205,9));
#335=VERTEX_POINT('',#334);
#336=CARTESIAN_POINT('',(38.36777,-32.80194,0));
#337=VERTEX_POINT('',#336);
#338=CARTESIAN_POINT('',(38.01764,-32.93185,9));
#339=VERTEX_POINT('',#338);
#340=CARTESIAN_POINT('',(37.94504,-32.94986,0));
#341=VERTEX_POINT('',#340);
#342=CARTESIAN_POINT('',(37.5,-33,0));
#343=VERTEX_POINT('',#342);
#344=CARTESIAN_POINT('',(39.5,31,0));
#345=VERTEX_POINT('',#344);
#346=CARTESIAN_POINT('',(38.01764,32.93185,9));
#347=VERTEX_POINT('',#346);
#348=CARTESIAN_POINT('',(37.94504,32.94986,0));
#349=VERTEX_POINT('',#348);
#350=CARTESIAN_POINT('',(37.5,33,0));
#351=VERTEX_POINT('',#350);
#352=CARTESIAN_POINT('',(38.5,32.73205,9));
#353=VERTEX_POINT('',#352);
#354=CARTESIAN_POINT('',(38.36777,32.80194,0));
#355=VERTEX_POINT('',#354);
#356=CARTESIAN_POINT('',(38.74698,32.56366,0));
#357=VERTEX_POINT('',#356);
#358=CARTESIAN_POINT('',(38.91421,32.41421,9));
#359=VERTEX_POINT('',#358);
#360=CARTESIAN_POINT('',(39.06366,32.24698,0));
#361=VERTEX_POINT('',#360);
#362=CARTESIAN_POINT('',(39.23205,32,9));
#363=VERTEX_POINT('',#362);
#364=CARTESIAN_POINT('',(39.30194,31.86777,0));
#365=VERTEX_POINT('',#364);
#366=CARTESIAN_POINT('',(39.43185,31.51764,9));
#367=VERTEX_POINT('',#366);
#368=CARTESIAN_POINT('',(39.44986,31.44504,0));
#369=VERTEX_POINT('',#368);
#370=CARTESIAN_POINT('',(-39.43185,31.51764,9));
#371=VERTEX_POINT('',#370);
#372=CARTESIAN_POINT('',(-39.44986,31.44504,0));
#373=VERTEX_POINT('',#372);
#374=CARTESIAN_POINT('',(-39.23205,32,9));
#375=VERTEX_POINT('',#374);
#376=CARTESIAN_POINT('',(-39.30194,31.86777,0));
#377=VERTEX_POINT('',#376);
#378=CARTESIAN_POINT('',(-39.06366,32.24698,0));
#379=VERTEX_POINT('',#378);
#380=CARTESIAN_POINT('',(-38.91421,32.41421,9));
#381=VERTEX_POINT('',#380);
#382=CARTESIAN_POINT('',(-38.74698,32.56366,0));
#383=VERTEX_POINT('',#382);
#384=CARTESIAN_POINT('',(-38.5,32.73205,9));
#385=VERTEX_POINT('',#384);
#386=CARTESIAN_POINT('',(-38.36777,32.80194,0));
#387=VERTEX_POINT('',#386);
#388=CARTESIAN_POINT('',(-38.01764,32.93185,9));
#389=VERTEX_POINT('',#388);
#390=CARTESIAN_POINT('',(-37.94504,32.94986,0));
#391=VERTEX_POINT('',#390);
#392=CARTESIAN_POINT('',(-37.5,33,0));
#393=VERTEX_POINT('',#392);
#394=CARTESIAN_POINT('',(32.45452,-27.08589,5.5));
#395=VERTEX_POINT('',#394);
#396=CARTESIAN_POINT('',(32.45452,-27.08589,11.75));
#397=VERTEX_POINT('',#396);
#398=CARTESIAN_POINT('',(32.4,-27.5,5.5));
#399=VERTEX_POINT('',#398);
#400=CARTESIAN_POINT('',(32.4,-27.5,11.75));
#401=VERTEX_POINT('',#400);
#402=CARTESIAN_POINT('',(32.45452,-27.91411,5.5));
#403=VERTEX_POINT('',#402);
#404=CARTESIAN_POINT('',(32.45452,-27.91411,11.75));
#405=VERTEX_POINT('',#404);
#406=CARTESIAN_POINT('',(32.61436,-28.3,5.5));
#407=VERTEX_POINT('',#406);
#408=CARTESIAN_POINT('',(32.61436,-28.3,11.75));
#409=VERTEX_POINT('',#408);
#410=CARTESIAN_POINT('',(32.86863,-28.63137,5.5));
#411=VERTEX_POINT('',#410);
#412=CARTESIAN_POINT('',(32.86863,-28.63137,11.75));
#413=VERTEX_POINT('',#412);
#414=CARTESIAN_POINT('',(33.2,-28.88564,5.5));
#415=VERTEX_POINT('',#414);
#416=CARTESIAN_POINT('',(33.2,-28.88564,11.75));
#417=VERTEX_POINT('',#416);
#418=CARTESIAN_POINT('',(33.58589,-29.04548,5.5));
#419=VERTEX_POINT('',#418);
#420=CARTESIAN_POINT('',(33.58589,-29.04548,11.75));
#421=VERTEX_POINT('',#420);
#422=CARTESIAN_POINT('',(34,-29.1,5.5));
#423=VERTEX_POINT('',#422);
#424=CARTESIAN_POINT('',(34,-29.1,11.75));
#425=VERTEX_POINT('',#424);
#426=CARTESIAN_POINT('',(34.41411,-29.04548,5.5));
#427=VERTEX_POINT('',#426);
#428=CARTESIAN_POINT('',(34.41411,-29.04548,11.75));
#429=VERTEX_POINT('',#428);
#430=CARTESIAN_POINT('',(34.8,-28.88564,5.5));
#431=VERTEX_POINT('',#430);
#432=CARTESIAN_POINT('',(34.8,-28.88564,11.75));
#433=VERTEX_POINT('',#432);
#434=CARTESIAN_POINT('',(35.13137,-28.63137,5.5));
#435=VERTEX_POINT('',#434);
#436=CARTESIAN_POINT('',(35.13137,-28.63137,11.75));
#437=VERTEX_POINT('',#436);
#438=CARTESIAN_POINT('',(35.38564,-28.3,5.5));
#439=VERTEX_POINT('',#438);
#440=CARTESIAN_POINT('',(35.38564,-28.3,11.75));
#441=VERTEX_POINT('',#440);
#442=CARTESIAN_POINT('',(35.54548,-27.91411,5.5));
#443=VERTEX_POINT('',#442);
#444=CARTESIAN_POINT('',(35.54548,-27.91411,11.75));
#445=VERTEX_POINT('',#444);
#446=CARTESIAN_POINT('',(35.6,-27.5,5.5));
#447=VERTEX_POINT('',#446);
#448=CARTESIAN_POINT('',(35.6,-27.5,11.75));
#449=VERTEX_POINT('',#448);
#450=CARTESIAN_POINT('',(35.54548,-27.08589,5.5));
#451=VERTEX_POINT('',#450);
#452=CARTESIAN_POINT('',(35.54548,-27.08589,11.75));
#453=VERTEX_POINT('',#452);
#454=CARTESIAN_POINT('',(35.38564,-26.7,5.5));
#455=VERTEX_POINT('',#454);
#456=CARTESIAN_POINT('',(35.38564,-26.7,11.75));
#457=VERTEX_POINT('',#456);
#458=CARTESIAN_POINT('',(35.13137,-26.36863,5.5));
#459=VERTEX_POINT('',#458);
#460=CARTESIAN_POINT('',(35.13137,-26.36863,11.75));
#461=VERTEX_POINT('',#460);
#462=CARTESIAN_POINT('',(34.8,-26.11436,5.5));
#463=VERTEX_POINT('',#462);
#464=CARTESIAN_POINT('',(34.8,-26.11436,11.75));
#465=VERTEX_POINT('',#464);
#466=CARTESIAN_POINT('',(34.41411,-25.95452,5.5));
#467=VERTEX_POINT('',#466);
#468=CARTESIAN_POINT('',(34.41411,-25.95452,11.75));
#469=VERTEX_POINT('',#468);
#470=CARTESIAN_POINT('',(34,-25.9,5.5));
#471=VERTEX_POINT('',#470);
#472=CARTESIAN_POINT('',(34,-25.9,11.75));
#473=VERTEX_POINT('',#472);
#474=CARTESIAN_POINT('',(33.58589,-25.95452,5.5));
#475=VERTEX_POINT('',#474);
#476=CARTESIAN_POINT('',(33.58589,-25.95452,11.75));
#477=VERTEX_POINT('',#476);
#478=CARTESIAN_POINT('',(33.2,-26.11436,5.5));
#479=VERTEX_POINT('',#478);
#480=CARTESIAN_POINT('',(33.2,-26.11436,11.75));
#481=VERTEX_POINT('',#480);
#482=CARTESIAN_POINT('',(32.86863,-26.36863,5.5));
#483=VERTEX_POINT('',#482);
#484=CARTESIAN_POINT('',(32.86863,-26.36863,11.75));
#485=VERTEX_POINT('',#484);
#486=CARTESIAN_POINT('',(32.61436,-26.7,5.5));
#487=VERTEX_POINT('',#486);
#488=CARTESIAN_POINT('',(32.61436,-26.7,11.75));
#489=VERTEX_POINT('',#488);
#490=CARTESIAN_POINT('',(-35.54548,27.91411,5.5));
#491=VERTEX_POINT('',#490);
#492=CARTESIAN_POINT('',(-35.54548,27.91411,11.75));
#493=VERTEX_POINT('',#492);
#494=CARTESIAN_POINT('',(-35.6,27.5,5.5));
#495=VERTEX_POINT('',#494);
#496=CARTESIAN_POINT('',(-35.6,27.5,11.75));
#497=VERTEX_POINT('',#496);
#498=CARTESIAN_POINT('',(-35.54548,27.08589,5.5));
#499=VERTEX_POINT('',#498);
#500=CARTESIAN_POINT('',(-35.54548,27.08589,11.75));
#501=VERTEX_POINT('',#500);
#502=CARTESIAN_POINT('',(-35.38564,26.7,5.5));
#503=VERTEX_POINT('',#502);
#504=CARTESIAN_POINT('',(-35.38564,26.7,11.75));
#505=VERTEX_POINT('',#504);
#506=CARTESIAN_POINT('',(-35.13137,26.36863,5.5));
#507=VERTEX_POINT('',#506);
#508=CARTESIAN_POINT('',(-35.13137,26.36863,11.75));
#509=VERTEX_POINT('',#508);
#510=CARTESIAN_POINT('',(-34.8,26.11436,5.5));
#511=VERTEX_POINT('',#510);
#512=CARTESIAN_POINT('',(-34.8,26.11436,11.75));
#513=VERTEX_POINT('',#512);
#514=CARTESIAN_POINT('',(-34.41411,25.95452,5.5));
#515=VERTEX_POINT('',#514);
#516=CARTESIAN_POINT('',(-34.41411,25.95452,11.75));
#517=VERTEX_POINT('',#516);
#518=CARTESIAN_POINT('',(-34,25.9,5.5));
#519=VERTEX_POINT('',#518);
#520=CARTESIAN_POINT('',(-34,25.9,11.75));
#521=VERTEX_POINT('',#520);
#522=CARTESIAN_POINT('',(-33.58589,25.95452,5.5));
#523=VERTEX_POINT('',#522);
#524=CARTESIAN_POINT('',(-33.58589,25.95452,11.75));
#525=VERTEX_POINT('',#524);
#526=CARTESIAN_POINT('',(-33.2,26.11436,5.5));
#527=VERTEX_POINT('',#526);
#528=CARTESIAN_POINT('',(-33.2,26.11436,11.75));
#529=VERTEX_POINT('',#528);
#530=CARTESIAN_POINT('',(-32.86863,26.36863,5.5));
#531=VERTEX_POINT('',#530);
#532=CARTESIAN_POINT('',(-32.86863,26.36863,11.75));
#533=VERTEX_POINT('',#532);
#534=CARTESIAN_POINT('',(-32.61436,26.7,5.5));
#535=VERTEX_POINT('',#534);
#536=CARTESIAN_POINT('',(-32.61436,26.7,11.75));
#537=VERTEX_POINT('',#536);
#538=CARTESIAN_POINT('',(-32.45452,27.08589,5.5));
#539=VERTEX_POINT('',#538);
#540=CARTESIAN_POINT('',(-32.45452,27.08589,11.75));
#541=VERTEX_POINT('',#540);
#542=CARTESIAN_POINT('',(-32.4,27.5,5.5));
#543=VERTEX_POINT('',#542);
#544=CARTESIAN_POINT('',(-32.4,27.5,11.75));
#545=VERTEX_POINT('',#544);
#546=CARTESIAN_POINT('',(-32.45452,27.91411,5.5));
#547=VERTEX_POINT('',#546);
#548=CARTESIAN_POINT('',(-32.45452,27.91411,11.75));
#549=VERTEX_POINT('',#548);
#550=CARTESIAN_POINT('',(-32.61436,28.3,5.5));
#551=VERTEX_POINT('',#550);
#552=CARTESIAN_POINT('',(-32.61436,28.3,11.75));
#553=VERTEX_POINT('',#552);
#554=CARTESIAN_POINT('',(-32.86863,28.63137,5.5));
#555=VERTEX_POINT('',#554);
#556=CARTESIAN_POINT('',(-32.86863,28.63137,11.75));
#557=VERTEX_POINT('',#556);
#558=CARTESIAN_POINT('',(-33.2,28.88564,5.5));
#559=VERTEX_POINT('',#558);
#560=CARTESIAN_POINT('',(-33.2,28.88564,11.75));
#561=VERTEX_POINT('',#560);
#562=CARTESIAN_POINT('',(-33.58589,29.04548,5.5));
#563=VERTEX_POINT('',#562);
#564=CARTESIAN_POINT('',(-33.58589,29.04548,11.75));
#565=VERTEX_POINT('',#564);
#566=CARTESIAN_POINT('',(-34,29.1,5.5));
#567=VERTEX_POINT('',#566);
#568=CARTESIAN_POINT('',(-34,29.1,11.75));
#569=VERTEX_POINT('',#568);
#570=CARTESIAN_POINT('',(-34.41411,29.04548,5.5));
#571=VERTEX_POINT('',#570);
#572=CARTESIAN_POINT('',(-34.41411,29.04548,11.75));
#573=VERTEX_POINT('',#572);
#574=CARTESIAN_POINT('',(-34.8,28.88564,5.5));
#575=VERTEX_POINT('',#574);
#576=CARTESIAN_POINT('',(-34.8,28.88564,11.75));
#577=VERTEX_POINT('',#576);
#578=CARTESIAN_POINT('',(-35.13137,28.63137,5.5));
#579=VERTEX_POINT('',#578);
#580=CARTESIAN_POINT('',(-35.13137,28.63137,11.75));
#581=VERTEX_POINT('',#580);
#582=CARTESIAN_POINT('',(-35.38564,28.3,5.5));
#583=VERTEX_POINT('',#582);
#584=CARTESIAN_POINT('',(-35.38564,28.3,11.75));
#585=VERTEX_POINT('',#584);
#586=CARTESIAN_POINT('',(32.45452,27.91411,5.5));
#587=VERTEX_POINT('',#586);
#588=CARTESIAN_POINT('',(32.45452,27.91411,11.75));
#589=VERTEX_POINT('',#588);
#590=CARTESIAN_POINT('',(32.4,27.5,5.5));
#591=VERTEX_POINT('',#590);
#592=CARTESIAN_POINT('',(32.4,27.5,11.75));
#593=VERTEX_POINT('',#592);
#594=CARTESIAN_POINT('',(32.45452,27.08589,5.5));
#595=VERTEX_POINT('',#594);
#596=CARTESIAN_POINT('',(32.45452,27.08589,11.75));
#597=VERTEX_POINT('',#596);
#598=CARTESIAN_POINT('',(32.61436,26.7,5.5));
#599=VERTEX_POINT('',#598);
#600=CARTESIAN_POINT('',(32.61436,26.7,11.75));
#601=VERTEX_POINT('',#600);
#602=CARTESIAN_POINT('',(32.86863,26.36863,5.5));
#603=VERTEX_POINT('',#602);
#604=CARTESIAN_POINT('',(32.86863,26.36863,11.75));
#605=VERTEX_POINT('',#604);
#606=CARTESIAN_POINT('',(33.2,26.11436,5.5));
#607=VERTEX_POINT('',#606);
#608=CARTESIAN_POINT('',(33.2,26.11436,11.75));
#609=VERTEX_POINT('',#608);
#610=CARTESIAN_POINT('',(33.58589,25.95452,5.5));
#611=VERTEX_POINT('',#610);
#612=CARTESIAN_POINT('',(33.58589,25.95452,11.75));
#613=VERTEX_POINT('',#612);
#614=CARTESIAN_POINT('',(34,25.9,5.5));
#615=VERTEX_POINT('',#614);
#616=CARTESIAN_POINT('',(34,25.9,11.75));
#617=VERTEX_POINT('',#616);
#618=CARTESIAN_POINT('',(34.41411,25.95452,5.5));
#619=VERTEX_POINT('',#618);
#620=CARTESIAN_POINT('',(34.41411,25.95452,11.75));
#621=VERTEX_POINT('',#620);
#622=CARTESIAN_POINT('',(34.8,26.11436,5.5));
#623=VERTEX_POINT('',#622);
#624=CARTESIAN_POINT('',(34.8,26.11436,11.75));
#625=VERTEX_POINT('',#624);
#626=CARTESIAN_POINT('',(35.13137,26.36863,5.5));
#627=VERTEX_POINT('',#626);
#628=CARTESIAN_POINT('',(35.13137,26.36863,11.75));
#629=VERTEX_POINT('',#628);
#630=CARTESIAN_POINT('',(35.38564,26.7,5.5));
#631=VERTEX_POINT('',#630);
#632=CARTESIAN_POINT('',(35.38564,26.7,11.75));
#633=VERTEX_POINT('',#632);
#634=CARTESIAN_POINT('',(35.54548,27.08589,5.5));
#635=VERTEX_POINT('',#634);
#636=CARTESIAN_POINT('',(35.54548,27.08589,11.75));
#637=VERTEX_POINT('',#636);
#638=CARTESIAN_POINT('',(35.6,27.5,5.5));
#639=VERTEX_POINT('',#638);
#640=CARTESIAN_POINT('',(35.6,27.5,11.75));
#641=VERTEX_POINT('',#640);
#642=CARTESIAN_POINT('',(35.54548,27.91411,5.5));
#643=VERTEX_POINT('',#642);
#644=CARTESIAN_POINT('',(35.54548,27.91411,11.75));
#645=VERTEX_POINT('',#644);
#646=CARTESIAN_POINT('',(35.38564,28.3,5.5));
#647=VERTEX_POINT('',#646);
#648=CARTESIAN_POINT('',(35.38564,28.3,11.75));
#649=VERTEX_POINT('',#648);
#650=CARTESIAN_POINT('',(35.13137,28.63137,5.5));
#651=VERTEX_POINT('',#650);
#652=CARTESIAN_POINT('',(35.13137,28.63137,11.75));
#653=VERTEX_POINT('',#652);
#654=CARTESIAN_POINT('',(34.8,28.88564,5.5));
#655=VERTEX_POINT('',#654);
#656=CARTESIAN_POINT('',(34.8,28.88564,11.75));
#657=VERTEX_POINT('',#656);
#658=CARTESIAN_POINT('',(34.41411,29.04548,5.5));
#659=VERTEX_POINT('',#658);
#660=CARTESIAN_POINT('',(34.41411,29.04548,11.75));
#661=VERTEX_POINT('',#660);
#662=CARTESIAN_POINT('',(34,29.1,5.5));
#663=VERTEX_POINT('',#662);
#664=CARTESIAN_POINT('',(34,29.1,11.75));
#665=VERTEX_POINT('',#664);
#666=CARTESIAN_POINT('',(33.58589,29.04548,5.5));
#667=VERTEX_POINT('',#666);
#668=CARTESIAN_POINT('',(33.58589,29.04548,11.75));
#669=VERTEX_POINT('',#668);
#670=CARTESIAN_POINT('',(33.2,28.88564,5.5));
#671=VERTEX_POINT('',#670);
#672=CARTESIAN_POINT('',(33.2,28.88564,11.75));
#673=VERTEX_POINT('',#672);
#674=CARTESIAN_POINT('',(32.86863,28.63137,5.5));
#675=VERTEX_POINT('',#674);
#676=CARTESIAN_POINT('',(32.86863,28.63137,11.75));
#677=VERTEX_POINT('',#676);
#678=CARTESIAN_POINT('',(32.61436,28.3,5.5));
#679=VERTEX_POINT('',#678);
#680=CARTESIAN_POINT('',(32.61436,28.3,11.75));
#681=VERTEX_POINT('',#680);
#682=CARTESIAN_POINT('',(-35.54548,-27.08589,5.5));
#683=VERTEX_POINT('',#682);
#684=CARTESIAN_POINT('',(-35.54548,-27.08589,11.75));
#685=VERTEX_POINT('',#684);
#686=CARTESIAN_POINT('',(-35.6,-27.5,5.5));
#687=VERTEX_POINT('',#686);
#688=CARTESIAN_POINT('',(-35.6,-27.5,11.75));
#689=VERTEX_POINT('',#688);
#690=CARTESIAN_POINT('',(-35.54548,-27.91411,5.5));
#691=VERTEX_POINT('',#690);
#692=CARTESIAN_POINT('',(-35.54548,-27.91411,11.75));
#693=VERTEX_POINT('',#692);
#694=CARTESIAN_POINT('',(-35.38564,-28.3,5.5));
#695=VERTEX_POINT('',#694);
#696=CARTESIAN_POINT('',(-35.38564,-28.3,11.75));
#697=VERTEX_POINT('',#696);
#698=CARTESIAN_POINT('',(-35.13137,-28.63137,5.5));
#699=VERTEX_POINT('',#698);
#700=CARTESIAN_POINT('',(-35.13137,-28.63137,11.75));
#701=VERTEX_POINT('',#700);
#702=CARTESIAN_POINT('',(-34.8,-28.88564,5.5));
#703=VERTEX_POINT('',#702);
#704=CARTESIAN_POINT('',(-34.8,-28.88564,11.75));
#705=VERTEX_POINT('',#704);
#706=CARTESIAN_POINT('',(-34.41411,-29.04548,5.5));
#707=VERTEX_POINT('',#706);
#708=CARTESIAN_POINT('',(-34.41411,-29.04548,11.75));
#709=VERTEX_POINT('',#708);
#710=CARTESIAN_POINT('',(-34,-29.1,5.5));
#711=VERTEX_POINT('',#710);
#712=CARTESIAN_POINT('',(-34,-29.1,11.75));
#713=VERTEX_POINT('',#712);
#714=CARTESIAN_POINT('',(-33.58589,-29.04548,5.5));
#715=VERTEX_POINT('',#714);
#716=CARTESIAN_POINT('',(-33.58589,-29.04548,11.75));
#717=VERTEX_POINT('',#716);
#718=CARTESIAN_POINT('',(-33.2,-28.88564,5.5));
#719=VERTEX_POINT('',#718);
#720=CARTESIAN_POINT('',(-33.2,-28.88564,11.75));
#721=VERTEX_POINT('',#720);
#722=CARTESIAN_POINT('',(-32.86863,-28.63137,5.5));
#723=VERTEX_POINT('',#722);
#724=CARTESIAN_POINT('',(-32.86863,-28.63137,11.75));
#725=VERTEX_POINT('',#724);
#726=CARTESIAN_POINT('',(-32.61436,-28.3,5.5));
#727=VERTEX_POINT('',#726);
#728=CARTESIAN_POINT('',(-32.61436,-28.3,11.75));
#729=VERTEX_POINT('',#728);
#730=CARTESIAN_POINT('',(-32.45452,-27.91411,5.5));
#731=VERTEX_POINT('',#730);
#732=CARTESIAN_POINT('',(-32.45452,-27.91411,11.75));
#733=VERTEX_POINT('',#732);
#734=CARTESIAN_POINT('',(-32.4,-27.5,5.5));
#735=VERTEX_POINT('',#734);
#736=CARTESIAN_POINT('',(-32.4,-27.5,11.75));
#737=VERTEX_POINT('',#736);
#738=CARTESIAN_POINT('',(-32.45452,-27.08589,5.5));
#739=VERTEX_POINT('',#738);
#740=CARTESIAN_POINT('',(-32.45452,-27.08589,11.75));
#741=VERTEX_POINT('',#740);
#742=CARTESIAN_POINT('',(-32.61436,-26.7,5.5));
#743=VERTEX_POINT('',#742);
#744=CARTESIAN_POINT('',(-32.61436,-26.7,11.75));
#745=VERTEX_POINT('',#744);
#746=CARTESIAN_POINT('',(-32.86863,-26.36863,5.5));
#747=VERTEX_POINT('',#746);
#748=CARTESIAN_POINT('',(-32.86863,-26.36863,11.75));
#749=VERTEX_POINT('',#748);
#750=CARTESIAN_POINT('',(-33.2,-26.11436,5.5));
#751=VERTEX_POINT('',#750);
#752=CARTESIAN_POINT('',(-33.2,-26.11436,11.75));
#753=VERTEX_POINT('',#752);
#754=CARTESIAN_POINT('',(-33.58589,-25.95452,5.5));
#755=VERTEX_POINT('',#754);
#756=CARTESIAN_POINT('',(-33.58589,-25.95452,11.75));
#757=VERTEX_POINT('',#756);
#758=CARTESIAN_POINT('',(-34,-25.9,5.5));
#759=VERTEX_POINT('',#758);
#760=CARTESIAN_POINT('',(-34,-25.9,11.75));
#761=VERTEX_POINT('',#760);
#762=CARTESIAN_POINT('',(-34.41411,-25.95452,5.5));
#763=VERTEX_POINT('',#762);
#764=CARTESIAN_POINT('',(-34.41411,-25.95452,11.75));
#765=VERTEX_POINT('',#764);
#766=CARTESIAN_POINT('',(-34.8,-26.11436,5.5));
#767=VERTEX_POINT('',#766);
#768=CARTESIAN_POINT('',(-34.8,-26.11436,11.75));
#769=VERTEX_POINT('',#768);
#770=CARTESIAN_POINT('',(-35.13137,-26.36863,5.5));
#771=VERTEX_POINT('',#770);
#772=CARTESIAN_POINT('',(-35.13137,-26.36863,11.75));
#773=VERTEX_POINT('',#772);
#774=CARTESIAN_POINT('',(-35.38564,-26.7,5.5));
#775=VERTEX_POINT('',#774);
#776=CARTESIAN_POINT('',(-35.38564,-26.7,11.75));
#777=VERTEX_POINT('',#776);
#778=CARTESIAN_POINT('',(34.5,28,0));
#779=VERTEX_POINT('',#778);
#780=CARTESIAN_POINT('',(-34.5,28,0));
#781=VERTEX_POINT('',#780);
#782=CARTESIAN_POINT('',(34.5,28,-2));
#783=VERTEX_POINT('',#782);
#784=CARTESIAN_POINT('',(-34.5,28,-2));
#785=VERTEX_POINT('',#784);
#786=CARTESIAN_POINT('',(34.5,-28,0));
#787=VERTEX_POINT('',#786);
#788=CARTESIAN_POINT('',(34.5,-28,-2));
#789=VERTEX_POINT('',#788);
#790=CARTESIAN_POINT('',(-34.5,-28,0));
#791=VERTEX_POINT('',#790);
#792=CARTESIAN_POINT('',(-34.5,-28,-2));
#793=VERTEX_POINT('',#792);
#794=CARTESIAN_POINT('',(37,-30.5,0));
#795=VERTEX_POINT('',#794);
#796=CARTESIAN_POINT('',(-37,-30.5,0));
#797=VERTEX_POINT('',#796);
#798=CARTESIAN_POINT('',(37,-30.5,-2));
#799=VERTEX_POINT('',#798);
#800=CARTESIAN_POINT('',(-37,-30.5,-2));
#801=VERTEX_POINT('',#800);
#802=CARTESIAN_POINT('',(37,30.5,0));
#803=VERTEX_POINT('',#802);
#804=CARTESIAN_POINT('',(37,30.5,-2));
#805=VERTEX_POINT('',#804);
#806=CARTESIAN_POINT('',(-37,30.5,0));
#807=VERTEX_POINT('',#806);
#808=CARTESIAN_POINT('',(-37,30.5,-2));
#809=VERTEX_POINT('',#808);
#810=CARTESIAN_POINT('',(-37,30.5,5.5));
#811=VERTEX_POINT('',#810);
#812=CARTESIAN_POINT('',(37,30.5,5.5));
#813=VERTEX_POINT('',#812);
#814=CARTESIAN_POINT('',(37,-30.5,5.5));
#815=VERTEX_POINT('',#814);
#816=CARTESIAN_POINT('',(-37,-30.5,5.5));
#817=VERTEX_POINT('',#816);
#818=FACE_SURFACE('',(#823),#819,.T.);
#819=PLANE('',#820);
#820=AXIS2_PLACEMENT_3D('',#34,#821,#822);
#821=DIRECTION('',(-0.11195566745252701,-0.9937126095547171,-0.001085420293447853));
#822=DIRECTION('',(-0.008066388076353848,0.0020010420007597965,-0.9999654640107891));
#823=FACE_BOUND('',#824,.T.);
#824=EDGE_LOOP('',(#825,#826,#827));
#825=ORIENTED_EDGE('',*,*,#828,.T.);
#826=ORIENTED_EDGE('',*,*,#829,.T.);
#827=ORIENTED_EDGE('',*,*,#830,.T.);
#828=EDGE_CURVE('',#35,#37,#831,.F.);
#829=EDGE_CURVE('',#37,#39,#832,.T.);
#830=EDGE_CURVE('',#39,#35,#833,.T.);
#831=LINE('',#34,#834);
#832=LINE('',#36,#835);
#833=LINE('',#38,#836);
#834=VECTOR('',#837,1.0);
#835=VECTOR('',#838,1.0);
#836=VECTOR('',#839,1.0);
#837=DIRECTION('',(-0.008066388076353848,0.0020010420007597965,-0.9999654640107891));
#838=DIRECTION('',(0.05741901836694352,-0.007559512598924662,0.9983215464463557));
#839=DIRECTION('',(-0.9937131949201368,0.11195573340215434,0));
#840=FACE_SURFACE('',(#845),#841,.T.);
#841=PLANE('',#842);
#842=AXIS2_PLACEMENT_3D('',#38,#843,#844);
#843=DIRECTION('',(-0.14444363934303314,-0.9895126936609272,0.0008149461551703017));
#844=DIRECTION('',(-0.05741901836694352,0.007559512598924662,-0.9983215464463557));
#845=FACE_BOUND('',#846,.T.);
#846=EDGE_LOOP('',(#847,#848,#849));
#847=ORIENTED_EDGE('',*,*,#850,.T.);
#848=ORIENTED_EDGE('',*,*,#851,.T.);
#849=ORIENTED_EDGE('',*,*,#852,.T.);
#850=EDGE_CURVE('',#39,#37,#853,.F.);
#851=EDGE_CURVE('',#37,#41,#854,.T.);
#852=EDGE_CURVE('',#41,#39,#855,.T.);
#853=LINE('',#38,#856);
#854=LINE('',#36,#857);
#855=LINE('',#40,#858);
#856=VECTOR('',#859,1.0);
#857=VECTOR('',#860,1.0);
#858=VECTOR('',#861,1.0);
#859=DIRECTION('',(-0.05741901836694352,0.007559512598924662,-0.9983215464463557));
#860=DIRECTION('',(0.008066388076353848,-0.0020010420007597965,-0.9999654640107891));
#861=DIRECTION('',(0.02471679506976556,-0.0027846937461756763,0.99969061490154));
#862=FACE_SURFACE('',(#867),#863,.T.);
#863=PLANE('',#864);
#864=AXIS2_PLACEMENT_3D('',#38,#865,#866);
#865=DIRECTION('',(-0.11195573340215434,-0.9937131949201369,-0));
#866=DIRECTION('',(-0.02471679506976556,0.0027846937461756763,-0.99969061490154));
#867=FACE_BOUND('',#868,.T.);
#868=EDGE_LOOP('',(#869,#870,#871));
#869=ORIENTED_EDGE('',*,*,#872,.T.);
#870=ORIENTED_EDGE('',*,*,#873,.T.);
#871=ORIENTED_EDGE('',*,*,#874,.T.);
#872=EDGE_CURVE('',#39,#41,#875,.F.);
#873=EDGE_CURVE('',#41,#43,#876,.T.);
#874=EDGE_CURVE('',#43,#39,#877,.T.);
#875=LINE('',#38,#878);
#876=LINE('',#40,#879);
#877=LINE('',#42,#880);
#878=VECTOR('',#881,1.0);
#879=VECTOR('',#882,1.0);
#880=VECTOR('',#883,1.0);
#881=DIRECTION('',(-0.02471679506976556,0.0027846937461756763,-0.99969061490154));
#882=DIRECTION('',(0.9937131949201368,-0.11195573340215434,0));
#883=DIRECTION('',(0,0,1));
#884=FACE_SURFACE('',(#889),#885,.T.);
#885=PLANE('',#886);
#886=AXIS2_PLACEMENT_3D('',#34,#887,#888);
#887=DIRECTION('',(-0.3302797094761929,-0.9438827852005967,0.0007754419940561841));
#888=DIRECTION('',(-0.9438830689839383,0.3302798087765309,0));
#889=FACE_BOUND('',#890,.T.);
#890=EDGE_LOOP('',(#891,#892,#893));
#891=ORIENTED_EDGE('',*,*,#894,.T.);
#892=ORIENTED_EDGE('',*,*,#895,.T.);
#893=ORIENTED_EDGE('',*,*,#896,.T.);
#894=EDGE_CURVE('',#35,#45,#897,.F.);
#895=EDGE_CURVE('',#45,#37,#898,.T.);
#896=EDGE_CURVE('',#37,#35,#899,.T.);
#897=LINE('',#34,#900);
#898=LINE('',#44,#901);
#899=LINE('',#36,#902);
#900=VECTOR('',#903,1.0);
#901=VECTOR('',#904,1.0);
#902=VECTOR('',#905,1.0);
#903=DIRECTION('',(-0.9438830689839383,0.3302798087765309,0));
#904=DIRECTION('',(0.038869884204309285,-0.01442203369314722,-0.9991401988940779));
#905=DIRECTION('',(0.008066388076353848,-0.0020010420007597965,0.9999654640107891));
#906=FACE_SURFACE('',(#911),#907,.T.);
#907=PLANE('',#908);
#908=AXIS2_PLACEMENT_3D('',#36,#909,#910);
#909=DIRECTION('',(-0.38268288330519773,-0.9238784564119052,-0.001551967517686962));
#910=DIRECTION('',(-0.038869884204309285,0.01442203369314722,0.9991401988940779));
#911=FACE_BOUND('',#912,.T.);
#912=EDGE_LOOP('',(#913,#914,#915));
#913=ORIENTED_EDGE('',*,*,#916,.T.);
#914=ORIENTED_EDGE('',*,*,#917,.T.);
#915=ORIENTED_EDGE('',*,*,#918,.T.);
#916=EDGE_CURVE('',#37,#45,#919,.F.);
#917=EDGE_CURVE('',#45,#47,#920,.T.);
#918=EDGE_CURVE('',#47,#37,#921,.T.);
#919=LINE('',#36,#922);
#920=LINE('',#44,#923);
#921=LINE('',#46,#924);
#922=VECTOR('',#925,1.0);
#923=VECTOR('',#926,1.0);
#924=VECTOR('',#927,1.0);
#925=DIRECTION('',(-0.038869884204309285,0.01442203369314722,0.9991401988940779));
#926=DIRECTION('',(-0.014690193901737404,0.007764483489317413,-0.9998619459701791));
#927=DIRECTION('',(0.9238795690422071,-0.3826833441716343,0));
#928=FACE_SURFACE('',(#933),#929,.T.);
#929=PLANE('',#930);
#930=AXIS2_PLACEMENT_3D('',#36,#931,#932);
#931=DIRECTION('',(-0.38268288330519773,-0.9238784564119052,0.001551967517686962));
#932=DIRECTION('',(-0.9238795690422071,0.3826833441716343,0));
#933=FACE_BOUND('',#934,.T.);
#934=EDGE_LOOP('',(#935,#936,#937));
#935=ORIENTED_EDGE('',*,*,#938,.T.);
#936=ORIENTED_EDGE('',*,*,#939,.T.);
#937=ORIENTED_EDGE('',*,*,#940,.T.);
#938=EDGE_CURVE('',#37,#47,#941,.F.);
#939=EDGE_CURVE('',#47,#49,#942,.T.);
#940=EDGE_CURVE('',#49,#37,#943,.T.);
#941=LINE('',#36,#944);
#942=LINE('',#46,#945);
#943=LINE('',#48,#946);
#944=VECTOR('',#947,1.0);
#945=VECTOR('',#948,1.0);
#946=VECTOR('',#949,1.0);
#947=DIRECTION('',(-0.9238795690422071,0.3826833441716343,0));
#948=DIRECTION('',(0.014690193901737404,-0.007764483489317413,-0.9998619459701791));
#949=DIRECTION('',(0.038869884204309285,-0.01442203369314722,0.9991401988940779));
#950=FACE_SURFACE('',(#955),#951,.T.);
#951=PLANE('',#952);
#952=AXIS2_PLACEMENT_3D('',#48,#953,#954);
#953=DIRECTION('',(-0.532042175193129,-0.8467169433229144,-0.0012416544063275686));
#954=DIRECTION('',(-0.014690193901737404,0.007764483489317413,0.9998619459701791));
#955=FACE_BOUND('',#956,.T.);
#956=EDGE_LOOP('',(#957,#958,#959));
#957=ORIENTED_EDGE('',*,*,#960,.T.);
#958=ORIENTED_EDGE('',*,*,#961,.T.);
#959=ORIENTED_EDGE('',*,*,#962,.T.);
#960=EDGE_CURVE('',#49,#47,#963,.F.);
#961=EDGE_CURVE('',#47,#51,#964,.T.);
#962=EDGE_CURVE('',#51,#49,#965,.T.);
#963=LINE('',#48,#966);
#964=LINE('',#46,#967);
#965=LINE('',#50,#968);
#966=VECTOR('',#969,1.0);
#967=VECTOR('',#970,1.0);
#968=VECTOR('',#971,1.0);
#969=DIRECTION('',(-0.014690193901737404,0.007764483489317413,0.9998619459701791));
#970=DIRECTION('',(-0.027427098431959583,0.018699688658829556,-0.9994488860945647));
#971=DIRECTION('',(0.8467175960178229,-0.5320425853198208,0));
#972=FACE_SURFACE('',(#977),#973,.T.);
#973=PLANE('',#974);
#974=AXIS2_PLACEMENT_3D('',#50,#975,#976);
#975=DIRECTION('',(-0.6087669895216493,-0.7933468875212607,0.0018623987424833837));
#976=DIRECTION('',(0.027427098431959583,-0.018699688658829556,0.9994488860945647));
#977=FACE_BOUND('',#978,.T.);
#978=EDGE_LOOP('',(#979,#980,#981));
#979=ORIENTED_EDGE('',*,*,#982,.T.);
#980=ORIENTED_EDGE('',*,*,#983,.T.);
#981=ORIENTED_EDGE('',*,*,#984,.T.);
#982=EDGE_CURVE('',#51,#47,#985,.F.);
#983=EDGE_CURVE('',#47,#53,#986,.T.);
#984=EDGE_CURVE('',#53,#51,#987,.T.);
#985=LINE('',#50,#988);
#986=LINE('',#46,#989);
#987=LINE('',#52,#990);
#988=VECTOR('',#991,1.0);
#989=VECTOR('',#992,1.0);
#990=VECTOR('',#993,1.0);
#991=DIRECTION('',(0.027427098431959583,-0.018699688658829556,0.9994488860945647));
#992=DIRECTION('',(-0.7933482633982134,0.6087680452873977,0));
#993=DIRECTION('',(0.0185753443417359,-0.016600401912769954,-0.9996896434588689));
#994=FACE_SURFACE('',(#999),#995,.T.);
#995=PLANE('',#996);
#996=AXIS2_PLACEMENT_3D('',#50,#997,#998);
#997=DIRECTION('',(-0.707106091259979,-0.707106091259979,-0.001396927366955417));
#998=DIRECTION('',(-0.0185753443417359,0.016600401912769954,0.9996896434588689));
#999=FACE_BOUND('',#1000,.T.);
#1000=EDGE_LOOP('',(#1001,#1002,#1003));
#1001=ORIENTED_EDGE('',*,*,#1004,.T.);
#1002=ORIENTED_EDGE('',*,*,#1005,.T.);
#1003=ORIENTED_EDGE('',*,*,#1006,.T.);
#1004=EDGE_CURVE('',#51,#53,#1007,.F.);
#1005=EDGE_CURVE('',#53,#55,#1008,.T.);
#1006=EDGE_CURVE('',#55,#51,#1009,.T.);
#1007=LINE('',#50,#1010);
#1008=LINE('',#52,#1011);
#1009=LINE('',#54,#1012);
#1010=VECTOR('',#1013,1.0);
#1011=VECTOR('',#1014,1.0);
#1012=VECTOR('',#1015,1.0);
#1013=DIRECTION('',(-0.0185753443417359,0.016600401912769954,0.9996896434588689));
#1014=DIRECTION('',(-0.016600401912769954,0.0185753443417359,-0.9996896434588689));
#1015=DIRECTION('',(0.7071067811865476,-0.7071067811865476,0));
#1016=FACE_SURFACE('',(#1021),#1017,.T.);
#1017=PLANE('',#1018);
#1018=AXIS2_PLACEMENT_3D('',#54,#1019,#1020);
#1019=DIRECTION('',(-0.7933468875212607,-0.6087669895216493,0.0018623987424833837));
#1020=DIRECTION('',(0.016600401912769954,-0.0185753443417359,0.9996896434588689));
#1021=FACE_BOUND('',#1022,.T.);
#1022=EDGE_LOOP('',(#1023,#1024,#1025));
#1023=ORIENTED_EDGE('',*,*,#1026,.T.);
#1024=ORIENTED_EDGE('',*,*,#1027,.T.);
#1025=ORIENTED_EDGE('',*,*,#1028,.T.);
#1026=EDGE_CURVE('',#55,#53,#1029,.F.);
#1027=EDGE_CURVE('',#53,#57,#1030,.T.);
#1028=EDGE_CURVE('',#57,#55,#1031,.T.);
#1029=LINE('',#54,#1032);
#1030=LINE('',#52,#1033);
#1031=LINE('',#56,#1034);
#1032=VECTOR('',#1035,1.0);
#1033=VECTOR('',#1036,1.0);
#1034=VECTOR('',#1037,1.0);
#1035=DIRECTION('',(0.016600401912769954,-0.0185753443417359,0.9996896434588689));
#1036=DIRECTION('',(-0.6087680452873977,0.7933482633982134,0));
#1037=DIRECTION('',(0.018699688658829556,-0.027427098431959583,-0.9994488860945647));
#1038=FACE_SURFACE('',(#1043),#1039,.T.);
#1039=PLANE('',#1040);
#1040=AXIS2_PLACEMENT_3D('',#54,#1041,#1042);
#1041=DIRECTION('',(-0.8467169433229144,-0.532042175193129,-0.0012416544063275678));
#1042=DIRECTION('',(-0.018699688658829556,0.027427098431959583,0.9994488860945647));
#1043=FACE_BOUND('',#1044,.T.);
#1044=EDGE_LOOP('',(#1045,#1046,#1047));
#1045=ORIENTED_EDGE('',*,*,#1048,.T.);
#1046=ORIENTED_EDGE('',*,*,#1049,.T.);
#1047=ORIENTED_EDGE('',*,*,#1050,.T.);
#1048=EDGE_CURVE('',#55,#57,#1051,.F.);
#1049=EDGE_CURVE('',#57,#59,#1052,.T.);
#1050=EDGE_CURVE('',#59,#55,#1053,.T.);
#1051=LINE('',#54,#1054);
#1052=LINE('',#56,#1055);
#1053=LINE('',#58,#1056);
#1054=VECTOR('',#1057,1.0);
#1055=VECTOR('',#1058,1.0);
#1056=VECTOR('',#1059,1.0);
#1057=DIRECTION('',(-0.018699688658829556,0.027427098431959583,0.9994488860945647));
#1058=DIRECTION('',(-0.007764483489317413,0.014690193901737404,-0.9998619459701791));
#1059=DIRECTION('',(0.5320425853198208,-0.8467175960178229,0));
#1060=FACE_SURFACE('',(#1065),#1061,.T.);
#1061=PLANE('',#1062);
#1062=AXIS2_PLACEMENT_3D('',#58,#1063,#1064);
#1063=DIRECTION('',(-0.9238784564119052,-0.38268288330519773,0.0015519675176869606));
#1064=DIRECTION('',(0.007764483489317413,-0.014690193901737404,0.9998619459701791));
#1065=FACE_BOUND('',#1066,.T.);
#1066=EDGE_LOOP('',(#1067,#1068,#1069));
#1067=ORIENTED_EDGE('',*,*,#1070,.T.);
#1068=ORIENTED_EDGE('',*,*,#1071,.T.);
#1069=ORIENTED_EDGE('',*,*,#1072,.T.);
#1070=EDGE_CURVE('',#59,#57,#1073,.F.);
#1071=EDGE_CURVE('',#57,#61,#1074,.T.);
#1072=EDGE_CURVE('',#61,#59,#1075,.T.);
#1073=LINE('',#58,#1076);
#1074=LINE('',#56,#1077);
#1075=LINE('',#60,#1078);
#1076=VECTOR('',#1079,1.0);
#1077=VECTOR('',#1080,1.0);
#1078=VECTOR('',#1081,1.0);
#1079=DIRECTION('',(0.007764483489317413,-0.014690193901737404,0.9998619459701791));
#1080=DIRECTION('',(-0.3826833441716343,0.9238795690422071,0));
#1081=DIRECTION('',(0.01442203369314722,-0.038869884204309285,-0.9991401988940779));
#1082=FACE_SURFACE('',(#1087),#1083,.T.);
#1083=PLANE('',#1084);
#1084=AXIS2_PLACEMENT_3D('',#58,#1085,#1086);
#1085=DIRECTION('',(-0.9438827852005967,-0.3302797094761929,-0.0007754419940561828));
#1086=DIRECTION('',(-0.01442203369314722,0.038869884204309285,0.9991401988940779));
#1087=FACE_BOUND('',#1088,.T.);
#1088=EDGE_LOOP('',(#1089,#1090,#1091));
#1089=ORIENTED_EDGE('',*,*,#1092,.T.);
#1090=ORIENTED_EDGE('',*,*,#1093,.T.);
#1091=ORIENTED_EDGE('',*,*,#1094,.T.);
#1092=EDGE_CURVE('',#59,#61,#1095,.F.);
#1093=EDGE_CURVE('',#61,#63,#1096,.T.);
#1094=EDGE_CURVE('',#63,#59,#1097,.T.);
#1095=LINE('',#58,#1098);
#1096=LINE('',#60,#1099);
#1097=LINE('',#62,#1100);
#1098=VECTOR('',#1101,1.0);
#1099=VECTOR('',#1102,1.0);
#1100=VECTOR('',#1103,1.0);
#1101=DIRECTION('',(-0.01442203369314722,0.038869884204309285,0.9991401988940779));
#1102=DIRECTION('',(-0.0020010420007597965,0.008066388076353848,-0.9999654640107891));
#1103=DIRECTION('',(0.3302798087765309,-0.9438830689839383,0));
#1104=FACE_SURFACE('',(#1109),#1105,.T.);
#1105=PLANE('',#1106);
#1106=AXIS2_PLACEMENT_3D('',#62,#1107,#1108);
#1107=DIRECTION('',(-0.9937126095547171,-0.11195566745252701,0.001085420293447853));
#1108=DIRECTION('',(0.0020010420007597965,-0.008066388076353848,0.9999654640107891));
#1109=FACE_BOUND('',#1110,.T.);
#1110=EDGE_LOOP('',(#1111,#1112,#1113));
#1111=ORIENTED_EDGE('',*,*,#1114,.T.);
#1112=ORIENTED_EDGE('',*,*,#1115,.T.);
#1113=ORIENTED_EDGE('',*,*,#1116,.T.);
#1114=EDGE_CURVE('',#63,#61,#1117,.F.);
#1115=EDGE_CURVE('',#61,#65,#1118,.T.);
#1116=EDGE_CURVE('',#65,#63,#1119,.T.);
#1117=LINE('',#62,#1120);
#1118=LINE('',#60,#1121);
#1119=LINE('',#64,#1122);
#1120=VECTOR('',#1123,1.0);
#1121=VECTOR('',#1124,1.0);
#1122=VECTOR('',#1125,1.0);
#1123=DIRECTION('',(0.0020010420007597965,-0.008066388076353848,0.9999654640107891));
#1124=DIRECTION('',(-0.007559512598924662,0.05741901836694352,-0.9983215464463557));
#1125=DIRECTION('',(0.11195573340215434,-0.9937131949201368,0));
#1126=FACE_SURFACE('',(#1131),#1127,.T.);
#1127=PLANE('',#1128);
#1128=AXIS2_PLACEMENT_3D('',#64,#1129,#1130);
#1129=DIRECTION('',(-0.9895126936609272,-0.14444363934303314,-0.0008149461551703017));
#1130=DIRECTION('',(0.007559512598924662,-0.05741901836694352,0.9983215464463557));
#1131=FACE_BOUND('',#1132,.T.);
#1132=EDGE_LOOP('',(#1133,#1134,#1135));
#1133=ORIENTED_EDGE('',*,*,#1136,.T.);
#1134=ORIENTED_EDGE('',*,*,#1137,.T.);
#1135=ORIENTED_EDGE('',*,*,#1138,.T.);
#1136=EDGE_CURVE('',#65,#61,#1139,.F.);
#1137=EDGE_CURVE('',#61,#67,#1140,.T.);
#1138=EDGE_CURVE('',#67,#65,#1141,.T.);
#1139=LINE('',#64,#1142);
#1140=LINE('',#60,#1143);
#1141=LINE('',#66,#1144);
#1142=VECTOR('',#1145,1.0);
#1143=VECTOR('',#1146,1.0);
#1144=VECTOR('',#1147,1.0);
#1145=DIRECTION('',(0.007559512598924662,-0.05741901836694352,0.9983215464463557));
#1146=DIRECTION('',(-0.0020010420007597965,0.008066388076353848,0.9999654640107891));
#1147=DIRECTION('',(-0.0027846937461756763,0.02471679506976556,-0.99969061490154));
#1148=FACE_SURFACE('',(#1153),#1149,.T.);
#1149=PLANE('',#1150);
#1150=AXIS2_PLACEMENT_3D('',#64,#1151,#1152);
#1151=DIRECTION('',(-0.9937131949201369,-0.11195573340215434,0));
#1152=DIRECTION('',(0.0027846937461756763,-0.02471679506976556,0.99969061490154));
#1153=FACE_BOUND('',#1154,.T.);
#1154=EDGE_LOOP('',(#1155,#1156,#1157));
#1155=ORIENTED_EDGE('',*,*,#1158,.T.);
#1156=ORIENTED_EDGE('',*,*,#1159,.T.);
#1157=ORIENTED_EDGE('',*,*,#1160,.T.);
#1158=EDGE_CURVE('',#65,#67,#1161,.F.);
#1159=EDGE_CURVE('',#67,#69,#1162,.T.);
#1160=EDGE_CURVE('',#69,#65,#1163,.T.);
#1161=LINE('',#64,#1164);
#1162=LINE('',#66,#1165);
#1163=LINE('',#68,#1166);
#1164=VECTOR('',#1167,1.0);
#1165=VECTOR('',#1168,1.0);
#1166=VECTOR('',#1169,1.0);
#1167=DIRECTION('',(0.0027846937461756763,-0.02471679506976556,0.99969061490154));
#1168=DIRECTION('',(-0.11195573340215434,0.9937131949201368,0));
#1169=DIRECTION('',(0,0,-1));
#1170=FACE_SURFACE('',(#1175),#1171,.T.);
#1171=PLANE('',#1172);
#1172=AXIS2_PLACEMENT_3D('',#44,#1173,#1174);
#1173=DIRECTION('',(-0.532042175193129,-0.8467169433229144,0.0012416544063275686));
#1174=DIRECTION('',(-0.8467175960178229,0.5320425853198208,0));
#1175=FACE_BOUND('',#1176,.T.);
#1176=EDGE_LOOP('',(#1177,#1178,#1179));
#1177=ORIENTED_EDGE('',*,*,#1180,.T.);
#1178=ORIENTED_EDGE('',*,*,#1181,.T.);
#1179=ORIENTED_EDGE('',*,*,#1182,.T.);
#1180=EDGE_CURVE('',#45,#71,#1183,.F.);
#1181=EDGE_CURVE('',#71,#47,#1184,.T.);
#1182=EDGE_CURVE('',#47,#45,#1185,.T.);
#1183=LINE('',#44,#1186);
#1184=LINE('',#70,#1187);
#1185=LINE('',#46,#1188);
#1186=VECTOR('',#1189,1.0);
#1187=VECTOR('',#1190,1.0);
#1188=VECTOR('',#1191,1.0);
#1189=DIRECTION('',(-0.8467175960178229,0.5320425853198208,0));
#1190=DIRECTION('',(0.027427098431959583,-0.018699688658829556,-0.9994488860945647));
#1191=DIRECTION('',(0.014690193901737404,-0.007764483489317413,0.9998619459701791));
#1192=FACE_SURFACE('',(#1197),#1193,.T.);
#1193=PLANE('',#1194);
#1194=AXIS2_PLACEMENT_3D('',#46,#1195,#1196);
#1195=DIRECTION('',(-0.6087669895216493,-0.7933468875212607,-0.0018623987424833874));
#1196=DIRECTION('',(-0.027427098431959583,0.018699688658829556,0.9994488860945647));
#1197=FACE_BOUND('',#1198,.T.);
#1198=EDGE_LOOP('',(#1199,#1200,#1201));
#1199=ORIENTED_EDGE('',*,*,#1202,.T.);
#1200=ORIENTED_EDGE('',*,*,#1203,.T.);
#1201=ORIENTED_EDGE('',*,*,#1204,.T.);
#1202=EDGE_CURVE('',#47,#71,#1205,.F.);
#1203=EDGE_CURVE('',#71,#53,#1206,.T.);
#1204=EDGE_CURVE('',#53,#47,#1207,.T.);
#1205=LINE('',#46,#1208);
#1206=LINE('',#70,#1209);
#1207=LINE('',#52,#1210);
#1208=VECTOR('',#1211,1.0);
#1209=VECTOR('',#1212,1.0);
#1210=VECTOR('',#1213,1.0);
#1211=DIRECTION('',(-0.027427098431959583,0.018699688658829556,0.9994488860945647));
#1212=DIRECTION('',(-0.0185753443417359,0.016600401912769954,-0.9996896434588689));
#1213=DIRECTION('',(0.7933482633982134,-0.6087680452873977,0));
#1214=FACE_SURFACE('',(#1219),#1215,.T.);
#1215=PLANE('',#1216);
#1216=AXIS2_PLACEMENT_3D('',#70,#1217,#1218);
#1217=DIRECTION('',(-0.707106091259979,-0.707106091259979,0.001396927366955417));
#1218=DIRECTION('',(-0.7071067811865476,0.7071067811865476,0));
#1219=FACE_BOUND('',#1220,.T.);
#1220=EDGE_LOOP('',(#1221,#1222,#1223));
#1221=ORIENTED_EDGE('',*,*,#1224,.T.);
#1222=ORIENTED_EDGE('',*,*,#1225,.T.);
#1223=ORIENTED_EDGE('',*,*,#1226,.T.);
#1224=EDGE_CURVE('',#71,#73,#1227,.F.);
#1225=EDGE_CURVE('',#73,#53,#1228,.T.);
#1226=EDGE_CURVE('',#53,#71,#1229,.T.);
#1227=LINE('',#70,#1230);
#1228=LINE('',#72,#1231);
#1229=LINE('',#52,#1232);
#1230=VECTOR('',#1233,1.0);
#1231=VECTOR('',#1234,1.0);
#1232=VECTOR('',#1235,1.0);
#1233=DIRECTION('',(-0.7071067811865476,0.7071067811865476,0));
#1234=DIRECTION('',(0.016600401912769954,-0.0185753443417359,-0.9996896434588689));
#1235=DIRECTION('',(0.0185753443417359,-0.016600401912769954,0.9996896434588689));
#1236=FACE_SURFACE('',(#1241),#1237,.T.);
#1237=PLANE('',#1238);
#1238=AXIS2_PLACEMENT_3D('',#52,#1239,#1240);
#1239=DIRECTION('',(-0.7933468875212607,-0.6087669895216493,-0.0018623987424833844));
#1240=DIRECTION('',(-0.016600401912769954,0.0185753443417359,0.9996896434588689));
#1241=FACE_BOUND('',#1242,.T.);
#1242=EDGE_LOOP('',(#1243,#1244,#1245));
#1243=ORIENTED_EDGE('',*,*,#1246,.T.);
#1244=ORIENTED_EDGE('',*,*,#1247,.T.);
#1245=ORIENTED_EDGE('',*,*,#1248,.T.);
#1246=EDGE_CURVE('',#53,#73,#1249,.F.);
#1247=EDGE_CURVE('',#73,#57,#1250,.T.);
#1248=EDGE_CURVE('',#57,#53,#1251,.T.);
#1249=LINE('',#52,#1252);
#1250=LINE('',#72,#1253);
#1251=LINE('',#56,#1254);
#1252=VECTOR('',#1255,1.0);
#1253=VECTOR('',#1256,1.0);
#1254=VECTOR('',#1257,1.0);
#1255=DIRECTION('',(-0.016600401912769954,0.0185753443417359,0.9996896434588689));
#1256=DIRECTION('',(-0.018699688658829556,0.027427098431959583,-0.9994488860945647));
#1257=DIRECTION('',(0.6087680452873977,-0.7933482633982134,0));
#1258=FACE_SURFACE('',(#1263),#1259,.T.);
#1259=PLANE('',#1260);
#1260=AXIS2_PLACEMENT_3D('',#72,#1261,#1262);
#1261=DIRECTION('',(-0.8467169433229144,-0.532042175193129,0.0012416544063275678));
#1262=DIRECTION('',(-0.5320425853198208,0.8467175960178229,0));
#1263=FACE_BOUND('',#1264,.T.);
#1264=EDGE_LOOP('',(#1265,#1266,#1267));
#1265=ORIENTED_EDGE('',*,*,#1268,.T.);
#1266=ORIENTED_EDGE('',*,*,#1269,.T.);
#1267=ORIENTED_EDGE('',*,*,#1270,.T.);
#1268=EDGE_CURVE('',#73,#75,#1271,.F.);
#1269=EDGE_CURVE('',#75,#57,#1272,.T.);
#1270=EDGE_CURVE('',#57,#73,#1273,.T.);
#1271=LINE('',#72,#1274);
#1272=LINE('',#74,#1275);
#1273=LINE('',#56,#1276);
#1274=VECTOR('',#1277,1.0);
#1275=VECTOR('',#1278,1.0);
#1276=VECTOR('',#1279,1.0);
#1277=DIRECTION('',(-0.5320425853198208,0.8467175960178229,0));
#1278=DIRECTION('',(0.007764483489317413,-0.014690193901737404,-0.9998619459701791));
#1279=DIRECTION('',(0.018699688658829556,-0.027427098431959583,0.9994488860945647));
#1280=FACE_SURFACE('',(#1285),#1281,.T.);
#1281=PLANE('',#1282);
#1282=AXIS2_PLACEMENT_3D('',#56,#1283,#1284);
#1283=DIRECTION('',(-0.9238784564119052,-0.38268288330519773,-0.0015519675176869597));
#1284=DIRECTION('',(-0.007764483489317413,0.014690193901737404,0.9998619459701791));
#1285=FACE_BOUND('',#1286,.T.);
#1286=EDGE_LOOP('',(#1287,#1288,#1289));
#1287=ORIENTED_EDGE('',*,*,#1290,.T.);
#1288=ORIENTED_EDGE('',*,*,#1291,.T.);
#1289=ORIENTED_EDGE('',*,*,#1292,.T.);
#1290=EDGE_CURVE('',#57,#75,#1293,.F.);
#1291=EDGE_CURVE('',#75,#61,#1294,.T.);
#1292=EDGE_CURVE('',#61,#57,#1295,.T.);
#1293=LINE('',#56,#1296);
#1294=LINE('',#74,#1297);
#1295=LINE('',#60,#1298);
#1296=VECTOR('',#1299,1.0);
#1297=VECTOR('',#1300,1.0);
#1298=VECTOR('',#1301,1.0);
#1299=DIRECTION('',(-0.007764483489317413,0.014690193901737404,0.9998619459701791));
#1300=DIRECTION('',(-0.01442203369314722,0.038869884204309285,-0.9991401988940779));
#1301=DIRECTION('',(0.3826833441716343,-0.9238795690422071,0));
#1302=FACE_SURFACE('',(#1307),#1303,.T.);
#1303=PLANE('',#1304);
#1304=AXIS2_PLACEMENT_3D('',#74,#1305,#1306);
#1305=DIRECTION('',(-0.9438827852005967,-0.3302797094761929,0.0007754419940561828));
#1306=DIRECTION('',(-0.3302798087765309,0.9438830689839383,0));
#1307=FACE_BOUND('',#1308,.T.);
#1308=EDGE_LOOP('',(#1309,#1310,#1311));
#1309=ORIENTED_EDGE('',*,*,#1312,.T.);
#1310=ORIENTED_EDGE('',*,*,#1313,.T.);
#1311=ORIENTED_EDGE('',*,*,#1314,.T.);
#1312=EDGE_CURVE('',#75,#67,#1315,.F.);
#1313=EDGE_CURVE('',#67,#61,#1316,.T.);
#1314=EDGE_CURVE('',#61,#75,#1317,.T.);
#1315=LINE('',#74,#1318);
#1316=LINE('',#66,#1319);
#1317=LINE('',#60,#1320);
#1318=VECTOR('',#1321,1.0);
#1319=VECTOR('',#1322,1.0);
#1320=VECTOR('',#1323,1.0);
#1321=DIRECTION('',(-0.3302798087765309,0.9438830689839383,0));
#1322=DIRECTION('',(0.0020010420007597965,-0.008066388076353848,-0.9999654640107891));
#1323=DIRECTION('',(0.01442203369314722,-0.038869884204309285,0.9991401988940779));
#1324=FACE_SURFACE('',(#1329),#1325,.T.);
#1325=PLANE('',#1326);
#1326=AXIS2_PLACEMENT_3D('',#48,#1327,#1328);
#1327=DIRECTION('',(-0.3302797094761929,-0.9438827852005967,-0.0007754419940561828));
#1328=DIRECTION('',(0.9438830689839383,-0.3302798087765309,0));
#1329=FACE_BOUND('',#1330,.T.);
#1330=EDGE_LOOP('',(#1331,#1332,#1333));
#1331=ORIENTED_EDGE('',*,*,#1334,.T.);
#1332=ORIENTED_EDGE('',*,*,#1335,.T.);
#1333=ORIENTED_EDGE('',*,*,#1336,.T.);
#1334=EDGE_CURVE('',#49,#41,#1337,.F.);
#1335=EDGE_CURVE('',#41,#37,#1338,.T.);
#1336=EDGE_CURVE('',#37,#49,#1339,.T.);
#1337=LINE('',#48,#1340);
#1338=LINE('',#40,#1341);
#1339=LINE('',#36,#1342);
#1340=VECTOR('',#1343,1.0);
#1341=VECTOR('',#1344,1.0);
#1342=VECTOR('',#1345,1.0);
#1343=DIRECTION('',(0.9438830689839383,-0.3302798087765309,0));
#1344=DIRECTION('',(-0.008066388076353848,0.0020010420007597965,0.9999654640107891));
#1345=DIRECTION('',(-0.038869884204309285,0.01442203369314722,-0.9991401988940779));
#1346=FACE_SURFACE('',(#1351),#1347,.T.);
#1347=PLANE('',#1348);
#1348=AXIS2_PLACEMENT_3D('',#68,#1349,#1350);
#1349=DIRECTION('',(-1,0,0));
#1350=DIRECTION('',(0,1,0));
#1351=FACE_BOUND('',#1352,.T.);
#1352=EDGE_LOOP('',(#1353,#1354,#1355));
#1353=ORIENTED_EDGE('',*,*,#1356,.T.);
#1354=ORIENTED_EDGE('',*,*,#1357,.T.);
#1355=ORIENTED_EDGE('',*,*,#1358,.T.);
#1356=EDGE_CURVE('',#69,#77,#1359,.F.);
#1357=EDGE_CURVE('',#77,#65,#1360,.T.);
#1358=EDGE_CURVE('',#65,#69,#1361,.T.);
#1359=LINE('',#68,#1362);
#1360=LINE('',#76,#1363);
#1361=LINE('',#64,#1364);
#1362=VECTOR('',#1365,1.0);
#1363=VECTOR('',#1366,1.0);
#1364=VECTOR('',#1367,1.0);
#1365=DIRECTION('',(0,1,0));
#1366=DIRECTION('',(0,-0.9603462267536241,-0.27881019486395536));
#1367=DIRECTION('',(0,0,1));
#1368=FACE_SURFACE('',(#1373),#1369,.T.);
#1369=PLANE('',#1370);
#1370=AXIS2_PLACEMENT_3D('',#64,#1371,#1372);
#1371=DIRECTION('',(-1,0,0));
#1372=DIRECTION('',(0,0.9603462267536241,0.27881019486395536));
#1373=FACE_BOUND('',#1374,.T.);
#1374=EDGE_LOOP('',(#1375,#1376,#1377));
#1375=ORIENTED_EDGE('',*,*,#1378,.T.);
#1376=ORIENTED_EDGE('',*,*,#1379,.T.);
#1377=ORIENTED_EDGE('',*,*,#1380,.T.);
#1378=EDGE_CURVE('',#65,#77,#1381,.F.);
#1379=EDGE_CURVE('',#77,#79,#1382,.T.);
#1380=EDGE_CURVE('',#79,#65,#1383,.T.);
#1381=LINE('',#64,#1384);
#1382=LINE('',#76,#1385);
#1383=LINE('',#78,#1386);
#1384=VECTOR('',#1387,1.0);
#1385=VECTOR('',#1388,1.0);
#1386=VECTOR('',#1389,1.0);
#1387=DIRECTION('',(0,0.9603462267536241,0.27881019486395536));
#1388=DIRECTION('',(0,0,-1));
#1389=DIRECTION('',(0,-1,0));
#1390=FACE_SURFACE('',(#1395),#1391,.T.);
#1391=PLANE('',#1392);
#1392=AXIS2_PLACEMENT_3D('',#80,#1393,#1394);
#1393=DIRECTION('',(0,0,1));
#1394=DIRECTION('',(-1,0,0));
#1395=FACE_BOUND('',#1396,.T.);
#1396=EDGE_LOOP('',(#1397,#1398,#1399));
#1397=ORIENTED_EDGE('',*,*,#1400,.T.);
#1398=ORIENTED_EDGE('',*,*,#1401,.T.);
#1399=ORIENTED_EDGE('',*,*,#1402,.T.);
#1400=EDGE_CURVE('',#81,#83,#1403,.F.);
#1401=EDGE_CURVE('',#83,#85,#1404,.T.);
#1402=EDGE_CURVE('',#85,#81,#1405,.T.);
#1403=LINE('',#80,#1406);
#1404=LINE('',#82,#1407);
#1405=LINE('',#84,#1408);
#1406=VECTOR('',#1409,1.0);
#1407=VECTOR('',#1410,1.0);
#1408=VECTOR('',#1411,1.0);
#1409=DIRECTION('',(-1,0,0));
#1410=DIRECTION('',(0.9999796151433412,-0.006385084006897436,0));
#1411=DIRECTION('',(0.1305294498076343,0.9914444324988245,0));
#1412=FACE_SURFACE('',(#1417),#1413,.T.);
#1413=PLANE('',#1414);
#1414=AXIS2_PLACEMENT_3D('',#84,#1415,#1416);
#1415=DIRECTION('',(0,0,1));
#1416=DIRECTION('',(-0.9999796151433412,0.006385084006897436,0));
#1417=FACE_BOUND('',#1418,.T.);
#1418=EDGE_LOOP('',(#1419,#1420,#1421));
#1419=ORIENTED_EDGE('',*,*,#1422,.T.);
#1420=ORIENTED_EDGE('',*,*,#1423,.T.);
#1421=ORIENTED_EDGE('',*,*,#1424,.T.);
#1422=EDGE_CURVE('',#85,#83,#1425,.F.);
#1423=EDGE_CURVE('',#83,#87,#1426,.T.);
#1424=EDGE_CURVE('',#87,#85,#1427,.T.);
#1425=LINE('',#84,#1428);
#1426=LINE('',#82,#1429);
#1427=LINE('',#86,#1430);
#1428=VECTOR('',#1431,1.0);
#1429=VECTOR('',#1432,1.0);
#1430=VECTOR('',#1433,1.0);
#1431=DIRECTION('',(-0.9999796151433412,0.006385084006897436,0));
#1432=DIRECTION('',(0.1305294498076343,-0.9914444324988245,0));
#1433=DIRECTION('',(1,0,0));
#1434=FACE_SURFACE('',(#1439),#1435,.T.);
#1435=PLANE('',#1436);
#1436=AXIS2_PLACEMENT_3D('',#84,#1437,#1438);
#1437=DIRECTION('',(0,0,1));
#1438=DIRECTION('',(-1,0,0));
#1439=FACE_BOUND('',#1440,.T.);
#1440=EDGE_LOOP('',(#1441,#1442,#1443));
#1441=ORIENTED_EDGE('',*,*,#1444,.T.);
#1442=ORIENTED_EDGE('',*,*,#1445,.T.);
#1443=ORIENTED_EDGE('',*,*,#1446,.T.);
#1444=EDGE_CURVE('',#85,#87,#1447,.F.);
#1445=EDGE_CURVE('',#87,#89,#1448,.T.);
#1446=EDGE_CURVE('',#89,#85,#1449,.T.);
#1447=LINE('',#84,#1450);
#1448=LINE('',#86,#1451);
#1449=LINE('',#88,#1452);
#1450=VECTOR('',#1453,1.0);
#1451=VECTOR('',#1454,1.0);
#1452=VECTOR('',#1455,1.0);
#1453=DIRECTION('',(-1,0,0));
#1454=DIRECTION('',(0.9999796151433412,-0.006385084006897436,0));
#1455=DIRECTION('',(-0.1305294498076343,0.9914444324988245,0));
#1456=FACE_SURFACE('',(#1461),#1457,.T.);
#1457=PLANE('',#1458);
#1458=AXIS2_PLACEMENT_3D('',#88,#1459,#1460);
#1459=DIRECTION('',(0,0,1));
#1460=DIRECTION('',(-0.9999796151433412,0.006385084006897436,0));
#1461=FACE_BOUND('',#1462,.T.);
#1462=EDGE_LOOP('',(#1463,#1464,#1465));
#1463=ORIENTED_EDGE('',*,*,#1466,.T.);
#1464=ORIENTED_EDGE('',*,*,#1467,.T.);
#1465=ORIENTED_EDGE('',*,*,#1468,.T.);
#1466=EDGE_CURVE('',#89,#87,#1469,.F.);
#1467=EDGE_CURVE('',#87,#91,#1470,.T.);
#1468=EDGE_CURVE('',#91,#89,#1471,.T.);
#1469=LINE('',#88,#1472);
#1470=LINE('',#86,#1473);
#1471=LINE('',#90,#1474);
#1472=VECTOR('',#1475,1.0);
#1473=VECTOR('',#1476,1.0);
#1474=VECTOR('',#1477,1.0);
#1475=DIRECTION('',(-0.9999796151433412,0.006385084006897436,0));
#1476=DIRECTION('',(-0.1305294498076343,-0.9914444324988245,0));
#1477=DIRECTION('',(1,0,0));
#1478=FACE_SURFACE('',(#1483),#1479,.T.);
#1479=PLANE('',#1480);
#1480=AXIS2_PLACEMENT_3D('',#88,#1481,#1482);
#1481=DIRECTION('',(0,0,1));
#1482=DIRECTION('',(-1,0,0));
#1483=FACE_BOUND('',#1484,.T.);
#1484=EDGE_LOOP('',(#1485,#1486,#1487));
#1485=ORIENTED_EDGE('',*,*,#1488,.T.);
#1486=ORIENTED_EDGE('',*,*,#1489,.T.);
#1487=ORIENTED_EDGE('',*,*,#1490,.T.);
#1488=EDGE_CURVE('',#89,#91,#1491,.F.);
#1489=EDGE_CURVE('',#91,#93,#1492,.T.);
#1490=EDGE_CURVE('',#93,#89,#1493,.T.);
#1491=LINE('',#88,#1494);
#1492=LINE('',#90,#1495);
#1493=LINE('',#92,#1496);
#1494=VECTOR('',#1497,1.0);
#1495=VECTOR('',#1498,1.0);
#1496=VECTOR('',#1499,1.0);
#1497=DIRECTION('',(-1,0,0));
#1498=DIRECTION('',(0.999982415139216,-0.00593038045495899,0));
#1499=DIRECTION('',(-0.3826816512484479,0.9238802702719445,0));
#1500=FACE_SURFACE('',(#1505),#1501,.T.);
#1501=PLANE('',#1502);
#1502=AXIS2_PLACEMENT_3D('',#92,#1503,#1504);
#1503=DIRECTION('',(0,0,1));
#1504=DIRECTION('',(-0.999982415139216,0.00593038045495899,0));
#1505=FACE_BOUND('',#1506,.T.);
#1506=EDGE_LOOP('',(#1507,#1508,#1509));
#1507=ORIENTED_EDGE('',*,*,#1510,.T.);
#1508=ORIENTED_EDGE('',*,*,#1511,.T.);
#1509=ORIENTED_EDGE('',*,*,#1512,.T.);
#1510=EDGE_CURVE('',#93,#91,#1513,.F.);
#1511=EDGE_CURVE('',#91,#95,#1514,.T.);
#1512=EDGE_CURVE('',#95,#93,#1515,.T.);
#1513=LINE('',#92,#1516);
#1514=LINE('',#90,#1517);
#1515=LINE('',#94,#1518);
#1516=VECTOR('',#1519,1.0);
#1517=VECTOR('',#1520,1.0);
#1518=VECTOR('',#1521,1.0);
#1519=DIRECTION('',(-0.999982415139216,0.00593038045495899,0));
#1520=DIRECTION('',(-0.3826816512484479,-0.9238802702719445,0));
#1521=DIRECTION('',(1,0,0));
#1522=FACE_SURFACE('',(#1527),#1523,.T.);
#1523=PLANE('',#1524);
#1524=AXIS2_PLACEMENT_3D('',#92,#1525,#1526);
#1525=DIRECTION('',(0,0,1));
#1526=DIRECTION('',(-1,0,0));
#1527=FACE_BOUND('',#1528,.T.);
#1528=EDGE_LOOP('',(#1529,#1530,#1531));
#1529=ORIENTED_EDGE('',*,*,#1532,.T.);
#1530=ORIENTED_EDGE('',*,*,#1533,.T.);
#1531=ORIENTED_EDGE('',*,*,#1534,.T.);
#1532=EDGE_CURVE('',#93,#95,#1535,.F.);
#1533=EDGE_CURVE('',#95,#97,#1536,.T.);
#1534=EDGE_CURVE('',#97,#93,#1537,.T.);
#1535=LINE('',#92,#1538);
#1536=LINE('',#94,#1539);
#1537=LINE('',#96,#1540);
#1538=VECTOR('',#1541,1.0);
#1539=VECTOR('',#1542,1.0);
#1540=VECTOR('',#1543,1.0);
#1541=DIRECTION('',(-1,0,0));
#1542=DIRECTION('',(0.9999871964312951,-0.005060333336664041,0));
#1543=DIRECTION('',(-0.608762718909747,0.7933523505136998,0));
#1544=FACE_SURFACE('',(#1549),#1545,.T.);
#1545=PLANE('',#1546);
#1546=AXIS2_PLACEMENT_3D('',#96,#1547,#1548);
#1547=DIRECTION('',(0,0,1));
#1548=DIRECTION('',(-0.9999871964312951,0.005060333336664041,0));
#1549=FACE_BOUND('',#1550,.T.);
#1550=EDGE_LOOP('',(#1551,#1552,#1553));
#1551=ORIENTED_EDGE('',*,*,#1554,.T.);
#1552=ORIENTED_EDGE('',*,*,#1555,.T.);
#1553=ORIENTED_EDGE('',*,*,#1556,.T.);
#1554=EDGE_CURVE('',#97,#95,#1557,.F.);
#1555=EDGE_CURVE('',#95,#99,#1558,.T.);
#1556=EDGE_CURVE('',#99,#97,#1559,.T.);
#1557=LINE('',#96,#1560);
#1558=LINE('',#94,#1561);
#1559=LINE('',#98,#1562);
#1560=VECTOR('',#1563,1.0);
#1561=VECTOR('',#1564,1.0);
#1562=VECTOR('',#1565,1.0);
#1563=DIRECTION('',(-0.9999871964312951,0.005060333336664041,0));
#1564=DIRECTION('',(-0.608762718909747,-0.7933523505136998,0));
#1565=DIRECTION('',(1,0,0));
#1566=FACE_SURFACE('',(#1571),#1567,.T.);
#1567=PLANE('',#1568);
#1568=AXIS2_PLACEMENT_3D('',#96,#1569,#1570);
#1569=DIRECTION('',(0,0,1));
#1570=DIRECTION('',(-1,0,0));
#1571=FACE_BOUND('',#1572,.T.);
#1572=EDGE_LOOP('',(#1573,#1574,#1575));
#1573=ORIENTED_EDGE('',*,*,#1576,.T.);
#1574=ORIENTED_EDGE('',*,*,#1577,.T.);
#1575=ORIENTED_EDGE('',*,*,#1578,.T.);
#1576=EDGE_CURVE('',#97,#99,#1579,.F.);
#1577=EDGE_CURVE('',#99,#101,#1580,.T.);
#1578=EDGE_CURVE('',#101,#97,#1581,.T.);
#1579=LINE('',#96,#1582);
#1580=LINE('',#98,#1583);
#1581=LINE('',#100,#1584);
#1582=VECTOR('',#1585,1.0);
#1583=VECTOR('',#1586,1.0);
#1584=VECTOR('',#1587,1.0);
#1585=DIRECTION('',(-1,0,0));
#1586=DIRECTION('',(0.9980784611717882,-0.06196277386427602,0));
#1587=DIRECTION('',(-0.7274396706808168,0.6861716443571424,0));
#1588=FACE_SURFACE('',(#1593),#1589,.T.);
#1589=PLANE('',#1590);
#1590=AXIS2_PLACEMENT_3D('',#100,#1591,#1592);
#1591=DIRECTION('',(0,0,1));
#1592=DIRECTION('',(-0.9980784611717882,0.06196277386427602,0));
#1593=FACE_BOUND('',#1594,.T.);
#1594=EDGE_LOOP('',(#1595,#1596,#1597));
#1595=ORIENTED_EDGE('',*,*,#1598,.T.);
#1596=ORIENTED_EDGE('',*,*,#1599,.T.);
#1597=ORIENTED_EDGE('',*,*,#1600,.T.);
#1598=EDGE_CURVE('',#101,#99,#1601,.F.);
#1599=EDGE_CURVE('',#99,#39,#1602,.T.);
#1600=EDGE_CURVE('',#39,#101,#1603,.T.);
#1601=LINE('',#100,#1604);
#1602=LINE('',#98,#1605);
#1603=LINE('',#38,#1606);
#1604=VECTOR('',#1607,1.0);
#1605=VECTOR('',#1608,1.0);
#1606=VECTOR('',#1609,1.0);
#1607=DIRECTION('',(-0.9980784611717882,0.06196277386427602,0));
#1608=DIRECTION('',(-0.7274396706808168,-0.6861716443571424,0));
#1609=DIRECTION('',(1,0,0));
#1610=FACE_SURFACE('',(#1615),#1611,.T.);
#1611=PLANE('',#1612);
#1612=AXIS2_PLACEMENT_3D('',#38,#1613,#1614);
#1613=DIRECTION('',(0,0,1));
#1614=DIRECTION('',(0.7274396706808168,0.6861716443571424,0));
#1615=FACE_BOUND('',#1616,.T.);
#1616=EDGE_LOOP('',(#1617,#1618,#1619));
#1617=ORIENTED_EDGE('',*,*,#1620,.T.);
#1618=ORIENTED_EDGE('',*,*,#1621,.T.);
#1619=ORIENTED_EDGE('',*,*,#1622,.T.);
#1620=EDGE_CURVE('',#39,#99,#1623,.F.);
#1621=EDGE_CURVE('',#99,#103,#1624,.T.);
#1622=EDGE_CURVE('',#103,#39,#1625,.T.);
#1623=LINE('',#38,#1626);
#1624=LINE('',#98,#1627);
#1625=LINE('',#102,#1628);
#1626=VECTOR('',#1629,1.0);
#1627=VECTOR('',#1630,1.0);
#1628=VECTOR('',#1631,1.0);
#1629=DIRECTION('',(0.7274396706808168,0.6861716443571424,0));
#1630=DIRECTION('',(-0.793352350513708,-0.6087627189097362,0));
#1631=DIRECTION('',(-0.7225313491690312,-0.6913381585504879,0));
#1632=FACE_SURFACE('',(#1637),#1633,.T.);
#1633=PLANE('',#1634);
#1634=AXIS2_PLACEMENT_3D('',#38,#1635,#1636);
#1635=DIRECTION('',(0,0,1));
#1636=DIRECTION('',(0.7225313491690312,0.6913381585504879,0));
#1637=FACE_BOUND('',#1638,.T.);
#1638=EDGE_LOOP('',(#1639,#1640,#1641));
#1639=ORIENTED_EDGE('',*,*,#1642,.T.);
#1640=ORIENTED_EDGE('',*,*,#1643,.T.);
#1641=ORIENTED_EDGE('',*,*,#1644,.T.);
#1642=EDGE_CURVE('',#39,#103,#1645,.F.);
#1643=EDGE_CURVE('',#103,#105,#1646,.T.);
#1644=EDGE_CURVE('',#105,#39,#1647,.T.);
#1645=LINE('',#38,#1648);
#1646=LINE('',#102,#1649);
#1647=LINE('',#104,#1650);
#1648=VECTOR('',#1651,1.0);
#1649=VECTOR('',#1652,1.0);
#1650=VECTOR('',#1653,1.0);
#1651=DIRECTION('',(0.7225313491690312,0.6913381585504879,0));
#1652=DIRECTION('',(-0.9238802702719372,-0.38268165124846537,0));
#1653=DIRECTION('',(-0.7034660992230967,-0.7107288141364752,0));
#1654=FACE_SURFACE('',(#1659),#1655,.T.);
#1655=PLANE('',#1656);
#1656=AXIS2_PLACEMENT_3D('',#82,#1657,#1658);
#1657=DIRECTION('',(0,-0,1));
#1658=DIRECTION('',(1,0,0));
#1659=FACE_BOUND('',#1660,.T.);
#1660=EDGE_LOOP('',(#1661,#1662,#1663));
#1661=ORIENTED_EDGE('',*,*,#1664,.T.);
#1662=ORIENTED_EDGE('',*,*,#1665,.T.);
#1663=ORIENTED_EDGE('',*,*,#1666,.T.);
#1664=EDGE_CURVE('',#83,#81,#1667,.F.);
#1665=EDGE_CURVE('',#81,#107,#1668,.T.);
#1666=EDGE_CURVE('',#107,#83,#1669,.T.);
#1667=LINE('',#82,#1670);
#1668=LINE('',#80,#1671);
#1669=LINE('',#106,#1672);
#1670=VECTOR('',#1673,1.0);
#1671=VECTOR('',#1674,1.0);
#1672=VECTOR('',#1675,1.0);
#1673=DIRECTION('',(1,0,0));
#1674=DIRECTION('',(-0.999982415139216,0.00593038045495899,0));
#1675=DIRECTION('',(0.3826816512484479,-0.9238802702719445,0));
#1676=FACE_SURFACE('',(#1681),#1677,.T.);
#1677=PLANE('',#1678);
#1678=AXIS2_PLACEMENT_3D('',#106,#1679,#1680);
#1679=DIRECTION('',(-0,0,1));
#1680=DIRECTION('',(0.999982415139216,-0.00593038045495899,0));
#1681=FACE_BOUND('',#1682,.T.);
#1682=EDGE_LOOP('',(#1683,#1684,#1685));
#1683=ORIENTED_EDGE('',*,*,#1686,.T.);
#1684=ORIENTED_EDGE('',*,*,#1687,.T.);
#1685=ORIENTED_EDGE('',*,*,#1688,.T.);
#1686=EDGE_CURVE('',#107,#81,#1689,.F.);
#1687=EDGE_CURVE('',#81,#109,#1690,.T.);
#1688=EDGE_CURVE('',#109,#107,#1691,.T.);
#1689=LINE('',#106,#1692);
#1690=LINE('',#80,#1693);
#1691=LINE('',#108,#1694);
#1692=VECTOR('',#1695,1.0);
#1693=VECTOR('',#1696,1.0);
#1694=VECTOR('',#1697,1.0);
#1695=DIRECTION('',(0.999982415139216,-0.00593038045495899,0));
#1696=DIRECTION('',(0.3826816512484479,0.9238802702719445,0));
#1697=DIRECTION('',(-1,0,0));
#1698=FACE_SURFACE('',(#1703),#1699,.T.);
#1699=PLANE('',#1700);
#1700=AXIS2_PLACEMENT_3D('',#106,#1701,#1702);
#1701=DIRECTION('',(0,-0,1));
#1702=DIRECTION('',(1,0,0));
#1703=FACE_BOUND('',#1704,.T.);
#1704=EDGE_LOOP('',(#1705,#1706,#1707));
#1705=ORIENTED_EDGE('',*,*,#1708,.T.);
#1706=ORIENTED_EDGE('',*,*,#1709,.T.);
#1707=ORIENTED_EDGE('',*,*,#1710,.T.);
#1708=EDGE_CURVE('',#107,#109,#1711,.F.);
#1709=EDGE_CURVE('',#109,#111,#1712,.T.);
#1710=EDGE_CURVE('',#111,#107,#1713,.T.);
#1711=LINE('',#106,#1714);
#1712=LINE('',#108,#1715);
#1713=LINE('',#110,#1716);
#1714=VECTOR('',#1717,1.0);
#1715=VECTOR('',#1718,1.0);
#1716=VECTOR('',#1719,1.0);
#1717=DIRECTION('',(1,0,0));
#1718=DIRECTION('',(-0.9999871964312951,0.005060333336664041,0));
#1719=DIRECTION('',(0.608762718909747,-0.7933523505136998,0));
#1720=FACE_SURFACE('',(#1725),#1721,.T.);
#1721=PLANE('',#1722);
#1722=AXIS2_PLACEMENT_3D('',#110,#1723,#1724);
#1723=DIRECTION('',(-0,0,1));
#1724=DIRECTION('',(0.9999871964312951,-0.005060333336664041,0));
#1725=FACE_BOUND('',#1726,.T.);
#1726=EDGE_LOOP('',(#1727,#1728,#1729));
#1727=ORIENTED_EDGE('',*,*,#1730,.T.);
#1728=ORIENTED_EDGE('',*,*,#1731,.T.);
#1729=ORIENTED_EDGE('',*,*,#1732,.T.);
#1730=EDGE_CURVE('',#111,#109,#1733,.F.);
#1731=EDGE_CURVE('',#109,#113,#1734,.T.);
#1732=EDGE_CURVE('',#113,#111,#1735,.T.);
#1733=LINE('',#110,#1736);
#1734=LINE('',#108,#1737);
#1735=LINE('',#112,#1738);
#1736=VECTOR('',#1739,1.0);
#1737=VECTOR('',#1740,1.0);
#1738=VECTOR('',#1741,1.0);
#1739=DIRECTION('',(0.9999871964312951,-0.005060333336664041,0));
#1740=DIRECTION('',(0.608762718909747,0.7933523505136998,0));
#1741=DIRECTION('',(-1,0,0));
#1742=FACE_SURFACE('',(#1747),#1743,.T.);
#1743=PLANE('',#1744);
#1744=AXIS2_PLACEMENT_3D('',#110,#1745,#1746);
#1745=DIRECTION('',(0,0,1));
#1746=DIRECTION('',(1,0,0));
#1747=FACE_BOUND('',#1748,.T.);
#1748=EDGE_LOOP('',(#1749,#1750,#1751));
#1749=ORIENTED_EDGE('',*,*,#1752,.T.);
#1750=ORIENTED_EDGE('',*,*,#1753,.T.);
#1751=ORIENTED_EDGE('',*,*,#1754,.T.);
#1752=EDGE_CURVE('',#111,#113,#1755,.F.);
#1753=EDGE_CURVE('',#113,#115,#1756,.T.);
#1754=EDGE_CURVE('',#115,#111,#1757,.T.);
#1755=LINE('',#110,#1758);
#1756=LINE('',#112,#1759);
#1757=LINE('',#114,#1760);
#1758=VECTOR('',#1761,1.0);
#1759=VECTOR('',#1762,1.0);
#1760=VECTOR('',#1763,1.0);
#1761=DIRECTION('',(1,0,0));
#1762=DIRECTION('',(-0.7800146112936504,0.6257613012710321,0));
#1763=DIRECTION('',(0,-1,0));
#1764=FACE_SURFACE('',(#1769),#1765,.T.);
#1765=PLANE('',#1766);
#1766=AXIS2_PLACEMENT_3D('',#114,#1767,#1768);
#1767=DIRECTION('',(-0,0,1));
#1768=DIRECTION('',(0.7800146112936504,-0.6257613012710321,0));
#1769=FACE_BOUND('',#1770,.T.);
#1770=EDGE_LOOP('',(#1771,#1772,#1773));
#1771=ORIENTED_EDGE('',*,*,#1774,.T.);
#1772=ORIENTED_EDGE('',*,*,#1775,.T.);
#1773=ORIENTED_EDGE('',*,*,#1776,.T.);
#1774=EDGE_CURVE('',#115,#113,#1777,.F.);
#1775=EDGE_CURVE('',#113,#117,#1778,.T.);
#1776=EDGE_CURVE('',#117,#115,#1779,.T.);
#1777=LINE('',#114,#1780);
#1778=LINE('',#112,#1781);
#1779=LINE('',#116,#1782);
#1780=VECTOR('',#1783,1.0);
#1781=VECTOR('',#1784,1.0);
#1782=VECTOR('',#1785,1.0);
#1783=DIRECTION('',(0.7800146112936504,-0.6257613012710321,0));
#1784=DIRECTION('',(0,1,0));
#1785=DIRECTION('',(-1,0,0));
#1786=FACE_SURFACE('',(#1791),#1787,.T.);
#1787=PLANE('',#1788);
#1788=AXIS2_PLACEMENT_3D('',#114,#1789,#1790);
#1789=DIRECTION('',(0,0,1));
#1790=DIRECTION('',(1,0,0));
#1791=FACE_BOUND('',#1792,.T.);
#1792=EDGE_LOOP('',(#1793,#1794,#1795));
#1793=ORIENTED_EDGE('',*,*,#1796,.T.);
#1794=ORIENTED_EDGE('',*,*,#1797,.T.);
#1795=ORIENTED_EDGE('',*,*,#1798,.T.);
#1796=EDGE_CURVE('',#115,#117,#1799,.F.);
#1797=EDGE_CURVE('',#117,#119,#1800,.T.);
#1798=EDGE_CURVE('',#119,#115,#1801,.T.);
#1799=LINE('',#114,#1802);
#1800=LINE('',#116,#1803);
#1801=LINE('',#118,#1804);
#1802=VECTOR('',#1805,1.0);
#1803=VECTOR('',#1806,1.0);
#1804=VECTOR('',#1807,1.0);
#1805=DIRECTION('',(1,0,0));
#1806=DIRECTION('',(-0.9999871964312951,0.005060333336664041,0));
#1807=DIRECTION('',(-0.608762718909747,-0.7933523505136998,0));
#1808=FACE_SURFACE('',(#1813),#1809,.T.);
#1809=PLANE('',#1810);
#1810=AXIS2_PLACEMENT_3D('',#118,#1811,#1812);
#1811=DIRECTION('',(-0,0,1));
#1812=DIRECTION('',(0.9999871964312951,-0.005060333336664041,0));
#1813=FACE_BOUND('',#1814,.T.);
#1814=EDGE_LOOP('',(#1815,#1816,#1817));
#1815=ORIENTED_EDGE('',*,*,#1818,.T.);
#1816=ORIENTED_EDGE('',*,*,#1819,.T.);
#1817=ORIENTED_EDGE('',*,*,#1820,.T.);
#1818=EDGE_CURVE('',#119,#117,#1821,.F.);
#1819=EDGE_CURVE('',#117,#121,#1822,.T.);
#1820=EDGE_CURVE('',#121,#119,#1823,.T.);
#1821=LINE('',#118,#1824);
#1822=LINE('',#116,#1825);
#1823=LINE('',#120,#1826);
#1824=VECTOR('',#1827,1.0);
#1825=VECTOR('',#1828,1.0);
#1826=VECTOR('',#1829,1.0);
#1827=DIRECTION('',(0.9999871964312951,-0.005060333336664041,0));
#1828=DIRECTION('',(-0.608762718909747,0.7933523505136998,0));
#1829=DIRECTION('',(-1,0,0));
#1830=FACE_SURFACE('',(#1835),#1831,.T.);
#1831=PLANE('',#1832);
#1832=AXIS2_PLACEMENT_3D('',#118,#1833,#1834);
#1833=DIRECTION('',(0,0,1));
#1834=DIRECTION('',(1,0,0));
#1835=FACE_BOUND('',#1836,.T.);
#1836=EDGE_LOOP('',(#1837,#1838,#1839));
#1837=ORIENTED_EDGE('',*,*,#1840,.T.);
#1838=ORIENTED_EDGE('',*,*,#1841,.T.);
#1839=ORIENTED_EDGE('',*,*,#1842,.T.);
#1840=EDGE_CURVE('',#119,#121,#1843,.F.);
#1841=EDGE_CURVE('',#121,#123,#1844,.T.);
#1842=EDGE_CURVE('',#123,#119,#1845,.T.);
#1843=LINE('',#118,#1846);
#1844=LINE('',#120,#1847);
#1845=LINE('',#122,#1848);
#1846=VECTOR('',#1849,1.0);
#1847=VECTOR('',#1850,1.0);
#1848=VECTOR('',#1851,1.0);
#1849=DIRECTION('',(1,0,0));
#1850=DIRECTION('',(-0.999982415139216,0.00593038045495899,0));
#1851=DIRECTION('',(-0.3826816512484479,-0.9238802702719445,0));
#1852=FACE_SURFACE('',(#1857),#1853,.T.);
#1853=PLANE('',#1854);
#1854=AXIS2_PLACEMENT_3D('',#122,#1855,#1856);
#1855=DIRECTION('',(-0,0,1));
#1856=DIRECTION('',(0.999982415139216,-0.00593038045495899,0));
#1857=FACE_BOUND('',#1858,.T.);
#1858=EDGE_LOOP('',(#1859,#1860,#1861));
#1859=ORIENTED_EDGE('',*,*,#1862,.T.);
#1860=ORIENTED_EDGE('',*,*,#1863,.T.);
#1861=ORIENTED_EDGE('',*,*,#1864,.T.);
#1862=EDGE_CURVE('',#123,#121,#1865,.F.);
#1863=EDGE_CURVE('',#121,#125,#1866,.T.);
#1864=EDGE_CURVE('',#125,#123,#1867,.T.);
#1865=LINE('',#122,#1868);
#1866=LINE('',#120,#1869);
#1867=LINE('',#124,#1870);
#1868=VECTOR('',#1871,1.0);
#1869=VECTOR('',#1872,1.0);
#1870=VECTOR('',#1873,1.0);
#1871=DIRECTION('',(0.999982415139216,-0.00593038045495899,0));
#1872=DIRECTION('',(-0.3826816512484479,0.9238802702719445,0));
#1873=DIRECTION('',(-1,0,0));
#1874=FACE_SURFACE('',(#1879),#1875,.T.);
#1875=PLANE('',#1876);
#1876=AXIS2_PLACEMENT_3D('',#122,#1877,#1878);
#1877=DIRECTION('',(0,0,1));
#1878=DIRECTION('',(1,0,0));
#1879=FACE_BOUND('',#1880,.T.);
#1880=EDGE_LOOP('',(#1881,#1882,#1883));
#1881=ORIENTED_EDGE('',*,*,#1884,.T.);
#1882=ORIENTED_EDGE('',*,*,#1885,.T.);
#1883=ORIENTED_EDGE('',*,*,#1886,.T.);
#1884=EDGE_CURVE('',#123,#125,#1887,.F.);
#1885=EDGE_CURVE('',#125,#127,#1888,.T.);
#1886=EDGE_CURVE('',#127,#123,#1889,.T.);
#1887=LINE('',#122,#1890);
#1888=LINE('',#124,#1891);
#1889=LINE('',#126,#1892);
#1890=VECTOR('',#1893,1.0);
#1891=VECTOR('',#1894,1.0);
#1892=VECTOR('',#1895,1.0);
#1893=DIRECTION('',(1,0,0));
#1894=DIRECTION('',(-0.9999796151433412,0.006385084006897436,0));
#1895=DIRECTION('',(-0.1305294498076343,-0.9914444324988245,0));
#1896=FACE_SURFACE('',(#1901),#1897,.T.);
#1897=PLANE('',#1898);
#1898=AXIS2_PLACEMENT_3D('',#126,#1899,#1900);
#1899=DIRECTION('',(-0,0,1));
#1900=DIRECTION('',(0.9999796151433412,-0.006385084006897436,0));
#1901=FACE_BOUND('',#1902,.T.);
#1902=EDGE_LOOP('',(#1903,#1904,#1905));
#1903=ORIENTED_EDGE('',*,*,#1906,.T.);
#1904=ORIENTED_EDGE('',*,*,#1907,.T.);
#1905=ORIENTED_EDGE('',*,*,#1908,.T.);
#1906=EDGE_CURVE('',#127,#125,#1909,.F.);
#1907=EDGE_CURVE('',#125,#129,#1910,.T.);
#1908=EDGE_CURVE('',#129,#127,#1911,.T.);
#1909=LINE('',#126,#1912);
#1910=LINE('',#124,#1913);
#1911=LINE('',#128,#1914);
#1912=VECTOR('',#1915,1.0);
#1913=VECTOR('',#1916,1.0);
#1914=VECTOR('',#1917,1.0);
#1915=DIRECTION('',(0.9999796151433412,-0.006385084006897436,0));
#1916=DIRECTION('',(-0.1305294498076343,0.9914444324988245,0));
#1917=DIRECTION('',(-1,0,0));
#1918=FACE_SURFACE('',(#1923),#1919,.T.);
#1919=PLANE('',#1920);
#1920=AXIS2_PLACEMENT_3D('',#126,#1921,#1922);
#1921=DIRECTION('',(0,-0,1));
#1922=DIRECTION('',(1,0,0));
#1923=FACE_BOUND('',#1924,.T.);
#1924=EDGE_LOOP('',(#1925,#1926,#1927));
#1925=ORIENTED_EDGE('',*,*,#1928,.T.);
#1926=ORIENTED_EDGE('',*,*,#1929,.T.);
#1927=ORIENTED_EDGE('',*,*,#1930,.T.);
#1928=EDGE_CURVE('',#127,#129,#1931,.F.);
#1929=EDGE_CURVE('',#129,#131,#1932,.T.);
#1930=EDGE_CURVE('',#131,#127,#1933,.T.);
#1931=LINE('',#126,#1934);
#1932=LINE('',#128,#1935);
#1933=LINE('',#130,#1936);
#1934=VECTOR('',#1937,1.0);
#1935=VECTOR('',#1938,1.0);
#1936=VECTOR('',#1939,1.0);
#1937=DIRECTION('',(1,0,0));
#1938=DIRECTION('',(-0.9999796151433412,0.006385084006897436,0));
#1939=DIRECTION('',(0.1305294498076343,-0.9914444324988245,0));
#1940=FACE_SURFACE('',(#1945),#1941,.T.);
#1941=PLANE('',#1942);
#1942=AXIS2_PLACEMENT_3D('',#130,#1943,#1944);
#1943=DIRECTION('',(-0,0,1));
#1944=DIRECTION('',(0.9999796151433412,-0.006385084006897436,0));
#1945=FACE_BOUND('',#1946,.T.);
#1946=EDGE_LOOP('',(#1947,#1948,#1949));
#1947=ORIENTED_EDGE('',*,*,#1950,.T.);
#1948=ORIENTED_EDGE('',*,*,#1951,.T.);
#1949=ORIENTED_EDGE('',*,*,#1952,.T.);
#1950=EDGE_CURVE('',#131,#129,#1953,.F.);
#1951=EDGE_CURVE('',#129,#133,#1954,.T.);
#1952=EDGE_CURVE('',#133,#131,#1955,.T.);
#1953=LINE('',#130,#1956);
#1954=LINE('',#128,#1957);
#1955=LINE('',#132,#1958);
#1956=VECTOR('',#1959,1.0);
#1957=VECTOR('',#1960,1.0);
#1958=VECTOR('',#1961,1.0);
#1959=DIRECTION('',(0.9999796151433412,-0.006385084006897436,0));
#1960=DIRECTION('',(0.1305294498076343,0.9914444324988245,0));
#1961=DIRECTION('',(-1,0,0));
#1962=FACE_SURFACE('',(#1967),#1963,.T.);
#1963=PLANE('',#1964);
#1964=AXIS2_PLACEMENT_3D('',#130,#1965,#1966);
#1965=DIRECTION('',(0,-0,1));
#1966=DIRECTION('',(1,0,0));
#1967=FACE_BOUND('',#1968,.T.);
#1968=EDGE_LOOP('',(#1969,#1970,#1971));
#1969=ORIENTED_EDGE('',*,*,#1972,.T.);
#1970=ORIENTED_EDGE('',*,*,#1973,.T.);
#1971=ORIENTED_EDGE('',*,*,#1974,.T.);
#1972=EDGE_CURVE('',#131,#133,#1975,.F.);
#1973=EDGE_CURVE('',#133,#135,#1976,.T.);
#1974=EDGE_CURVE('',#135,#131,#1977,.T.);
#1975=LINE('',#130,#1978);
#1976=LINE('',#132,#1979);
#1977=LINE('',#134,#1980);
#1978=VECTOR('',#1981,1.0);
#1979=VECTOR('',#1982,1.0);
#1980=VECTOR('',#1983,1.0);
#1981=DIRECTION('',(1,0,0));
#1982=DIRECTION('',(-0.999982415139216,0.00593038045495899,0));
#1983=DIRECTION('',(0.3826816512484479,-0.9238802702719445,0));
#1984=FACE_SURFACE('',(#1989),#1985,.T.);
#1985=PLANE('',#1986);
#1986=AXIS2_PLACEMENT_3D('',#134,#1987,#1988);
#1987=DIRECTION('',(-0,0,1));
#1988=DIRECTION('',(0.999982415139216,-0.00593038045495899,0));
#1989=FACE_BOUND('',#1990,.T.);
#1990=EDGE_LOOP('',(#1991,#1992,#1993));
#1991=ORIENTED_EDGE('',*,*,#1994,.T.);
#1992=ORIENTED_EDGE('',*,*,#1995,.T.);
#1993=ORIENTED_EDGE('',*,*,#1996,.T.);
#1994=EDGE_CURVE('',#135,#133,#1997,.F.);
#1995=EDGE_CURVE('',#133,#137,#1998,.T.);
#1996=EDGE_CURVE('',#137,#135,#1999,.T.);
#1997=LINE('',#134,#2000);
#1998=LINE('',#132,#2001);
#1999=LINE('',#136,#2002);
#2000=VECTOR('',#2003,1.0);
#2001=VECTOR('',#2004,1.0);
#2002=VECTOR('',#2005,1.0);
#2003=DIRECTION('',(0.999982415139216,-0.00593038045495899,0));
#2004=DIRECTION('',(0.3826816512484479,0.9238802702719445,0));
#2005=DIRECTION('',(-1,0,0));
#2006=FACE_SURFACE('',(#2011),#2007,.T.);
#2007=PLANE('',#2008);
#2008=AXIS2_PLACEMENT_3D('',#134,#2009,#2010);
#2009=DIRECTION('',(0,-0,1));
#2010=DIRECTION('',(1,0,0));
#2011=FACE_BOUND('',#2012,.T.);
#2012=EDGE_LOOP('',(#2013,#2014,#2015));
#2013=ORIENTED_EDGE('',*,*,#2016,.T.);
#2014=ORIENTED_EDGE('',*,*,#2017,.T.);
#2015=ORIENTED_EDGE('',*,*,#2018,.T.);
#2016=EDGE_CURVE('',#135,#137,#2019,.F.);
#2017=EDGE_CURVE('',#137,#139,#2020,.T.);
#2018=EDGE_CURVE('',#139,#135,#2021,.T.);
#2019=LINE('',#134,#2022);
#2020=LINE('',#136,#2023);
#2021=LINE('',#138,#2024);
#2022=VECTOR('',#2025,1.0);
#2023=VECTOR('',#2026,1.0);
#2024=VECTOR('',#2027,1.0);
#2025=DIRECTION('',(1,0,0));
#2026=DIRECTION('',(-0.9999871964312951,0.005060333336664041,0));
#2027=DIRECTION('',(0.608762718909747,-0.7933523505136998,0));
#2028=FACE_SURFACE('',(#2033),#2029,.T.);
#2029=PLANE('',#2030);
#2030=AXIS2_PLACEMENT_3D('',#138,#2031,#2032);
#2031=DIRECTION('',(-0,0,1));
#2032=DIRECTION('',(0.9999871964312951,-0.005060333336664041,0));
#2033=FACE_BOUND('',#2034,.T.);
#2034=EDGE_LOOP('',(#2035,#2036,#2037));
#2035=ORIENTED_EDGE('',*,*,#2038,.T.);
#2036=ORIENTED_EDGE('',*,*,#2039,.T.);
#2037=ORIENTED_EDGE('',*,*,#2040,.T.);
#2038=EDGE_CURVE('',#139,#137,#2041,.F.);
#2039=EDGE_CURVE('',#137,#141,#2042,.T.);
#2040=EDGE_CURVE('',#141,#139,#2043,.T.);
#2041=LINE('',#138,#2044);
#2042=LINE('',#136,#2045);
#2043=LINE('',#140,#2046);
#2044=VECTOR('',#2047,1.0);
#2045=VECTOR('',#2048,1.0);
#2046=VECTOR('',#2049,1.0);
#2047=DIRECTION('',(0.9999871964312951,-0.005060333336664041,0));
#2048=DIRECTION('',(0.608762718909747,0.7933523505136998,0));
#2049=DIRECTION('',(-1,0,0));
#2050=FACE_SURFACE('',(#2055),#2051,.T.);
#2051=PLANE('',#2052);
#2052=AXIS2_PLACEMENT_3D('',#138,#2053,#2054);
#2053=DIRECTION('',(0,-0,1));
#2054=DIRECTION('',(1,0,0));
#2055=FACE_BOUND('',#2056,.T.);
#2056=EDGE_LOOP('',(#2057,#2058,#2059));
#2057=ORIENTED_EDGE('',*,*,#2060,.T.);
#2058=ORIENTED_EDGE('',*,*,#2061,.T.);
#2059=ORIENTED_EDGE('',*,*,#2062,.T.);
#2060=EDGE_CURVE('',#139,#141,#2063,.F.);
#2061=EDGE_CURVE('',#141,#143,#2064,.T.);
#2062=EDGE_CURVE('',#143,#139,#2065,.T.);
#2063=LINE('',#138,#2066);
#2064=LINE('',#140,#2067);
#2065=LINE('',#142,#2068);
#2066=VECTOR('',#2069,1.0);
#2067=VECTOR('',#2070,1.0);
#2068=VECTOR('',#2071,1.0);
#2069=DIRECTION('',(1,0,0));
#2070=DIRECTION('',(-0.9980784611717882,0.06196277386427602,0));
#2071=DIRECTION('',(0.7274396706808168,-0.6861716443571424,0));
#2072=FACE_SURFACE('',(#2077),#2073,.T.);
#2073=PLANE('',#2074);
#2074=AXIS2_PLACEMENT_3D('',#142,#2075,#2076);
#2075=DIRECTION('',(-0,0,1));
#2076=DIRECTION('',(0.9980784611717882,-0.06196277386427602,0));
#2077=FACE_BOUND('',#2078,.T.);
#2078=EDGE_LOOP('',(#2079,#2080,#2081));
#2079=ORIENTED_EDGE('',*,*,#2082,.T.);
#2080=ORIENTED_EDGE('',*,*,#2083,.T.);
#2081=ORIENTED_EDGE('',*,*,#2084,.T.);
#2082=EDGE_CURVE('',#143,#141,#2085,.F.);
#2083=EDGE_CURVE('',#141,#145,#2086,.T.);
#2084=EDGE_CURVE('',#145,#143,#2087,.T.);
#2085=LINE('',#142,#2088);
#2086=LINE('',#140,#2089);
#2087=LINE('',#144,#2090);
#2088=VECTOR('',#2091,1.0);
#2089=VECTOR('',#2092,1.0);
#2090=VECTOR('',#2093,1.0);
#2091=DIRECTION('',(0.9980784611717882,-0.06196277386427602,0));
#2092=DIRECTION('',(0.7274396706808168,0.6861716443571424,0));
#2093=DIRECTION('',(-1,0,0));
#2094=FACE_SURFACE('',(#2099),#2095,.T.);
#2095=PLANE('',#2096);
#2096=AXIS2_PLACEMENT_3D('',#144,#2097,#2098);
#2097=DIRECTION('',(0,0,1));
#2098=DIRECTION('',(-0.7274396706808168,-0.6861716443571424,0));
#2099=FACE_BOUND('',#2100,.T.);
#2100=EDGE_LOOP('',(#2101,#2102,#2103));
#2101=ORIENTED_EDGE('',*,*,#2104,.T.);
#2102=ORIENTED_EDGE('',*,*,#2105,.T.);
#2103=ORIENTED_EDGE('',*,*,#2106,.T.);
#2104=EDGE_CURVE('',#145,#141,#2107,.F.);
#2105=EDGE_CURVE('',#141,#147,#2108,.T.);
#2106=EDGE_CURVE('',#147,#145,#2109,.T.);
#2107=LINE('',#144,#2110);
#2108=LINE('',#140,#2111);
#2109=LINE('',#146,#2112);
#2110=VECTOR('',#2113,1.0);
#2111=VECTOR('',#2114,1.0);
#2112=VECTOR('',#2115,1.0);
#2113=DIRECTION('',(-0.7274396706808168,-0.6861716443571424,0));
#2114=DIRECTION('',(0.793352350513708,0.6087627189097362,0));
#2115=DIRECTION('',(0.7225313491690312,0.6913381585504879,0));
#2116=FACE_SURFACE('',(#2121),#2117,.T.);
#2117=PLANE('',#2118);
#2118=AXIS2_PLACEMENT_3D('',#144,#2119,#2120);
#2119=DIRECTION('',(0,0,1));
#2120=DIRECTION('',(-0.7225313491690312,-0.6913381585504879,0));
#2121=FACE_BOUND('',#2122,.T.);
#2122=EDGE_LOOP('',(#2123,#2124,#2125));
#2123=ORIENTED_EDGE('',*,*,#2126,.T.);
#2124=ORIENTED_EDGE('',*,*,#2127,.T.);
#2125=ORIENTED_EDGE('',*,*,#2128,.T.);
#2126=EDGE_CURVE('',#145,#147,#2129,.F.);
#2127=EDGE_CURVE('',#147,#149,#2130,.T.);
#2128=EDGE_CURVE('',#149,#145,#2131,.T.);
#2129=LINE('',#144,#2132);
#2130=LINE('',#146,#2133);
#2131=LINE('',#148,#2134);
#2132=VECTOR('',#2135,1.0);
#2133=VECTOR('',#2136,1.0);
#2134=VECTOR('',#2137,1.0);
#2135=DIRECTION('',(-0.7225313491690312,-0.6913381585504879,0));
#2136=DIRECTION('',(0.9238802702719372,0.38268165124846537,0));
#2137=DIRECTION('',(0.7034660992230967,0.7107288141364752,0));
#2138=FACE_SURFACE('',(#2143),#2139,.T.);
#2139=PLANE('',#2140);
#2140=AXIS2_PLACEMENT_3D('',#116,#2141,#2142);
#2141=DIRECTION('',(0,0,1));
#2142=DIRECTION('',(0,-1,0));
#2143=FACE_BOUND('',#2144,.T.);
#2144=EDGE_LOOP('',(#2145,#2146,#2147));
#2145=ORIENTED_EDGE('',*,*,#2148,.T.);
#2146=ORIENTED_EDGE('',*,*,#2149,.T.);
#2147=ORIENTED_EDGE('',*,*,#2150,.T.);
#2148=EDGE_CURVE('',#117,#113,#2151,.F.);
#2149=EDGE_CURVE('',#113,#151,#2152,.T.);
#2150=EDGE_CURVE('',#151,#117,#2153,.T.);
#2151=LINE('',#116,#2154);
#2152=LINE('',#112,#2155);
#2153=LINE('',#150,#2156);
#2154=VECTOR('',#2157,1.0);
#2155=VECTOR('',#2158,1.0);
#2156=VECTOR('',#2159,1.0);
#2157=DIRECTION('',(0,-1,0));
#2158=DIRECTION('',(0.006313729366475597,0.9999800682121054,0));
#2159=DIRECTION('',(-0.793352350513708,0.6087627189097362,0));
#2160=FACE_SURFACE('',(#2165),#2161,.T.);
#2161=PLANE('',#2162);
#2162=AXIS2_PLACEMENT_3D('',#150,#2163,#2164);
#2163=DIRECTION('',(0,0,1));
#2164=DIRECTION('',(-0.006313729366475597,-0.9999800682121054,0));
#2165=FACE_BOUND('',#2166,.T.);
#2166=EDGE_LOOP('',(#2167,#2168,#2169));
#2167=ORIENTED_EDGE('',*,*,#2170,.T.);
#2168=ORIENTED_EDGE('',*,*,#2171,.T.);
#2169=ORIENTED_EDGE('',*,*,#2172,.T.);
#2170=EDGE_CURVE('',#151,#113,#2173,.F.);
#2171=EDGE_CURVE('',#113,#153,#2174,.T.);
#2172=EDGE_CURVE('',#153,#151,#2175,.T.);
#2173=LINE('',#150,#2176);
#2174=LINE('',#112,#2177);
#2175=LINE('',#152,#2178);
#2176=VECTOR('',#2179,1.0);
#2177=VECTOR('',#2180,1.0);
#2178=VECTOR('',#2181,1.0);
#2179=DIRECTION('',(-0.006313729366475597,-0.9999800682121054,0));
#2180=DIRECTION('',(0.793352350513708,0.6087627189097362,0));
#2181=DIRECTION('',(0,1,0));
#2182=FACE_SURFACE('',(#2187),#2183,.T.);
#2183=PLANE('',#2184);
#2184=AXIS2_PLACEMENT_3D('',#150,#2185,#2186);
#2185=DIRECTION('',(0,0,1));
#2186=DIRECTION('',(0,-1,0));
#2187=FACE_BOUND('',#2188,.T.);
#2188=EDGE_LOOP('',(#2189,#2190,#2191));
#2189=ORIENTED_EDGE('',*,*,#2192,.T.);
#2190=ORIENTED_EDGE('',*,*,#2193,.T.);
#2191=ORIENTED_EDGE('',*,*,#2194,.T.);
#2192=EDGE_CURVE('',#151,#153,#2195,.F.);
#2193=EDGE_CURVE('',#153,#155,#2196,.T.);
#2194=EDGE_CURVE('',#155,#151,#2197,.T.);
#2195=LINE('',#150,#2198);
#2196=LINE('',#152,#2199);
#2197=LINE('',#154,#2200);
#2198=VECTOR('',#2201,1.0);
#2199=VECTOR('',#2202,1.0);
#2200=VECTOR('',#2203,1.0);
#2201=DIRECTION('',(0,-1,0));
#2202=DIRECTION('',(0.007410941101862315,0.9999725385989281,0));
#2203=DIRECTION('',(-0.9238802702719372,0.38268165124846537,0));
#2204=FACE_SURFACE('',(#2209),#2205,.T.);
#2205=PLANE('',#2206);
#2206=AXIS2_PLACEMENT_3D('',#154,#2207,#2208);
#2207=DIRECTION('',(0,0,1));
#2208=DIRECTION('',(-0.007410941101862315,-0.9999725385989281,0));
#2209=FACE_BOUND('',#2210,.T.);
#2210=EDGE_LOOP('',(#2211,#2212,#2213));
#2211=ORIENTED_EDGE('',*,*,#2214,.T.);
#2212=ORIENTED_EDGE('',*,*,#2215,.T.);
#2213=ORIENTED_EDGE('',*,*,#2216,.T.);
#2214=EDGE_CURVE('',#155,#153,#2217,.F.);
#2215=EDGE_CURVE('',#153,#157,#2218,.T.);
#2216=EDGE_CURVE('',#157,#155,#2219,.T.);
#2217=LINE('',#154,#2220);
#2218=LINE('',#152,#2221);
#2219=LINE('',#156,#2222);
#2220=VECTOR('',#2223,1.0);
#2221=VECTOR('',#2224,1.0);
#2222=VECTOR('',#2225,1.0);
#2223=DIRECTION('',(-0.007410941101862315,-0.9999725385989281,0));
#2224=DIRECTION('',(0.9238802702719372,0.38268165124846537,0));
#2225=DIRECTION('',(0,1,0));
#2226=FACE_SURFACE('',(#2231),#2227,.T.);
#2227=PLANE('',#2228);
#2228=AXIS2_PLACEMENT_3D('',#154,#2229,#2230);
#2229=DIRECTION('',(0,0,1));
#2230=DIRECTION('',(0,-1,0));
#2231=FACE_BOUND('',#2232,.T.);
#2232=EDGE_LOOP('',(#2233,#2234,#2235));
#2233=ORIENTED_EDGE('',*,*,#2236,.T.);
#2234=ORIENTED_EDGE('',*,*,#2237,.T.);
#2235=ORIENTED_EDGE('',*,*,#2238,.T.);
#2236=EDGE_CURVE('',#155,#157,#2239,.F.);
#2237=EDGE_CURVE('',#157,#159,#2240,.T.);
#2238=EDGE_CURVE('',#159,#155,#2241,.T.);
#2239=LINE('',#154,#2242);
#2240=LINE('',#156,#2243);
#2241=LINE('',#158,#2244);
#2242=VECTOR('',#2245,1.0);
#2243=VECTOR('',#2246,1.0);
#2244=VECTOR('',#2247,1.0);
#2245=DIRECTION('',(0,-1,0));
#2246=DIRECTION('',(0.007985741560501988,0.9999681134574886,0));
#2247=DIRECTION('',(-0.9914444324988257,0.13052944980762596,0));
#2248=FACE_SURFACE('',(#2253),#2249,.T.);
#2249=PLANE('',#2250);
#2250=AXIS2_PLACEMENT_3D('',#158,#2251,#2252);
#2251=DIRECTION('',(0,0,1));
#2252=DIRECTION('',(-0.007985741560501988,-0.9999681134574886,0));
#2253=FACE_BOUND('',#2254,.T.);
#2254=EDGE_LOOP('',(#2255,#2256,#2257));
#2255=ORIENTED_EDGE('',*,*,#2258,.T.);
#2256=ORIENTED_EDGE('',*,*,#2259,.T.);
#2257=ORIENTED_EDGE('',*,*,#2260,.T.);
#2258=EDGE_CURVE('',#159,#157,#2261,.F.);
#2259=EDGE_CURVE('',#157,#161,#2262,.T.);
#2260=EDGE_CURVE('',#161,#159,#2263,.T.);
#2261=LINE('',#158,#2264);
#2262=LINE('',#156,#2265);
#2263=LINE('',#160,#2266);
#2264=VECTOR('',#2267,1.0);
#2265=VECTOR('',#2268,1.0);
#2266=VECTOR('',#2269,1.0);
#2267=DIRECTION('',(-0.007985741560501988,-0.9999681134574886,0));
#2268=DIRECTION('',(0.9914444324988257,0.13052944980762596,0));
#2269=DIRECTION('',(0,1,0));
#2270=FACE_SURFACE('',(#2275),#2271,.T.);
#2271=PLANE('',#2272);
#2272=AXIS2_PLACEMENT_3D('',#158,#2273,#2274);
#2273=DIRECTION('',(0,0,1));
#2274=DIRECTION('',(0,-1,0));
#2275=FACE_BOUND('',#2276,.T.);
#2276=EDGE_LOOP('',(#2277,#2278,#2279));
#2277=ORIENTED_EDGE('',*,*,#2280,.T.);
#2278=ORIENTED_EDGE('',*,*,#2281,.T.);
#2279=ORIENTED_EDGE('',*,*,#2282,.T.);
#2280=EDGE_CURVE('',#159,#161,#2283,.F.);
#2281=EDGE_CURVE('',#161,#163,#2284,.T.);
#2282=EDGE_CURVE('',#163,#159,#2285,.T.);
#2283=LINE('',#158,#2286);
#2284=LINE('',#160,#2287);
#2285=LINE('',#162,#2288);
#2286=VECTOR('',#2289,1.0);
#2287=VECTOR('',#2290,1.0);
#2288=VECTOR('',#2291,1.0);
#2289=DIRECTION('',(0,-1,0));
#2290=DIRECTION('',(0.9914444324988257,-0.13052944980762596,0));
#2291=DIRECTION('',(-0.007985741560501988,0.9999681134574886,0));
#2292=FACE_SURFACE('',(#2297),#2293,.T.);
#2293=PLANE('',#2294);
#2294=AXIS2_PLACEMENT_3D('',#158,#2295,#2296);
#2295=DIRECTION('',(-0,0,1));
#2296=DIRECTION('',(0.007985741560501988,-0.9999681134574886,0));
#2297=FACE_BOUND('',#2298,.T.);
#2298=EDGE_LOOP('',(#2299,#2300,#2301));
#2299=ORIENTED_EDGE('',*,*,#2302,.T.);
#2300=ORIENTED_EDGE('',*,*,#2303,.T.);
#2301=ORIENTED_EDGE('',*,*,#2304,.T.);
#2302=EDGE_CURVE('',#159,#163,#2305,.F.);
#2303=EDGE_CURVE('',#163,#165,#2306,.T.);
#2304=EDGE_CURVE('',#165,#159,#2307,.T.);
#2305=LINE('',#158,#2308);
#2306=LINE('',#162,#2309);
#2307=LINE('',#164,#2310);
#2308=VECTOR('',#2311,1.0);
#2309=VECTOR('',#2312,1.0);
#2310=VECTOR('',#2313,1.0);
#2311=DIRECTION('',(0.007985741560501988,-0.9999681134574886,0));
#2312=DIRECTION('',(0,1,0));
#2313=DIRECTION('',(-0.9914444324988257,-0.13052944980762596,0));
#2314=FACE_SURFACE('',(#2319),#2315,.T.);
#2315=PLANE('',#2316);
#2316=AXIS2_PLACEMENT_3D('',#164,#2317,#2318);
#2317=DIRECTION('',(0,0,1));
#2318=DIRECTION('',(0,-1,0));
#2319=FACE_BOUND('',#2320,.T.);
#2320=EDGE_LOOP('',(#2321,#2322,#2323));
#2321=ORIENTED_EDGE('',*,*,#2324,.T.);
#2322=ORIENTED_EDGE('',*,*,#2325,.T.);
#2323=ORIENTED_EDGE('',*,*,#2326,.T.);
#2324=EDGE_CURVE('',#165,#163,#2327,.F.);
#2325=EDGE_CURVE('',#163,#167,#2328,.T.);
#2326=EDGE_CURVE('',#167,#165,#2329,.T.);
#2327=LINE('',#164,#2330);
#2328=LINE('',#162,#2331);
#2329=LINE('',#166,#2332);
#2330=VECTOR('',#2333,1.0);
#2331=VECTOR('',#2334,1.0);
#2332=VECTOR('',#2335,1.0);
#2333=DIRECTION('',(0,-1,0));
#2334=DIRECTION('',(0.9238802702719372,-0.38268165124846537,0));
#2335=DIRECTION('',(-0.007410941101862315,0.9999725385989281,0));
#2336=FACE_SURFACE('',(#2341),#2337,.T.);
#2337=PLANE('',#2338);
#2338=AXIS2_PLACEMENT_3D('',#164,#2339,#2340);
#2339=DIRECTION('',(-0,0,1));
#2340=DIRECTION('',(0.007410941101862315,-0.9999725385989281,0));
#2341=FACE_BOUND('',#2342,.T.);
#2342=EDGE_LOOP('',(#2343,#2344,#2345));
#2343=ORIENTED_EDGE('',*,*,#2346,.T.);
#2344=ORIENTED_EDGE('',*,*,#2347,.T.);
#2345=ORIENTED_EDGE('',*,*,#2348,.T.);
#2346=EDGE_CURVE('',#165,#167,#2349,.F.);
#2347=EDGE_CURVE('',#167,#169,#2350,.T.);
#2348=EDGE_CURVE('',#169,#165,#2351,.T.);
#2349=LINE('',#164,#2352);
#2350=LINE('',#166,#2353);
#2351=LINE('',#168,#2354);
#2352=VECTOR('',#2355,1.0);
#2353=VECTOR('',#2356,1.0);
#2354=VECTOR('',#2357,1.0);
#2355=DIRECTION('',(0.007410941101862315,-0.9999725385989281,0));
#2356=DIRECTION('',(0,1,0));
#2357=DIRECTION('',(-0.9238802702719372,-0.38268165124846537,0));
#2358=FACE_SURFACE('',(#2363),#2359,.T.);
#2359=PLANE('',#2360);
#2360=AXIS2_PLACEMENT_3D('',#168,#2361,#2362);
#2361=DIRECTION('',(0,0,1));
#2362=DIRECTION('',(0,-1,0));
#2363=FACE_BOUND('',#2364,.T.);
#2364=EDGE_LOOP('',(#2365,#2366,#2367));
#2365=ORIENTED_EDGE('',*,*,#2368,.T.);
#2366=ORIENTED_EDGE('',*,*,#2369,.T.);
#2367=ORIENTED_EDGE('',*,*,#2370,.T.);
#2368=EDGE_CURVE('',#169,#167,#2371,.F.);
#2369=EDGE_CURVE('',#167,#171,#2372,.T.);
#2370=EDGE_CURVE('',#171,#169,#2373,.T.);
#2371=LINE('',#168,#2374);
#2372=LINE('',#166,#2375);
#2373=LINE('',#170,#2376);
#2374=VECTOR('',#2377,1.0);
#2375=VECTOR('',#2378,1.0);
#2376=VECTOR('',#2379,1.0);
#2377=DIRECTION('',(0,-1,0));
#2378=DIRECTION('',(0.793352350513708,-0.6087627189097362,0));
#2379=DIRECTION('',(-0.006313729366475597,0.9999800682121054,0));
#2380=FACE_SURFACE('',(#2385),#2381,.T.);
#2381=PLANE('',#2382);
#2382=AXIS2_PLACEMENT_3D('',#168,#2383,#2384);
#2383=DIRECTION('',(-0,0,1));
#2384=DIRECTION('',(0.006313729366475597,-0.9999800682121054,0));
#2385=FACE_BOUND('',#2386,.T.);
#2386=EDGE_LOOP('',(#2387,#2388,#2389));
#2387=ORIENTED_EDGE('',*,*,#2390,.T.);
#2388=ORIENTED_EDGE('',*,*,#2391,.T.);
#2389=ORIENTED_EDGE('',*,*,#2392,.T.);
#2390=EDGE_CURVE('',#169,#171,#2393,.F.);
#2391=EDGE_CURVE('',#171,#173,#2394,.T.);
#2392=EDGE_CURVE('',#173,#169,#2395,.T.);
#2393=LINE('',#168,#2396);
#2394=LINE('',#170,#2397);
#2395=LINE('',#172,#2398);
#2396=VECTOR('',#2399,1.0);
#2397=VECTOR('',#2400,1.0);
#2398=VECTOR('',#2401,1.0);
#2399=DIRECTION('',(0.006313729366475597,-0.9999800682121054,0));
#2400=DIRECTION('',(0,1,0));
#2401=DIRECTION('',(-0.793352350513708,-0.6087627189097362,0));
#2402=FACE_SURFACE('',(#2407),#2403,.T.);
#2403=PLANE('',#2404);
#2404=AXIS2_PLACEMENT_3D('',#172,#2405,#2406);
#2405=DIRECTION('',(0,0,1));
#2406=DIRECTION('',(0,-1,0));
#2407=FACE_BOUND('',#2408,.T.);
#2408=EDGE_LOOP('',(#2409,#2410,#2411));
#2409=ORIENTED_EDGE('',*,*,#2412,.T.);
#2410=ORIENTED_EDGE('',*,*,#2413,.T.);
#2411=ORIENTED_EDGE('',*,*,#2414,.T.);
#2412=EDGE_CURVE('',#173,#171,#2415,.F.);
#2413=EDGE_CURVE('',#171,#175,#2416,.T.);
#2414=EDGE_CURVE('',#175,#173,#2417,.T.);
#2415=LINE('',#172,#2418);
#2416=LINE('',#170,#2419);
#2417=LINE('',#174,#2420);
#2418=VECTOR('',#2421,1.0);
#2419=VECTOR('',#2422,1.0);
#2420=VECTOR('',#2423,1.0);
#2421=DIRECTION('',(0,-1,0));
#2422=DIRECTION('',(0.6861716443571425,-0.7274396706808168,0));
#2423=DIRECTION('',(-0.07593031796868534,0.9971131263869583,0));
#2424=FACE_SURFACE('',(#2429),#2425,.T.);
#2425=PLANE('',#2426);
#2426=AXIS2_PLACEMENT_3D('',#172,#2427,#2428);
#2427=DIRECTION('',(-0,0,1));
#2428=DIRECTION('',(0.07593031796868534,-0.9971131263869583,0));
#2429=FACE_BOUND('',#2430,.T.);
#2430=EDGE_LOOP('',(#2431,#2432,#2433));
#2431=ORIENTED_EDGE('',*,*,#2434,.T.);
#2432=ORIENTED_EDGE('',*,*,#2435,.T.);
#2433=ORIENTED_EDGE('',*,*,#2436,.T.);
#2434=EDGE_CURVE('',#173,#175,#2437,.F.);
#2435=EDGE_CURVE('',#175,#177,#2438,.T.);
#2436=EDGE_CURVE('',#177,#173,#2439,.T.);
#2437=LINE('',#172,#2440);
#2438=LINE('',#174,#2441);
#2439=LINE('',#176,#2442);
#2440=VECTOR('',#2443,1.0);
#2441=VECTOR('',#2444,1.0);
#2442=VECTOR('',#2445,1.0);
#2443=DIRECTION('',(0.07593031796868534,-0.9971131263869583,0));
#2444=DIRECTION('',(0,1,0));
#2445=DIRECTION('',(-0.6861716443571425,-0.7274396706808168,0));
#2446=FACE_SURFACE('',(#2451),#2447,.T.);
#2447=PLANE('',#2448);
#2448=AXIS2_PLACEMENT_3D('',#170,#2449,#2450);
#2449=DIRECTION('',(0,0,1));
#2450=DIRECTION('',(0.608762718909747,-0.7933523505136998,0));
#2451=FACE_BOUND('',#2452,.T.);
#2452=EDGE_LOOP('',(#2453,#2454,#2455));
#2453=ORIENTED_EDGE('',*,*,#2456,.T.);
#2454=ORIENTED_EDGE('',*,*,#2457,.T.);
#2455=ORIENTED_EDGE('',*,*,#2458,.T.);
#2456=EDGE_CURVE('',#171,#179,#2459,.F.);
#2457=EDGE_CURVE('',#179,#175,#2460,.T.);
#2458=EDGE_CURVE('',#175,#171,#2461,.T.);
#2459=LINE('',#170,#2462);
#2460=LINE('',#178,#2463);
#2461=LINE('',#174,#2464);
#2462=VECTOR('',#2465,1.0);
#2463=VECTOR('',#2466,1.0);
#2464=VECTOR('',#2467,1.0);
#2465=DIRECTION('',(0.608762718909747,-0.7933523505136998,0));
#2466=DIRECTION('',(0.6913381585504873,-0.7225313491690317,0));
#2467=DIRECTION('',(-0.6861716443571425,0.7274396706808168,0));
#2468=FACE_SURFACE('',(#2473),#2469,.T.);
#2469=PLANE('',#2470);
#2470=AXIS2_PLACEMENT_3D('',#174,#2471,#2472);
#2471=DIRECTION('',(0,0,1));
#2472=DIRECTION('',(-0.6913381585504873,0.7225313491690317,0));
#2473=FACE_BOUND('',#2474,.T.);
#2474=EDGE_LOOP('',(#2475,#2476,#2477));
#2475=ORIENTED_EDGE('',*,*,#2478,.T.);
#2476=ORIENTED_EDGE('',*,*,#2479,.T.);
#2477=ORIENTED_EDGE('',*,*,#2480,.T.);
#2478=EDGE_CURVE('',#175,#179,#2481,.F.);
#2479=EDGE_CURVE('',#179,#181,#2482,.T.);
#2480=EDGE_CURVE('',#181,#175,#2483,.T.);
#2481=LINE('',#174,#2484);
#2482=LINE('',#178,#2485);
#2483=LINE('',#180,#2486);
#2484=VECTOR('',#2487,1.0);
#2485=VECTOR('',#2488,1.0);
#2486=VECTOR('',#2489,1.0);
#2487=DIRECTION('',(-0.6913381585504873,0.7225313491690317,0));
#2488=DIRECTION('',(0.3826816512484479,-0.9238802702719445,0));
#2489=DIRECTION('',(0.7107288141364755,-0.7034660992230963,0));
#2490=FACE_SURFACE('',(#2495),#2491,.T.);
#2491=PLANE('',#2492);
#2492=AXIS2_PLACEMENT_3D('',#174,#2493,#2494);
#2493=DIRECTION('',(0,0,1));
#2494=DIRECTION('',(-0.7107288141364755,0.7034660992230963,0));
#2495=FACE_BOUND('',#2496,.T.);
#2496=EDGE_LOOP('',(#2497,#2498,#2499));
#2497=ORIENTED_EDGE('',*,*,#2500,.T.);
#2498=ORIENTED_EDGE('',*,*,#2501,.T.);
#2499=ORIENTED_EDGE('',*,*,#2502,.T.);
#2500=EDGE_CURVE('',#175,#181,#2503,.F.);
#2501=EDGE_CURVE('',#181,#183,#2504,.T.);
#2502=EDGE_CURVE('',#183,#175,#2505,.T.);
#2503=LINE('',#174,#2506);
#2504=LINE('',#180,#2507);
#2505=LINE('',#182,#2508);
#2506=VECTOR('',#2509,1.0);
#2507=VECTOR('',#2510,1.0);
#2508=VECTOR('',#2511,1.0);
#2509=DIRECTION('',(-0.7107288141364755,0.7034660992230963,0));
#2510=DIRECTION('',(0.1305294498076343,-0.9914444324988245,0));
#2511=DIRECTION('',(0.7442422836946572,-0.6679097417772567,0));
#2512=FACE_SURFACE('',(#2517),#2513,.T.);
#2513=PLANE('',#2514);
#2514=AXIS2_PLACEMENT_3D('',#182,#2515,#2516);
#2515=DIRECTION('',(0,0,1));
#2516=DIRECTION('',(-0.1305294498076343,-0.9914444324988245,0));
#2517=FACE_BOUND('',#2518,.T.);
#2518=EDGE_LOOP('',(#2519,#2520,#2521));
#2519=ORIENTED_EDGE('',*,*,#2522,.T.);
#2520=ORIENTED_EDGE('',*,*,#2523,.T.);
#2521=ORIENTED_EDGE('',*,*,#2524,.T.);
#2522=EDGE_CURVE('',#183,#185,#2525,.F.);
#2523=EDGE_CURVE('',#185,#175,#2526,.T.);
#2524=EDGE_CURVE('',#175,#183,#2527,.T.);
#2525=LINE('',#182,#2528);
#2526=LINE('',#184,#2529);
#2527=LINE('',#174,#2530);
#2528=VECTOR('',#2531,1.0);
#2529=VECTOR('',#2532,1.0);
#2530=VECTOR('',#2533,1.0);
#2531=DIRECTION('',(-0.1305294498076343,-0.9914444324988245,0));
#2532=DIRECTION('',(0.7883703775631429,-0.6152009003414637,0));
#2533=DIRECTION('',(-0.7442422836946572,0.6679097417772567,0));
#2534=FACE_SURFACE('',(#2539),#2535,.T.);
#2535=PLANE('',#2536);
#2536=AXIS2_PLACEMENT_3D('',#174,#2537,#2538);
#2537=DIRECTION('',(0,0,1));
#2538=DIRECTION('',(-0.7883703775631429,0.6152009003414637,0));
#2539=FACE_BOUND('',#2540,.T.);
#2540=EDGE_LOOP('',(#2541,#2542,#2543));
#2541=ORIENTED_EDGE('',*,*,#2544,.T.);
#2542=ORIENTED_EDGE('',*,*,#2545,.T.);
#2543=ORIENTED_EDGE('',*,*,#2546,.T.);
#2544=EDGE_CURVE('',#175,#185,#2547,.F.);
#2545=EDGE_CURVE('',#185,#187,#2548,.T.);
#2546=EDGE_CURVE('',#187,#175,#2549,.T.);
#2547=LINE('',#174,#2550);
#2548=LINE('',#184,#2551);
#2549=LINE('',#186,#2552);
#2550=VECTOR('',#2553,1.0);
#2551=VECTOR('',#2554,1.0);
#2552=VECTOR('',#2555,1.0);
#2553=DIRECTION('',(-0.7883703775631429,0.6152009003414637,0));
#2554=DIRECTION('',(-0.3826816512484479,-0.9238802702719445,0));
#2555=DIRECTION('',(0.8360524547998409,-0.5486495172905558,0));
#2556=FACE_SURFACE('',(#2561),#2557,.T.);
#2557=PLANE('',#2558);
#2558=AXIS2_PLACEMENT_3D('',#174,#2559,#2560);
#2559=DIRECTION('',(0,0,1));
#2560=DIRECTION('',(-0.8360524547998409,0.5486495172905558,0));
#2561=FACE_BOUND('',#2562,.T.);
#2562=EDGE_LOOP('',(#2563,#2564,#2565));
#2563=ORIENTED_EDGE('',*,*,#2566,.T.);
#2564=ORIENTED_EDGE('',*,*,#2567,.T.);
#2565=ORIENTED_EDGE('',*,*,#2568,.T.);
#2566=EDGE_CURVE('',#175,#187,#2569,.F.);
#2567=EDGE_CURVE('',#187,#189,#2570,.T.);
#2568=EDGE_CURVE('',#189,#175,#2571,.T.);
#2569=LINE('',#174,#2572);
#2570=LINE('',#186,#2573);
#2571=LINE('',#188,#2574);
#2572=VECTOR('',#2575,1.0);
#2573=VECTOR('',#2576,1.0);
#2574=VECTOR('',#2577,1.0);
#2575=DIRECTION('',(-0.8360524547998409,0.5486495172905558,0));
#2576=DIRECTION('',(-0.608762718909747,-0.7933523505136998,0));
#2577=DIRECTION('',(0.8790990135413993,-0.47663919728715015,0));
#2578=FACE_SURFACE('',(#2583),#2579,.T.);
#2579=PLANE('',#2580);
#2580=AXIS2_PLACEMENT_3D('',#188,#2581,#2582);
#2581=DIRECTION('',(0,0,1));
#2582=DIRECTION('',(-0.793352350513708,-0.6087627189097362,0));
#2583=FACE_BOUND('',#2584,.T.);
#2584=EDGE_LOOP('',(#2585,#2586,#2587));
#2585=ORIENTED_EDGE('',*,*,#2588,.T.);
#2586=ORIENTED_EDGE('',*,*,#2589,.T.);
#2587=ORIENTED_EDGE('',*,*,#2590,.T.);
#2588=EDGE_CURVE('',#189,#191,#2591,.F.);
#2589=EDGE_CURVE('',#191,#175,#2592,.T.);
#2590=EDGE_CURVE('',#175,#189,#2593,.T.);
#2591=LINE('',#188,#2594);
#2592=LINE('',#190,#2595);
#2593=LINE('',#174,#2596);
#2594=VECTOR('',#2597,1.0);
#2595=VECTOR('',#2598,1.0);
#2596=VECTOR('',#2599,1.0);
#2597=DIRECTION('',(-0.793352350513708,-0.6087627189097362,0));
#2598=DIRECTION('',(0.9119679710887444,-0.41026140411727613,0));
#2599=DIRECTION('',(-0.8790990135413993,0.47663919728715015,0));
#2600=FACE_SURFACE('',(#2605),#2601,.T.);
#2601=PLANE('',#2602);
#2602=AXIS2_PLACEMENT_3D('',#174,#2603,#2604);
#2603=DIRECTION('',(0,0,1));
#2604=DIRECTION('',(-0.9119679710887444,0.41026140411727613,0));
#2605=FACE_BOUND('',#2606,.T.);
#2606=EDGE_LOOP('',(#2607,#2608,#2609));
#2607=ORIENTED_EDGE('',*,*,#2610,.T.);
#2608=ORIENTED_EDGE('',*,*,#2611,.T.);
#2609=ORIENTED_EDGE('',*,*,#2612,.T.);
#2610=EDGE_CURVE('',#175,#191,#2613,.F.);
#2611=EDGE_CURVE('',#191,#101,#2614,.T.);
#2612=EDGE_CURVE('',#101,#175,#2615,.T.);
#2613=LINE('',#174,#2616);
#2614=LINE('',#190,#2617);
#2615=LINE('',#100,#2618);
#2616=VECTOR('',#2619,1.0);
#2617=VECTOR('',#2620,1.0);
#2618=VECTOR('',#2621,1.0);
#2619=DIRECTION('',(-0.9119679710887444,0.41026140411727613,0));
#2620=DIRECTION('',(0.5486495172905559,-0.8360524547998408,0));
#2621=DIRECTION('',(0.7071067811865475,0.7071067811865475,0));
#2622=FACE_SURFACE('',(#2627),#2623,.T.);
#2623=PLANE('',#2624);
#2624=AXIS2_PLACEMENT_3D('',#174,#2625,#2626);
#2625=DIRECTION('',(0,0,1));
#2626=DIRECTION('',(-0.7071067811865475,-0.7071067811865475,0));
#2627=FACE_BOUND('',#2628,.T.);
#2628=EDGE_LOOP('',(#2629,#2630,#2631));
#2629=ORIENTED_EDGE('',*,*,#2632,.T.);
#2630=ORIENTED_EDGE('',*,*,#2633,.T.);
#2631=ORIENTED_EDGE('',*,*,#2634,.T.);
#2632=EDGE_CURVE('',#175,#101,#2635,.F.);
#2633=EDGE_CURVE('',#101,#193,#2636,.T.);
#2634=EDGE_CURVE('',#193,#175,#2637,.T.);
#2635=LINE('',#174,#2638);
#2636=LINE('',#100,#2639);
#2637=LINE('',#192,#2640);
#2638=VECTOR('',#2641,1.0);
#2639=VECTOR('',#2642,1.0);
#2640=VECTOR('',#2643,1.0);
#2641=DIRECTION('',(-0.7071067811865475,-0.7071067811865475,0));
#2642=DIRECTION('',(0.7818317682358857,0.623489443517008,0));
#2643=DIRECTION('',(0.11195573340215434,0.9937131949201368,0));
#2644=FACE_SURFACE('',(#2649),#2645,.T.);
#2645=PLANE('',#2646);
#2646=AXIS2_PLACEMENT_3D('',#192,#2647,#2648);
#2647=DIRECTION('',(0,0,1));
#2648=DIRECTION('',(-0.7818317682358857,-0.623489443517008,0));
#2649=FACE_BOUND('',#2650,.T.);
#2650=EDGE_LOOP('',(#2651,#2652,#2653));
#2651=ORIENTED_EDGE('',*,*,#2654,.T.);
#2652=ORIENTED_EDGE('',*,*,#2655,.T.);
#2653=ORIENTED_EDGE('',*,*,#2656,.T.);
#2654=EDGE_CURVE('',#193,#101,#2657,.F.);
#2655=EDGE_CURVE('',#101,#195,#2658,.T.);
#2656=EDGE_CURVE('',#195,#193,#2659,.T.);
#2657=LINE('',#192,#2660);
#2658=LINE('',#100,#2661);
#2659=LINE('',#194,#2662);
#2660=VECTOR('',#2663,1.0);
#2661=VECTOR('',#2664,1.0);
#2662=VECTOR('',#2665,1.0);
#2663=DIRECTION('',(-0.7818317682358857,-0.623489443517008,0));
#2664=DIRECTION('',(0.8467250341929673,0.5320307476743411,0));
#2665=DIRECTION('',(0.3302798087765309,0.9438830689839383,0));
#2666=FACE_SURFACE('',(#2671),#2667,.T.);
#2667=PLANE('',#2668);
#2668=AXIS2_PLACEMENT_3D('',#194,#2669,#2670);
#2669=DIRECTION('',(0,0,1));
#2670=DIRECTION('',(-0.8467250341929673,-0.5320307476743411,0));
#2671=FACE_BOUND('',#2672,.T.);
#2672=EDGE_LOOP('',(#2673,#2674,#2675));
#2673=ORIENTED_EDGE('',*,*,#2676,.T.);
#2674=ORIENTED_EDGE('',*,*,#2677,.T.);
#2675=ORIENTED_EDGE('',*,*,#2678,.T.);
#2676=EDGE_CURVE('',#195,#101,#2679,.F.);
#2677=EDGE_CURVE('',#101,#197,#2680,.T.);
#2678=EDGE_CURVE('',#197,#195,#2681,.T.);
#2679=LINE('',#194,#2682);
#2680=LINE('',#100,#2683);
#2681=LINE('',#196,#2684);
#2682=VECTOR('',#2685,1.0);
#2683=VECTOR('',#2686,1.0);
#2684=VECTOR('',#2687,1.0);
#2685=DIRECTION('',(-0.8467250341929673,-0.5320307476743411,0));
#2686=DIRECTION('',(0.9009686355520796,0.43388422159767914,0));
#2687=DIRECTION('',(0.5320425853198208,0.8467175960178229,0));
#2688=FACE_SURFACE('',(#2693),#2689,.T.);
#2689=PLANE('',#2690);
#2690=AXIS2_PLACEMENT_3D('',#196,#2691,#2692);
#2691=DIRECTION('',(0,0,1));
#2692=DIRECTION('',(-0.9009686355520796,-0.43388422159767914,0));
#2693=FACE_BOUND('',#2694,.T.);
#2694=EDGE_LOOP('',(#2695,#2696,#2697));
#2695=ORIENTED_EDGE('',*,*,#2698,.T.);
#2696=ORIENTED_EDGE('',*,*,#2699,.T.);
#2697=ORIENTED_EDGE('',*,*,#2700,.T.);
#2698=EDGE_CURVE('',#197,#101,#2701,.F.);
#2699=EDGE_CURVE('',#101,#199,#2702,.T.);
#2700=EDGE_CURVE('',#199,#197,#2703,.T.);
#2701=LINE('',#196,#2704);
#2702=LINE('',#100,#2705);
#2703=LINE('',#198,#2706);
#2704=VECTOR('',#2707,1.0);
#2705=VECTOR('',#2708,1.0);
#2706=VECTOR('',#2709,1.0);
#2707=DIRECTION('',(-0.9009686355520796,-0.43388422159767914,0));
#2708=DIRECTION('',(0.9438826633896515,0.3302809678931832,0));
#2709=DIRECTION('',(0.7071067811865476,0.7071067811865476,0));
#2710=FACE_SURFACE('',(#2715),#2711,.T.);
#2711=PLANE('',#2712);
#2712=AXIS2_PLACEMENT_3D('',#198,#2713,#2714);
#2713=DIRECTION('',(0,0,1));
#2714=DIRECTION('',(-0.9438826633896515,-0.3302809678931832,0));
#2715=FACE_BOUND('',#2716,.T.);
#2716=EDGE_LOOP('',(#2717,#2718,#2719));
#2717=ORIENTED_EDGE('',*,*,#2720,.T.);
#2718=ORIENTED_EDGE('',*,*,#2721,.T.);
#2719=ORIENTED_EDGE('',*,*,#2722,.T.);
#2720=EDGE_CURVE('',#199,#101,#2723,.F.);
#2721=EDGE_CURVE('',#101,#201,#2724,.T.);
#2722=EDGE_CURVE('',#201,#199,#2725,.T.);
#2723=LINE('',#198,#2726);
#2724=LINE('',#100,#2727);
#2725=LINE('',#200,#2728);
#2726=VECTOR('',#2729,1.0);
#2727=VECTOR('',#2730,1.0);
#2728=VECTOR('',#2731,1.0);
#2729=DIRECTION('',(-0.9438826633896515,-0.3302809678931832,0));
#2730=DIRECTION('',(0.9749286043187226,0.22251790148468414,0));
#2731=DIRECTION('',(0.8467175960178229,0.5320425853198208,0));
#2732=FACE_SURFACE('',(#2737),#2733,.T.);
#2733=PLANE('',#2734);
#2734=AXIS2_PLACEMENT_3D('',#200,#2735,#2736);
#2735=DIRECTION('',(0,0,1));
#2736=DIRECTION('',(-0.9749286043187226,-0.22251790148468414,0));
#2737=FACE_BOUND('',#2738,.T.);
#2738=EDGE_LOOP('',(#2739,#2740,#2741));
#2739=ORIENTED_EDGE('',*,*,#2742,.T.);
#2740=ORIENTED_EDGE('',*,*,#2743,.T.);
#2741=ORIENTED_EDGE('',*,*,#2744,.T.);
#2742=EDGE_CURVE('',#201,#101,#2745,.F.);
#2743=EDGE_CURVE('',#101,#203,#2746,.T.);
#2744=EDGE_CURVE('',#203,#201,#2747,.T.);
#2745=LINE('',#200,#2748);
#2746=LINE('',#100,#2749);
#2747=LINE('',#202,#2750);
#2748=VECTOR('',#2751,1.0);
#2749=VECTOR('',#2752,1.0);
#2750=VECTOR('',#2753,1.0);
#2751=DIRECTION('',(-0.9749286043187226,-0.22251790148468414,0));
#2752=DIRECTION('',(0.9937131949201368,0.11195573340215434,0));
#2753=DIRECTION('',(0.9438830689839383,0.3302798087765309,0));
#2754=FACE_SURFACE('',(#2759),#2755,.T.);
#2755=PLANE('',#2756);
#2756=AXIS2_PLACEMENT_3D('',#190,#2757,#2758);
#2757=DIRECTION('',(0,0,1));
#2758=DIRECTION('',(-0.9238802702719372,-0.38268165124846537,0));
#2759=FACE_BOUND('',#2760,.T.);
#2760=EDGE_LOOP('',(#2761,#2762,#2763));
#2761=ORIENTED_EDGE('',*,*,#2764,.T.);
#2762=ORIENTED_EDGE('',*,*,#2765,.T.);
#2763=ORIENTED_EDGE('',*,*,#2766,.T.);
#2764=EDGE_CURVE('',#191,#205,#2767,.F.);
#2765=EDGE_CURVE('',#205,#101,#2768,.T.);
#2766=EDGE_CURVE('',#101,#191,#2769,.T.);
#2767=LINE('',#190,#2770);
#2768=LINE('',#204,#2771);
#2769=LINE('',#100,#2772);
#2770=VECTOR('',#2773,1.0);
#2771=VECTOR('',#2774,1.0);
#2772=VECTOR('',#2775,1.0);
#2773=DIRECTION('',(-0.9238802702719372,-0.38268165124846537,0));
#2774=DIRECTION('',(0.615200900341464,-0.7883703775631425,0));
#2775=DIRECTION('',(-0.5486495172905559,0.8360524547998408,0));
#2776=FACE_SURFACE('',(#2781),#2777,.T.);
#2777=PLANE('',#2778);
#2778=AXIS2_PLACEMENT_3D('',#100,#2779,#2780);
#2779=DIRECTION('',(0,0,1));
#2780=DIRECTION('',(-0.615200900341464,0.7883703775631425,0));
#2781=FACE_BOUND('',#2782,.T.);
#2782=EDGE_LOOP('',(#2783,#2784,#2785));
#2783=ORIENTED_EDGE('',*,*,#2786,.T.);
#2784=ORIENTED_EDGE('',*,*,#2787,.T.);
#2785=ORIENTED_EDGE('',*,*,#2788,.T.);
#2786=EDGE_CURVE('',#101,#205,#2789,.F.);
#2787=EDGE_CURVE('',#205,#207,#2790,.T.);
#2788=EDGE_CURVE('',#207,#101,#2791,.T.);
#2789=LINE('',#100,#2792);
#2790=LINE('',#204,#2793);
#2791=LINE('',#206,#2794);
#2792=VECTOR('',#2795,1.0);
#2793=VECTOR('',#2796,1.0);
#2794=VECTOR('',#2797,1.0);
#2795=DIRECTION('',(-0.615200900341464,0.7883703775631425,0));
#2796=DIRECTION('',(-0.9914444324988257,-0.13052944980762596,0));
#2797=DIRECTION('',(0.6679097417772567,-0.7442422836946572,0));
#2798=FACE_SURFACE('',(#2803),#2799,.T.);
#2799=PLANE('',#2800);
#2800=AXIS2_PLACEMENT_3D('',#100,#2801,#2802);
#2801=DIRECTION('',(0,0,1));
#2802=DIRECTION('',(-0.6679097417772567,0.7442422836946572,0));
#2803=FACE_BOUND('',#2804,.T.);
#2804=EDGE_LOOP('',(#2805,#2806,#2807));
#2805=ORIENTED_EDGE('',*,*,#2808,.T.);
#2806=ORIENTED_EDGE('',*,*,#2809,.T.);
#2807=ORIENTED_EDGE('',*,*,#2810,.T.);
#2808=EDGE_CURVE('',#101,#207,#2811,.F.);
#2809=EDGE_CURVE('',#207,#209,#2812,.T.);
#2810=EDGE_CURVE('',#209,#101,#2813,.T.);
#2811=LINE('',#100,#2814);
#2812=LINE('',#206,#2815);
#2813=LINE('',#208,#2816);
#2814=VECTOR('',#2817,1.0);
#2815=VECTOR('',#2818,1.0);
#2816=VECTOR('',#2819,1.0);
#2817=DIRECTION('',(-0.6679097417772567,0.7442422836946572,0));
#2818=DIRECTION('',(-0.9914444324988257,0.13052944980762596,0));
#2819=DIRECTION('',(0.7034660992230967,-0.7107288141364752,0));
#2820=FACE_SURFACE('',(#2825),#2821,.T.);
#2821=PLANE('',#2822);
#2822=AXIS2_PLACEMENT_3D('',#208,#2823,#2824);
#2823=DIRECTION('',(0,0,1));
#2824=DIRECTION('',(-0.9238802702719372,0.38268165124846537,0));
#2825=FACE_BOUND('',#2826,.T.);
#2826=EDGE_LOOP('',(#2827,#2828,#2829));
#2827=ORIENTED_EDGE('',*,*,#2830,.T.);
#2828=ORIENTED_EDGE('',*,*,#2831,.T.);
#2829=ORIENTED_EDGE('',*,*,#2832,.T.);
#2830=EDGE_CURVE('',#209,#211,#2833,.F.);
#2831=EDGE_CURVE('',#211,#101,#2834,.T.);
#2832=EDGE_CURVE('',#101,#209,#2835,.T.);
#2833=LINE('',#208,#2836);
#2834=LINE('',#210,#2837);
#2835=LINE('',#100,#2838);
#2836=VECTOR('',#2839,1.0);
#2837=VECTOR('',#2840,1.0);
#2838=VECTOR('',#2841,1.0);
#2839=DIRECTION('',(-0.9238802702719372,0.38268165124846537,0));
#2840=DIRECTION('',(0.7225313491690312,-0.6913381585504879,0));
#2841=DIRECTION('',(-0.7034660992230967,0.7107288141364752,0));
#2842=FACE_SURFACE('',(#2847),#2843,.T.);
#2843=PLANE('',#2844);
#2844=AXIS2_PLACEMENT_3D('',#100,#2845,#2846);
#2845=DIRECTION('',(0,0,1));
#2846=DIRECTION('',(-0.7225313491690312,0.6913381585504879,0));
#2847=FACE_BOUND('',#2848,.T.);
#2848=EDGE_LOOP('',(#2849,#2850,#2851));
#2849=ORIENTED_EDGE('',*,*,#2852,.T.);
#2850=ORIENTED_EDGE('',*,*,#2853,.T.);
#2851=ORIENTED_EDGE('',*,*,#2854,.T.);
#2852=EDGE_CURVE('',#101,#211,#2855,.F.);
#2853=EDGE_CURVE('',#211,#97,#2856,.T.);
#2854=EDGE_CURVE('',#97,#101,#2857,.T.);
#2855=LINE('',#100,#2858);
#2856=LINE('',#210,#2859);
#2857=LINE('',#96,#2860);
#2858=VECTOR('',#2861,1.0);
#2859=VECTOR('',#2862,1.0);
#2860=VECTOR('',#2863,1.0);
#2861=DIRECTION('',(-0.7225313491690312,0.6913381585504879,0));
#2862=DIRECTION('',(-0.793352350513708,0.6087627189097362,0));
#2863=DIRECTION('',(0.7274396706808168,-0.6861716443571424,0));
#2864=FACE_SURFACE('',(#2869),#2865,.T.);
#2865=PLANE('',#2866);
#2866=AXIS2_PLACEMENT_3D('',#212,#2867,#2868);
#2867=DIRECTION('',(0,0,1));
#2868=DIRECTION('',(-0.1305294498076343,0.9914444324988245,0));
#2869=FACE_BOUND('',#2870,.T.);
#2870=EDGE_LOOP('',(#2871,#2872,#2873));
#2871=ORIENTED_EDGE('',*,*,#2874,.T.);
#2872=ORIENTED_EDGE('',*,*,#2875,.T.);
#2873=ORIENTED_EDGE('',*,*,#2876,.T.);
#2874=EDGE_CURVE('',#213,#215,#2877,.F.);
#2875=EDGE_CURVE('',#215,#77,#2878,.T.);
#2876=EDGE_CURVE('',#77,#213,#2879,.T.);
#2877=LINE('',#212,#2880);
#2878=LINE('',#214,#2881);
#2879=LINE('',#76,#2882);
#2880=VECTOR('',#2883,1.0);
#2881=VECTOR('',#2884,1.0);
#2882=VECTOR('',#2885,1.0);
#2883=DIRECTION('',(-0.1305294498076343,0.9914444324988245,0));
#2884=DIRECTION('',(-0.7442422836946572,0.6679097417772567,0));
#2885=DIRECTION('',(0.7107288141364755,-0.7034660992230963,0));
#2886=FACE_SURFACE('',(#2891),#2887,.T.);
#2887=PLANE('',#2888);
#2888=AXIS2_PLACEMENT_3D('',#76,#2889,#2890);
#2889=DIRECTION('',(0,0,1));
#2890=DIRECTION('',(0.7442422836946572,-0.6679097417772567,0));
#2891=FACE_BOUND('',#2892,.T.);
#2892=EDGE_LOOP('',(#2893,#2894,#2895));
#2893=ORIENTED_EDGE('',*,*,#2896,.T.);
#2894=ORIENTED_EDGE('',*,*,#2897,.T.);
#2895=ORIENTED_EDGE('',*,*,#2898,.T.);
#2896=EDGE_CURVE('',#77,#215,#2899,.F.);
#2897=EDGE_CURVE('',#215,#217,#2900,.T.);
#2898=EDGE_CURVE('',#217,#77,#2901,.T.);
#2899=LINE('',#76,#2902);
#2900=LINE('',#214,#2903);
#2901=LINE('',#216,#2904);
#2902=VECTOR('',#2905,1.0);
#2903=VECTOR('',#2906,1.0);
#2904=VECTOR('',#2907,1.0);
#2905=DIRECTION('',(0.7442422836946572,-0.6679097417772567,0));
#2906=DIRECTION('',(0.1305294498076343,0.9914444324988245,0));
#2907=DIRECTION('',(-0.7883703775631429,0.6152009003414637,0));
#2908=FACE_SURFACE('',(#2913),#2909,.T.);
#2909=PLANE('',#2910);
#2910=AXIS2_PLACEMENT_3D('',#76,#2911,#2912);
#2911=DIRECTION('',(0,0,1));
#2912=DIRECTION('',(0.7883703775631429,-0.6152009003414637,0));
#2913=FACE_BOUND('',#2914,.T.);
#2914=EDGE_LOOP('',(#2915,#2916,#2917));
#2915=ORIENTED_EDGE('',*,*,#2918,.T.);
#2916=ORIENTED_EDGE('',*,*,#2919,.T.);
#2917=ORIENTED_EDGE('',*,*,#2920,.T.);
#2918=EDGE_CURVE('',#77,#217,#2921,.F.);
#2919=EDGE_CURVE('',#217,#219,#2922,.T.);
#2920=EDGE_CURVE('',#219,#77,#2923,.T.);
#2921=LINE('',#76,#2924);
#2922=LINE('',#216,#2925);
#2923=LINE('',#218,#2926);
#2924=VECTOR('',#2927,1.0);
#2925=VECTOR('',#2928,1.0);
#2926=VECTOR('',#2929,1.0);
#2927=DIRECTION('',(0.7883703775631429,-0.6152009003414637,0));
#2928=DIRECTION('',(0.3826816512484479,0.9238802702719445,0));
#2929=DIRECTION('',(-0.8360524547998409,0.5486495172905558,0));
#2930=FACE_SURFACE('',(#2935),#2931,.T.);
#2931=PLANE('',#2932);
#2932=AXIS2_PLACEMENT_3D('',#218,#2933,#2934);
#2933=DIRECTION('',(0,-0,1));
#2934=DIRECTION('',(0.608762718909747,0.7933523505136998,0));
#2935=FACE_BOUND('',#2936,.T.);
#2936=EDGE_LOOP('',(#2937,#2938,#2939));
#2937=ORIENTED_EDGE('',*,*,#2940,.T.);
#2938=ORIENTED_EDGE('',*,*,#2941,.T.);
#2939=ORIENTED_EDGE('',*,*,#2942,.T.);
#2940=EDGE_CURVE('',#219,#221,#2943,.F.);
#2941=EDGE_CURVE('',#221,#77,#2944,.T.);
#2942=EDGE_CURVE('',#77,#219,#2945,.T.);
#2943=LINE('',#218,#2946);
#2944=LINE('',#220,#2947);
#2945=LINE('',#76,#2948);
#2946=VECTOR('',#2949,1.0);
#2947=VECTOR('',#2950,1.0);
#2948=VECTOR('',#2951,1.0);
#2949=DIRECTION('',(0.608762718909747,0.7933523505136998,0));
#2950=DIRECTION('',(-0.8790990135413993,0.47663919728715015,0));
#2951=DIRECTION('',(0.8360524547998409,-0.5486495172905558,0));
#2952=FACE_SURFACE('',(#2957),#2953,.T.);
#2953=PLANE('',#2954);
#2954=AXIS2_PLACEMENT_3D('',#76,#2955,#2956);
#2955=DIRECTION('',(0,0,1));
#2956=DIRECTION('',(0.8790990135413993,-0.47663919728715015,0));
#2957=FACE_BOUND('',#2958,.T.);
#2958=EDGE_LOOP('',(#2959,#2960,#2961));
#2959=ORIENTED_EDGE('',*,*,#2962,.T.);
#2960=ORIENTED_EDGE('',*,*,#2963,.T.);
#2961=ORIENTED_EDGE('',*,*,#2964,.T.);
#2962=EDGE_CURVE('',#77,#221,#2965,.F.);
#2963=EDGE_CURVE('',#221,#223,#2966,.T.);
#2964=EDGE_CURVE('',#223,#77,#2967,.T.);
#2965=LINE('',#76,#2968);
#2966=LINE('',#220,#2969);
#2967=LINE('',#222,#2970);
#2968=VECTOR('',#2971,1.0);
#2969=VECTOR('',#2972,1.0);
#2970=VECTOR('',#2973,1.0);
#2971=DIRECTION('',(0.8790990135413993,-0.47663919728715015,0));
#2972=DIRECTION('',(0.793352350513708,0.6087627189097362,0));
#2973=DIRECTION('',(-0.9119679710887444,0.41026140411727613,0));
#2974=FACE_SURFACE('',(#2979),#2975,.T.);
#2975=PLANE('',#2976);
#2976=AXIS2_PLACEMENT_3D('',#76,#2977,#2978);
#2977=DIRECTION('',(-0,0,1));
#2978=DIRECTION('',(0.9119679710887444,-0.41026140411727613,0));
#2979=FACE_BOUND('',#2980,.T.);
#2980=EDGE_LOOP('',(#2981,#2982,#2983));
#2981=ORIENTED_EDGE('',*,*,#2984,.T.);
#2982=ORIENTED_EDGE('',*,*,#2985,.T.);
#2983=ORIENTED_EDGE('',*,*,#2986,.T.);
#2984=EDGE_CURVE('',#77,#223,#2987,.F.);
#2985=EDGE_CURVE('',#223,#143,#2988,.T.);
#2986=EDGE_CURVE('',#143,#77,#2989,.T.);
#2987=LINE('',#76,#2990);
#2988=LINE('',#222,#2991);
#2989=LINE('',#142,#2992);
#2990=VECTOR('',#2993,1.0);
#2991=VECTOR('',#2994,1.0);
#2992=VECTOR('',#2995,1.0);
#2993=DIRECTION('',(0.9119679710887444,-0.41026140411727613,0));
#2994=DIRECTION('',(-0.5486495172905559,0.8360524547998408,0));
#2995=DIRECTION('',(-0.7071067811865475,-0.7071067811865475,0));
#2996=FACE_SURFACE('',(#3001),#2997,.T.);
#2997=PLANE('',#2998);
#2998=AXIS2_PLACEMENT_3D('',#142,#2999,#3000);
#2999=DIRECTION('',(0,0,1));
#3000=DIRECTION('',(0.5486495172905559,-0.8360524547998408,0));
#3001=FACE_BOUND('',#3002,.T.);
#3002=EDGE_LOOP('',(#3003,#3004,#3005));
#3003=ORIENTED_EDGE('',*,*,#3006,.T.);
#3004=ORIENTED_EDGE('',*,*,#3007,.T.);
#3005=ORIENTED_EDGE('',*,*,#3008,.T.);
#3006=EDGE_CURVE('',#143,#223,#3009,.F.);
#3007=EDGE_CURVE('',#223,#225,#3010,.T.);
#3008=EDGE_CURVE('',#225,#143,#3011,.T.);
#3009=LINE('',#142,#3012);
#3010=LINE('',#222,#3013);
#3011=LINE('',#224,#3014);
#3012=VECTOR('',#3015,1.0);
#3013=VECTOR('',#3016,1.0);
#3014=VECTOR('',#3017,1.0);
#3015=DIRECTION('',(0.5486495172905559,-0.8360524547998408,0));
#3016=DIRECTION('',(0.9238802702719372,0.38268165124846537,0));
#3017=DIRECTION('',(-0.615200900341464,0.7883703775631425,0));
#3018=FACE_SURFACE('',(#3023),#3019,.T.);
#3019=PLANE('',#3020);
#3020=AXIS2_PLACEMENT_3D('',#142,#3021,#3022);
#3021=DIRECTION('',(0,0,1));
#3022=DIRECTION('',(0.615200900341464,-0.7883703775631425,0));
#3023=FACE_BOUND('',#3024,.T.);
#3024=EDGE_LOOP('',(#3025,#3026,#3027));
#3025=ORIENTED_EDGE('',*,*,#3028,.T.);
#3026=ORIENTED_EDGE('',*,*,#3029,.T.);
#3027=ORIENTED_EDGE('',*,*,#3030,.T.);
#3028=EDGE_CURVE('',#143,#225,#3031,.F.);
#3029=EDGE_CURVE('',#225,#227,#3032,.T.);
#3030=EDGE_CURVE('',#227,#143,#3033,.T.);
#3031=LINE('',#142,#3034);
#3032=LINE('',#224,#3035);
#3033=LINE('',#226,#3036);
#3034=VECTOR('',#3037,1.0);
#3035=VECTOR('',#3038,1.0);
#3036=VECTOR('',#3039,1.0);
#3037=DIRECTION('',(0.615200900341464,-0.7883703775631425,0));
#3038=DIRECTION('',(0.9914444324988257,0.13052944980762596,0));
#3039=DIRECTION('',(-0.6679097417772567,0.7442422836946572,0));
#3040=FACE_SURFACE('',(#3045),#3041,.T.);
#3041=PLANE('',#3042);
#3042=AXIS2_PLACEMENT_3D('',#226,#3043,#3044);
#3043=DIRECTION('',(-0,-0,1));
#3044=DIRECTION('',(0.9914444324988257,-0.13052944980762596,0));
#3045=FACE_BOUND('',#3046,.T.);
#3046=EDGE_LOOP('',(#3047,#3048,#3049));
#3047=ORIENTED_EDGE('',*,*,#3050,.T.);
#3048=ORIENTED_EDGE('',*,*,#3051,.T.);
#3049=ORIENTED_EDGE('',*,*,#3052,.T.);
#3050=EDGE_CURVE('',#227,#229,#3053,.F.);
#3051=EDGE_CURVE('',#229,#143,#3054,.T.);
#3052=EDGE_CURVE('',#143,#227,#3055,.T.);
#3053=LINE('',#226,#3056);
#3054=LINE('',#228,#3057);
#3055=LINE('',#142,#3058);
#3056=VECTOR('',#3059,1.0);
#3057=VECTOR('',#3060,1.0);
#3058=VECTOR('',#3061,1.0);
#3059=DIRECTION('',(0.9914444324988257,-0.13052944980762596,0));
#3060=DIRECTION('',(-0.7034660992230967,0.7107288141364752,0));
#3061=DIRECTION('',(0.6679097417772567,-0.7442422836946572,0));
#3062=FACE_SURFACE('',(#3067),#3063,.T.);
#3063=PLANE('',#3064);
#3064=AXIS2_PLACEMENT_3D('',#142,#3065,#3066);
#3065=DIRECTION('',(0,0,1));
#3066=DIRECTION('',(0.7034660992230967,-0.7107288141364752,0));
#3067=FACE_BOUND('',#3068,.T.);
#3068=EDGE_LOOP('',(#3069,#3070,#3071));
#3069=ORIENTED_EDGE('',*,*,#3072,.T.);
#3070=ORIENTED_EDGE('',*,*,#3073,.T.);
#3071=ORIENTED_EDGE('',*,*,#3074,.T.);
#3072=EDGE_CURVE('',#143,#229,#3075,.F.);
#3073=EDGE_CURVE('',#229,#231,#3076,.T.);
#3074=EDGE_CURVE('',#231,#143,#3077,.T.);
#3075=LINE('',#142,#3078);
#3076=LINE('',#228,#3079);
#3077=LINE('',#230,#3080);
#3078=VECTOR('',#3081,1.0);
#3079=VECTOR('',#3082,1.0);
#3080=VECTOR('',#3083,1.0);
#3081=DIRECTION('',(0.7034660992230967,-0.7107288141364752,0));
#3082=DIRECTION('',(0.9238802702719372,-0.38268165124846537,0));
#3083=DIRECTION('',(-0.7225313491690312,0.6913381585504879,0));
#3084=FACE_SURFACE('',(#3089),#3085,.T.);
#3085=PLANE('',#3086);
#3086=AXIS2_PLACEMENT_3D('',#142,#3087,#3088);
#3087=DIRECTION('',(0,0,1));
#3088=DIRECTION('',(0.7225313491690312,-0.6913381585504879,0));
#3089=FACE_BOUND('',#3090,.T.);
#3090=EDGE_LOOP('',(#3091,#3092,#3093));
#3091=ORIENTED_EDGE('',*,*,#3094,.T.);
#3092=ORIENTED_EDGE('',*,*,#3095,.T.);
#3093=ORIENTED_EDGE('',*,*,#3096,.T.);
#3094=EDGE_CURVE('',#143,#231,#3097,.F.);
#3095=EDGE_CURVE('',#231,#139,#3098,.T.);
#3096=EDGE_CURVE('',#139,#143,#3099,.T.);
#3097=LINE('',#142,#3100);
#3098=LINE('',#230,#3101);
#3099=LINE('',#138,#3102);
#3100=VECTOR('',#3103,1.0);
#3101=VECTOR('',#3104,1.0);
#3102=VECTOR('',#3105,1.0);
#3103=DIRECTION('',(0.7225313491690312,-0.6913381585504879,0));
#3104=DIRECTION('',(0.793352350513708,-0.6087627189097362,0));
#3105=DIRECTION('',(-0.7274396706808168,0.6861716443571424,0));
#3106=FACE_SURFACE('',(#3111),#3107,.T.);
#3107=PLANE('',#3108);
#3108=AXIS2_PLACEMENT_3D('',#114,#3109,#3110);
#3109=DIRECTION('',(0,0,1));
#3110=DIRECTION('',(-0.793352350513708,-0.6087627189097362,0));
#3111=FACE_BOUND('',#3112,.T.);
#3112=EDGE_LOOP('',(#3113,#3114,#3115));
#3113=ORIENTED_EDGE('',*,*,#3116,.T.);
#3114=ORIENTED_EDGE('',*,*,#3117,.T.);
#3115=ORIENTED_EDGE('',*,*,#3118,.T.);
#3116=EDGE_CURVE('',#115,#233,#3119,.F.);
#3117=EDGE_CURVE('',#233,#111,#3120,.T.);
#3118=EDGE_CURVE('',#111,#115,#3121,.T.);
#3119=LINE('',#114,#3122);
#3120=LINE('',#232,#3123);
#3121=LINE('',#110,#3124);
#3122=VECTOR('',#3125,1.0);
#3123=VECTOR('',#3126,1.0);
#3124=VECTOR('',#3127,1.0);
#3125=DIRECTION('',(-0.793352350513708,-0.6087627189097362,0));
#3126=DIRECTION('',(0.006313729366475597,-0.9999800682121054,0));
#3127=DIRECTION('',(0,1,0));
#3128=FACE_SURFACE('',(#3133),#3129,.T.);
#3129=PLANE('',#3130);
#3130=AXIS2_PLACEMENT_3D('',#110,#3131,#3132);
#3131=DIRECTION('',(0,0,1));
#3132=DIRECTION('',(-0.006313729366475597,0.9999800682121054,0));
#3133=FACE_BOUND('',#3134,.T.);
#3134=EDGE_LOOP('',(#3135,#3136,#3137));
#3135=ORIENTED_EDGE('',*,*,#3138,.T.);
#3136=ORIENTED_EDGE('',*,*,#3139,.T.);
#3137=ORIENTED_EDGE('',*,*,#3140,.T.);
#3138=EDGE_CURVE('',#111,#233,#3141,.F.);
#3139=EDGE_CURVE('',#233,#235,#3142,.T.);
#3140=EDGE_CURVE('',#235,#111,#3143,.T.);
#3141=LINE('',#110,#3144);
#3142=LINE('',#232,#3145);
#3143=LINE('',#234,#3146);
#3144=VECTOR('',#3147,1.0);
#3145=VECTOR('',#3148,1.0);
#3146=VECTOR('',#3149,1.0);
#3147=DIRECTION('',(-0.006313729366475597,0.9999800682121054,0));
#3148=DIRECTION('',(0,-1,0));
#3149=DIRECTION('',(0.793352350513708,-0.6087627189097362,0));
#3150=FACE_SURFACE('',(#3155),#3151,.T.);
#3151=PLANE('',#3152);
#3152=AXIS2_PLACEMENT_3D('',#234,#3153,#3154);
#3153=DIRECTION('',(0,-0,1));
#3154=DIRECTION('',(0,1,0));
#3155=FACE_BOUND('',#3156,.T.);
#3156=EDGE_LOOP('',(#3157,#3158,#3159));
#3157=ORIENTED_EDGE('',*,*,#3160,.T.);
#3158=ORIENTED_EDGE('',*,*,#3161,.T.);
#3159=ORIENTED_EDGE('',*,*,#3162,.T.);
#3160=EDGE_CURVE('',#235,#233,#3163,.F.);
#3161=EDGE_CURVE('',#233,#237,#3164,.T.);
#3162=EDGE_CURVE('',#237,#235,#3165,.T.);
#3163=LINE('',#234,#3166);
#3164=LINE('',#232,#3167);
#3165=LINE('',#236,#3168);
#3166=VECTOR('',#3169,1.0);
#3167=VECTOR('',#3170,1.0);
#3168=VECTOR('',#3171,1.0);
#3169=DIRECTION('',(0,1,0));
#3170=DIRECTION('',(-0.9238802702719372,-0.38268165124846537,0));
#3171=DIRECTION('',(0.007410941101862315,-0.9999725385989281,0));
#3172=FACE_SURFACE('',(#3177),#3173,.T.);
#3173=PLANE('',#3174);
#3174=AXIS2_PLACEMENT_3D('',#234,#3175,#3176);
#3175=DIRECTION('',(0,0,1));
#3176=DIRECTION('',(-0.007410941101862315,0.9999725385989281,0));
#3177=FACE_BOUND('',#3178,.T.);
#3178=EDGE_LOOP('',(#3179,#3180,#3181));
#3179=ORIENTED_EDGE('',*,*,#3182,.T.);
#3180=ORIENTED_EDGE('',*,*,#3183,.T.);
#3181=ORIENTED_EDGE('',*,*,#3184,.T.);
#3182=EDGE_CURVE('',#235,#237,#3185,.F.);
#3183=EDGE_CURVE('',#237,#239,#3186,.T.);
#3184=EDGE_CURVE('',#239,#235,#3187,.T.);
#3185=LINE('',#234,#3188);
#3186=LINE('',#236,#3189);
#3187=LINE('',#238,#3190);
#3188=VECTOR('',#3191,1.0);
#3189=VECTOR('',#3192,1.0);
#3190=VECTOR('',#3193,1.0);
#3191=DIRECTION('',(-0.007410941101862315,0.9999725385989281,0));
#3192=DIRECTION('',(0,-1,0));
#3193=DIRECTION('',(0.9238802702719372,-0.38268165124846537,0));
#3194=FACE_SURFACE('',(#3199),#3195,.T.);
#3195=PLANE('',#3196);
#3196=AXIS2_PLACEMENT_3D('',#238,#3197,#3198);
#3197=DIRECTION('',(0,-0,1));
#3198=DIRECTION('',(0,1,0));
#3199=FACE_BOUND('',#3200,.T.);
#3200=EDGE_LOOP('',(#3201,#3202,#3203));
#3201=ORIENTED_EDGE('',*,*,#3204,.T.);
#3202=ORIENTED_EDGE('',*,*,#3205,.T.);
#3203=ORIENTED_EDGE('',*,*,#3206,.T.);
#3204=EDGE_CURVE('',#239,#237,#3207,.F.);
#3205=EDGE_CURVE('',#237,#241,#3208,.T.);
#3206=EDGE_CURVE('',#241,#239,#3209,.T.);
#3207=LINE('',#238,#3210);
#3208=LINE('',#236,#3211);
#3209=LINE('',#240,#3212);
#3210=VECTOR('',#3213,1.0);
#3211=VECTOR('',#3214,1.0);
#3212=VECTOR('',#3215,1.0);
#3213=DIRECTION('',(0,1,0));
#3214=DIRECTION('',(-0.9914444324988257,-0.13052944980762596,0));
#3215=DIRECTION('',(0.007985741560501988,-0.9999681134574886,0));
#3216=FACE_SURFACE('',(#3221),#3217,.T.);
#3217=PLANE('',#3218);
#3218=AXIS2_PLACEMENT_3D('',#238,#3219,#3220);
#3219=DIRECTION('',(0,0,1));
#3220=DIRECTION('',(-0.007985741560501988,0.9999681134574886,0));
#3221=FACE_BOUND('',#3222,.T.);
#3222=EDGE_LOOP('',(#3223,#3224,#3225));
#3223=ORIENTED_EDGE('',*,*,#3226,.T.);
#3224=ORIENTED_EDGE('',*,*,#3227,.T.);
#3225=ORIENTED_EDGE('',*,*,#3228,.T.);
#3226=EDGE_CURVE('',#239,#241,#3229,.F.);
#3227=EDGE_CURVE('',#241,#243,#3230,.T.);
#3228=EDGE_CURVE('',#243,#239,#3231,.T.);
#3229=LINE('',#238,#3232);
#3230=LINE('',#240,#3233);
#3231=LINE('',#242,#3234);
#3232=VECTOR('',#3235,1.0);
#3233=VECTOR('',#3236,1.0);
#3234=VECTOR('',#3237,1.0);
#3235=DIRECTION('',(-0.007985741560501988,0.9999681134574886,0));
#3236=DIRECTION('',(0,-1,0));
#3237=DIRECTION('',(0.9914444324988257,-0.13052944980762596,0));
#3238=FACE_SURFACE('',(#3243),#3239,.T.);
#3239=PLANE('',#3240);
#3240=AXIS2_PLACEMENT_3D('',#242,#3241,#3242);
#3241=DIRECTION('',(0,-0,1));
#3242=DIRECTION('',(0,1,0));
#3243=FACE_BOUND('',#3244,.T.);
#3244=EDGE_LOOP('',(#3245,#3246,#3247));
#3245=ORIENTED_EDGE('',*,*,#3248,.T.);
#3246=ORIENTED_EDGE('',*,*,#3249,.T.);
#3247=ORIENTED_EDGE('',*,*,#3250,.T.);
#3248=EDGE_CURVE('',#243,#241,#3251,.F.);
#3249=EDGE_CURVE('',#241,#245,#3252,.T.);
#3250=EDGE_CURVE('',#245,#243,#3253,.T.);
#3251=LINE('',#242,#3254);
#3252=LINE('',#240,#3255);
#3253=LINE('',#244,#3256);
#3254=VECTOR('',#3257,1.0);
#3255=VECTOR('',#3258,1.0);
#3256=VECTOR('',#3259,1.0);
#3257=DIRECTION('',(0,1,0));
#3258=DIRECTION('',(-0.007985741560501988,-0.9999681134574886,0));
#3259=DIRECTION('',(0.9914444324988257,0.13052944980762596,0));
#3260=FACE_SURFACE('',(#3265),#3261,.T.);
#3261=PLANE('',#3262);
#3262=AXIS2_PLACEMENT_3D('',#244,#3263,#3264);
#3263=DIRECTION('',(0,0,1));
#3264=DIRECTION('',(0.007985741560501988,0.9999681134574886,0));
#3265=FACE_BOUND('',#3266,.T.);
#3266=EDGE_LOOP('',(#3267,#3268,#3269));
#3267=ORIENTED_EDGE('',*,*,#3270,.T.);
#3268=ORIENTED_EDGE('',*,*,#3271,.T.);
#3269=ORIENTED_EDGE('',*,*,#3272,.T.);
#3270=EDGE_CURVE('',#245,#241,#3273,.F.);
#3271=EDGE_CURVE('',#241,#247,#3274,.T.);
#3272=EDGE_CURVE('',#247,#245,#3275,.T.);
#3273=LINE('',#244,#3276);
#3274=LINE('',#240,#3277);
#3275=LINE('',#246,#3278);
#3276=VECTOR('',#3279,1.0);
#3277=VECTOR('',#3280,1.0);
#3278=VECTOR('',#3281,1.0);
#3279=DIRECTION('',(0.007985741560501988,0.9999681134574886,0));
#3280=DIRECTION('',(-0.9914444324988257,0.13052944980762596,0));
#3281=DIRECTION('',(0,-1,0));
#3282=FACE_SURFACE('',(#3287),#3283,.T.);
#3283=PLANE('',#3284);
#3284=AXIS2_PLACEMENT_3D('',#244,#3285,#3286);
#3285=DIRECTION('',(0,-0,1));
#3286=DIRECTION('',(0,1,0));
#3287=FACE_BOUND('',#3288,.T.);
#3288=EDGE_LOOP('',(#3289,#3290,#3291));
#3289=ORIENTED_EDGE('',*,*,#3292,.T.);
#3290=ORIENTED_EDGE('',*,*,#3293,.T.);
#3291=ORIENTED_EDGE('',*,*,#3294,.T.);
#3292=EDGE_CURVE('',#245,#247,#3295,.F.);
#3293=EDGE_CURVE('',#247,#249,#3296,.T.);
#3294=EDGE_CURVE('',#249,#245,#3297,.T.);
#3295=LINE('',#244,#3298);
#3296=LINE('',#246,#3299);
#3297=LINE('',#248,#3300);
#3298=VECTOR('',#3301,1.0);
#3299=VECTOR('',#3302,1.0);
#3300=VECTOR('',#3303,1.0);
#3301=DIRECTION('',(0,1,0));
#3302=DIRECTION('',(-0.007410941101862315,-0.9999725385989281,0));
#3303=DIRECTION('',(0.9238802702719372,0.38268165124846537,0));
#3304=FACE_SURFACE('',(#3309),#3305,.T.);
#3305=PLANE('',#3306);
#3306=AXIS2_PLACEMENT_3D('',#248,#3307,#3308);
#3307=DIRECTION('',(0,0,1));
#3308=DIRECTION('',(0.007410941101862315,0.9999725385989281,0));
#3309=FACE_BOUND('',#3310,.T.);
#3310=EDGE_LOOP('',(#3311,#3312,#3313));
#3311=ORIENTED_EDGE('',*,*,#3314,.T.);
#3312=ORIENTED_EDGE('',*,*,#3315,.T.);
#3313=ORIENTED_EDGE('',*,*,#3316,.T.);
#3314=EDGE_CURVE('',#249,#247,#3317,.F.);
#3315=EDGE_CURVE('',#247,#251,#3318,.T.);
#3316=EDGE_CURVE('',#251,#249,#3319,.T.);
#3317=LINE('',#248,#3320);
#3318=LINE('',#246,#3321);
#3319=LINE('',#250,#3322);
#3320=VECTOR('',#3323,1.0);
#3321=VECTOR('',#3324,1.0);
#3322=VECTOR('',#3325,1.0);
#3323=DIRECTION('',(0.007410941101862315,0.9999725385989281,0));
#3324=DIRECTION('',(-0.9238802702719372,0.38268165124846537,0));
#3325=DIRECTION('',(0,-1,0));
#3326=FACE_SURFACE('',(#3331),#3327,.T.);
#3327=PLANE('',#3328);
#3328=AXIS2_PLACEMENT_3D('',#248,#3329,#3330);
#3329=DIRECTION('',(0,-0,1));
#3330=DIRECTION('',(0,1,0));
#3331=FACE_BOUND('',#3332,.T.);
#3332=EDGE_LOOP('',(#3333,#3334,#3335));
#3333=ORIENTED_EDGE('',*,*,#3336,.T.);
#3334=ORIENTED_EDGE('',*,*,#3337,.T.);
#3335=ORIENTED_EDGE('',*,*,#3338,.T.);
#3336=EDGE_CURVE('',#249,#251,#3339,.F.);
#3337=EDGE_CURVE('',#251,#253,#3340,.T.);
#3338=EDGE_CURVE('',#253,#249,#3341,.T.);
#3339=LINE('',#248,#3342);
#3340=LINE('',#250,#3343);
#3341=LINE('',#252,#3344);
#3342=VECTOR('',#3345,1.0);
#3343=VECTOR('',#3346,1.0);
#3344=VECTOR('',#3347,1.0);
#3345=DIRECTION('',(0,1,0));
#3346=DIRECTION('',(-0.006313729366475597,-0.9999800682121054,0));
#3347=DIRECTION('',(0.793352350513708,0.6087627189097362,0));
#3348=FACE_SURFACE('',(#3353),#3349,.T.);
#3349=PLANE('',#3350);
#3350=AXIS2_PLACEMENT_3D('',#252,#3351,#3352);
#3351=DIRECTION('',(0,0,1));
#3352=DIRECTION('',(0.006313729366475597,0.9999800682121054,0));
#3353=FACE_BOUND('',#3354,.T.);
#3354=EDGE_LOOP('',(#3355,#3356,#3357));
#3355=ORIENTED_EDGE('',*,*,#3358,.T.);
#3356=ORIENTED_EDGE('',*,*,#3359,.T.);
#3357=ORIENTED_EDGE('',*,*,#3360,.T.);
#3358=EDGE_CURVE('',#253,#251,#3361,.F.);
#3359=EDGE_CURVE('',#251,#255,#3362,.T.);
#3360=EDGE_CURVE('',#255,#253,#3363,.T.);
#3361=LINE('',#252,#3364);
#3362=LINE('',#250,#3365);
#3363=LINE('',#254,#3366);
#3364=VECTOR('',#3367,1.0);
#3365=VECTOR('',#3368,1.0);
#3366=VECTOR('',#3369,1.0);
#3367=DIRECTION('',(0.006313729366475597,0.9999800682121054,0));
#3368=DIRECTION('',(-0.793352350513708,0.6087627189097362,0));
#3369=DIRECTION('',(0,-1,0));
#3370=FACE_SURFACE('',(#3375),#3371,.T.);
#3371=PLANE('',#3372);
#3372=AXIS2_PLACEMENT_3D('',#252,#3373,#3374);
#3373=DIRECTION('',(0,-0,1));
#3374=DIRECTION('',(0,1,0));
#3375=FACE_BOUND('',#3376,.T.);
#3376=EDGE_LOOP('',(#3377,#3378,#3379));
#3377=ORIENTED_EDGE('',*,*,#3380,.T.);
#3378=ORIENTED_EDGE('',*,*,#3381,.T.);
#3379=ORIENTED_EDGE('',*,*,#3382,.T.);
#3380=EDGE_CURVE('',#253,#255,#3383,.F.);
#3381=EDGE_CURVE('',#255,#69,#3384,.T.);
#3382=EDGE_CURVE('',#69,#253,#3385,.T.);
#3383=LINE('',#252,#3386);
#3384=LINE('',#254,#3387);
#3385=LINE('',#68,#3388);
#3386=VECTOR('',#3389,1.0);
#3387=VECTOR('',#3390,1.0);
#3388=VECTOR('',#3391,1.0);
#3389=DIRECTION('',(0,1,0));
#3390=DIRECTION('',(-0.07593031796868534,-0.9971131263869583,0));
#3391=DIRECTION('',(0.6861716443571425,0.7274396706808168,0));
#3392=FACE_SURFACE('',(#3397),#3393,.T.);
#3393=PLANE('',#3394);
#3394=AXIS2_PLACEMENT_3D('',#68,#3395,#3396);
#3395=DIRECTION('',(0,0,1));
#3396=DIRECTION('',(0.07593031796868534,0.9971131263869583,0));
#3397=FACE_BOUND('',#3398,.T.);
#3398=EDGE_LOOP('',(#3399,#3400,#3401));
#3399=ORIENTED_EDGE('',*,*,#3402,.T.);
#3400=ORIENTED_EDGE('',*,*,#3403,.T.);
#3401=ORIENTED_EDGE('',*,*,#3404,.T.);
#3402=EDGE_CURVE('',#69,#255,#3405,.F.);
#3403=EDGE_CURVE('',#255,#77,#3406,.T.);
#3404=EDGE_CURVE('',#77,#69,#3407,.T.);
#3405=LINE('',#68,#3408);
#3406=LINE('',#254,#3409);
#3407=LINE('',#76,#3410);
#3408=VECTOR('',#3411,1.0);
#3409=VECTOR('',#3412,1.0);
#3410=VECTOR('',#3413,1.0);
#3411=DIRECTION('',(0.07593031796868534,0.9971131263869583,0));
#3412=DIRECTION('',(-0.6861716443571425,0.7274396706808168,0));
#3413=DIRECTION('',(0,-1,0));
#3414=FACE_SURFACE('',(#3419),#3415,.T.);
#3415=PLANE('',#3416);
#3416=AXIS2_PLACEMENT_3D('',#76,#3417,#3418);
#3417=DIRECTION('',(0,0,1));
#3418=DIRECTION('',(0.6861716443571425,-0.7274396706808168,0));
#3419=FACE_BOUND('',#3420,.T.);
#3420=EDGE_LOOP('',(#3421,#3422,#3423));
#3421=ORIENTED_EDGE('',*,*,#3424,.T.);
#3422=ORIENTED_EDGE('',*,*,#3425,.T.);
#3423=ORIENTED_EDGE('',*,*,#3426,.T.);
#3424=EDGE_CURVE('',#77,#255,#3427,.F.);
#3425=EDGE_CURVE('',#255,#257,#3428,.T.);
#3426=EDGE_CURVE('',#257,#77,#3429,.T.);
#3427=LINE('',#76,#3430);
#3428=LINE('',#254,#3431);
#3429=LINE('',#256,#3432);
#3430=VECTOR('',#3433,1.0);
#3431=VECTOR('',#3434,1.0);
#3432=VECTOR('',#3435,1.0);
#3433=DIRECTION('',(0.6861716443571425,-0.7274396706808168,0));
#3434=DIRECTION('',(-0.608762718909747,0.7933523505136998,0));
#3435=DIRECTION('',(-0.6913381585504873,0.7225313491690317,0));
#3436=FACE_SURFACE('',(#3441),#3437,.T.);
#3437=PLANE('',#3438);
#3438=AXIS2_PLACEMENT_3D('',#76,#3439,#3440);
#3439=DIRECTION('',(0,0,1));
#3440=DIRECTION('',(0.6913381585504873,-0.7225313491690317,0));
#3441=FACE_BOUND('',#3442,.T.);
#3442=EDGE_LOOP('',(#3443,#3444,#3445));
#3443=ORIENTED_EDGE('',*,*,#3446,.T.);
#3444=ORIENTED_EDGE('',*,*,#3447,.T.);
#3445=ORIENTED_EDGE('',*,*,#3448,.T.);
#3446=EDGE_CURVE('',#77,#257,#3449,.F.);
#3447=EDGE_CURVE('',#257,#213,#3450,.T.);
#3448=EDGE_CURVE('',#213,#77,#3451,.T.);
#3449=LINE('',#76,#3452);
#3450=LINE('',#256,#3453);
#3451=LINE('',#212,#3454);
#3452=VECTOR('',#3455,1.0);
#3453=VECTOR('',#3456,1.0);
#3454=VECTOR('',#3457,1.0);
#3455=DIRECTION('',(0.6913381585504873,-0.7225313491690317,0));
#3456=DIRECTION('',(-0.3826816512484479,0.9238802702719445,0));
#3457=DIRECTION('',(-0.7107288141364755,0.7034660992230963,0));
#3458=FACE_SURFACE('',(#3463),#3459,.T.);
#3459=PLANE('',#3460);
#3460=AXIS2_PLACEMENT_3D('',#148,#3461,#3462);
#3461=DIRECTION('',(0,0,1));
#3462=DIRECTION('',(0.9914444324988257,0.13052944980762596,0));
#3463=FACE_BOUND('',#3464,.T.);
#3464=EDGE_LOOP('',(#3465,#3466,#3467));
#3465=ORIENTED_EDGE('',*,*,#3468,.T.);
#3466=ORIENTED_EDGE('',*,*,#3469,.T.);
#3467=ORIENTED_EDGE('',*,*,#3470,.T.);
#3468=EDGE_CURVE('',#149,#259,#3471,.F.);
#3469=EDGE_CURVE('',#259,#145,#3472,.T.);
#3470=EDGE_CURVE('',#145,#149,#3473,.T.);
#3471=LINE('',#148,#3474);
#3472=LINE('',#258,#3475);
#3473=LINE('',#144,#3476);
#3474=VECTOR('',#3477,1.0);
#3475=VECTOR('',#3478,1.0);
#3476=VECTOR('',#3479,1.0);
#3477=DIRECTION('',(0.9914444324988257,0.13052944980762596,0));
#3478=DIRECTION('',(0.6679097417772567,0.7442422836946572,0));
#3479=DIRECTION('',(-0.7034660992230967,-0.7107288141364752,0));
#3480=FACE_SURFACE('',(#3485),#3481,.T.);
#3481=PLANE('',#3482);
#3482=AXIS2_PLACEMENT_3D('',#144,#3483,#3484);
#3483=DIRECTION('',(0,0,1));
#3484=DIRECTION('',(-0.6679097417772567,-0.7442422836946572,0));
#3485=FACE_BOUND('',#3486,.T.);
#3486=EDGE_LOOP('',(#3487,#3488,#3489));
#3487=ORIENTED_EDGE('',*,*,#3490,.T.);
#3488=ORIENTED_EDGE('',*,*,#3491,.T.);
#3489=ORIENTED_EDGE('',*,*,#3492,.T.);
#3490=EDGE_CURVE('',#145,#259,#3493,.F.);
#3491=EDGE_CURVE('',#259,#261,#3494,.T.);
#3492=EDGE_CURVE('',#261,#145,#3495,.T.);
#3493=LINE('',#144,#3496);
#3494=LINE('',#258,#3497);
#3495=LINE('',#260,#3498);
#3496=VECTOR('',#3499,1.0);
#3497=VECTOR('',#3500,1.0);
#3498=VECTOR('',#3501,1.0);
#3499=DIRECTION('',(-0.6679097417772567,-0.7442422836946572,0));
#3500=DIRECTION('',(0.9914444324988257,-0.13052944980762596,0));
#3501=DIRECTION('',(0.615200900341464,0.7883703775631425,0));
#3502=FACE_SURFACE('',(#3507),#3503,.T.);
#3503=PLANE('',#3504);
#3504=AXIS2_PLACEMENT_3D('',#144,#3505,#3506);
#3505=DIRECTION('',(0,0,1));
#3506=DIRECTION('',(-0.615200900341464,-0.7883703775631425,0));
#3507=FACE_BOUND('',#3508,.T.);
#3508=EDGE_LOOP('',(#3509,#3510,#3511));
#3509=ORIENTED_EDGE('',*,*,#3512,.T.);
#3510=ORIENTED_EDGE('',*,*,#3513,.T.);
#3511=ORIENTED_EDGE('',*,*,#3514,.T.);
#3512=EDGE_CURVE('',#145,#261,#3515,.F.);
#3513=EDGE_CURVE('',#261,#263,#3516,.T.);
#3514=EDGE_CURVE('',#263,#145,#3517,.T.);
#3515=LINE('',#144,#3518);
#3516=LINE('',#260,#3519);
#3517=LINE('',#262,#3520);
#3518=VECTOR('',#3521,1.0);
#3519=VECTOR('',#3522,1.0);
#3520=VECTOR('',#3523,1.0);
#3521=DIRECTION('',(-0.615200900341464,-0.7883703775631425,0));
#3522=DIRECTION('',(0.9238802702719372,-0.38268165124846537,0));
#3523=DIRECTION('',(0.5486495172905559,0.8360524547998408,0));
#3524=FACE_SURFACE('',(#3529),#3525,.T.);
#3525=PLANE('',#3526);
#3526=AXIS2_PLACEMENT_3D('',#144,#3527,#3528);
#3527=DIRECTION('',(0,0,1));
#3528=DIRECTION('',(-0.5486495172905559,-0.8360524547998408,0));
#3529=FACE_BOUND('',#3530,.T.);
#3530=EDGE_LOOP('',(#3531,#3532,#3533));
#3531=ORIENTED_EDGE('',*,*,#3534,.T.);
#3532=ORIENTED_EDGE('',*,*,#3535,.T.);
#3533=ORIENTED_EDGE('',*,*,#3536,.T.);
#3534=EDGE_CURVE('',#145,#263,#3537,.F.);
#3535=EDGE_CURVE('',#263,#177,#3538,.T.);
#3536=EDGE_CURVE('',#177,#145,#3539,.T.);
#3537=LINE('',#144,#3540);
#3538=LINE('',#262,#3541);
#3539=LINE('',#176,#3542);
#3540=VECTOR('',#3543,1.0);
#3541=VECTOR('',#3544,1.0);
#3542=VECTOR('',#3545,1.0);
#3543=DIRECTION('',(-0.5486495172905559,-0.8360524547998408,0));
#3544=DIRECTION('',(0.9119679710887444,0.41026140411727613,0));
#3545=DIRECTION('',(-0.7071067811865475,0.7071067811865475,0));
#3546=FACE_SURFACE('',(#3551),#3547,.T.);
#3547=PLANE('',#3548);
#3548=AXIS2_PLACEMENT_3D('',#176,#3549,#3550);
#3549=DIRECTION('',(0,0,1));
#3550=DIRECTION('',(-0.9119679710887444,-0.41026140411727613,0));
#3551=FACE_BOUND('',#3552,.T.);
#3552=EDGE_LOOP('',(#3553,#3554,#3555));
#3553=ORIENTED_EDGE('',*,*,#3556,.T.);
#3554=ORIENTED_EDGE('',*,*,#3557,.T.);
#3555=ORIENTED_EDGE('',*,*,#3558,.T.);
#3556=EDGE_CURVE('',#177,#263,#3559,.F.);
#3557=EDGE_CURVE('',#263,#265,#3560,.T.);
#3558=EDGE_CURVE('',#265,#177,#3561,.T.);
#3559=LINE('',#176,#3562);
#3560=LINE('',#262,#3563);
#3561=LINE('',#264,#3564);
#3562=VECTOR('',#3565,1.0);
#3563=VECTOR('',#3566,1.0);
#3564=VECTOR('',#3567,1.0);
#3565=DIRECTION('',(-0.9119679710887444,-0.41026140411727613,0));
#3566=DIRECTION('',(0.793352350513708,-0.6087627189097362,0));
#3567=DIRECTION('',(0.8790990135413993,0.47663919728715015,0));
#3568=FACE_SURFACE('',(#3573),#3569,.T.);
#3569=PLANE('',#3570);
#3570=AXIS2_PLACEMENT_3D('',#176,#3571,#3572);
#3571=DIRECTION('',(0,0,1));
#3572=DIRECTION('',(-0.8790990135413993,-0.47663919728715015,0));
#3573=FACE_BOUND('',#3574,.T.);
#3574=EDGE_LOOP('',(#3575,#3576,#3577));
#3575=ORIENTED_EDGE('',*,*,#3578,.T.);
#3576=ORIENTED_EDGE('',*,*,#3579,.T.);
#3577=ORIENTED_EDGE('',*,*,#3580,.T.);
#3578=EDGE_CURVE('',#177,#265,#3581,.F.);
#3579=EDGE_CURVE('',#265,#267,#3582,.T.);
#3580=EDGE_CURVE('',#267,#177,#3583,.T.);
#3581=LINE('',#176,#3584);
#3582=LINE('',#264,#3585);
#3583=LINE('',#266,#3586);
#3584=VECTOR('',#3587,1.0);
#3585=VECTOR('',#3588,1.0);
#3586=VECTOR('',#3589,1.0);
#3587=DIRECTION('',(-0.8790990135413993,-0.47663919728715015,0));
#3588=DIRECTION('',(0.608762718909747,-0.7933523505136998,0));
#3589=DIRECTION('',(0.8360524547998409,0.5486495172905558,0));
#3590=FACE_SURFACE('',(#3595),#3591,.T.);
#3591=PLANE('',#3592);
#3592=AXIS2_PLACEMENT_3D('',#266,#3593,#3594);
#3593=DIRECTION('',(-0,0,1));
#3594=DIRECTION('',(0.3826816512484479,-0.9238802702719445,0));
#3595=FACE_BOUND('',#3596,.T.);
#3596=EDGE_LOOP('',(#3597,#3598,#3599));
#3597=ORIENTED_EDGE('',*,*,#3600,.T.);
#3598=ORIENTED_EDGE('',*,*,#3601,.T.);
#3599=ORIENTED_EDGE('',*,*,#3602,.T.);
#3600=EDGE_CURVE('',#267,#269,#3603,.F.);
#3601=EDGE_CURVE('',#269,#177,#3604,.T.);
#3602=EDGE_CURVE('',#177,#267,#3605,.T.);
#3603=LINE('',#266,#3606);
#3604=LINE('',#268,#3607);
#3605=LINE('',#176,#3608);
#3606=VECTOR('',#3609,1.0);
#3607=VECTOR('',#3610,1.0);
#3608=VECTOR('',#3611,1.0);
#3609=DIRECTION('',(0.3826816512484479,-0.9238802702719445,0));
#3610=DIRECTION('',(0.7883703775631429,0.6152009003414637,0));
#3611=DIRECTION('',(-0.8360524547998409,-0.5486495172905558,0));
#3612=FACE_SURFACE('',(#3617),#3613,.T.);
#3613=PLANE('',#3614);
#3614=AXIS2_PLACEMENT_3D('',#176,#3615,#3616);
#3615=DIRECTION('',(0,0,1));
#3616=DIRECTION('',(-0.7883703775631429,-0.6152009003414637,0));
#3617=FACE_BOUND('',#3618,.T.);
#3618=EDGE_LOOP('',(#3619,#3620,#3621));
#3619=ORIENTED_EDGE('',*,*,#3622,.T.);
#3620=ORIENTED_EDGE('',*,*,#3623,.T.);
#3621=ORIENTED_EDGE('',*,*,#3624,.T.);
#3622=EDGE_CURVE('',#177,#269,#3625,.F.);
#3623=EDGE_CURVE('',#269,#271,#3626,.T.);
#3624=EDGE_CURVE('',#271,#177,#3627,.T.);
#3625=LINE('',#176,#3628);
#3626=LINE('',#268,#3629);
#3627=LINE('',#270,#3630);
#3628=VECTOR('',#3631,1.0);
#3629=VECTOR('',#3632,1.0);
#3630=VECTOR('',#3633,1.0);
#3631=DIRECTION('',(-0.7883703775631429,-0.6152009003414637,0));
#3632=DIRECTION('',(0.1305294498076343,-0.9914444324988245,0));
#3633=DIRECTION('',(0.7442422836946572,0.6679097417772567,0));
#3634=FACE_SURFACE('',(#3639),#3635,.T.);
#3635=PLANE('',#3636);
#3636=AXIS2_PLACEMENT_3D('',#176,#3637,#3638);
#3637=DIRECTION('',(0,0,1));
#3638=DIRECTION('',(-0.7442422836946572,-0.6679097417772567,0));
#3639=FACE_BOUND('',#3640,.T.);
#3640=EDGE_LOOP('',(#3641,#3642,#3643));
#3641=ORIENTED_EDGE('',*,*,#3644,.T.);
#3642=ORIENTED_EDGE('',*,*,#3645,.T.);
#3643=ORIENTED_EDGE('',*,*,#3646,.T.);
#3644=EDGE_CURVE('',#177,#271,#3647,.F.);
#3645=EDGE_CURVE('',#271,#273,#3648,.T.);
#3646=EDGE_CURVE('',#273,#177,#3649,.T.);
#3647=LINE('',#176,#3650);
#3648=LINE('',#270,#3651);
#3649=LINE('',#272,#3652);
#3650=VECTOR('',#3653,1.0);
#3651=VECTOR('',#3654,1.0);
#3652=VECTOR('',#3655,1.0);
#3653=DIRECTION('',(-0.7442422836946572,-0.6679097417772567,0));
#3654=DIRECTION('',(-0.1305294498076343,-0.9914444324988245,0));
#3655=DIRECTION('',(0.7107288141364755,0.7034660992230963,0));
#3656=FACE_SURFACE('',(#3661),#3657,.T.);
#3657=PLANE('',#3658);
#3658=AXIS2_PLACEMENT_3D('',#272,#3659,#3660);
#3659=DIRECTION('',(-0,0,1));
#3660=DIRECTION('',(-0.3826816512484479,-0.9238802702719445,0));
#3661=FACE_BOUND('',#3662,.T.);
#3662=EDGE_LOOP('',(#3663,#3664,#3665));
#3663=ORIENTED_EDGE('',*,*,#3666,.T.);
#3664=ORIENTED_EDGE('',*,*,#3667,.T.);
#3665=ORIENTED_EDGE('',*,*,#3668,.T.);
#3666=EDGE_CURVE('',#273,#275,#3669,.F.);
#3667=EDGE_CURVE('',#275,#177,#3670,.T.);
#3668=EDGE_CURVE('',#177,#273,#3671,.T.);
#3669=LINE('',#272,#3672);
#3670=LINE('',#274,#3673);
#3671=LINE('',#176,#3674);
#3672=VECTOR('',#3675,1.0);
#3673=VECTOR('',#3676,1.0);
#3674=VECTOR('',#3677,1.0);
#3675=DIRECTION('',(-0.3826816512484479,-0.9238802702719445,0));
#3676=DIRECTION('',(0.6913381585504873,0.7225313491690317,0));
#3677=DIRECTION('',(-0.7107288141364755,-0.7034660992230963,0));
#3678=FACE_SURFACE('',(#3683),#3679,.T.);
#3679=PLANE('',#3680);
#3680=AXIS2_PLACEMENT_3D('',#176,#3681,#3682);
#3681=DIRECTION('',(0,0,1));
#3682=DIRECTION('',(-0.6913381585504873,-0.7225313491690317,0));
#3683=FACE_BOUND('',#3684,.T.);
#3684=EDGE_LOOP('',(#3685,#3686,#3687));
#3685=ORIENTED_EDGE('',*,*,#3688,.T.);
#3686=ORIENTED_EDGE('',*,*,#3689,.T.);
#3687=ORIENTED_EDGE('',*,*,#3690,.T.);
#3688=EDGE_CURVE('',#177,#275,#3691,.F.);
#3689=EDGE_CURVE('',#275,#173,#3692,.T.);
#3690=EDGE_CURVE('',#173,#177,#3693,.T.);
#3691=LINE('',#176,#3694);
#3692=LINE('',#274,#3695);
#3693=LINE('',#172,#3696);
#3694=VECTOR('',#3697,1.0);
#3695=VECTOR('',#3698,1.0);
#3696=VECTOR('',#3699,1.0);
#3697=DIRECTION('',(-0.6913381585504873,-0.7225313491690317,0));
#3698=DIRECTION('',(-0.608762718909747,-0.7933523505136998,0));
#3699=DIRECTION('',(0.6861716443571425,0.7274396706808168,0));
#3700=FACE_SURFACE('',(#3705),#3701,.T.);
#3701=PLANE('',#3702);
#3702=AXIS2_PLACEMENT_3D('',#276,#3703,#3704);
#3703=DIRECTION('',(0,0,1));
#3704=DIRECTION('',(-0.1305294498076343,0.9914444324988245,0));
#3705=FACE_BOUND('',#3706,.T.);
#3706=EDGE_LOOP('',(#3707,#3708,#3709));
#3707=ORIENTED_EDGE('',*,*,#3710,.T.);
#3708=ORIENTED_EDGE('',*,*,#3711,.T.);
#3709=ORIENTED_EDGE('',*,*,#3712,.T.);
#3710=EDGE_CURVE('',#277,#279,#3713,.F.);
#3711=EDGE_CURVE('',#279,#69,#3714,.T.);
#3712=EDGE_CURVE('',#69,#277,#3715,.T.);
#3713=LINE('',#276,#3716);
#3714=LINE('',#278,#3717);
#3715=LINE('',#68,#3718);
#3716=VECTOR('',#3719,1.0);
#3717=VECTOR('',#3720,1.0);
#3718=VECTOR('',#3721,1.0);
#3719=DIRECTION('',(-0.1305294498076343,0.9914444324988245,0));
#3720=DIRECTION('',(-0.7442422836946572,-0.6679097417772567,0));
#3721=DIRECTION('',(0.7883703775631429,0.6152009003414637,0));
#3722=FACE_SURFACE('',(#3727),#3723,.T.);
#3723=PLANE('',#3724);
#3724=AXIS2_PLACEMENT_3D('',#68,#3725,#3726);
#3725=DIRECTION('',(0,0,1));
#3726=DIRECTION('',(0.7442422836946572,0.6679097417772567,0));
#3727=FACE_BOUND('',#3728,.T.);
#3728=EDGE_LOOP('',(#3729,#3730,#3731));
#3729=ORIENTED_EDGE('',*,*,#3732,.T.);
#3730=ORIENTED_EDGE('',*,*,#3733,.T.);
#3731=ORIENTED_EDGE('',*,*,#3734,.T.);
#3732=EDGE_CURVE('',#69,#279,#3735,.F.);
#3733=EDGE_CURVE('',#279,#281,#3736,.T.);
#3734=EDGE_CURVE('',#281,#69,#3737,.T.);
#3735=LINE('',#68,#3738);
#3736=LINE('',#278,#3739);
#3737=LINE('',#280,#3740);
#3738=VECTOR('',#3741,1.0);
#3739=VECTOR('',#3742,1.0);
#3740=VECTOR('',#3743,1.0);
#3741=DIRECTION('',(0.7442422836946572,0.6679097417772567,0));
#3742=DIRECTION('',(0.1305294498076343,0.9914444324988245,0));
#3743=DIRECTION('',(-0.7107288141364755,-0.7034660992230963,0));
#3744=FACE_SURFACE('',(#3749),#3745,.T.);
#3745=PLANE('',#3746);
#3746=AXIS2_PLACEMENT_3D('',#68,#3747,#3748);
#3747=DIRECTION('',(0,0,1));
#3748=DIRECTION('',(0.7107288141364755,0.7034660992230963,0));
#3749=FACE_BOUND('',#3750,.T.);
#3750=EDGE_LOOP('',(#3751,#3752,#3753));
#3751=ORIENTED_EDGE('',*,*,#3754,.T.);
#3752=ORIENTED_EDGE('',*,*,#3755,.T.);
#3753=ORIENTED_EDGE('',*,*,#3756,.T.);
#3754=EDGE_CURVE('',#69,#281,#3757,.F.);
#3755=EDGE_CURVE('',#281,#283,#3758,.T.);
#3756=EDGE_CURVE('',#283,#69,#3759,.T.);
#3757=LINE('',#68,#3760);
#3758=LINE('',#280,#3761);
#3759=LINE('',#282,#3762);
#3760=VECTOR('',#3763,1.0);
#3761=VECTOR('',#3764,1.0);
#3762=VECTOR('',#3765,1.0);
#3763=DIRECTION('',(0.7107288141364755,0.7034660992230963,0));
#3764=DIRECTION('',(0.3826816512484479,0.9238802702719445,0));
#3765=DIRECTION('',(-0.6913381585504873,-0.7225313491690317,0));
#3766=FACE_SURFACE('',(#3771),#3767,.T.);
#3767=PLANE('',#3768);
#3768=AXIS2_PLACEMENT_3D('',#282,#3769,#3770);
#3769=DIRECTION('',(0,-0,1));
#3770=DIRECTION('',(0.608762718909747,0.7933523505136998,0));
#3771=FACE_BOUND('',#3772,.T.);
#3772=EDGE_LOOP('',(#3773,#3774,#3775));
#3773=ORIENTED_EDGE('',*,*,#3776,.T.);
#3774=ORIENTED_EDGE('',*,*,#3777,.T.);
#3775=ORIENTED_EDGE('',*,*,#3778,.T.);
#3776=EDGE_CURVE('',#283,#253,#3779,.F.);
#3777=EDGE_CURVE('',#253,#69,#3780,.T.);
#3778=EDGE_CURVE('',#69,#283,#3781,.T.);
#3779=LINE('',#282,#3782);
#3780=LINE('',#252,#3783);
#3781=LINE('',#68,#3784);
#3782=VECTOR('',#3785,1.0);
#3783=VECTOR('',#3786,1.0);
#3784=VECTOR('',#3787,1.0);
#3785=DIRECTION('',(0.608762718909747,0.7933523505136998,0));
#3786=DIRECTION('',(-0.6861716443571425,-0.7274396706808168,0));
#3787=DIRECTION('',(0.6913381585504873,0.7225313491690317,0));
#3788=FACE_SURFACE('',(#3793),#3789,.T.);
#3789=PLANE('',#3790);
#3790=AXIS2_PLACEMENT_3D('',#104,#3791,#3792);
#3791=DIRECTION('',(0,0,1));
#3792=DIRECTION('',(-0.9914444324988257,-0.13052944980762596,0));
#3793=FACE_BOUND('',#3794,.T.);
#3794=EDGE_LOOP('',(#3795,#3796,#3797));
#3795=ORIENTED_EDGE('',*,*,#3798,.T.);
#3796=ORIENTED_EDGE('',*,*,#3799,.T.);
#3797=ORIENTED_EDGE('',*,*,#3800,.T.);
#3798=EDGE_CURVE('',#105,#285,#3801,.F.);
#3799=EDGE_CURVE('',#285,#39,#3802,.T.);
#3800=EDGE_CURVE('',#39,#105,#3803,.T.);
#3801=LINE('',#104,#3804);
#3802=LINE('',#284,#3805);
#3803=LINE('',#38,#3806);
#3804=VECTOR('',#3807,1.0);
#3805=VECTOR('',#3808,1.0);
#3806=VECTOR('',#3809,1.0);
#3807=DIRECTION('',(-0.9914444324988257,-0.13052944980762596,0));
#3808=DIRECTION('',(-0.6679097417772567,-0.7442422836946572,0));
#3809=DIRECTION('',(0.7034660992230967,0.7107288141364752,0));
#3810=FACE_SURFACE('',(#3815),#3811,.T.);
#3811=PLANE('',#3812);
#3812=AXIS2_PLACEMENT_3D('',#38,#3813,#3814);
#3813=DIRECTION('',(0,0,1));
#3814=DIRECTION('',(0.6679097417772567,0.7442422836946572,0));
#3815=FACE_BOUND('',#3816,.T.);
#3816=EDGE_LOOP('',(#3817,#3818,#3819));
#3817=ORIENTED_EDGE('',*,*,#3820,.T.);
#3818=ORIENTED_EDGE('',*,*,#3821,.T.);
#3819=ORIENTED_EDGE('',*,*,#3822,.T.);
#3820=EDGE_CURVE('',#39,#285,#3823,.F.);
#3821=EDGE_CURVE('',#285,#287,#3824,.T.);
#3822=EDGE_CURVE('',#287,#39,#3825,.T.);
#3823=LINE('',#38,#3826);
#3824=LINE('',#284,#3827);
#3825=LINE('',#286,#3828);
#3826=VECTOR('',#3829,1.0);
#3827=VECTOR('',#3830,1.0);
#3828=VECTOR('',#3831,1.0);
#3829=DIRECTION('',(0.6679097417772567,0.7442422836946572,0));
#3830=DIRECTION('',(-0.9914444324988257,0.13052944980762596,0));
#3831=DIRECTION('',(-0.615200900341464,-0.7883703775631425,0));
#3832=FACE_SURFACE('',(#3837),#3833,.T.);
#3833=PLANE('',#3834);
#3834=AXIS2_PLACEMENT_3D('',#38,#3835,#3836);
#3835=DIRECTION('',(0,0,1));
#3836=DIRECTION('',(0.615200900341464,0.7883703775631425,0));
#3837=FACE_BOUND('',#3838,.T.);
#3838=EDGE_LOOP('',(#3839,#3840,#3841));
#3839=ORIENTED_EDGE('',*,*,#3842,.T.);
#3840=ORIENTED_EDGE('',*,*,#3843,.T.);
#3841=ORIENTED_EDGE('',*,*,#3844,.T.);
#3842=EDGE_CURVE('',#39,#287,#3845,.F.);
#3843=EDGE_CURVE('',#287,#289,#3846,.T.);
#3844=EDGE_CURVE('',#289,#39,#3847,.T.);
#3845=LINE('',#38,#3848);
#3846=LINE('',#286,#3849);
#3847=LINE('',#288,#3850);
#3848=VECTOR('',#3851,1.0);
#3849=VECTOR('',#3852,1.0);
#3850=VECTOR('',#3853,1.0);
#3851=DIRECTION('',(0.615200900341464,0.7883703775631425,0));
#3852=DIRECTION('',(-0.9238802702719372,0.38268165124846537,0));
#3853=DIRECTION('',(-0.5486495172905559,-0.8360524547998408,0));
#3854=FACE_SURFACE('',(#3859),#3855,.T.);
#3855=PLANE('',#3856);
#3856=AXIS2_PLACEMENT_3D('',#38,#3857,#3858);
#3857=DIRECTION('',(0,-0,1));
#3858=DIRECTION('',(0.5486495172905559,0.8360524547998408,0));
#3859=FACE_BOUND('',#3860,.T.);
#3860=EDGE_LOOP('',(#3861,#3862,#3863));
#3861=ORIENTED_EDGE('',*,*,#3864,.T.);
#3862=ORIENTED_EDGE('',*,*,#3865,.T.);
#3863=ORIENTED_EDGE('',*,*,#3866,.T.);
#3864=EDGE_CURVE('',#39,#289,#3867,.F.);
#3865=EDGE_CURVE('',#289,#69,#3868,.T.);
#3866=EDGE_CURVE('',#69,#39,#3869,.T.);
#3867=LINE('',#38,#3870);
#3868=LINE('',#288,#3871);
#3869=LINE('',#68,#3872);
#3870=VECTOR('',#3873,1.0);
#3871=VECTOR('',#3874,1.0);
#3872=VECTOR('',#3875,1.0);
#3873=DIRECTION('',(0.5486495172905559,0.8360524547998408,0));
#3874=DIRECTION('',(-0.9119679710887444,-0.41026140411727613,0));
#3875=DIRECTION('',(0.7071067811865475,-0.7071067811865475,0));
#3876=FACE_SURFACE('',(#3881),#3877,.T.);
#3877=PLANE('',#3878);
#3878=AXIS2_PLACEMENT_3D('',#68,#3879,#3880);
#3879=DIRECTION('',(0,0,1));
#3880=DIRECTION('',(0.9119679710887444,0.41026140411727613,0));
#3881=FACE_BOUND('',#3882,.T.);
#3882=EDGE_LOOP('',(#3883,#3884,#3885));
#3883=ORIENTED_EDGE('',*,*,#3886,.T.);
#3884=ORIENTED_EDGE('',*,*,#3887,.T.);
#3885=ORIENTED_EDGE('',*,*,#3888,.T.);
#3886=EDGE_CURVE('',#69,#289,#3889,.F.);
#3887=EDGE_CURVE('',#289,#291,#3890,.T.);
#3888=EDGE_CURVE('',#291,#69,#3891,.T.);
#3889=LINE('',#68,#3892);
#3890=LINE('',#288,#3893);
#3891=LINE('',#290,#3894);
#3892=VECTOR('',#3895,1.0);
#3893=VECTOR('',#3896,1.0);
#3894=VECTOR('',#3897,1.0);
#3895=DIRECTION('',(0.9119679710887444,0.41026140411727613,0));
#3896=DIRECTION('',(-0.793352350513708,0.6087627189097362,0));
#3897=DIRECTION('',(-0.8790990135413993,-0.47663919728715015,0));
#3898=FACE_SURFACE('',(#3903),#3899,.T.);
#3899=PLANE('',#3900);
#3900=AXIS2_PLACEMENT_3D('',#68,#3901,#3902);
#3901=DIRECTION('',(0,0,1));
#3902=DIRECTION('',(0.8790990135413993,0.47663919728715015,0));
#3903=FACE_BOUND('',#3904,.T.);
#3904=EDGE_LOOP('',(#3905,#3906,#3907));
#3905=ORIENTED_EDGE('',*,*,#3908,.T.);
#3906=ORIENTED_EDGE('',*,*,#3909,.T.);
#3907=ORIENTED_EDGE('',*,*,#3910,.T.);
#3908=EDGE_CURVE('',#69,#291,#3911,.F.);
#3909=EDGE_CURVE('',#291,#293,#3912,.T.);
#3910=EDGE_CURVE('',#293,#69,#3913,.T.);
#3911=LINE('',#68,#3914);
#3912=LINE('',#290,#3915);
#3913=LINE('',#292,#3916);
#3914=VECTOR('',#3917,1.0);
#3915=VECTOR('',#3918,1.0);
#3916=VECTOR('',#3919,1.0);
#3917=DIRECTION('',(0.8790990135413993,0.47663919728715015,0));
#3918=DIRECTION('',(-0.608762718909747,0.7933523505136998,0));
#3919=DIRECTION('',(-0.8360524547998409,-0.5486495172905558,0));
#3920=FACE_SURFACE('',(#3925),#3921,.T.);
#3921=PLANE('',#3922);
#3922=AXIS2_PLACEMENT_3D('',#292,#3923,#3924);
#3923=DIRECTION('',(0,0,1));
#3924=DIRECTION('',(-0.3826816512484479,0.9238802702719445,0));
#3925=FACE_BOUND('',#3926,.T.);
#3926=EDGE_LOOP('',(#3927,#3928,#3929));
#3927=ORIENTED_EDGE('',*,*,#3930,.T.);
#3928=ORIENTED_EDGE('',*,*,#3931,.T.);
#3929=ORIENTED_EDGE('',*,*,#3932,.T.);
#3930=EDGE_CURVE('',#293,#277,#3933,.F.);
#3931=EDGE_CURVE('',#277,#69,#3934,.T.);
#3932=EDGE_CURVE('',#69,#293,#3935,.T.);
#3933=LINE('',#292,#3936);
#3934=LINE('',#276,#3937);
#3935=LINE('',#68,#3938);
#3936=VECTOR('',#3939,1.0);
#3937=VECTOR('',#3940,1.0);
#3938=VECTOR('',#3941,1.0);
#3939=DIRECTION('',(-0.3826816512484479,0.9238802702719445,0));
#3940=DIRECTION('',(-0.7883703775631429,-0.6152009003414637,0));
#3941=DIRECTION('',(0.8360524547998409,0.5486495172905558,0));
#3942=FACE_SURFACE('',(#3947),#3943,.T.);
#3943=PLANE('',#3944);
#3944=AXIS2_PLACEMENT_3D('',#68,#3945,#3946);
#3945=DIRECTION('',(0,0,1));
#3946=DIRECTION('',(0.11195573340215434,-0.9937131949201368,0));
#3947=FACE_BOUND('',#3948,.T.);
#3948=EDGE_LOOP('',(#3949,#3950,#3951));
#3949=ORIENTED_EDGE('',*,*,#3952,.T.);
#3950=ORIENTED_EDGE('',*,*,#3953,.T.);
#3951=ORIENTED_EDGE('',*,*,#3954,.T.);
#3952=EDGE_CURVE('',#69,#67,#3955,.F.);
#3953=EDGE_CURVE('',#67,#39,#3956,.T.);
#3954=EDGE_CURVE('',#39,#69,#3957,.T.);
#3955=LINE('',#68,#3958);
#3956=LINE('',#66,#3959);
#3957=LINE('',#38,#3960);
#3958=VECTOR('',#3961,1.0);
#3959=VECTOR('',#3962,1.0);
#3960=VECTOR('',#3963,1.0);
#3961=DIRECTION('',(0.11195573340215434,-0.9937131949201368,0));
#3962=DIRECTION('',(0.7818317682358857,-0.623489443517008,0));
#3963=DIRECTION('',(-0.7071067811865475,0.7071067811865475,0));
#3964=FACE_SURFACE('',(#3969),#3965,.T.);
#3965=PLANE('',#3966);
#3966=AXIS2_PLACEMENT_3D('',#38,#3967,#3968);
#3967=DIRECTION('',(0,0,1));
#3968=DIRECTION('',(-0.7818317682358857,0.623489443517008,0));
#3969=FACE_BOUND('',#3970,.T.);
#3970=EDGE_LOOP('',(#3971,#3972,#3973));
#3971=ORIENTED_EDGE('',*,*,#3974,.T.);
#3972=ORIENTED_EDGE('',*,*,#3975,.T.);
#3973=ORIENTED_EDGE('',*,*,#3976,.T.);
#3974=EDGE_CURVE('',#39,#67,#3977,.F.);
#3975=EDGE_CURVE('',#67,#75,#3978,.T.);
#3976=EDGE_CURVE('',#75,#39,#3979,.T.);
#3977=LINE('',#38,#3980);
#3978=LINE('',#66,#3981);
#3979=LINE('',#74,#3982);
#3980=VECTOR('',#3983,1.0);
#3981=VECTOR('',#3984,1.0);
#3982=VECTOR('',#3985,1.0);
#3983=DIRECTION('',(-0.7818317682358857,0.623489443517008,0));
#3984=DIRECTION('',(0.3302798087765309,-0.9438830689839383,0));
#3985=DIRECTION('',(0.8467250341929673,-0.5320307476743411,0));
#3986=FACE_SURFACE('',(#3991),#3987,.T.);
#3987=PLANE('',#3988);
#3988=AXIS2_PLACEMENT_3D('',#38,#3989,#3990);
#3989=DIRECTION('',(0,0,1));
#3990=DIRECTION('',(-0.8467250341929673,0.5320307476743411,0));
#3991=FACE_BOUND('',#3992,.T.);
#3992=EDGE_LOOP('',(#3993,#3994,#3995));
#3993=ORIENTED_EDGE('',*,*,#3996,.T.);
#3994=ORIENTED_EDGE('',*,*,#3997,.T.);
#3995=ORIENTED_EDGE('',*,*,#3998,.T.);
#3996=EDGE_CURVE('',#39,#75,#3999,.F.);
#3997=EDGE_CURVE('',#75,#73,#4000,.T.);
#3998=EDGE_CURVE('',#73,#39,#4001,.T.);
#3999=LINE('',#38,#4002);
#4000=LINE('',#74,#4003);
#4001=LINE('',#72,#4004);
#4002=VECTOR('',#4005,1.0);
#4003=VECTOR('',#4006,1.0);
#4004=VECTOR('',#4007,1.0);
#4005=DIRECTION('',(-0.8467250341929673,0.5320307476743411,0));
#4006=DIRECTION('',(0.5320425853198208,-0.8467175960178229,0));
#4007=DIRECTION('',(0.9009686355520796,-0.43388422159767914,0));
#4008=FACE_SURFACE('',(#4013),#4009,.T.);
#4009=PLANE('',#4010);
#4010=AXIS2_PLACEMENT_3D('',#72,#4011,#4012);
#4011=DIRECTION('',(0,0,1));
#4012=DIRECTION('',(0.7071067811865476,-0.7071067811865476,0));
#4013=FACE_BOUND('',#4014,.T.);
#4014=EDGE_LOOP('',(#4015,#4016,#4017));
#4015=ORIENTED_EDGE('',*,*,#4018,.T.);
#4016=ORIENTED_EDGE('',*,*,#4019,.T.);
#4017=ORIENTED_EDGE('',*,*,#4020,.T.);
#4018=EDGE_CURVE('',#73,#71,#4021,.F.);
#4019=EDGE_CURVE('',#71,#39,#4022,.T.);
#4020=EDGE_CURVE('',#39,#73,#4023,.T.);
#4021=LINE('',#72,#4024);
#4022=LINE('',#70,#4025);
#4023=LINE('',#38,#4026);
#4024=VECTOR('',#4027,1.0);
#4025=VECTOR('',#4028,1.0);
#4026=VECTOR('',#4029,1.0);
#4027=DIRECTION('',(0.7071067811865476,-0.7071067811865476,0));
#4028=DIRECTION('',(0.9438826633896515,-0.3302809678931832,0));
#4029=DIRECTION('',(-0.9009686355520796,0.43388422159767914,0));
#4030=FACE_SURFACE('',(#4035),#4031,.T.);
#4031=PLANE('',#4032);
#4032=AXIS2_PLACEMENT_3D('',#38,#4033,#4034);
#4033=DIRECTION('',(0,0,1));
#4034=DIRECTION('',(-0.9438826633896515,0.3302809678931832,0));
#4035=FACE_BOUND('',#4036,.T.);
#4036=EDGE_LOOP('',(#4037,#4038,#4039));
#4037=ORIENTED_EDGE('',*,*,#4040,.T.);
#4038=ORIENTED_EDGE('',*,*,#4041,.T.);
#4039=ORIENTED_EDGE('',*,*,#4042,.T.);
#4040=EDGE_CURVE('',#39,#71,#4043,.F.);
#4041=EDGE_CURVE('',#71,#45,#4044,.T.);
#4042=EDGE_CURVE('',#45,#39,#4045,.T.);
#4043=LINE('',#38,#4046);
#4044=LINE('',#70,#4047);
#4045=LINE('',#44,#4048);
#4046=VECTOR('',#4049,1.0);
#4047=VECTOR('',#4050,1.0);
#4048=VECTOR('',#4051,1.0);
#4049=DIRECTION('',(-0.9438826633896515,0.3302809678931832,0));
#4050=DIRECTION('',(0.8467175960178229,-0.5320425853198208,0));
#4051=DIRECTION('',(0.9749286043187226,-0.22251790148468414,0));
#4052=FACE_SURFACE('',(#4057),#4053,.T.);
#4053=PLANE('',#4054);
#4054=AXIS2_PLACEMENT_3D('',#38,#4055,#4056);
#4055=DIRECTION('',(0,0,1));
#4056=DIRECTION('',(-0.9749286043187226,0.22251790148468414,0));
#4057=FACE_BOUND('',#4058,.T.);
#4058=EDGE_LOOP('',(#4059,#4060,#4061));
#4059=ORIENTED_EDGE('',*,*,#4062,.T.);
#4060=ORIENTED_EDGE('',*,*,#4063,.T.);
#4061=ORIENTED_EDGE('',*,*,#4064,.T.);
#4062=EDGE_CURVE('',#39,#45,#4065,.F.);
#4063=EDGE_CURVE('',#45,#35,#4066,.T.);
#4064=EDGE_CURVE('',#35,#39,#4067,.T.);
#4065=LINE('',#38,#4068);
#4066=LINE('',#44,#4069);
#4067=LINE('',#34,#4070);
#4068=VECTOR('',#4071,1.0);
#4069=VECTOR('',#4072,1.0);
#4070=VECTOR('',#4073,1.0);
#4071=DIRECTION('',(-0.9749286043187226,0.22251790148468414,0));
#4072=DIRECTION('',(0.9438830689839383,-0.3302798087765309,0));
#4073=DIRECTION('',(0.9937131949201368,-0.11195573340215434,0));
#4074=FACE_SURFACE('',(#4079),#4075,.T.);
#4075=PLANE('',#4076);
#4076=AXIS2_PLACEMENT_3D('',#176,#4077,#4078);
#4077=DIRECTION('',(0,0,1));
#4078=DIRECTION('',(-0.11195573340215434,0.9937131949201368,0));
#4079=FACE_BOUND('',#4080,.T.);
#4080=EDGE_LOOP('',(#4081,#4082,#4083));
#4081=ORIENTED_EDGE('',*,*,#4084,.T.);
#4082=ORIENTED_EDGE('',*,*,#4085,.T.);
#4083=ORIENTED_EDGE('',*,*,#4086,.T.);
#4084=EDGE_CURVE('',#177,#295,#4087,.F.);
#4085=EDGE_CURVE('',#295,#145,#4088,.T.);
#4086=EDGE_CURVE('',#145,#177,#4089,.T.);
#4087=LINE('',#176,#4090);
#4088=LINE('',#294,#4091);
#4089=LINE('',#144,#4092);
#4090=VECTOR('',#4093,1.0);
#4091=VECTOR('',#4094,1.0);
#4092=VECTOR('',#4095,1.0);
#4093=DIRECTION('',(-0.11195573340215434,0.9937131949201368,0));
#4094=DIRECTION('',(-0.7818317682358857,0.623489443517008,0));
#4095=DIRECTION('',(0.7071067811865475,-0.7071067811865475,0));
#4096=FACE_SURFACE('',(#4101),#4097,.T.);
#4097=PLANE('',#4098);
#4098=AXIS2_PLACEMENT_3D('',#144,#4099,#4100);
#4099=DIRECTION('',(0,0,1));
#4100=DIRECTION('',(0.7818317682358857,-0.623489443517008,0));
#4101=FACE_BOUND('',#4102,.T.);
#4102=EDGE_LOOP('',(#4103,#4104,#4105));
#4103=ORIENTED_EDGE('',*,*,#4106,.T.);
#4104=ORIENTED_EDGE('',*,*,#4107,.T.);
#4105=ORIENTED_EDGE('',*,*,#4108,.T.);
#4106=EDGE_CURVE('',#145,#295,#4109,.F.);
#4107=EDGE_CURVE('',#295,#297,#4110,.T.);
#4108=EDGE_CURVE('',#297,#145,#4111,.T.);
#4109=LINE('',#144,#4112);
#4110=LINE('',#294,#4113);
#4111=LINE('',#296,#4114);
#4112=VECTOR('',#4115,1.0);
#4113=VECTOR('',#4116,1.0);
#4114=VECTOR('',#4117,1.0);
#4115=DIRECTION('',(0.7818317682358857,-0.623489443517008,0));
#4116=DIRECTION('',(-0.3302798087765309,0.9438830689839383,0));
#4117=DIRECTION('',(-0.8467250341929673,0.5320307476743411,0));
#4118=FACE_SURFACE('',(#4123),#4119,.T.);
#4119=PLANE('',#4120);
#4120=AXIS2_PLACEMENT_3D('',#144,#4121,#4122);
#4121=DIRECTION('',(0,0,1));
#4122=DIRECTION('',(0.8467250341929673,-0.5320307476743411,0));
#4123=FACE_BOUND('',#4124,.T.);
#4124=EDGE_LOOP('',(#4125,#4126,#4127));
#4125=ORIENTED_EDGE('',*,*,#4128,.T.);
#4126=ORIENTED_EDGE('',*,*,#4129,.T.);
#4127=ORIENTED_EDGE('',*,*,#4130,.T.);
#4128=EDGE_CURVE('',#145,#297,#4131,.F.);
#4129=EDGE_CURVE('',#297,#299,#4132,.T.);
#4130=EDGE_CURVE('',#299,#145,#4133,.T.);
#4131=LINE('',#144,#4134);
#4132=LINE('',#296,#4135);
#4133=LINE('',#298,#4136);
#4134=VECTOR('',#4137,1.0);
#4135=VECTOR('',#4138,1.0);
#4136=VECTOR('',#4139,1.0);
#4137=DIRECTION('',(0.8467250341929673,-0.5320307476743411,0));
#4138=DIRECTION('',(-0.5320425853198208,0.8467175960178229,0));
#4139=DIRECTION('',(-0.9009686355520796,0.43388422159767914,0));
#4140=FACE_SURFACE('',(#4145),#4141,.T.);
#4141=PLANE('',#4142);
#4142=AXIS2_PLACEMENT_3D('',#298,#4143,#4144);
#4143=DIRECTION('',(0,0,1));
#4144=DIRECTION('',(-0.7071067811865476,0.7071067811865476,0));
#4145=FACE_BOUND('',#4146,.T.);
#4146=EDGE_LOOP('',(#4147,#4148,#4149));
#4147=ORIENTED_EDGE('',*,*,#4150,.T.);
#4148=ORIENTED_EDGE('',*,*,#4151,.T.);
#4149=ORIENTED_EDGE('',*,*,#4152,.T.);
#4150=EDGE_CURVE('',#299,#301,#4153,.F.);
#4151=EDGE_CURVE('',#301,#145,#4154,.T.);
#4152=EDGE_CURVE('',#145,#299,#4155,.T.);
#4153=LINE('',#298,#4156);
#4154=LINE('',#300,#4157);
#4155=LINE('',#144,#4158);
#4156=VECTOR('',#4159,1.0);
#4157=VECTOR('',#4160,1.0);
#4158=VECTOR('',#4161,1.0);
#4159=DIRECTION('',(-0.7071067811865476,0.7071067811865476,0));
#4160=DIRECTION('',(-0.9438826633896515,0.3302809678931832,0));
#4161=DIRECTION('',(0.9009686355520796,-0.43388422159767914,0));
#4162=FACE_SURFACE('',(#4167),#4163,.T.);
#4163=PLANE('',#4164);
#4164=AXIS2_PLACEMENT_3D('',#144,#4165,#4166);
#4165=DIRECTION('',(0,0,1));
#4166=DIRECTION('',(0.9438826633896515,-0.3302809678931832,0));
#4167=FACE_BOUND('',#4168,.T.);
#4168=EDGE_LOOP('',(#4169,#4170,#4171));
#4169=ORIENTED_EDGE('',*,*,#4172,.T.);
#4170=ORIENTED_EDGE('',*,*,#4173,.T.);
#4171=ORIENTED_EDGE('',*,*,#4174,.T.);
#4172=EDGE_CURVE('',#145,#301,#4175,.F.);
#4173=EDGE_CURVE('',#301,#303,#4176,.T.);
#4174=EDGE_CURVE('',#303,#145,#4177,.T.);
#4175=LINE('',#144,#4178);
#4176=LINE('',#300,#4179);
#4177=LINE('',#302,#4180);
#4178=VECTOR('',#4181,1.0);
#4179=VECTOR('',#4182,1.0);
#4180=VECTOR('',#4183,1.0);
#4181=DIRECTION('',(0.9438826633896515,-0.3302809678931832,0));
#4182=DIRECTION('',(-0.8467175960178229,0.5320425853198208,0));
#4183=DIRECTION('',(-0.9749286043187226,0.22251790148468414,0));
#4184=FACE_SURFACE('',(#4189),#4185,.T.);
#4185=PLANE('',#4186);
#4186=AXIS2_PLACEMENT_3D('',#144,#4187,#4188);
#4187=DIRECTION('',(0,0,1));
#4188=DIRECTION('',(0.9749286043187226,-0.22251790148468414,0));
#4189=FACE_BOUND('',#4190,.T.);
#4190=EDGE_LOOP('',(#4191,#4192,#4193));
#4191=ORIENTED_EDGE('',*,*,#4194,.T.);
#4192=ORIENTED_EDGE('',*,*,#4195,.T.);
#4193=ORIENTED_EDGE('',*,*,#4196,.T.);
#4194=EDGE_CURVE('',#145,#303,#4197,.F.);
#4195=EDGE_CURVE('',#303,#305,#4198,.T.);
#4196=EDGE_CURVE('',#305,#145,#4199,.T.);
#4197=LINE('',#144,#4200);
#4198=LINE('',#302,#4201);
#4199=LINE('',#304,#4202);
#4200=VECTOR('',#4203,1.0);
#4201=VECTOR('',#4204,1.0);
#4202=VECTOR('',#4205,1.0);
#4203=DIRECTION('',(0.9749286043187226,-0.22251790148468414,0));
#4204=DIRECTION('',(-0.9438830689839383,0.3302798087765309,0));
#4205=DIRECTION('',(-0.9937131949201368,0.11195573340215434,0));
#4206=FACE_SURFACE('',(#4211),#4207,.T.);
#4207=PLANE('',#4208);
#4208=AXIS2_PLACEMENT_3D('',#306,#4209,#4210);
#4209=DIRECTION('',(-0,0,1));
#4210=DIRECTION('',(-0.9438830689839383,-0.3302798087765309,0));
#4211=FACE_BOUND('',#4212,.T.);
#4212=EDGE_LOOP('',(#4213,#4214,#4215));
#4213=ORIENTED_EDGE('',*,*,#4216,.T.);
#4214=ORIENTED_EDGE('',*,*,#4217,.T.);
#4215=ORIENTED_EDGE('',*,*,#4218,.T.);
#4216=EDGE_CURVE('',#307,#309,#4219,.F.);
#4217=EDGE_CURVE('',#309,#143,#4220,.T.);
#4218=EDGE_CURVE('',#143,#307,#4221,.T.);
#4219=LINE('',#306,#4222);
#4220=LINE('',#308,#4223);
#4221=LINE('',#142,#4224);
#4222=VECTOR('',#4225,1.0);
#4223=VECTOR('',#4226,1.0);
#4224=VECTOR('',#4227,1.0);
#4225=DIRECTION('',(-0.9438830689839383,-0.3302798087765309,0));
#4226=DIRECTION('',(0.9749286043187226,0.22251790148468414,0));
#4227=DIRECTION('',(-0.9937131949201368,-0.11195573340215434,0));
#4228=FACE_SURFACE('',(#4233),#4229,.T.);
#4229=PLANE('',#4230);
#4230=AXIS2_PLACEMENT_3D('',#142,#4231,#4232);
#4231=DIRECTION('',(0,0,1));
#4232=DIRECTION('',(-0.9749286043187226,-0.22251790148468414,0));
#4233=FACE_BOUND('',#4234,.T.);
#4234=EDGE_LOOP('',(#4235,#4236,#4237));
#4235=ORIENTED_EDGE('',*,*,#4238,.T.);
#4236=ORIENTED_EDGE('',*,*,#4239,.T.);
#4237=ORIENTED_EDGE('',*,*,#4240,.T.);
#4238=EDGE_CURVE('',#143,#309,#4241,.F.);
#4239=EDGE_CURVE('',#309,#311,#4242,.T.);
#4240=EDGE_CURVE('',#311,#143,#4243,.T.);
#4241=LINE('',#142,#4244);
#4242=LINE('',#308,#4245);
#4243=LINE('',#310,#4246);
#4244=VECTOR('',#4247,1.0);
#4245=VECTOR('',#4248,1.0);
#4246=VECTOR('',#4249,1.0);
#4247=DIRECTION('',(-0.9749286043187226,-0.22251790148468414,0));
#4248=DIRECTION('',(-0.8467175960178229,-0.5320425853198208,0));
#4249=DIRECTION('',(0.9438826633896515,0.3302809678931832,0));
#4250=FACE_SURFACE('',(#4255),#4251,.T.);
#4251=PLANE('',#4252);
#4252=AXIS2_PLACEMENT_3D('',#142,#4253,#4254);
#4253=DIRECTION('',(0,0,1));
#4254=DIRECTION('',(-0.9438826633896515,-0.3302809678931832,0));
#4255=FACE_BOUND('',#4256,.T.);
#4256=EDGE_LOOP('',(#4257,#4258,#4259));
#4257=ORIENTED_EDGE('',*,*,#4260,.T.);
#4258=ORIENTED_EDGE('',*,*,#4261,.T.);
#4259=ORIENTED_EDGE('',*,*,#4262,.T.);
#4260=EDGE_CURVE('',#143,#311,#4263,.F.);
#4261=EDGE_CURVE('',#311,#313,#4264,.T.);
#4262=EDGE_CURVE('',#313,#143,#4265,.T.);
#4263=LINE('',#142,#4266);
#4264=LINE('',#310,#4267);
#4265=LINE('',#312,#4268);
#4266=VECTOR('',#4269,1.0);
#4267=VECTOR('',#4270,1.0);
#4268=VECTOR('',#4271,1.0);
#4269=DIRECTION('',(-0.9438826633896515,-0.3302809678931832,0));
#4270=DIRECTION('',(-0.7071067811865476,-0.7071067811865476,0));
#4271=DIRECTION('',(0.9009686355520796,0.43388422159767914,0));
#4272=FACE_SURFACE('',(#4277),#4273,.T.);
#4273=PLANE('',#4274);
#4274=AXIS2_PLACEMENT_3D('',#312,#4275,#4276);
#4275=DIRECTION('',(-0,0,1));
#4276=DIRECTION('',(-0.5320425853198208,-0.8467175960178229,0));
#4277=FACE_BOUND('',#4278,.T.);
#4278=EDGE_LOOP('',(#4279,#4280,#4281));
#4279=ORIENTED_EDGE('',*,*,#4282,.T.);
#4280=ORIENTED_EDGE('',*,*,#4283,.T.);
#4281=ORIENTED_EDGE('',*,*,#4284,.T.);
#4282=EDGE_CURVE('',#313,#315,#4285,.F.);
#4283=EDGE_CURVE('',#315,#143,#4286,.T.);
#4284=EDGE_CURVE('',#143,#313,#4287,.T.);
#4285=LINE('',#312,#4288);
#4286=LINE('',#314,#4289);
#4287=LINE('',#142,#4290);
#4288=VECTOR('',#4291,1.0);
#4289=VECTOR('',#4292,1.0);
#4290=VECTOR('',#4293,1.0);
#4291=DIRECTION('',(-0.5320425853198208,-0.8467175960178229,0));
#4292=DIRECTION('',(0.8467250341929673,0.5320307476743411,0));
#4293=DIRECTION('',(-0.9009686355520796,-0.43388422159767914,0));
#4294=FACE_SURFACE('',(#4299),#4295,.T.);
#4295=PLANE('',#4296);
#4296=AXIS2_PLACEMENT_3D('',#142,#4297,#4298);
#4297=DIRECTION('',(0,0,1));
#4298=DIRECTION('',(-0.8467250341929673,-0.5320307476743411,0));
#4299=FACE_BOUND('',#4300,.T.);
#4300=EDGE_LOOP('',(#4301,#4302,#4303));
#4301=ORIENTED_EDGE('',*,*,#4304,.T.);
#4302=ORIENTED_EDGE('',*,*,#4305,.T.);
#4303=ORIENTED_EDGE('',*,*,#4306,.T.);
#4304=EDGE_CURVE('',#143,#315,#4307,.F.);
#4305=EDGE_CURVE('',#315,#317,#4308,.T.);
#4306=EDGE_CURVE('',#317,#143,#4309,.T.);
#4307=LINE('',#142,#4310);
#4308=LINE('',#314,#4311);
#4309=LINE('',#316,#4312);
#4310=VECTOR('',#4313,1.0);
#4311=VECTOR('',#4314,1.0);
#4312=VECTOR('',#4315,1.0);
#4313=DIRECTION('',(-0.8467250341929673,-0.5320307476743411,0));
#4314=DIRECTION('',(-0.3302798087765309,-0.9438830689839383,0));
#4315=DIRECTION('',(0.7818317682358857,0.623489443517008,0));
#4316=FACE_SURFACE('',(#4321),#4317,.T.);
#4317=PLANE('',#4318);
#4318=AXIS2_PLACEMENT_3D('',#142,#4319,#4320);
#4319=DIRECTION('',(0,0,1));
#4320=DIRECTION('',(-0.7818317682358857,-0.623489443517008,0));
#4321=FACE_BOUND('',#4322,.T.);
#4322=EDGE_LOOP('',(#4323,#4324,#4325));
#4323=ORIENTED_EDGE('',*,*,#4326,.T.);
#4324=ORIENTED_EDGE('',*,*,#4327,.T.);
#4325=ORIENTED_EDGE('',*,*,#4328,.T.);
#4326=EDGE_CURVE('',#143,#317,#4329,.F.);
#4327=EDGE_CURVE('',#317,#77,#4330,.T.);
#4328=EDGE_CURVE('',#77,#143,#4331,.T.);
#4329=LINE('',#142,#4332);
#4330=LINE('',#316,#4333);
#4331=LINE('',#76,#4334);
#4332=VECTOR('',#4335,1.0);
#4333=VECTOR('',#4336,1.0);
#4334=VECTOR('',#4337,1.0);
#4335=DIRECTION('',(-0.7818317682358857,-0.623489443517008,0));
#4336=DIRECTION('',(-0.11195573340215434,-0.9937131949201368,0));
#4337=DIRECTION('',(0.7071067811865475,0.7071067811865475,0));
#4338=FACE_SURFACE('',(#4343),#4339,.T.);
#4339=PLANE('',#4340);
#4340=AXIS2_PLACEMENT_3D('',#192,#4341,#4342);
#4341=DIRECTION('',(0.9937126095547171,-0.11195566745252701,-0.001085420293447853));
#4342=DIRECTION('',(-0.0020010420007597965,-0.008066388076353848,-0.9999654640107891));
#4343=FACE_BOUND('',#4344,.T.);
#4344=EDGE_LOOP('',(#4345,#4346,#4347));
#4345=ORIENTED_EDGE('',*,*,#4348,.T.);
#4346=ORIENTED_EDGE('',*,*,#4349,.T.);
#4347=ORIENTED_EDGE('',*,*,#4350,.T.);
#4348=EDGE_CURVE('',#193,#319,#4351,.F.);
#4349=EDGE_CURVE('',#319,#175,#4352,.T.);
#4350=EDGE_CURVE('',#175,#193,#4353,.T.);
#4351=LINE('',#192,#4354);
#4352=LINE('',#318,#4355);
#4353=LINE('',#174,#4356);
#4354=VECTOR('',#4357,1.0);
#4355=VECTOR('',#4358,1.0);
#4356=VECTOR('',#4359,1.0);
#4357=DIRECTION('',(-0.0020010420007597965,-0.008066388076353848,-0.9999654640107891));
#4358=DIRECTION('',(0.007559512598924662,0.05741901836694352,0.9983215464463557));
#4359=DIRECTION('',(-0.11195573340215434,-0.9937131949201368,0));
#4360=FACE_SURFACE('',(#4365),#4361,.T.);
#4361=PLANE('',#4362);
#4362=AXIS2_PLACEMENT_3D('',#174,#4363,#4364);
#4363=DIRECTION('',(0.9895126936609272,-0.14444363934303314,0.0008149461551703017));
#4364=DIRECTION('',(-0.007559512598924662,-0.05741901836694352,-0.9983215464463557));
#4365=FACE_BOUND('',#4366,.T.);
#4366=EDGE_LOOP('',(#4367,#4368,#4369));
#4367=ORIENTED_EDGE('',*,*,#4370,.T.);
#4368=ORIENTED_EDGE('',*,*,#4371,.T.);
#4369=ORIENTED_EDGE('',*,*,#4372,.T.);
#4370=EDGE_CURVE('',#175,#319,#4373,.F.);
#4371=EDGE_CURVE('',#319,#321,#4374,.T.);
#4372=EDGE_CURVE('',#321,#175,#4375,.T.);
#4373=LINE('',#174,#4376);
#4374=LINE('',#318,#4377);
#4375=LINE('',#320,#4378);
#4376=VECTOR('',#4379,1.0);
#4377=VECTOR('',#4380,1.0);
#4378=VECTOR('',#4381,1.0);
#4379=DIRECTION('',(-0.007559512598924662,-0.05741901836694352,-0.9983215464463557));
#4380=DIRECTION('',(0.0020010420007597965,0.008066388076353848,-0.9999654640107891));
#4381=DIRECTION('',(0.0027846937461756763,0.02471679506976556,0.99969061490154));
#4382=FACE_SURFACE('',(#4387),#4383,.T.);
#4383=PLANE('',#4384);
#4384=AXIS2_PLACEMENT_3D('',#174,#4385,#4386);
#4385=DIRECTION('',(0.9937131949201369,-0.11195573340215434,0));
#4386=DIRECTION('',(-0.0027846937461756763,-0.02471679506976556,-0.99969061490154));
#4387=FACE_BOUND('',#4388,.T.);
#4388=EDGE_LOOP('',(#4389,#4390,#4391));
#4389=ORIENTED_EDGE('',*,*,#4392,.T.);
#4390=ORIENTED_EDGE('',*,*,#4393,.T.);
#4391=ORIENTED_EDGE('',*,*,#4394,.T.);
#4392=EDGE_CURVE('',#175,#321,#4395,.F.);
#4393=EDGE_CURVE('',#321,#323,#4396,.T.);
#4394=EDGE_CURVE('',#323,#175,#4397,.T.);
#4395=LINE('',#174,#4398);
#4396=LINE('',#320,#4399);
#4397=LINE('',#322,#4400);
#4398=VECTOR('',#4401,1.0);
#4399=VECTOR('',#4402,1.0);
#4400=VECTOR('',#4403,1.0);
#4401=DIRECTION('',(-0.0027846937461756763,-0.02471679506976556,-0.99969061490154));
#4402=DIRECTION('',(0.11195573340215434,0.9937131949201368,0));
#4403=DIRECTION('',(0,0,1));
#4404=FACE_SURFACE('',(#4409),#4405,.T.);
#4405=PLANE('',#4406);
#4406=AXIS2_PLACEMENT_3D('',#192,#4407,#4408);
#4407=DIRECTION('',(0.9438827852005967,-0.3302797094761929,0.0007754419940561841));
#4408=DIRECTION('',(-0.3302798087765309,-0.9438830689839383,0));
#4409=FACE_BOUND('',#4410,.T.);
#4410=EDGE_LOOP('',(#4411,#4412,#4413));
#4411=ORIENTED_EDGE('',*,*,#4414,.T.);
#4412=ORIENTED_EDGE('',*,*,#4415,.T.);
#4413=ORIENTED_EDGE('',*,*,#4416,.T.);
#4414=EDGE_CURVE('',#193,#195,#4417,.F.);
#4415=EDGE_CURVE('',#195,#319,#4418,.T.);
#4416=EDGE_CURVE('',#319,#193,#4419,.T.);
#4417=LINE('',#192,#4420);
#4418=LINE('',#194,#4421);
#4419=LINE('',#318,#4422);
#4420=VECTOR('',#4423,1.0);
#4421=VECTOR('',#4424,1.0);
#4422=VECTOR('',#4425,1.0);
#4423=DIRECTION('',(-0.3302798087765309,-0.9438830689839383,0));
#4424=DIRECTION('',(0.01442203369314722,0.038869884204309285,-0.9991401988940779));
#4425=DIRECTION('',(0.0020010420007597965,0.008066388076353848,0.9999654640107891));
#4426=FACE_SURFACE('',(#4431),#4427,.T.);
#4427=PLANE('',#4428);
#4428=AXIS2_PLACEMENT_3D('',#318,#4429,#4430);
#4429=DIRECTION('',(0.9238784564119052,-0.38268288330519773,-0.001551967517686962));
#4430=DIRECTION('',(-0.01442203369314722,-0.038869884204309285,0.9991401988940779));
#4431=FACE_BOUND('',#4432,.T.);
#4432=EDGE_LOOP('',(#4433,#4434,#4435));
#4433=ORIENTED_EDGE('',*,*,#4436,.T.);
#4434=ORIENTED_EDGE('',*,*,#4437,.T.);
#4435=ORIENTED_EDGE('',*,*,#4438,.T.);
#4436=EDGE_CURVE('',#319,#195,#4439,.F.);
#4437=EDGE_CURVE('',#195,#325,#4440,.T.);
#4438=EDGE_CURVE('',#325,#319,#4441,.T.);
#4439=LINE('',#318,#4442);
#4440=LINE('',#194,#4443);
#4441=LINE('',#324,#4444);
#4442=VECTOR('',#4445,1.0);
#4443=VECTOR('',#4446,1.0);
#4444=VECTOR('',#4447,1.0);
#4445=DIRECTION('',(-0.01442203369314722,-0.038869884204309285,0.9991401988940779));
#4446=DIRECTION('',(-0.007764483489317413,-0.014690193901737404,-0.9998619459701791));
#4447=DIRECTION('',(0.3826833441716343,0.9238795690422071,0));
#4448=FACE_SURFACE('',(#4453),#4449,.T.);
#4449=PLANE('',#4450);
#4450=AXIS2_PLACEMENT_3D('',#318,#4451,#4452);
#4451=DIRECTION('',(0.9238784564119052,-0.38268288330519773,0.001551967517686962));
#4452=DIRECTION('',(-0.3826833441716343,-0.9238795690422071,0));
#4453=FACE_BOUND('',#4454,.T.);
#4454=EDGE_LOOP('',(#4455,#4456,#4457));
#4455=ORIENTED_EDGE('',*,*,#4458,.T.);
#4456=ORIENTED_EDGE('',*,*,#4459,.T.);
#4457=ORIENTED_EDGE('',*,*,#4460,.T.);
#4458=EDGE_CURVE('',#319,#325,#4461,.F.);
#4459=EDGE_CURVE('',#325,#327,#4462,.T.);
#4460=EDGE_CURVE('',#327,#319,#4463,.T.);
#4461=LINE('',#318,#4464);
#4462=LINE('',#324,#4465);
#4463=LINE('',#326,#4466);
#4464=VECTOR('',#4467,1.0);
#4465=VECTOR('',#4468,1.0);
#4466=VECTOR('',#4469,1.0);
#4467=DIRECTION('',(-0.3826833441716343,-0.9238795690422071,0));
#4468=DIRECTION('',(0.007764483489317413,0.014690193901737404,-0.9998619459701791));
#4469=DIRECTION('',(0.01442203369314722,0.038869884204309285,0.9991401988940779));
#4470=FACE_SURFACE('',(#4475),#4471,.T.);
#4471=PLANE('',#4472);
#4472=AXIS2_PLACEMENT_3D('',#326,#4473,#4474);
#4473=DIRECTION('',(0.8467169433229144,-0.532042175193129,-0.0012416544063275686));
#4474=DIRECTION('',(-0.007764483489317413,-0.014690193901737404,0.9998619459701791));
#4475=FACE_BOUND('',#4476,.T.);
#4476=EDGE_LOOP('',(#4477,#4478,#4479));
#4477=ORIENTED_EDGE('',*,*,#4480,.T.);
#4478=ORIENTED_EDGE('',*,*,#4481,.T.);
#4479=ORIENTED_EDGE('',*,*,#4482,.T.);
#4480=EDGE_CURVE('',#327,#325,#4483,.F.);
#4481=EDGE_CURVE('',#325,#329,#4484,.T.);
#4482=EDGE_CURVE('',#329,#327,#4485,.T.);
#4483=LINE('',#326,#4486);
#4484=LINE('',#324,#4487);
#4485=LINE('',#328,#4488);
#4486=VECTOR('',#4489,1.0);
#4487=VECTOR('',#4490,1.0);
#4488=VECTOR('',#4491,1.0);
#4489=DIRECTION('',(-0.007764483489317413,-0.014690193901737404,0.9998619459701791));
#4490=DIRECTION('',(-0.018699688658829556,-0.027427098431959583,-0.9994488860945647));
#4491=DIRECTION('',(0.5320425853198208,0.8467175960178229,0));
#4492=FACE_SURFACE('',(#4497),#4493,.T.);
#4493=PLANE('',#4494);
#4494=AXIS2_PLACEMENT_3D('',#328,#4495,#4496);
#4495=DIRECTION('',(0.7933468875212607,-0.6087669895216493,0.0018623987424833837));
#4496=DIRECTION('',(0.018699688658829556,0.027427098431959583,0.9994488860945647));
#4497=FACE_BOUND('',#4498,.T.);
#4498=EDGE_LOOP('',(#4499,#4500,#4501));
#4499=ORIENTED_EDGE('',*,*,#4502,.T.);
#4500=ORIENTED_EDGE('',*,*,#4503,.T.);
#4501=ORIENTED_EDGE('',*,*,#4504,.T.);
#4502=EDGE_CURVE('',#329,#325,#4505,.F.);
#4503=EDGE_CURVE('',#325,#331,#4506,.T.);
#4504=EDGE_CURVE('',#331,#329,#4507,.T.);
#4505=LINE('',#328,#4508);
#4506=LINE('',#324,#4509);
#4507=LINE('',#330,#4510);
#4508=VECTOR('',#4511,1.0);
#4509=VECTOR('',#4512,1.0);
#4510=VECTOR('',#4513,1.0);
#4511=DIRECTION('',(0.018699688658829556,0.027427098431959583,0.9994488860945647));
#4512=DIRECTION('',(-0.6087680452873977,-0.7933482633982134,0));
#4513=DIRECTION('',(0.016600401912769954,0.0185753443417359,-0.9996896434588689));
#4514=FACE_SURFACE('',(#4519),#4515,.T.);
#4515=PLANE('',#4516);
#4516=AXIS2_PLACEMENT_3D('',#328,#4517,#4518);
#4517=DIRECTION('',(0.707106091259979,-0.707106091259979,-0.001396927366955417));
#4518=DIRECTION('',(-0.016600401912769954,-0.0185753443417359,0.9996896434588689));
#4519=FACE_BOUND('',#4520,.T.);
#4520=EDGE_LOOP('',(#4521,#4522,#4523));
#4521=ORIENTED_EDGE('',*,*,#4524,.T.);
#4522=ORIENTED_EDGE('',*,*,#4525,.T.);
#4523=ORIENTED_EDGE('',*,*,#4526,.T.);
#4524=EDGE_CURVE('',#329,#331,#4527,.F.);
#4525=EDGE_CURVE('',#331,#333,#4528,.T.);
#4526=EDGE_CURVE('',#333,#329,#4529,.T.);
#4527=LINE('',#328,#4530);
#4528=LINE('',#330,#4531);
#4529=LINE('',#332,#4532);
#4530=VECTOR('',#4533,1.0);
#4531=VECTOR('',#4534,1.0);
#4532=VECTOR('',#4535,1.0);
#4533=DIRECTION('',(-0.016600401912769954,-0.0185753443417359,0.9996896434588689));
#4534=DIRECTION('',(-0.0185753443417359,-0.016600401912769954,-0.9996896434588689));
#4535=DIRECTION('',(0.7071067811865476,0.7071067811865476,0));
#4536=FACE_SURFACE('',(#4541),#4537,.T.);
#4537=PLANE('',#4538);
#4538=AXIS2_PLACEMENT_3D('',#332,#4539,#4540);
#4539=DIRECTION('',(0.6087669895216493,-0.7933468875212607,0.0018623987424833837));
#4540=DIRECTION('',(0.0185753443417359,0.016600401912769954,0.9996896434588689));
#4541=FACE_BOUND('',#4542,.T.);
#4542=EDGE_LOOP('',(#4543,#4544,#4545));
#4543=ORIENTED_EDGE('',*,*,#4546,.T.);
#4544=ORIENTED_EDGE('',*,*,#4547,.T.);
#4545=ORIENTED_EDGE('',*,*,#4548,.T.);
#4546=EDGE_CURVE('',#333,#331,#4549,.F.);
#4547=EDGE_CURVE('',#331,#335,#4550,.T.);
#4548=EDGE_CURVE('',#335,#333,#4551,.T.);
#4549=LINE('',#332,#4552);
#4550=LINE('',#330,#4553);
#4551=LINE('',#334,#4554);
#4552=VECTOR('',#4555,1.0);
#4553=VECTOR('',#4556,1.0);
#4554=VECTOR('',#4557,1.0);
#4555=DIRECTION('',(0.0185753443417359,0.016600401912769954,0.9996896434588689));
#4556=DIRECTION('',(-0.7933482633982134,-0.6087680452873977,0));
#4557=DIRECTION('',(0.027427098431959583,0.018699688658829556,-0.9994488860945647));
#4558=FACE_SURFACE('',(#4563),#4559,.T.);
#4559=PLANE('',#4560);
#4560=AXIS2_PLACEMENT_3D('',#332,#4561,#4562);
#4561=DIRECTION('',(0.532042175193129,-0.8467169433229144,-0.0012416544063275678));
#4562=DIRECTION('',(-0.027427098431959583,-0.018699688658829556,0.9994488860945647));
#4563=FACE_BOUND('',#4564,.T.);
#4564=EDGE_LOOP('',(#4565,#4566,#4567));
#4565=ORIENTED_EDGE('',*,*,#4568,.T.);
#4566=ORIENTED_EDGE('',*,*,#4569,.T.);
#4567=ORIENTED_EDGE('',*,*,#4570,.T.);
#4568=EDGE_CURVE('',#333,#335,#4571,.F.);
#4569=EDGE_CURVE('',#335,#337,#4572,.T.);
#4570=EDGE_CURVE('',#337,#333,#4573,.T.);
#4571=LINE('',#332,#4574);
#4572=LINE('',#334,#4575);
#4573=LINE('',#336,#4576);
#4574=VECTOR('',#4577,1.0);
#4575=VECTOR('',#4578,1.0);
#4576=VECTOR('',#4579,1.0);
#4577=DIRECTION('',(-0.027427098431959583,-0.018699688658829556,0.9994488860945647));
#4578=DIRECTION('',(-0.014690193901737404,-0.007764483489317413,-0.9998619459701791));
#4579=DIRECTION('',(0.8467175960178229,0.5320425853198208,0));
#4580=FACE_SURFACE('',(#4585),#4581,.T.);
#4581=PLANE('',#4582);
#4582=AXIS2_PLACEMENT_3D('',#336,#4583,#4584);
#4583=DIRECTION('',(0.38268288330519773,-0.9238784564119052,0.0015519675176869606));
#4584=DIRECTION('',(0.014690193901737404,0.007764483489317413,0.9998619459701791));
#4585=FACE_BOUND('',#4586,.T.);
#4586=EDGE_LOOP('',(#4587,#4588,#4589));
#4587=ORIENTED_EDGE('',*,*,#4590,.T.);
#4588=ORIENTED_EDGE('',*,*,#4591,.T.);
#4589=ORIENTED_EDGE('',*,*,#4592,.T.);
#4590=EDGE_CURVE('',#337,#335,#4593,.F.);
#4591=EDGE_CURVE('',#335,#339,#4594,.T.);
#4592=EDGE_CURVE('',#339,#337,#4595,.T.);
#4593=LINE('',#336,#4596);
#4594=LINE('',#334,#4597);
#4595=LINE('',#338,#4598);
#4596=VECTOR('',#4599,1.0);
#4597=VECTOR('',#4600,1.0);
#4598=VECTOR('',#4601,1.0);
#4599=DIRECTION('',(0.014690193901737404,0.007764483489317413,0.9998619459701791));
#4600=DIRECTION('',(-0.9238795690422071,-0.3826833441716343,0));
#4601=DIRECTION('',(0.038869884204309285,0.01442203369314722,-0.9991401988940779));
#4602=FACE_SURFACE('',(#4607),#4603,.T.);
#4603=PLANE('',#4604);
#4604=AXIS2_PLACEMENT_3D('',#336,#4605,#4606);
#4605=DIRECTION('',(0.3302797094761929,-0.9438827852005967,-0.0007754419940561828));
#4606=DIRECTION('',(-0.038869884204309285,-0.01442203369314722,0.9991401988940779));
#4607=FACE_BOUND('',#4608,.T.);
#4608=EDGE_LOOP('',(#4609,#4610,#4611));
#4609=ORIENTED_EDGE('',*,*,#4612,.T.);
#4610=ORIENTED_EDGE('',*,*,#4613,.T.);
#4611=ORIENTED_EDGE('',*,*,#4614,.T.);
#4612=EDGE_CURVE('',#337,#339,#4615,.F.);
#4613=EDGE_CURVE('',#339,#341,#4616,.T.);
#4614=EDGE_CURVE('',#341,#337,#4617,.T.);
#4615=LINE('',#336,#4618);
#4616=LINE('',#338,#4619);
#4617=LINE('',#340,#4620);
#4618=VECTOR('',#4621,1.0);
#4619=VECTOR('',#4622,1.0);
#4620=VECTOR('',#4623,1.0);
#4621=DIRECTION('',(-0.038869884204309285,-0.01442203369314722,0.9991401988940779));
#4622=DIRECTION('',(-0.008066388076353848,-0.0020010420007597965,-0.9999654640107891));
#4623=DIRECTION('',(0.9438830689839383,0.3302798087765309,0));
#4624=FACE_SURFACE('',(#4629),#4625,.T.);
#4625=PLANE('',#4626);
#4626=AXIS2_PLACEMENT_3D('',#340,#4627,#4628);
#4627=DIRECTION('',(0.11195566745252701,-0.9937126095547171,0.001085420293447853));
#4628=DIRECTION('',(0.008066388076353848,0.0020010420007597965,0.9999654640107891));
#4629=FACE_BOUND('',#4630,.T.);
#4630=EDGE_LOOP('',(#4631,#4632,#4633));
#4631=ORIENTED_EDGE('',*,*,#4634,.T.);
#4632=ORIENTED_EDGE('',*,*,#4635,.T.);
#4633=ORIENTED_EDGE('',*,*,#4636,.T.);
#4634=EDGE_CURVE('',#341,#339,#4637,.F.);
#4635=EDGE_CURVE('',#339,#343,#4638,.T.);
#4636=EDGE_CURVE('',#343,#341,#4639,.T.);
#4637=LINE('',#340,#4640);
#4638=LINE('',#338,#4641);
#4639=LINE('',#342,#4642);
#4640=VECTOR('',#4643,1.0);
#4641=VECTOR('',#4644,1.0);
#4642=VECTOR('',#4645,1.0);
#4643=DIRECTION('',(0.008066388076353848,0.0020010420007597965,0.9999654640107891));
#4644=DIRECTION('',(-0.05741901836694352,-0.007559512598924662,-0.9983215464463557));
#4645=DIRECTION('',(0.9937131949201368,0.11195573340215434,0));
#4646=FACE_SURFACE('',(#4651),#4647,.T.);
#4647=PLANE('',#4648);
#4648=AXIS2_PLACEMENT_3D('',#342,#4649,#4650);
#4649=DIRECTION('',(0.14444363934303314,-0.9895126936609272,-0.0008149461551703017));
#4650=DIRECTION('',(0.05741901836694352,0.007559512598924662,0.9983215464463557));
#4651=FACE_BOUND('',#4652,.T.);
#4652=EDGE_LOOP('',(#4653,#4654,#4655));
#4653=ORIENTED_EDGE('',*,*,#4656,.T.);
#4654=ORIENTED_EDGE('',*,*,#4657,.T.);
#4655=ORIENTED_EDGE('',*,*,#4658,.T.);
#4656=EDGE_CURVE('',#343,#339,#4659,.F.);
#4657=EDGE_CURVE('',#339,#203,#4660,.T.);
#4658=EDGE_CURVE('',#203,#343,#4661,.T.);
#4659=LINE('',#342,#4662);
#4660=LINE('',#338,#4663);
#4661=LINE('',#202,#4664);
#4662=VECTOR('',#4665,1.0);
#4663=VECTOR('',#4666,1.0);
#4664=VECTOR('',#4667,1.0);
#4665=DIRECTION('',(0.05741901836694352,0.007559512598924662,0.9983215464463557));
#4666=DIRECTION('',(-0.008066388076353848,-0.0020010420007597965,0.9999654640107891));
#4667=DIRECTION('',(-0.02471679506976556,-0.0027846937461756763,-0.99969061490154));
#4668=FACE_SURFACE('',(#4673),#4669,.T.);
#4669=PLANE('',#4670);
#4670=AXIS2_PLACEMENT_3D('',#342,#4671,#4672);
#4671=DIRECTION('',(0.11195573340215434,-0.9937131949201369,0));
#4672=DIRECTION('',(0.02471679506976556,0.0027846937461756763,0.99969061490154));
#4673=FACE_BOUND('',#4674,.T.);
#4674=EDGE_LOOP('',(#4675,#4676,#4677));
#4675=ORIENTED_EDGE('',*,*,#4678,.T.);
#4676=ORIENTED_EDGE('',*,*,#4679,.T.);
#4677=ORIENTED_EDGE('',*,*,#4680,.T.);
#4678=EDGE_CURVE('',#343,#203,#4681,.F.);
#4679=EDGE_CURVE('',#203,#101,#4682,.T.);
#4680=EDGE_CURVE('',#101,#343,#4683,.T.);
#4681=LINE('',#342,#4684);
#4682=LINE('',#202,#4685);
#4683=LINE('',#100,#4686);
#4684=VECTOR('',#4687,1.0);
#4685=VECTOR('',#4688,1.0);
#4686=VECTOR('',#4689,1.0);
#4687=DIRECTION('',(0.02471679506976556,0.0027846937461756763,0.99969061490154));
#4688=DIRECTION('',(-0.9937131949201368,-0.11195573340215434,0));
#4689=DIRECTION('',(0,0,-1));
#4690=FACE_SURFACE('',(#4695),#4691,.T.);
#4691=PLANE('',#4692);
#4692=AXIS2_PLACEMENT_3D('',#194,#4693,#4694);
#4693=DIRECTION('',(0.8467169433229144,-0.532042175193129,0.0012416544063275686));
#4694=DIRECTION('',(-0.5320425853198208,-0.8467175960178229,0));
#4695=FACE_BOUND('',#4696,.T.);
#4696=EDGE_LOOP('',(#4697,#4698,#4699));
#4697=ORIENTED_EDGE('',*,*,#4700,.T.);
#4698=ORIENTED_EDGE('',*,*,#4701,.T.);
#4699=ORIENTED_EDGE('',*,*,#4702,.T.);
#4700=EDGE_CURVE('',#195,#197,#4703,.F.);
#4701=EDGE_CURVE('',#197,#325,#4704,.T.);
#4702=EDGE_CURVE('',#325,#195,#4705,.T.);
#4703=LINE('',#194,#4706);
#4704=LINE('',#196,#4707);
#4705=LINE('',#324,#4708);
#4706=VECTOR('',#4709,1.0);
#4707=VECTOR('',#4710,1.0);
#4708=VECTOR('',#4711,1.0);
#4709=DIRECTION('',(-0.5320425853198208,-0.8467175960178229,0));
#4710=DIRECTION('',(0.018699688658829556,0.027427098431959583,-0.9994488860945647));
#4711=DIRECTION('',(0.007764483489317413,0.014690193901737404,0.9998619459701791));
#4712=FACE_SURFACE('',(#4717),#4713,.T.);
#4713=PLANE('',#4714);
#4714=AXIS2_PLACEMENT_3D('',#324,#4715,#4716);
#4715=DIRECTION('',(0.7933468875212607,-0.6087669895216493,-0.0018623987424833874));
#4716=DIRECTION('',(-0.018699688658829556,-0.027427098431959583,0.9994488860945647));
#4717=FACE_BOUND('',#4718,.T.);
#4718=EDGE_LOOP('',(#4719,#4720,#4721));
#4719=ORIENTED_EDGE('',*,*,#4722,.T.);
#4720=ORIENTED_EDGE('',*,*,#4723,.T.);
#4721=ORIENTED_EDGE('',*,*,#4724,.T.);
#4722=EDGE_CURVE('',#325,#197,#4725,.F.);
#4723=EDGE_CURVE('',#197,#331,#4726,.T.);
#4724=EDGE_CURVE('',#331,#325,#4727,.T.);
#4725=LINE('',#324,#4728);
#4726=LINE('',#196,#4729);
#4727=LINE('',#330,#4730);
#4728=VECTOR('',#4731,1.0);
#4729=VECTOR('',#4732,1.0);
#4730=VECTOR('',#4733,1.0);
#4731=DIRECTION('',(-0.018699688658829556,-0.027427098431959583,0.9994488860945647));
#4732=DIRECTION('',(-0.016600401912769954,-0.0185753443417359,-0.9996896434588689));
#4733=DIRECTION('',(0.6087680452873977,0.7933482633982134,0));
#4734=FACE_SURFACE('',(#4739),#4735,.T.);
#4735=PLANE('',#4736);
#4736=AXIS2_PLACEMENT_3D('',#196,#4737,#4738);
#4737=DIRECTION('',(0.707106091259979,-0.707106091259979,0.001396927366955417));
#4738=DIRECTION('',(-0.7071067811865476,-0.7071067811865476,0));
#4739=FACE_BOUND('',#4740,.T.);
#4740=EDGE_LOOP('',(#4741,#4742,#4743));
#4741=ORIENTED_EDGE('',*,*,#4744,.T.);
#4742=ORIENTED_EDGE('',*,*,#4745,.T.);
#4743=ORIENTED_EDGE('',*,*,#4746,.T.);
#4744=EDGE_CURVE('',#197,#199,#4747,.F.);
#4745=EDGE_CURVE('',#199,#331,#4748,.T.);
#4746=EDGE_CURVE('',#331,#197,#4749,.T.);
#4747=LINE('',#196,#4750);
#4748=LINE('',#198,#4751);
#4749=LINE('',#330,#4752);
#4750=VECTOR('',#4753,1.0);
#4751=VECTOR('',#4754,1.0);
#4752=VECTOR('',#4755,1.0);
#4753=DIRECTION('',(-0.7071067811865476,-0.7071067811865476,0));
#4754=DIRECTION('',(0.0185753443417359,0.016600401912769954,-0.9996896434588689));
#4755=DIRECTION('',(0.016600401912769954,0.0185753443417359,0.9996896434588689));
#4756=FACE_SURFACE('',(#4761),#4757,.T.);
#4757=PLANE('',#4758);
#4758=AXIS2_PLACEMENT_3D('',#330,#4759,#4760);
#4759=DIRECTION('',(0.6087669895216493,-0.7933468875212607,-0.0018623987424833844));
#4760=DIRECTION('',(-0.0185753443417359,-0.016600401912769954,0.9996896434588689));
#4761=FACE_BOUND('',#4762,.T.);
#4762=EDGE_LOOP('',(#4763,#4764,#4765));
#4763=ORIENTED_EDGE('',*,*,#4766,.T.);
#4764=ORIENTED_EDGE('',*,*,#4767,.T.);
#4765=ORIENTED_EDGE('',*,*,#4768,.T.);
#4766=EDGE_CURVE('',#331,#199,#4769,.F.);
#4767=EDGE_CURVE('',#199,#335,#4770,.T.);
#4768=EDGE_CURVE('',#335,#331,#4771,.T.);
#4769=LINE('',#330,#4772);
#4770=LINE('',#198,#4773);
#4771=LINE('',#334,#4774);
#4772=VECTOR('',#4775,1.0);
#4773=VECTOR('',#4776,1.0);
#4774=VECTOR('',#4777,1.0);
#4775=DIRECTION('',(-0.0185753443417359,-0.016600401912769954,0.9996896434588689));
#4776=DIRECTION('',(-0.027427098431959583,-0.018699688658829556,-0.9994488860945647));
#4777=DIRECTION('',(0.7933482633982134,0.6087680452873977,0));
#4778=FACE_SURFACE('',(#4783),#4779,.T.);
#4779=PLANE('',#4780);
#4780=AXIS2_PLACEMENT_3D('',#198,#4781,#4782);
#4781=DIRECTION('',(0.532042175193129,-0.8467169433229144,0.0012416544063275678));
#4782=DIRECTION('',(-0.8467175960178229,-0.5320425853198208,0));
#4783=FACE_BOUND('',#4784,.T.);
#4784=EDGE_LOOP('',(#4785,#4786,#4787));
#4785=ORIENTED_EDGE('',*,*,#4788,.T.);
#4786=ORIENTED_EDGE('',*,*,#4789,.T.);
#4787=ORIENTED_EDGE('',*,*,#4790,.T.);
#4788=EDGE_CURVE('',#199,#201,#4791,.F.);
#4789=EDGE_CURVE('',#201,#335,#4792,.T.);
#4790=EDGE_CURVE('',#335,#199,#4793,.T.);
#4791=LINE('',#198,#4794);
#4792=LINE('',#200,#4795);
#4793=LINE('',#334,#4796);
#4794=VECTOR('',#4797,1.0);
#4795=VECTOR('',#4798,1.0);
#4796=VECTOR('',#4799,1.0);
#4797=DIRECTION('',(-0.8467175960178229,-0.5320425853198208,0));
#4798=DIRECTION('',(0.014690193901737404,0.007764483489317413,-0.9998619459701791));
#4799=DIRECTION('',(0.027427098431959583,0.018699688658829556,0.9994488860945647));
#4800=FACE_SURFACE('',(#4805),#4801,.T.);
#4801=PLANE('',#4802);
#4802=AXIS2_PLACEMENT_3D('',#334,#4803,#4804);
#4803=DIRECTION('',(0.38268288330519773,-0.9238784564119052,-0.0015519675176869597));
#4804=DIRECTION('',(-0.014690193901737404,-0.007764483489317413,0.9998619459701791));
#4805=FACE_BOUND('',#4806,.T.);
#4806=EDGE_LOOP('',(#4807,#4808,#4809));
#4807=ORIENTED_EDGE('',*,*,#4810,.T.);
#4808=ORIENTED_EDGE('',*,*,#4811,.T.);
#4809=ORIENTED_EDGE('',*,*,#4812,.T.);
#4810=EDGE_CURVE('',#335,#201,#4813,.F.);
#4811=EDGE_CURVE('',#201,#339,#4814,.T.);
#4812=EDGE_CURVE('',#339,#335,#4815,.T.);
#4813=LINE('',#334,#4816);
#4814=LINE('',#200,#4817);
#4815=LINE('',#338,#4818);
#4816=VECTOR('',#4819,1.0);
#4817=VECTOR('',#4820,1.0);
#4818=VECTOR('',#4821,1.0);
#4819=DIRECTION('',(-0.014690193901737404,-0.007764483489317413,0.9998619459701791));
#4820=DIRECTION('',(-0.038869884204309285,-0.01442203369314722,-0.9991401988940779));
#4821=DIRECTION('',(0.9238795690422071,0.3826833441716343,0));
#4822=FACE_SURFACE('',(#4827),#4823,.T.);
#4823=PLANE('',#4824);
#4824=AXIS2_PLACEMENT_3D('',#200,#4825,#4826);
#4825=DIRECTION('',(0.3302797094761929,-0.9438827852005967,0.0007754419940561828));
#4826=DIRECTION('',(-0.9438830689839383,-0.3302798087765309,0));
#4827=FACE_BOUND('',#4828,.T.);
#4828=EDGE_LOOP('',(#4829,#4830,#4831));
#4829=ORIENTED_EDGE('',*,*,#4832,.T.);
#4830=ORIENTED_EDGE('',*,*,#4833,.T.);
#4831=ORIENTED_EDGE('',*,*,#4834,.T.);
#4832=EDGE_CURVE('',#201,#203,#4835,.F.);
#4833=EDGE_CURVE('',#203,#339,#4836,.T.);
#4834=EDGE_CURVE('',#339,#201,#4837,.T.);
#4835=LINE('',#200,#4838);
#4836=LINE('',#202,#4839);
#4837=LINE('',#338,#4840);
#4838=VECTOR('',#4841,1.0);
#4839=VECTOR('',#4842,1.0);
#4840=VECTOR('',#4843,1.0);
#4841=DIRECTION('',(-0.9438830689839383,-0.3302798087765309,0));
#4842=DIRECTION('',(0.008066388076353848,0.0020010420007597965,-0.9999654640107891));
#4843=DIRECTION('',(0.038869884204309285,0.01442203369314722,0.9991401988940779));
#4844=FACE_SURFACE('',(#4849),#4845,.T.);
#4845=PLANE('',#4846);
#4846=AXIS2_PLACEMENT_3D('',#326,#4847,#4848);
#4847=DIRECTION('',(0.9438827852005967,-0.3302797094761929,-0.0007754419940561828));
#4848=DIRECTION('',(0.3302798087765309,0.9438830689839383,0));
#4849=FACE_BOUND('',#4850,.T.);
#4850=EDGE_LOOP('',(#4851,#4852,#4853));
#4851=ORIENTED_EDGE('',*,*,#4854,.T.);
#4852=ORIENTED_EDGE('',*,*,#4855,.T.);
#4853=ORIENTED_EDGE('',*,*,#4856,.T.);
#4854=EDGE_CURVE('',#327,#321,#4857,.F.);
#4855=EDGE_CURVE('',#321,#319,#4858,.T.);
#4856=EDGE_CURVE('',#319,#327,#4859,.T.);
#4857=LINE('',#326,#4860);
#4858=LINE('',#320,#4861);
#4859=LINE('',#318,#4862);
#4860=VECTOR('',#4863,1.0);
#4861=VECTOR('',#4864,1.0);
#4862=VECTOR('',#4865,1.0);
#4863=DIRECTION('',(0.3302798087765309,0.9438830689839383,0));
#4864=DIRECTION('',(-0.0020010420007597965,-0.008066388076353848,0.9999654640107891));
#4865=DIRECTION('',(-0.01442203369314722,-0.038869884204309285,-0.9991401988940779));
#4866=FACE_SURFACE('',(#4871),#4867,.T.);
#4867=PLANE('',#4868);
#4868=AXIS2_PLACEMENT_3D('',#322,#4869,#4870);
#4869=DIRECTION('',(1,0,0));
#4870=DIRECTION('',(0,1,0));
#4871=FACE_BOUND('',#4872,.T.);
#4872=EDGE_LOOP('',(#4873,#4874,#4875));
#4873=ORIENTED_EDGE('',*,*,#4876,.T.);
#4874=ORIENTED_EDGE('',*,*,#4877,.T.);
#4875=ORIENTED_EDGE('',*,*,#4878,.T.);
#4876=EDGE_CURVE('',#323,#345,#4879,.F.);
#4877=EDGE_CURVE('',#345,#175,#4880,.T.);
#4878=EDGE_CURVE('',#175,#323,#4881,.T.);
#4879=LINE('',#322,#4882);
#4880=LINE('',#344,#4883);
#4881=LINE('',#174,#4884);
#4882=VECTOR('',#4885,1.0);
#4883=VECTOR('',#4886,1.0);
#4884=VECTOR('',#4887,1.0);
#4885=DIRECTION('',(0,1,0));
#4886=DIRECTION('',(0,-0.9603462267536241,0.27881019486395536));
#4887=DIRECTION('',(0,0,-1));
#4888=FACE_SURFACE('',(#4893),#4889,.T.);
#4889=PLANE('',#4890);
#4890=AXIS2_PLACEMENT_3D('',#174,#4891,#4892);
#4891=DIRECTION('',(1,-0,0));
#4892=DIRECTION('',(0,0.9603462267536241,-0.27881019486395536));
#4893=FACE_BOUND('',#4894,.T.);
#4894=EDGE_LOOP('',(#4895,#4896,#4897));
#4895=ORIENTED_EDGE('',*,*,#4898,.T.);
#4896=ORIENTED_EDGE('',*,*,#4899,.T.);
#4897=ORIENTED_EDGE('',*,*,#4900,.T.);
#4898=EDGE_CURVE('',#175,#345,#4901,.F.);
#4899=EDGE_CURVE('',#345,#177,#4902,.T.);
#4900=EDGE_CURVE('',#177,#175,#4903,.T.);
#4901=LINE('',#174,#4904);
#4902=LINE('',#344,#4905);
#4903=LINE('',#176,#4906);
#4904=VECTOR('',#4907,1.0);
#4905=VECTOR('',#4908,1.0);
#4906=VECTOR('',#4909,1.0);
#4907=DIRECTION('',(0,0.9603462267536241,-0.27881019486395536));
#4908=DIRECTION('',(0,0,1));
#4909=DIRECTION('',(0,-1,0));
#4910=FACE_SURFACE('',(#4915),#4911,.T.);
#4911=PLANE('',#4912);
#4912=AXIS2_PLACEMENT_3D('',#304,#4913,#4914);
#4913=DIRECTION('',(0.11195566745252701,0.9937126095547171,-0.001085420293447853));
#4914=DIRECTION('',(0.008066388076353848,-0.0020010420007597965,-0.9999654640107891));
#4915=FACE_BOUND('',#4916,.T.);
#4916=EDGE_LOOP('',(#4917,#4918,#4919));
#4917=ORIENTED_EDGE('',*,*,#4920,.T.);
#4918=ORIENTED_EDGE('',*,*,#4921,.T.);
#4919=ORIENTED_EDGE('',*,*,#4922,.T.);
#4920=EDGE_CURVE('',#305,#347,#4923,.F.);
#4921=EDGE_CURVE('',#347,#145,#4924,.T.);
#4922=EDGE_CURVE('',#145,#305,#4925,.T.);
#4923=LINE('',#304,#4926);
#4924=LINE('',#346,#4927);
#4925=LINE('',#144,#4928);
#4926=VECTOR('',#4929,1.0);
#4927=VECTOR('',#4930,1.0);
#4928=VECTOR('',#4931,1.0);
#4929=DIRECTION('',(0.008066388076353848,-0.0020010420007597965,-0.9999654640107891));
#4930=DIRECTION('',(-0.05741901836694352,0.007559512598924662,0.9983215464463557));
#4931=DIRECTION('',(0.9937131949201368,-0.11195573340215434,0));
#4932=FACE_SURFACE('',(#4937),#4933,.T.);
#4933=PLANE('',#4934);
#4934=AXIS2_PLACEMENT_3D('',#144,#4935,#4936);
#4935=DIRECTION('',(0.14444363934303314,0.9895126936609272,0.0008149461551703017));
#4936=DIRECTION('',(0.05741901836694352,-0.007559512598924662,-0.9983215464463557));
#4937=FACE_BOUND('',#4938,.T.);
#4938=EDGE_LOOP('',(#4939,#4940,#4941));
#4939=ORIENTED_EDGE('',*,*,#4942,.T.);
#4940=ORIENTED_EDGE('',*,*,#4943,.T.);
#4941=ORIENTED_EDGE('',*,*,#4944,.T.);
#4942=EDGE_CURVE('',#145,#347,#4945,.F.);
#4943=EDGE_CURVE('',#347,#349,#4946,.T.);
#4944=EDGE_CURVE('',#349,#145,#4947,.T.);
#4945=LINE('',#144,#4948);
#4946=LINE('',#346,#4949);
#4947=LINE('',#348,#4950);
#4948=VECTOR('',#4951,1.0);
#4949=VECTOR('',#4952,1.0);
#4950=VECTOR('',#4953,1.0);
#4951=DIRECTION('',(0.05741901836694352,-0.007559512598924662,-0.9983215464463557));
#4952=DIRECTION('',(-0.008066388076353848,0.0020010420007597965,-0.9999654640107891));
#4953=DIRECTION('',(-0.02471679506976556,0.0027846937461756763,0.99969061490154));
#4954=FACE_SURFACE('',(#4959),#4955,.T.);
#4955=PLANE('',#4956);
#4956=AXIS2_PLACEMENT_3D('',#144,#4957,#4958);
#4957=DIRECTION('',(0.11195573340215434,0.9937131949201369,0));
#4958=DIRECTION('',(0.02471679506976556,-0.0027846937461756763,-0.99969061490154));
#4959=FACE_BOUND('',#4960,.T.);
#4960=EDGE_LOOP('',(#4961,#4962,#4963));
#4961=ORIENTED_EDGE('',*,*,#4964,.T.);
#4962=ORIENTED_EDGE('',*,*,#4965,.T.);
#4963=ORIENTED_EDGE('',*,*,#4966,.T.);
#4964=EDGE_CURVE('',#145,#349,#4967,.F.);
#4965=EDGE_CURVE('',#349,#351,#4968,.T.);
#4966=EDGE_CURVE('',#351,#145,#4969,.T.);
#4967=LINE('',#144,#4970);
#4968=LINE('',#348,#4971);
#4969=LINE('',#350,#4972);
#4970=VECTOR('',#4973,1.0);
#4971=VECTOR('',#4974,1.0);
#4972=VECTOR('',#4975,1.0);
#4973=DIRECTION('',(0.02471679506976556,-0.0027846937461756763,-0.99969061490154));
#4974=DIRECTION('',(-0.9937131949201368,0.11195573340215434,0));
#4975=DIRECTION('',(0,0,1));
#4976=FACE_SURFACE('',(#4981),#4977,.T.);
#4977=PLANE('',#4978);
#4978=AXIS2_PLACEMENT_3D('',#304,#4979,#4980);
#4979=DIRECTION('',(0.3302797094761929,0.9438827852005967,0.0007754419940561841));
#4980=DIRECTION('',(0.9438830689839383,-0.3302798087765309,0));
#4981=FACE_BOUND('',#4982,.T.);
#4982=EDGE_LOOP('',(#4983,#4984,#4985));
#4983=ORIENTED_EDGE('',*,*,#4986,.T.);
#4984=ORIENTED_EDGE('',*,*,#4987,.T.);
#4985=ORIENTED_EDGE('',*,*,#4988,.T.);
#4986=EDGE_CURVE('',#305,#303,#4989,.F.);
#4987=EDGE_CURVE('',#303,#347,#4990,.T.);
#4988=EDGE_CURVE('',#347,#305,#4991,.T.);
#4989=LINE('',#304,#4992);
#4990=LINE('',#302,#4993);
#4991=LINE('',#346,#4994);
#4992=VECTOR('',#4995,1.0);
#4993=VECTOR('',#4996,1.0);
#4994=VECTOR('',#4997,1.0);
#4995=DIRECTION('',(0.9438830689839383,-0.3302798087765309,0));
#4996=DIRECTION('',(-0.038869884204309285,0.01442203369314722,-0.9991401988940779));
#4997=DIRECTION('',(-0.008066388076353848,0.0020010420007597965,0.9999654640107891));
#4998=FACE_SURFACE('',(#5003),#4999,.T.);
#4999=PLANE('',#5000);
#5000=AXIS2_PLACEMENT_3D('',#346,#5001,#5002);
#5001=DIRECTION('',(0.38268288330519773,0.9238784564119052,-0.001551967517686962));
#5002=DIRECTION('',(0.038869884204309285,-0.01442203369314722,0.9991401988940779));
#5003=FACE_BOUND('',#5004,.T.);
#5004=EDGE_LOOP('',(#5005,#5006,#5007));
#5005=ORIENTED_EDGE('',*,*,#5008,.T.);
#5006=ORIENTED_EDGE('',*,*,#5009,.T.);
#5007=ORIENTED_EDGE('',*,*,#5010,.T.);
#5008=EDGE_CURVE('',#347,#303,#5011,.F.);
#5009=EDGE_CURVE('',#303,#353,#5012,.T.);
#5010=EDGE_CURVE('',#353,#347,#5013,.T.);
#5011=LINE('',#346,#5014);
#5012=LINE('',#302,#5015);
#5013=LINE('',#352,#5016);
#5014=VECTOR('',#5017,1.0);
#5015=VECTOR('',#5018,1.0);
#5016=VECTOR('',#5019,1.0);
#5017=DIRECTION('',(0.038869884204309285,-0.01442203369314722,0.9991401988940779));
#5018=DIRECTION('',(0.014690193901737404,-0.007764483489317413,-0.9998619459701791));
#5019=DIRECTION('',(-0.9238795690422071,0.3826833441716343,0));
#5020=FACE_SURFACE('',(#5025),#5021,.T.);
#5021=PLANE('',#5022);
#5022=AXIS2_PLACEMENT_3D('',#346,#5023,#5024);
#5023=DIRECTION('',(0.38268288330519773,0.9238784564119052,0.001551967517686962));
#5024=DIRECTION('',(0.9238795690422071,-0.3826833441716343,0));
#5025=FACE_BOUND('',#5026,.T.);
#5026=EDGE_LOOP('',(#5027,#5028,#5029));
#5027=ORIENTED_EDGE('',*,*,#5030,.T.);
#5028=ORIENTED_EDGE('',*,*,#5031,.T.);
#5029=ORIENTED_EDGE('',*,*,#5032,.T.);
#5030=EDGE_CURVE('',#347,#353,#5033,.F.);
#5031=EDGE_CURVE('',#353,#355,#5034,.T.);
#5032=EDGE_CURVE('',#355,#347,#5035,.T.);
#5033=LINE('',#346,#5036);
#5034=LINE('',#352,#5037);
#5035=LINE('',#354,#5038);
#5036=VECTOR('',#5039,1.0);
#5037=VECTOR('',#5040,1.0);
#5038=VECTOR('',#5041,1.0);
#5039=DIRECTION('',(0.9238795690422071,-0.3826833441716343,0));
#5040=DIRECTION('',(-0.014690193901737404,0.007764483489317413,-0.9998619459701791));
#5041=DIRECTION('',(-0.038869884204309285,0.01442203369314722,0.9991401988940779));
#5042=FACE_SURFACE('',(#5047),#5043,.T.);
#5043=PLANE('',#5044);
#5044=AXIS2_PLACEMENT_3D('',#354,#5045,#5046);
#5045=DIRECTION('',(0.532042175193129,0.8467169433229144,-0.0012416544063275686));
#5046=DIRECTION('',(0.014690193901737404,-0.007764483489317413,0.9998619459701791));
#5047=FACE_BOUND('',#5048,.T.);
#5048=EDGE_LOOP('',(#5049,#5050,#5051));
#5049=ORIENTED_EDGE('',*,*,#5052,.T.);
#5050=ORIENTED_EDGE('',*,*,#5053,.T.);
#5051=ORIENTED_EDGE('',*,*,#5054,.T.);
#5052=EDGE_CURVE('',#355,#353,#5055,.F.);
#5053=EDGE_CURVE('',#353,#357,#5056,.T.);
#5054=EDGE_CURVE('',#357,#355,#5057,.T.);
#5055=LINE('',#354,#5058);
#5056=LINE('',#352,#5059);
#5057=LINE('',#356,#5060);
#5058=VECTOR('',#5061,1.0);
#5059=VECTOR('',#5062,1.0);
#5060=VECTOR('',#5063,1.0);
#5061=DIRECTION('',(0.014690193901737404,-0.007764483489317413,0.9998619459701791));
#5062=DIRECTION('',(0.027427098431959583,-0.018699688658829556,-0.9994488860945647));
#5063=DIRECTION('',(-0.8467175960178229,0.5320425853198208,0));
#5064=FACE_SURFACE('',(#5069),#5065,.T.);
#5065=PLANE('',#5066);
#5066=AXIS2_PLACEMENT_3D('',#356,#5067,#5068);
#5067=DIRECTION('',(0.6087669895216493,0.7933468875212607,0.0018623987424833837));
#5068=DIRECTION('',(-0.027427098431959583,0.018699688658829556,0.9994488860945647));
#5069=FACE_BOUND('',#5070,.T.);
#5070=EDGE_LOOP('',(#5071,#5072,#5073));
#5071=ORIENTED_EDGE('',*,*,#5074,.T.);
#5072=ORIENTED_EDGE('',*,*,#5075,.T.);
#5073=ORIENTED_EDGE('',*,*,#5076,.T.);
#5074=EDGE_CURVE('',#357,#353,#5077,.F.);
#5075=EDGE_CURVE('',#353,#359,#5078,.T.);
#5076=EDGE_CURVE('',#359,#357,#5079,.T.);
#5077=LINE('',#356,#5080);
#5078=LINE('',#352,#5081);
#5079=LINE('',#358,#5082);
#5080=VECTOR('',#5083,1.0);
#5081=VECTOR('',#5084,1.0);
#5082=VECTOR('',#5085,1.0);
#5083=DIRECTION('',(-0.027427098431959583,0.018699688658829556,0.9994488860945647));
#5084=DIRECTION('',(0.7933482633982134,-0.6087680452873977,0));
#5085=DIRECTION('',(-0.0185753443417359,0.016600401912769954,-0.9996896434588689));
#5086=FACE_SURFACE('',(#5091),#5087,.T.);
#5087=PLANE('',#5088);
#5088=AXIS2_PLACEMENT_3D('',#356,#5089,#5090);
#5089=DIRECTION('',(0.707106091259979,0.707106091259979,-0.001396927366955417));
#5090=DIRECTION('',(0.0185753443417359,-0.016600401912769954,0.9996896434588689));
#5091=FACE_BOUND('',#5092,.T.);
#5092=EDGE_LOOP('',(#5093,#5094,#5095));
#5093=ORIENTED_EDGE('',*,*,#5096,.T.);
#5094=ORIENTED_EDGE('',*,*,#5097,.T.);
#5095=ORIENTED_EDGE('',*,*,#5098,.T.);
#5096=EDGE_CURVE('',#357,#359,#5099,.F.);
#5097=EDGE_CURVE('',#359,#361,#5100,.T.);
#5098=EDGE_CURVE('',#361,#357,#5101,.T.);
#5099=LINE('',#356,#5102);
#5100=LINE('',#358,#5103);
#5101=LINE('',#360,#5104);
#5102=VECTOR('',#5105,1.0);
#5103=VECTOR('',#5106,1.0);
#5104=VECTOR('',#5107,1.0);
#5105=DIRECTION('',(0.0185753443417359,-0.016600401912769954,0.9996896434588689));
#5106=DIRECTION('',(0.016600401912769954,-0.0185753443417359,-0.9996896434588689));
#5107=DIRECTION('',(-0.7071067811865476,0.7071067811865476,0));
#5108=FACE_SURFACE('',(#5113),#5109,.T.);
#5109=PLANE('',#5110);
#5110=AXIS2_PLACEMENT_3D('',#360,#5111,#5112);
#5111=DIRECTION('',(0.7933468875212607,0.6087669895216493,0.0018623987424833837));
#5112=DIRECTION('',(-0.016600401912769954,0.0185753443417359,0.9996896434588689));
#5113=FACE_BOUND('',#5114,.T.);
#5114=EDGE_LOOP('',(#5115,#5116,#5117));
#5115=ORIENTED_EDGE('',*,*,#5118,.T.);
#5116=ORIENTED_EDGE('',*,*,#5119,.T.);
#5117=ORIENTED_EDGE('',*,*,#5120,.T.);
#5118=EDGE_CURVE('',#361,#359,#5121,.F.);
#5119=EDGE_CURVE('',#359,#363,#5122,.T.);
#5120=EDGE_CURVE('',#363,#361,#5123,.T.);
#5121=LINE('',#360,#5124);
#5122=LINE('',#358,#5125);
#5123=LINE('',#362,#5126);
#5124=VECTOR('',#5127,1.0);
#5125=VECTOR('',#5128,1.0);
#5126=VECTOR('',#5129,1.0);
#5127=DIRECTION('',(-0.016600401912769954,0.0185753443417359,0.9996896434588689));
#5128=DIRECTION('',(0.6087680452873977,-0.7933482633982134,0));
#5129=DIRECTION('',(-0.018699688658829556,0.027427098431959583,-0.9994488860945647));
#5130=FACE_SURFACE('',(#5135),#5131,.T.);
#5131=PLANE('',#5132);
#5132=AXIS2_PLACEMENT_3D('',#360,#5133,#5134);
#5133=DIRECTION('',(0.8467169433229144,0.532042175193129,-0.0012416544063275678));
#5134=DIRECTION('',(0.018699688658829556,-0.027427098431959583,0.9994488860945647));
#5135=FACE_BOUND('',#5136,.T.);
#5136=EDGE_LOOP('',(#5137,#5138,#5139));
#5137=ORIENTED_EDGE('',*,*,#5140,.T.);
#5138=ORIENTED_EDGE('',*,*,#5141,.T.);
#5139=ORIENTED_EDGE('',*,*,#5142,.T.);
#5140=EDGE_CURVE('',#361,#363,#5143,.F.);
#5141=EDGE_CURVE('',#363,#365,#5144,.T.);
#5142=EDGE_CURVE('',#365,#361,#5145,.T.);
#5143=LINE('',#360,#5146);
#5144=LINE('',#362,#5147);
#5145=LINE('',#364,#5148);
#5146=VECTOR('',#5149,1.0);
#5147=VECTOR('',#5150,1.0);
#5148=VECTOR('',#5151,1.0);
#5149=DIRECTION('',(0.018699688658829556,-0.027427098431959583,0.9994488860945647));
#5150=DIRECTION('',(0.007764483489317413,-0.014690193901737404,-0.9998619459701791));
#5151=DIRECTION('',(-0.5320425853198208,0.8467175960178229,0));
#5152=FACE_SURFACE('',(#5157),#5153,.T.);
#5153=PLANE('',#5154);
#5154=AXIS2_PLACEMENT_3D('',#364,#5155,#5156);
#5155=DIRECTION('',(0.9238784564119052,0.38268288330519773,0.0015519675176869606));
#5156=DIRECTION('',(-0.007764483489317413,0.014690193901737404,0.9998619459701791));
#5157=FACE_BOUND('',#5158,.T.);
#5158=EDGE_LOOP('',(#5159,#5160,#5161));
#5159=ORIENTED_EDGE('',*,*,#5162,.T.);
#5160=ORIENTED_EDGE('',*,*,#5163,.T.);
#5161=ORIENTED_EDGE('',*,*,#5164,.T.);
#5162=EDGE_CURVE('',#365,#363,#5165,.F.);
#5163=EDGE_CURVE('',#363,#367,#5166,.T.);
#5164=EDGE_CURVE('',#367,#365,#5167,.T.);
#5165=LINE('',#364,#5168);
#5166=LINE('',#362,#5169);
#5167=LINE('',#366,#5170);
#5168=VECTOR('',#5171,1.0);
#5169=VECTOR('',#5172,1.0);
#5170=VECTOR('',#5173,1.0);
#5171=DIRECTION('',(-0.007764483489317413,0.014690193901737404,0.9998619459701791));
#5172=DIRECTION('',(0.3826833441716343,-0.9238795690422071,0));
#5173=DIRECTION('',(-0.01442203369314722,0.038869884204309285,-0.9991401988940779));
#5174=FACE_SURFACE('',(#5179),#5175,.T.);
#5175=PLANE('',#5176);
#5176=AXIS2_PLACEMENT_3D('',#364,#5177,#5178);
#5177=DIRECTION('',(0.9438827852005967,0.3302797094761929,-0.0007754419940561828));
#5178=DIRECTION('',(0.01442203369314722,-0.038869884204309285,0.9991401988940779));
#5179=FACE_BOUND('',#5180,.T.);
#5180=EDGE_LOOP('',(#5181,#5182,#5183));
#5181=ORIENTED_EDGE('',*,*,#5184,.T.);
#5182=ORIENTED_EDGE('',*,*,#5185,.T.);
#5183=ORIENTED_EDGE('',*,*,#5186,.T.);
#5184=EDGE_CURVE('',#365,#367,#5187,.F.);
#5185=EDGE_CURVE('',#367,#369,#5188,.T.);
#5186=EDGE_CURVE('',#369,#365,#5189,.T.);
#5187=LINE('',#364,#5190);
#5188=LINE('',#366,#5191);
#5189=LINE('',#368,#5192);
#5190=VECTOR('',#5193,1.0);
#5191=VECTOR('',#5194,1.0);
#5192=VECTOR('',#5195,1.0);
#5193=DIRECTION('',(0.01442203369314722,-0.038869884204309285,0.9991401988940779));
#5194=DIRECTION('',(0.0020010420007597965,-0.008066388076353848,-0.9999654640107891));
#5195=DIRECTION('',(-0.3302798087765309,0.9438830689839383,0));
#5196=FACE_SURFACE('',(#5201),#5197,.T.);
#5197=PLANE('',#5198);
#5198=AXIS2_PLACEMENT_3D('',#368,#5199,#5200);
#5199=DIRECTION('',(0.9937126095547171,0.11195566745252701,0.001085420293447853));
#5200=DIRECTION('',(-0.0020010420007597965,0.008066388076353848,0.9999654640107891));
#5201=FACE_BOUND('',#5202,.T.);
#5202=EDGE_LOOP('',(#5203,#5204,#5205));
#5203=ORIENTED_EDGE('',*,*,#5206,.T.);
#5204=ORIENTED_EDGE('',*,*,#5207,.T.);
#5205=ORIENTED_EDGE('',*,*,#5208,.T.);
#5206=EDGE_CURVE('',#369,#367,#5209,.F.);
#5207=EDGE_CURVE('',#367,#345,#5210,.T.);
#5208=EDGE_CURVE('',#345,#369,#5211,.T.);
#5209=LINE('',#368,#5212);
#5210=LINE('',#366,#5213);
#5211=LINE('',#344,#5214);
#5212=VECTOR('',#5215,1.0);
#5213=VECTOR('',#5216,1.0);
#5214=VECTOR('',#5217,1.0);
#5215=DIRECTION('',(-0.0020010420007597965,0.008066388076353848,0.9999654640107891));
#5216=DIRECTION('',(0.007559512598924662,-0.05741901836694352,-0.9983215464463557));
#5217=DIRECTION('',(-0.11195573340215434,0.9937131949201368,0));
#5218=FACE_SURFACE('',(#5223),#5219,.T.);
#5219=PLANE('',#5220);
#5220=AXIS2_PLACEMENT_3D('',#344,#5221,#5222);
#5221=DIRECTION('',(0.9895126936609272,0.14444363934303314,-0.0008149461551703017));
#5222=DIRECTION('',(-0.007559512598924662,0.05741901836694352,0.9983215464463557));
#5223=FACE_BOUND('',#5224,.T.);
#5224=EDGE_LOOP('',(#5225,#5226,#5227));
#5225=ORIENTED_EDGE('',*,*,#5228,.T.);
#5226=ORIENTED_EDGE('',*,*,#5229,.T.);
#5227=ORIENTED_EDGE('',*,*,#5230,.T.);
#5228=EDGE_CURVE('',#345,#367,#5231,.F.);
#5229=EDGE_CURVE('',#367,#295,#5232,.T.);
#5230=EDGE_CURVE('',#295,#345,#5233,.T.);
#5231=LINE('',#344,#5234);
#5232=LINE('',#366,#5235);
#5233=LINE('',#294,#5236);
#5234=VECTOR('',#5237,1.0);
#5235=VECTOR('',#5238,1.0);
#5236=VECTOR('',#5239,1.0);
#5237=DIRECTION('',(-0.007559512598924662,0.05741901836694352,0.9983215464463557));
#5238=DIRECTION('',(0.0020010420007597965,-0.008066388076353848,0.9999654640107891));
#5239=DIRECTION('',(0.0027846937461756763,-0.02471679506976556,-0.99969061490154));
#5240=FACE_SURFACE('',(#5245),#5241,.T.);
#5241=PLANE('',#5242);
#5242=AXIS2_PLACEMENT_3D('',#344,#5243,#5244);
#5243=DIRECTION('',(0.9937131949201369,0.11195573340215434,-0));
#5244=DIRECTION('',(-0.0027846937461756763,0.02471679506976556,0.99969061490154));
#5245=FACE_BOUND('',#5246,.T.);
#5246=EDGE_LOOP('',(#5247,#5248,#5249));
#5247=ORIENTED_EDGE('',*,*,#5250,.T.);
#5248=ORIENTED_EDGE('',*,*,#5251,.T.);
#5249=ORIENTED_EDGE('',*,*,#5252,.T.);
#5250=EDGE_CURVE('',#345,#295,#5253,.F.);
#5251=EDGE_CURVE('',#295,#177,#5254,.T.);
#5252=EDGE_CURVE('',#177,#345,#5255,.T.);
#5253=LINE('',#344,#5256);
#5254=LINE('',#294,#5257);
#5255=LINE('',#176,#5258);
#5256=VECTOR('',#5259,1.0);
#5257=VECTOR('',#5260,1.0);
#5258=VECTOR('',#5261,1.0);
#5259=DIRECTION('',(-0.0027846937461756763,0.02471679506976556,0.99969061490154));
#5260=DIRECTION('',(0.11195573340215434,-0.9937131949201368,0));
#5261=DIRECTION('',(0,0,-1));
#5262=FACE_SURFACE('',(#5267),#5263,.T.);
#5263=PLANE('',#5264);
#5264=AXIS2_PLACEMENT_3D('',#302,#5265,#5266);
#5265=DIRECTION('',(0.532042175193129,0.8467169433229144,0.0012416544063275686));
#5266=DIRECTION('',(0.8467175960178229,-0.5320425853198208,0));
#5267=FACE_BOUND('',#5268,.T.);
#5268=EDGE_LOOP('',(#5269,#5270,#5271));
#5269=ORIENTED_EDGE('',*,*,#5272,.T.);
#5270=ORIENTED_EDGE('',*,*,#5273,.T.);
#5271=ORIENTED_EDGE('',*,*,#5274,.T.);
#5272=EDGE_CURVE('',#303,#301,#5275,.F.);
#5273=EDGE_CURVE('',#301,#353,#5276,.T.);
#5274=EDGE_CURVE('',#353,#303,#5277,.T.);
#5275=LINE('',#302,#5278);
#5276=LINE('',#300,#5279);
#5277=LINE('',#352,#5280);
#5278=VECTOR('',#5281,1.0);
#5279=VECTOR('',#5282,1.0);
#5280=VECTOR('',#5283,1.0);
#5281=DIRECTION('',(0.8467175960178229,-0.5320425853198208,0));
#5282=DIRECTION('',(-0.027427098431959583,0.018699688658829556,-0.9994488860945647));
#5283=DIRECTION('',(-0.014690193901737404,0.007764483489317413,0.9998619459701791));
#5284=FACE_SURFACE('',(#5289),#5285,.T.);
#5285=PLANE('',#5286);
#5286=AXIS2_PLACEMENT_3D('',#352,#5287,#5288);
#5287=DIRECTION('',(0.6087669895216493,0.7933468875212607,-0.0018623987424833874));
#5288=DIRECTION('',(0.027427098431959583,-0.018699688658829556,0.9994488860945647));
#5289=FACE_BOUND('',#5290,.T.);
#5290=EDGE_LOOP('',(#5291,#5292,#5293));
#5291=ORIENTED_EDGE('',*,*,#5294,.T.);
#5292=ORIENTED_EDGE('',*,*,#5295,.T.);
#5293=ORIENTED_EDGE('',*,*,#5296,.T.);
#5294=EDGE_CURVE('',#353,#301,#5297,.F.);
#5295=EDGE_CURVE('',#301,#359,#5298,.T.);
#5296=EDGE_CURVE('',#359,#353,#5299,.T.);
#5297=LINE('',#352,#5300);
#5298=LINE('',#300,#5301);
#5299=LINE('',#358,#5302);
#5300=VECTOR('',#5303,1.0);
#5301=VECTOR('',#5304,1.0);
#5302=VECTOR('',#5305,1.0);
#5303=DIRECTION('',(0.027427098431959583,-0.018699688658829556,0.9994488860945647));
#5304=DIRECTION('',(0.0185753443417359,-0.016600401912769954,-0.9996896434588689));
#5305=DIRECTION('',(-0.7933482633982134,0.6087680452873977,0));
#5306=FACE_SURFACE('',(#5311),#5307,.T.);
#5307=PLANE('',#5308);
#5308=AXIS2_PLACEMENT_3D('',#300,#5309,#5310);
#5309=DIRECTION('',(0.707106091259979,0.707106091259979,0.001396927366955417));
#5310=DIRECTION('',(0.7071067811865476,-0.7071067811865476,0));
#5311=FACE_BOUND('',#5312,.T.);
#5312=EDGE_LOOP('',(#5313,#5314,#5315));
#5313=ORIENTED_EDGE('',*,*,#5316,.T.);
#5314=ORIENTED_EDGE('',*,*,#5317,.T.);
#5315=ORIENTED_EDGE('',*,*,#5318,.T.);
#5316=EDGE_CURVE('',#301,#299,#5319,.F.);
#5317=EDGE_CURVE('',#299,#359,#5320,.T.);
#5318=EDGE_CURVE('',#359,#301,#5321,.T.);
#5319=LINE('',#300,#5322);
#5320=LINE('',#298,#5323);
#5321=LINE('',#358,#5324);
#5322=VECTOR('',#5325,1.0);
#5323=VECTOR('',#5326,1.0);
#5324=VECTOR('',#5327,1.0);
#5325=DIRECTION('',(0.7071067811865476,-0.7071067811865476,0));
#5326=DIRECTION('',(-0.016600401912769954,0.0185753443417359,-0.9996896434588689));
#5327=DIRECTION('',(-0.0185753443417359,0.016600401912769954,0.9996896434588689));
#5328=FACE_SURFACE('',(#5333),#5329,.T.);
#5329=PLANE('',#5330);
#5330=AXIS2_PLACEMENT_3D('',#358,#5331,#5332);
#5331=DIRECTION('',(0.7933468875212607,0.6087669895216493,-0.0018623987424833844));
#5332=DIRECTION('',(0.016600401912769954,-0.0185753443417359,0.9996896434588689));
#5333=FACE_BOUND('',#5334,.T.);
#5334=EDGE_LOOP('',(#5335,#5336,#5337));
#5335=ORIENTED_EDGE('',*,*,#5338,.T.);
#5336=ORIENTED_EDGE('',*,*,#5339,.T.);
#5337=ORIENTED_EDGE('',*,*,#5340,.T.);
#5338=EDGE_CURVE('',#359,#299,#5341,.F.);
#5339=EDGE_CURVE('',#299,#363,#5342,.T.);
#5340=EDGE_CURVE('',#363,#359,#5343,.T.);
#5341=LINE('',#358,#5344);
#5342=LINE('',#298,#5345);
#5343=LINE('',#362,#5346);
#5344=VECTOR('',#5347,1.0);
#5345=VECTOR('',#5348,1.0);
#5346=VECTOR('',#5349,1.0);
#5347=DIRECTION('',(0.016600401912769954,-0.0185753443417359,0.9996896434588689));
#5348=DIRECTION('',(0.018699688658829556,-0.027427098431959583,-0.9994488860945647));
#5349=DIRECTION('',(-0.6087680452873977,0.7933482633982134,0));
#5350=FACE_SURFACE('',(#5355),#5351,.T.);
#5351=PLANE('',#5352);
#5352=AXIS2_PLACEMENT_3D('',#298,#5353,#5354);
#5353=DIRECTION('',(0.8467169433229144,0.532042175193129,0.0012416544063275678));
#5354=DIRECTION('',(0.5320425853198208,-0.8467175960178229,0));
#5355=FACE_BOUND('',#5356,.T.);
#5356=EDGE_LOOP('',(#5357,#5358,#5359));
#5357=ORIENTED_EDGE('',*,*,#5360,.T.);
#5358=ORIENTED_EDGE('',*,*,#5361,.T.);
#5359=ORIENTED_EDGE('',*,*,#5362,.T.);
#5360=EDGE_CURVE('',#299,#297,#5363,.F.);
#5361=EDGE_CURVE('',#297,#363,#5364,.T.);
#5362=EDGE_CURVE('',#363,#299,#5365,.T.);
#5363=LINE('',#298,#5366);
#5364=LINE('',#296,#5367);
#5365=LINE('',#362,#5368);
#5366=VECTOR('',#5369,1.0);
#5367=VECTOR('',#5370,1.0);
#5368=VECTOR('',#5371,1.0);
#5369=DIRECTION('',(0.5320425853198208,-0.8467175960178229,0));
#5370=DIRECTION('',(-0.007764483489317413,0.014690193901737404,-0.9998619459701791));
#5371=DIRECTION('',(-0.018699688658829556,0.027427098431959583,0.9994488860945647));
#5372=FACE_SURFACE('',(#5377),#5373,.T.);
#5373=PLANE('',#5374);
#5374=AXIS2_PLACEMENT_3D('',#362,#5375,#5376);
#5375=DIRECTION('',(0.9238784564119052,0.38268288330519773,-0.0015519675176869597));
#5376=DIRECTION('',(0.007764483489317413,-0.014690193901737404,0.9998619459701791));
#5377=FACE_BOUND('',#5378,.T.);
#5378=EDGE_LOOP('',(#5379,#5380,#5381));
#5379=ORIENTED_EDGE('',*,*,#5382,.T.);
#5380=ORIENTED_EDGE('',*,*,#5383,.T.);
#5381=ORIENTED_EDGE('',*,*,#5384,.T.);
#5382=EDGE_CURVE('',#363,#297,#5385,.F.);
#5383=EDGE_CURVE('',#297,#367,#5386,.T.);
#5384=EDGE_CURVE('',#367,#363,#5387,.T.);
#5385=LINE('',#362,#5388);
#5386=LINE('',#296,#5389);
#5387=LINE('',#366,#5390);
#5388=VECTOR('',#5391,1.0);
#5389=VECTOR('',#5392,1.0);
#5390=VECTOR('',#5393,1.0);
#5391=DIRECTION('',(0.007764483489317413,-0.014690193901737404,0.9998619459701791));
#5392=DIRECTION('',(0.01442203369314722,-0.038869884204309285,-0.9991401988940779));
#5393=DIRECTION('',(-0.3826833441716343,0.9238795690422071,0));
#5394=FACE_SURFACE('',(#5399),#5395,.T.);
#5395=PLANE('',#5396);
#5396=AXIS2_PLACEMENT_3D('',#296,#5397,#5398);
#5397=DIRECTION('',(0.9438827852005967,0.3302797094761929,0.0007754419940561828));
#5398=DIRECTION('',(0.3302798087765309,-0.9438830689839383,0));
#5399=FACE_BOUND('',#5400,.T.);
#5400=EDGE_LOOP('',(#5401,#5402,#5403));
#5401=ORIENTED_EDGE('',*,*,#5404,.T.);
#5402=ORIENTED_EDGE('',*,*,#5405,.T.);
#5403=ORIENTED_EDGE('',*,*,#5406,.T.);
#5404=EDGE_CURVE('',#297,#295,#5407,.F.);
#5405=EDGE_CURVE('',#295,#367,#5408,.T.);
#5406=EDGE_CURVE('',#367,#297,#5409,.T.);
#5407=LINE('',#296,#5410);
#5408=LINE('',#294,#5411);
#5409=LINE('',#366,#5412);
#5410=VECTOR('',#5413,1.0);
#5411=VECTOR('',#5414,1.0);
#5412=VECTOR('',#5415,1.0);
#5413=DIRECTION('',(0.3302798087765309,-0.9438830689839383,0));
#5414=DIRECTION('',(-0.0020010420007597965,0.008066388076353848,-0.9999654640107891));
#5415=DIRECTION('',(-0.01442203369314722,0.038869884204309285,0.9991401988940779));
#5416=FACE_SURFACE('',(#5421),#5417,.T.);
#5417=PLANE('',#5418);
#5418=AXIS2_PLACEMENT_3D('',#354,#5419,#5420);
#5419=DIRECTION('',(0.3302797094761929,0.9438827852005967,-0.0007754419940561828));
#5420=DIRECTION('',(-0.9438830689839383,0.3302798087765309,0));
#5421=FACE_BOUND('',#5422,.T.);
#5422=EDGE_LOOP('',(#5423,#5424,#5425));
#5423=ORIENTED_EDGE('',*,*,#5426,.T.);
#5424=ORIENTED_EDGE('',*,*,#5427,.T.);
#5425=ORIENTED_EDGE('',*,*,#5428,.T.);
#5426=EDGE_CURVE('',#355,#349,#5429,.F.);
#5427=EDGE_CURVE('',#349,#347,#5430,.T.);
#5428=EDGE_CURVE('',#347,#355,#5431,.T.);
#5429=LINE('',#354,#5432);
#5430=LINE('',#348,#5433);
#5431=LINE('',#346,#5434);
#5432=VECTOR('',#5435,1.0);
#5433=VECTOR('',#5436,1.0);
#5434=VECTOR('',#5437,1.0);
#5435=DIRECTION('',(-0.9438830689839383,0.3302798087765309,0));
#5436=DIRECTION('',(0.008066388076353848,-0.0020010420007597965,0.9999654640107891));
#5437=DIRECTION('',(0.038869884204309285,-0.01442203369314722,-0.9991401988940779));
#5438=FACE_SURFACE('',(#5443),#5439,.T.);
#5439=PLANE('',#5440);
#5440=AXIS2_PLACEMENT_3D('',#316,#5441,#5442);
#5441=DIRECTION('',(-0.9937126095547171,0.11195566745252701,-0.001085420293447853));
#5442=DIRECTION('',(0.0020010420007597965,0.008066388076353848,-0.9999654640107891));
#5443=FACE_BOUND('',#5444,.T.);
#5444=EDGE_LOOP('',(#5445,#5446,#5447));
#5445=ORIENTED_EDGE('',*,*,#5448,.T.);
#5446=ORIENTED_EDGE('',*,*,#5449,.T.);
#5447=ORIENTED_EDGE('',*,*,#5450,.T.);
#5448=EDGE_CURVE('',#317,#371,#5451,.F.);
#5449=EDGE_CURVE('',#371,#77,#5452,.T.);
#5450=EDGE_CURVE('',#77,#317,#5453,.T.);
#5451=LINE('',#316,#5454);
#5452=LINE('',#370,#5455);
#5453=LINE('',#76,#5456);
#5454=VECTOR('',#5457,1.0);
#5455=VECTOR('',#5458,1.0);
#5456=VECTOR('',#5459,1.0);
#5457=DIRECTION('',(0.0020010420007597965,0.008066388076353848,-0.9999654640107891));
#5458=DIRECTION('',(-0.007559512598924662,-0.05741901836694352,0.9983215464463557));
#5459=DIRECTION('',(0.11195573340215434,0.9937131949201368,0));
#5460=FACE_SURFACE('',(#5465),#5461,.T.);
#5461=PLANE('',#5462);
#5462=AXIS2_PLACEMENT_3D('',#76,#5463,#5464);
#5463=DIRECTION('',(-0.9895126936609272,0.14444363934303314,0.0008149461551703017));
#5464=DIRECTION('',(0.007559512598924662,0.05741901836694352,-0.9983215464463557));
#5465=FACE_BOUND('',#5466,.T.);
#5466=EDGE_LOOP('',(#5467,#5468,#5469));
#5467=ORIENTED_EDGE('',*,*,#5470,.T.);
#5468=ORIENTED_EDGE('',*,*,#5471,.T.);
#5469=ORIENTED_EDGE('',*,*,#5472,.T.);
#5470=EDGE_CURVE('',#77,#371,#5473,.F.);
#5471=EDGE_CURVE('',#371,#373,#5474,.T.);
#5472=EDGE_CURVE('',#373,#77,#5475,.T.);
#5473=LINE('',#76,#5476);
#5474=LINE('',#370,#5477);
#5475=LINE('',#372,#5478);
#5476=VECTOR('',#5479,1.0);
#5477=VECTOR('',#5480,1.0);
#5478=VECTOR('',#5481,1.0);
#5479=DIRECTION('',(0.007559512598924662,0.05741901836694352,-0.9983215464463557));
#5480=DIRECTION('',(-0.0020010420007597965,-0.008066388076353848,-0.9999654640107891));
#5481=DIRECTION('',(-0.0027846937461756763,-0.02471679506976556,0.99969061490154));
#5482=FACE_SURFACE('',(#5487),#5483,.T.);
#5483=PLANE('',#5484);
#5484=AXIS2_PLACEMENT_3D('',#76,#5485,#5486);
#5485=DIRECTION('',(-0.9937131949201369,0.11195573340215434,0));
#5486=DIRECTION('',(0.0027846937461756763,0.02471679506976556,-0.99969061490154));
#5487=FACE_BOUND('',#5488,.T.);
#5488=EDGE_LOOP('',(#5489,#5490,#5491));
#5489=ORIENTED_EDGE('',*,*,#5492,.T.);
#5490=ORIENTED_EDGE('',*,*,#5493,.T.);
#5491=ORIENTED_EDGE('',*,*,#5494,.T.);
#5492=EDGE_CURVE('',#77,#373,#5495,.F.);
#5493=EDGE_CURVE('',#373,#79,#5496,.T.);
#5494=EDGE_CURVE('',#79,#77,#5497,.T.);
#5495=LINE('',#76,#5498);
#5496=LINE('',#372,#5499);
#5497=LINE('',#78,#5500);
#5498=VECTOR('',#5501,1.0);
#5499=VECTOR('',#5502,1.0);
#5500=VECTOR('',#5503,1.0);
#5501=DIRECTION('',(0.0027846937461756763,0.02471679506976556,-0.99969061490154));
#5502=DIRECTION('',(-0.11195573340215434,-0.9937131949201368,0));
#5503=DIRECTION('',(0,0,1));
#5504=FACE_SURFACE('',(#5509),#5505,.T.);
#5505=PLANE('',#5506);
#5506=AXIS2_PLACEMENT_3D('',#316,#5507,#5508);
#5507=DIRECTION('',(-0.9438827852005967,0.3302797094761929,0.0007754419940561841));
#5508=DIRECTION('',(0.3302798087765309,0.9438830689839383,0));
#5509=FACE_BOUND('',#5510,.T.);
#5510=EDGE_LOOP('',(#5511,#5512,#5513));
#5511=ORIENTED_EDGE('',*,*,#5514,.T.);
#5512=ORIENTED_EDGE('',*,*,#5515,.T.);
#5513=ORIENTED_EDGE('',*,*,#5516,.T.);
#5514=EDGE_CURVE('',#317,#315,#5517,.F.);
#5515=EDGE_CURVE('',#315,#371,#5518,.T.);
#5516=EDGE_CURVE('',#371,#317,#5519,.T.);
#5517=LINE('',#316,#5520);
#5518=LINE('',#314,#5521);
#5519=LINE('',#370,#5522);
#5520=VECTOR('',#5523,1.0);
#5521=VECTOR('',#5524,1.0);
#5522=VECTOR('',#5525,1.0);
#5523=DIRECTION('',(0.3302798087765309,0.9438830689839383,0));
#5524=DIRECTION('',(-0.01442203369314722,-0.038869884204309285,-0.9991401988940779));
#5525=DIRECTION('',(-0.0020010420007597965,-0.008066388076353848,0.9999654640107891));
#5526=FACE_SURFACE('',(#5531),#5527,.T.);
#5527=PLANE('',#5528);
#5528=AXIS2_PLACEMENT_3D('',#370,#5529,#5530);
#5529=DIRECTION('',(-0.9238784564119052,0.38268288330519773,-0.001551967517686962));
#5530=DIRECTION('',(0.01442203369314722,0.038869884204309285,0.9991401988940779));
#5531=FACE_BOUND('',#5532,.T.);
#5532=EDGE_LOOP('',(#5533,#5534,#5535));
#5533=ORIENTED_EDGE('',*,*,#5536,.T.);
#5534=ORIENTED_EDGE('',*,*,#5537,.T.);
#5535=ORIENTED_EDGE('',*,*,#5538,.T.);
#5536=EDGE_CURVE('',#371,#315,#5539,.F.);
#5537=EDGE_CURVE('',#315,#375,#5540,.T.);
#5538=EDGE_CURVE('',#375,#371,#5541,.T.);
#5539=LINE('',#370,#5542);
#5540=LINE('',#314,#5543);
#5541=LINE('',#374,#5544);
#5542=VECTOR('',#5545,1.0);
#5543=VECTOR('',#5546,1.0);
#5544=VECTOR('',#5547,1.0);
#5545=DIRECTION('',(0.01442203369314722,0.038869884204309285,0.9991401988940779));
#5546=DIRECTION('',(0.007764483489317413,0.014690193901737404,-0.9998619459701791));
#5547=DIRECTION('',(-0.3826833441716343,-0.9238795690422071,0));
#5548=FACE_SURFACE('',(#5553),#5549,.T.);
#5549=PLANE('',#5550);
#5550=AXIS2_PLACEMENT_3D('',#370,#5551,#5552);
#5551=DIRECTION('',(-0.9238784564119052,0.38268288330519773,0.001551967517686962));
#5552=DIRECTION('',(0.3826833441716343,0.9238795690422071,0));
#5553=FACE_BOUND('',#5554,.T.);
#5554=EDGE_LOOP('',(#5555,#5556,#5557));
#5555=ORIENTED_EDGE('',*,*,#5558,.T.);
#5556=ORIENTED_EDGE('',*,*,#5559,.T.);
#5557=ORIENTED_EDGE('',*,*,#5560,.T.);
#5558=EDGE_CURVE('',#371,#375,#5561,.F.);
#5559=EDGE_CURVE('',#375,#377,#5562,.T.);
#5560=EDGE_CURVE('',#377,#371,#5563,.T.);
#5561=LINE('',#370,#5564);
#5562=LINE('',#374,#5565);
#5563=LINE('',#376,#5566);
#5564=VECTOR('',#5567,1.0);
#5565=VECTOR('',#5568,1.0);
#5566=VECTOR('',#5569,1.0);
#5567=DIRECTION('',(0.3826833441716343,0.9238795690422071,0));
#5568=DIRECTION('',(-0.007764483489317413,-0.014690193901737404,-0.9998619459701791));
#5569=DIRECTION('',(-0.01442203369314722,-0.038869884204309285,0.9991401988940779));
#5570=FACE_SURFACE('',(#5575),#5571,.T.);
#5571=PLANE('',#5572);
#5572=AXIS2_PLACEMENT_3D('',#376,#5573,#5574);
#5573=DIRECTION('',(-0.8467169433229144,0.532042175193129,-0.0012416544063275686));
#5574=DIRECTION('',(0.007764483489317413,0.014690193901737404,0.9998619459701791));
#5575=FACE_BOUND('',#5576,.T.);
#5576=EDGE_LOOP('',(#5577,#5578,#5579));
#5577=ORIENTED_EDGE('',*,*,#5580,.T.);
#5578=ORIENTED_EDGE('',*,*,#5581,.T.);
#5579=ORIENTED_EDGE('',*,*,#5582,.T.);
#5580=EDGE_CURVE('',#377,#375,#5583,.F.);
#5581=EDGE_CURVE('',#375,#379,#5584,.T.);
#5582=EDGE_CURVE('',#379,#377,#5585,.T.);
#5583=LINE('',#376,#5586);
#5584=LINE('',#374,#5587);
#5585=LINE('',#378,#5588);
#5586=VECTOR('',#5589,1.0);
#5587=VECTOR('',#5590,1.0);
#5588=VECTOR('',#5591,1.0);
#5589=DIRECTION('',(0.007764483489317413,0.014690193901737404,0.9998619459701791));
#5590=DIRECTION('',(0.018699688658829556,0.027427098431959583,-0.9994488860945647));
#5591=DIRECTION('',(-0.5320425853198208,-0.8467175960178229,0));
#5592=FACE_SURFACE('',(#5597),#5593,.T.);
#5593=PLANE('',#5594);
#5594=AXIS2_PLACEMENT_3D('',#378,#5595,#5596);
#5595=DIRECTION('',(-0.7933468875212607,0.6087669895216493,0.0018623987424833837));
#5596=DIRECTION('',(-0.018699688658829556,-0.027427098431959583,0.9994488860945647));
#5597=FACE_BOUND('',#5598,.T.);
#5598=EDGE_LOOP('',(#5599,#5600,#5601));
#5599=ORIENTED_EDGE('',*,*,#5602,.T.);
#5600=ORIENTED_EDGE('',*,*,#5603,.T.);
#5601=ORIENTED_EDGE('',*,*,#5604,.T.);
#5602=EDGE_CURVE('',#379,#375,#5605,.F.);
#5603=EDGE_CURVE('',#375,#381,#5606,.T.);
#5604=EDGE_CURVE('',#381,#379,#5607,.T.);
#5605=LINE('',#378,#5608);
#5606=LINE('',#374,#5609);
#5607=LINE('',#380,#5610);
#5608=VECTOR('',#5611,1.0);
#5609=VECTOR('',#5612,1.0);
#5610=VECTOR('',#5613,1.0);
#5611=DIRECTION('',(-0.018699688658829556,-0.027427098431959583,0.9994488860945647));
#5612=DIRECTION('',(0.6087680452873977,0.7933482633982134,0));
#5613=DIRECTION('',(-0.016600401912769954,-0.0185753443417359,-0.9996896434588689));
#5614=FACE_SURFACE('',(#5619),#5615,.T.);
#5615=PLANE('',#5616);
#5616=AXIS2_PLACEMENT_3D('',#378,#5617,#5618);
#5617=DIRECTION('',(-0.707106091259979,0.707106091259979,-0.001396927366955417));
#5618=DIRECTION('',(0.016600401912769954,0.0185753443417359,0.9996896434588689));
#5619=FACE_BOUND('',#5620,.T.);
#5620=EDGE_LOOP('',(#5621,#5622,#5623));
#5621=ORIENTED_EDGE('',*,*,#5624,.T.);
#5622=ORIENTED_EDGE('',*,*,#5625,.T.);
#5623=ORIENTED_EDGE('',*,*,#5626,.T.);
#5624=EDGE_CURVE('',#379,#381,#5627,.F.);
#5625=EDGE_CURVE('',#381,#383,#5628,.T.);
#5626=EDGE_CURVE('',#383,#379,#5629,.T.);
#5627=LINE('',#378,#5630);
#5628=LINE('',#380,#5631);
#5629=LINE('',#382,#5632);
#5630=VECTOR('',#5633,1.0);
#5631=VECTOR('',#5634,1.0);
#5632=VECTOR('',#5635,1.0);
#5633=DIRECTION('',(0.016600401912769954,0.0185753443417359,0.9996896434588689));
#5634=DIRECTION('',(0.0185753443417359,0.016600401912769954,-0.9996896434588689));
#5635=DIRECTION('',(-0.7071067811865476,-0.7071067811865476,0));
#5636=FACE_SURFACE('',(#5641),#5637,.T.);
#5637=PLANE('',#5638);
#5638=AXIS2_PLACEMENT_3D('',#382,#5639,#5640);
#5639=DIRECTION('',(-0.6087669895216493,0.7933468875212607,0.0018623987424833837));
#5640=DIRECTION('',(-0.0185753443417359,-0.016600401912769954,0.9996896434588689));
#5641=FACE_BOUND('',#5642,.T.);
#5642=EDGE_LOOP('',(#5643,#5644,#5645));
#5643=ORIENTED_EDGE('',*,*,#5646,.T.);
#5644=ORIENTED_EDGE('',*,*,#5647,.T.);
#5645=ORIENTED_EDGE('',*,*,#5648,.T.);
#5646=EDGE_CURVE('',#383,#381,#5649,.F.);
#5647=EDGE_CURVE('',#381,#385,#5650,.T.);
#5648=EDGE_CURVE('',#385,#383,#5651,.T.);
#5649=LINE('',#382,#5652);
#5650=LINE('',#380,#5653);
#5651=LINE('',#384,#5654);
#5652=VECTOR('',#5655,1.0);
#5653=VECTOR('',#5656,1.0);
#5654=VECTOR('',#5657,1.0);
#5655=DIRECTION('',(-0.0185753443417359,-0.016600401912769954,0.9996896434588689));
#5656=DIRECTION('',(0.7933482633982134,0.6087680452873977,0));
#5657=DIRECTION('',(-0.027427098431959583,-0.018699688658829556,-0.9994488860945647));
#5658=FACE_SURFACE('',(#5663),#5659,.T.);
#5659=PLANE('',#5660);
#5660=AXIS2_PLACEMENT_3D('',#382,#5661,#5662);
#5661=DIRECTION('',(-0.532042175193129,0.8467169433229144,-0.0012416544063275678));
#5662=DIRECTION('',(0.027427098431959583,0.018699688658829556,0.9994488860945647));
#5663=FACE_BOUND('',#5664,.T.);
#5664=EDGE_LOOP('',(#5665,#5666,#5667));
#5665=ORIENTED_EDGE('',*,*,#5668,.T.);
#5666=ORIENTED_EDGE('',*,*,#5669,.T.);
#5667=ORIENTED_EDGE('',*,*,#5670,.T.);
#5668=EDGE_CURVE('',#383,#385,#5671,.F.);
#5669=EDGE_CURVE('',#385,#387,#5672,.T.);
#5670=EDGE_CURVE('',#387,#383,#5673,.T.);
#5671=LINE('',#382,#5674);
#5672=LINE('',#384,#5675);
#5673=LINE('',#386,#5676);
#5674=VECTOR('',#5677,1.0);
#5675=VECTOR('',#5678,1.0);
#5676=VECTOR('',#5679,1.0);
#5677=DIRECTION('',(0.027427098431959583,0.018699688658829556,0.9994488860945647));
#5678=DIRECTION('',(0.014690193901737404,0.007764483489317413,-0.9998619459701791));
#5679=DIRECTION('',(-0.8467175960178229,-0.5320425853198208,0));
#5680=FACE_SURFACE('',(#5685),#5681,.T.);
#5681=PLANE('',#5682);
#5682=AXIS2_PLACEMENT_3D('',#386,#5683,#5684);
#5683=DIRECTION('',(-0.38268288330519773,0.9238784564119052,0.0015519675176869606));
#5684=DIRECTION('',(-0.014690193901737404,-0.007764483489317413,0.9998619459701791));
#5685=FACE_BOUND('',#5686,.T.);
#5686=EDGE_LOOP('',(#5687,#5688,#5689));
#5687=ORIENTED_EDGE('',*,*,#5690,.T.);
#5688=ORIENTED_EDGE('',*,*,#5691,.T.);
#5689=ORIENTED_EDGE('',*,*,#5692,.T.);
#5690=EDGE_CURVE('',#387,#385,#5693,.F.);
#5691=EDGE_CURVE('',#385,#389,#5694,.T.);
#5692=EDGE_CURVE('',#389,#387,#5695,.T.);
#5693=LINE('',#386,#5696);
#5694=LINE('',#384,#5697);
#5695=LINE('',#388,#5698);
#5696=VECTOR('',#5699,1.0);
#5697=VECTOR('',#5700,1.0);
#5698=VECTOR('',#5701,1.0);
#5699=DIRECTION('',(-0.014690193901737404,-0.007764483489317413,0.9998619459701791));
#5700=DIRECTION('',(0.9238795690422071,0.3826833441716343,0));
#5701=DIRECTION('',(-0.038869884204309285,-0.01442203369314722,-0.9991401988940779));
#5702=FACE_SURFACE('',(#5707),#5703,.T.);
#5703=PLANE('',#5704);
#5704=AXIS2_PLACEMENT_3D('',#386,#5705,#5706);
#5705=DIRECTION('',(-0.3302797094761929,0.9438827852005967,-0.0007754419940561828));
#5706=DIRECTION('',(0.038869884204309285,0.01442203369314722,0.9991401988940779));
#5707=FACE_BOUND('',#5708,.T.);
#5708=EDGE_LOOP('',(#5709,#5710,#5711));
#5709=ORIENTED_EDGE('',*,*,#5712,.T.);
#5710=ORIENTED_EDGE('',*,*,#5713,.T.);
#5711=ORIENTED_EDGE('',*,*,#5714,.T.);
#5712=EDGE_CURVE('',#387,#389,#5715,.F.);
#5713=EDGE_CURVE('',#389,#391,#5716,.T.);
#5714=EDGE_CURVE('',#391,#387,#5717,.T.);
#5715=LINE('',#386,#5718);
#5716=LINE('',#388,#5719);
#5717=LINE('',#390,#5720);
#5718=VECTOR('',#5721,1.0);
#5719=VECTOR('',#5722,1.0);
#5720=VECTOR('',#5723,1.0);
#5721=DIRECTION('',(0.038869884204309285,0.01442203369314722,0.9991401988940779));
#5722=DIRECTION('',(0.008066388076353848,0.0020010420007597965,-0.9999654640107891));
#5723=DIRECTION('',(-0.9438830689839383,-0.3302798087765309,0));
#5724=FACE_SURFACE('',(#5729),#5725,.T.);
#5725=PLANE('',#5726);
#5726=AXIS2_PLACEMENT_3D('',#390,#5727,#5728);
#5727=DIRECTION('',(-0.11195566745252701,0.9937126095547171,0.001085420293447853));
#5728=DIRECTION('',(-0.008066388076353848,-0.0020010420007597965,0.9999654640107891));
#5729=FACE_BOUND('',#5730,.T.);
#5730=EDGE_LOOP('',(#5731,#5732,#5733));
#5731=ORIENTED_EDGE('',*,*,#5734,.T.);
#5732=ORIENTED_EDGE('',*,*,#5735,.T.);
#5733=ORIENTED_EDGE('',*,*,#5736,.T.);
#5734=EDGE_CURVE('',#391,#389,#5737,.F.);
#5735=EDGE_CURVE('',#389,#393,#5738,.T.);
#5736=EDGE_CURVE('',#393,#391,#5739,.T.);
#5737=LINE('',#390,#5740);
#5738=LINE('',#388,#5741);
#5739=LINE('',#392,#5742);
#5740=VECTOR('',#5743,1.0);
#5741=VECTOR('',#5744,1.0);
#5742=VECTOR('',#5745,1.0);
#5743=DIRECTION('',(-0.008066388076353848,-0.0020010420007597965,0.9999654640107891));
#5744=DIRECTION('',(0.05741901836694352,0.007559512598924662,-0.9983215464463557));
#5745=DIRECTION('',(-0.9937131949201368,-0.11195573340215434,0));
#5746=FACE_SURFACE('',(#5751),#5747,.T.);
#5747=PLANE('',#5748);
#5748=AXIS2_PLACEMENT_3D('',#392,#5749,#5750);
#5749=DIRECTION('',(-0.14444363934303314,0.9895126936609272,-0.0008149461551703017));
#5750=DIRECTION('',(-0.05741901836694352,-0.007559512598924662,0.9983215464463557));
#5751=FACE_BOUND('',#5752,.T.);
#5752=EDGE_LOOP('',(#5753,#5754,#5755));
#5753=ORIENTED_EDGE('',*,*,#5756,.T.);
#5754=ORIENTED_EDGE('',*,*,#5757,.T.);
#5755=ORIENTED_EDGE('',*,*,#5758,.T.);
#5756=EDGE_CURVE('',#393,#389,#5759,.F.);
#5757=EDGE_CURVE('',#389,#307,#5760,.T.);
#5758=EDGE_CURVE('',#307,#393,#5761,.T.);
#5759=LINE('',#392,#5762);
#5760=LINE('',#388,#5763);
#5761=LINE('',#306,#5764);
#5762=VECTOR('',#5765,1.0);
#5763=VECTOR('',#5766,1.0);
#5764=VECTOR('',#5767,1.0);
#5765=DIRECTION('',(-0.05741901836694352,-0.007559512598924662,0.9983215464463557));
#5766=DIRECTION('',(0.008066388076353848,0.0020010420007597965,0.9999654640107891));
#5767=DIRECTION('',(0.02471679506976556,0.0027846937461756763,-0.99969061490154));
#5768=FACE_SURFACE('',(#5773),#5769,.T.);
#5769=PLANE('',#5770);
#5770=AXIS2_PLACEMENT_3D('',#392,#5771,#5772);
#5771=DIRECTION('',(-0.11195573340215434,0.9937131949201369,0));
#5772=DIRECTION('',(-0.02471679506976556,-0.0027846937461756763,0.99969061490154));
#5773=FACE_BOUND('',#5774,.T.);
#5774=EDGE_LOOP('',(#5775,#5776,#5777));
#5775=ORIENTED_EDGE('',*,*,#5778,.T.);
#5776=ORIENTED_EDGE('',*,*,#5779,.T.);
#5777=ORIENTED_EDGE('',*,*,#5780,.T.);
#5778=EDGE_CURVE('',#393,#307,#5781,.F.);
#5779=EDGE_CURVE('',#307,#143,#5782,.T.);
#5780=EDGE_CURVE('',#143,#393,#5783,.T.);
#5781=LINE('',#392,#5784);
#5782=LINE('',#306,#5785);
#5783=LINE('',#142,#5786);
#5784=VECTOR('',#5787,1.0);
#5785=VECTOR('',#5788,1.0);
#5786=VECTOR('',#5789,1.0);
#5787=DIRECTION('',(-0.02471679506976556,-0.0027846937461756763,0.99969061490154));
#5788=DIRECTION('',(0.9937131949201368,0.11195573340215434,0));
#5789=DIRECTION('',(0,0,-1));
#5790=FACE_SURFACE('',(#5795),#5791,.T.);
#5791=PLANE('',#5792);
#5792=AXIS2_PLACEMENT_3D('',#314,#5793,#5794);
#5793=DIRECTION('',(-0.8467169433229144,0.532042175193129,0.0012416544063275686));
#5794=DIRECTION('',(0.5320425853198208,0.8467175960178229,0));
#5795=FACE_BOUND('',#5796,.T.);
#5796=EDGE_LOOP('',(#5797,#5798,#5799));
#5797=ORIENTED_EDGE('',*,*,#5800,.T.);
#5798=ORIENTED_EDGE('',*,*,#5801,.T.);
#5799=ORIENTED_EDGE('',*,*,#5802,.T.);
#5800=EDGE_CURVE('',#315,#313,#5803,.F.);
#5801=EDGE_CURVE('',#313,#375,#5804,.T.);
#5802=EDGE_CURVE('',#375,#315,#5805,.T.);
#5803=LINE('',#314,#5806);
#5804=LINE('',#312,#5807);
#5805=LINE('',#374,#5808);
#5806=VECTOR('',#5809,1.0);
#5807=VECTOR('',#5810,1.0);
#5808=VECTOR('',#5811,1.0);
#5809=DIRECTION('',(0.5320425853198208,0.8467175960178229,0));
#5810=DIRECTION('',(-0.018699688658829556,-0.027427098431959583,-0.9994488860945647));
#5811=DIRECTION('',(-0.007764483489317413,-0.014690193901737404,0.9998619459701791));
#5812=FACE_SURFACE('',(#5817),#5813,.T.);
#5813=PLANE('',#5814);
#5814=AXIS2_PLACEMENT_3D('',#374,#5815,#5816);
#5815=DIRECTION('',(-0.7933468875212607,0.6087669895216493,-0.0018623987424833874));
#5816=DIRECTION('',(0.018699688658829556,0.027427098431959583,0.9994488860945647));
#5817=FACE_BOUND('',#5818,.T.);
#5818=EDGE_LOOP('',(#5819,#5820,#5821));
#5819=ORIENTED_EDGE('',*,*,#5822,.T.);
#5820=ORIENTED_EDGE('',*,*,#5823,.T.);
#5821=ORIENTED_EDGE('',*,*,#5824,.T.);
#5822=EDGE_CURVE('',#375,#313,#5825,.F.);
#5823=EDGE_CURVE('',#313,#381,#5826,.T.);
#5824=EDGE_CURVE('',#381,#375,#5827,.T.);
#5825=LINE('',#374,#5828);
#5826=LINE('',#312,#5829);
#5827=LINE('',#380,#5830);
#5828=VECTOR('',#5831,1.0);
#5829=VECTOR('',#5832,1.0);
#5830=VECTOR('',#5833,1.0);
#5831=DIRECTION('',(0.018699688658829556,0.027427098431959583,0.9994488860945647));
#5832=DIRECTION('',(0.016600401912769954,0.0185753443417359,-0.9996896434588689));
#5833=DIRECTION('',(-0.6087680452873977,-0.7933482633982134,0));
#5834=FACE_SURFACE('',(#5839),#5835,.T.);
#5835=PLANE('',#5836);
#5836=AXIS2_PLACEMENT_3D('',#312,#5837,#5838);
#5837=DIRECTION('',(-0.707106091259979,0.707106091259979,0.001396927366955417));
#5838=DIRECTION('',(0.7071067811865476,0.7071067811865476,0));
#5839=FACE_BOUND('',#5840,.T.);
#5840=EDGE_LOOP('',(#5841,#5842,#5843));
#5841=ORIENTED_EDGE('',*,*,#5844,.T.);
#5842=ORIENTED_EDGE('',*,*,#5845,.T.);
#5843=ORIENTED_EDGE('',*,*,#5846,.T.);
#5844=EDGE_CURVE('',#313,#311,#5847,.F.);
#5845=EDGE_CURVE('',#311,#381,#5848,.T.);
#5846=EDGE_CURVE('',#381,#313,#5849,.T.);
#5847=LINE('',#312,#5850);
#5848=LINE('',#310,#5851);
#5849=LINE('',#380,#5852);
#5850=VECTOR('',#5853,1.0);
#5851=VECTOR('',#5854,1.0);
#5852=VECTOR('',#5855,1.0);
#5853=DIRECTION('',(0.7071067811865476,0.7071067811865476,0));
#5854=DIRECTION('',(-0.0185753443417359,-0.016600401912769954,-0.9996896434588689));
#5855=DIRECTION('',(-0.016600401912769954,-0.0185753443417359,0.9996896434588689));
#5856=FACE_SURFACE('',(#5861),#5857,.T.);
#5857=PLANE('',#5858);
#5858=AXIS2_PLACEMENT_3D('',#380,#5859,#5860);
#5859=DIRECTION('',(-0.6087669895216493,0.7933468875212607,-0.0018623987424833844));
#5860=DIRECTION('',(0.0185753443417359,0.016600401912769954,0.9996896434588689));
#5861=FACE_BOUND('',#5862,.T.);
#5862=EDGE_LOOP('',(#5863,#5864,#5865));
#5863=ORIENTED_EDGE('',*,*,#5866,.T.);
#5864=ORIENTED_EDGE('',*,*,#5867,.T.);
#5865=ORIENTED_EDGE('',*,*,#5868,.T.);
#5866=EDGE_CURVE('',#381,#311,#5869,.F.);
#5867=EDGE_CURVE('',#311,#385,#5870,.T.);
#5868=EDGE_CURVE('',#385,#381,#5871,.T.);
#5869=LINE('',#380,#5872);
#5870=LINE('',#310,#5873);
#5871=LINE('',#384,#5874);
#5872=VECTOR('',#5875,1.0);
#5873=VECTOR('',#5876,1.0);
#5874=VECTOR('',#5877,1.0);
#5875=DIRECTION('',(0.0185753443417359,0.016600401912769954,0.9996896434588689));
#5876=DIRECTION('',(0.027427098431959583,0.018699688658829556,-0.9994488860945647));
#5877=DIRECTION('',(-0.7933482633982134,-0.6087680452873977,0));
#5878=FACE_SURFACE('',(#5883),#5879,.T.);
#5879=PLANE('',#5880);
#5880=AXIS2_PLACEMENT_3D('',#310,#5881,#5882);
#5881=DIRECTION('',(-0.532042175193129,0.8467169433229144,0.0012416544063275678));
#5882=DIRECTION('',(0.8467175960178229,0.5320425853198208,0));
#5883=FACE_BOUND('',#5884,.T.);
#5884=EDGE_LOOP('',(#5885,#5886,#5887));
#5885=ORIENTED_EDGE('',*,*,#5888,.T.);
#5886=ORIENTED_EDGE('',*,*,#5889,.T.);
#5887=ORIENTED_EDGE('',*,*,#5890,.T.);
#5888=EDGE_CURVE('',#311,#309,#5891,.F.);
#5889=EDGE_CURVE('',#309,#385,#5892,.T.);
#5890=EDGE_CURVE('',#385,#311,#5893,.T.);
#5891=LINE('',#310,#5894);
#5892=LINE('',#308,#5895);
#5893=LINE('',#384,#5896);
#5894=VECTOR('',#5897,1.0);
#5895=VECTOR('',#5898,1.0);
#5896=VECTOR('',#5899,1.0);
#5897=DIRECTION('',(0.8467175960178229,0.5320425853198208,0));
#5898=DIRECTION('',(-0.014690193901737404,-0.007764483489317413,-0.9998619459701791));
#5899=DIRECTION('',(-0.027427098431959583,-0.018699688658829556,0.9994488860945647));
#5900=FACE_SURFACE('',(#5905),#5901,.T.);
#5901=PLANE('',#5902);
#5902=AXIS2_PLACEMENT_3D('',#384,#5903,#5904);
#5903=DIRECTION('',(-0.38268288330519773,0.9238784564119052,-0.0015519675176869597));
#5904=DIRECTION('',(0.014690193901737404,0.007764483489317413,0.9998619459701791));
#5905=FACE_BOUND('',#5906,.T.);
#5906=EDGE_LOOP('',(#5907,#5908,#5909));
#5907=ORIENTED_EDGE('',*,*,#5910,.T.);
#5908=ORIENTED_EDGE('',*,*,#5911,.T.);
#5909=ORIENTED_EDGE('',*,*,#5912,.T.);
#5910=EDGE_CURVE('',#385,#309,#5913,.F.);
#5911=EDGE_CURVE('',#309,#389,#5914,.T.);
#5912=EDGE_CURVE('',#389,#385,#5915,.T.);
#5913=LINE('',#384,#5916);
#5914=LINE('',#308,#5917);
#5915=LINE('',#388,#5918);
#5916=VECTOR('',#5919,1.0);
#5917=VECTOR('',#5920,1.0);
#5918=VECTOR('',#5921,1.0);
#5919=DIRECTION('',(0.014690193901737404,0.007764483489317413,0.9998619459701791));
#5920=DIRECTION('',(0.038869884204309285,0.01442203369314722,-0.9991401988940779));
#5921=DIRECTION('',(-0.9238795690422071,-0.3826833441716343,0));
#5922=FACE_SURFACE('',(#5927),#5923,.T.);
#5923=PLANE('',#5924);
#5924=AXIS2_PLACEMENT_3D('',#308,#5925,#5926);
#5925=DIRECTION('',(-0.3302797094761929,0.9438827852005967,0.0007754419940561828));
#5926=DIRECTION('',(0.9438830689839383,0.3302798087765309,0));
#5927=FACE_BOUND('',#5928,.T.);
#5928=EDGE_LOOP('',(#5929,#5930,#5931));
#5929=ORIENTED_EDGE('',*,*,#5932,.T.);
#5930=ORIENTED_EDGE('',*,*,#5933,.T.);
#5931=ORIENTED_EDGE('',*,*,#5934,.T.);
#5932=EDGE_CURVE('',#309,#307,#5935,.F.);
#5933=EDGE_CURVE('',#307,#389,#5936,.T.);
#5934=EDGE_CURVE('',#389,#309,#5937,.T.);
#5935=LINE('',#308,#5938);
#5936=LINE('',#306,#5939);
#5937=LINE('',#388,#5940);
#5938=VECTOR('',#5941,1.0);
#5939=VECTOR('',#5942,1.0);
#5940=VECTOR('',#5943,1.0);
#5941=DIRECTION('',(0.9438830689839383,0.3302798087765309,0));
#5942=DIRECTION('',(-0.008066388076353848,-0.0020010420007597965,-0.9999654640107891));
#5943=DIRECTION('',(-0.038869884204309285,-0.01442203369314722,0.9991401988940779));
#5944=FACE_SURFACE('',(#5949),#5945,.T.);
#5945=PLANE('',#5946);
#5946=AXIS2_PLACEMENT_3D('',#376,#5947,#5948);
#5947=DIRECTION('',(-0.9438827852005967,0.3302797094761929,-0.0007754419940561828));
#5948=DIRECTION('',(-0.3302798087765309,-0.9438830689839383,0));
#5949=FACE_BOUND('',#5950,.T.);
#5950=EDGE_LOOP('',(#5951,#5952,#5953));
#5951=ORIENTED_EDGE('',*,*,#5954,.T.);
#5952=ORIENTED_EDGE('',*,*,#5955,.T.);
#5953=ORIENTED_EDGE('',*,*,#5956,.T.);
#5954=EDGE_CURVE('',#377,#373,#5957,.F.);
#5955=EDGE_CURVE('',#373,#371,#5958,.T.);
#5956=EDGE_CURVE('',#371,#377,#5959,.T.);
#5957=LINE('',#376,#5960);
#5958=LINE('',#372,#5961);
#5959=LINE('',#370,#5962);
#5960=VECTOR('',#5963,1.0);
#5961=VECTOR('',#5964,1.0);
#5962=VECTOR('',#5965,1.0);
#5963=DIRECTION('',(-0.3302798087765309,-0.9438830689839383,0));
#5964=DIRECTION('',(0.0020010420007597965,0.008066388076353848,0.9999654640107891));
#5965=DIRECTION('',(0.01442203369314722,0.038869884204309285,-0.9991401988940779));
#5966=FACE_SURFACE('',(#5971),#5967,.T.);
#5967=PLANE('',#5968);
#5968=AXIS2_PLACEMENT_3D('',#394,#5969,#5970);
#5969=DIRECTION('',(0.9914444324988245,-0.1305294498076343,0));
#5970=DIRECTION('',(0,0,1));
#5971=FACE_BOUND('',#5972,.T.);
#5972=EDGE_LOOP('',(#5973,#5974,#5975));
#5973=ORIENTED_EDGE('',*,*,#5976,.T.);
#5974=ORIENTED_EDGE('',*,*,#5977,.T.);
#5975=ORIENTED_EDGE('',*,*,#5978,.T.);
#5976=EDGE_CURVE('',#395,#397,#5979,.F.);
#5977=EDGE_CURVE('',#397,#399,#5980,.T.);
#5978=EDGE_CURVE('',#399,#395,#5981,.T.);
#5979=LINE('',#394,#5982);
#5980=LINE('',#396,#5983);
#5981=LINE('',#398,#5984);
#5982=VECTOR('',#5985,1.0);
#5983=VECTOR('',#5986,1.0);
#5984=VECTOR('',#5987,1.0);
#5985=DIRECTION('',(0,0,1));
#5986=DIRECTION('',(-0.008703785387554714,-0.06611013512179104,-0.9977743703634133));
#5987=DIRECTION('',(0.1305294498076343,0.9914444324988245,0));
#5988=FACE_SURFACE('',(#5993),#5989,.T.);
#5989=PLANE('',#5990);
#5990=AXIS2_PLACEMENT_3D('',#398,#5991,#5992);
#5991=DIRECTION('',(0.9914444324988245,-0.1305294498076343,0));
#5992=DIRECTION('',(0.008703785387554714,0.06611013512179104,0.9977743703634133));
#5993=FACE_BOUND('',#5994,.T.);
#5994=EDGE_LOOP('',(#5995,#5996,#5997));
#5995=ORIENTED_EDGE('',*,*,#5998,.T.);
#5996=ORIENTED_EDGE('',*,*,#5999,.T.);
#5997=ORIENTED_EDGE('',*,*,#6000,.T.);
#5998=EDGE_CURVE('',#399,#397,#6001,.F.);
#5999=EDGE_CURVE('',#397,#401,#6002,.T.);
#6000=EDGE_CURVE('',#401,#399,#6003,.T.);
#6001=LINE('',#398,#6004);
#6002=LINE('',#396,#6005);
#6003=LINE('',#400,#6006);
#6004=VECTOR('',#6007,1.0);
#6005=VECTOR('',#6008,1.0);
#6006=VECTOR('',#6009,1.0);
#6007=DIRECTION('',(0.008703785387554714,0.06611013512179104,0.9977743703634133));
#6008=DIRECTION('',(-0.1305294498076343,-0.9914444324988245,0));
#6009=DIRECTION('',(0,0,-1));
#6010=FACE_SURFACE('',(#6015),#6011,.T.);
#6011=PLANE('',#6012);
#6012=AXIS2_PLACEMENT_3D('',#398,#6013,#6014);
#6013=DIRECTION('',(0.9914444324988245,0.1305294498076343,-0));
#6014=DIRECTION('',(0,0,1));
#6015=FACE_BOUND('',#6016,.T.);
#6016=EDGE_LOOP('',(#6017,#6018,#6019));
#6017=ORIENTED_EDGE('',*,*,#6020,.T.);
#6018=ORIENTED_EDGE('',*,*,#6021,.T.);
#6019=ORIENTED_EDGE('',*,*,#6022,.T.);
#6020=EDGE_CURVE('',#399,#401,#6023,.F.);
#6021=EDGE_CURVE('',#401,#403,#6024,.T.);
#6022=EDGE_CURVE('',#403,#399,#6025,.T.);
#6023=LINE('',#398,#6026);
#6024=LINE('',#400,#6027);
#6025=LINE('',#402,#6028);
#6026=VECTOR('',#6029,1.0);
#6027=VECTOR('',#6030,1.0);
#6028=VECTOR('',#6031,1.0);
#6029=DIRECTION('',(0,0,1));
#6030=DIRECTION('',(0.008703785387554714,-0.06611013512179104,-0.9977743703634133));
#6031=DIRECTION('',(-0.1305294498076343,0.9914444324988245,0));
#6032=FACE_SURFACE('',(#6037),#6033,.T.);
#6033=PLANE('',#6034);
#6034=AXIS2_PLACEMENT_3D('',#402,#6035,#6036);
#6035=DIRECTION('',(0.9914444324988245,0.1305294498076343,-0));
#6036=DIRECTION('',(-0.008703785387554714,0.06611013512179104,0.9977743703634133));
#6037=FACE_BOUND('',#6038,.T.);
#6038=EDGE_LOOP('',(#6039,#6040,#6041));
#6039=ORIENTED_EDGE('',*,*,#6042,.T.);
#6040=ORIENTED_EDGE('',*,*,#6043,.T.);
#6041=ORIENTED_EDGE('',*,*,#6044,.T.);
#6042=EDGE_CURVE('',#403,#401,#6045,.F.);
#6043=EDGE_CURVE('',#401,#405,#6046,.T.);
#6044=EDGE_CURVE('',#405,#403,#6047,.T.);
#6045=LINE('',#402,#6048);
#6046=LINE('',#400,#6049);
#6047=LINE('',#404,#6050);
#6048=VECTOR('',#6051,1.0);
#6049=VECTOR('',#6052,1.0);
#6050=VECTOR('',#6053,1.0);
#6051=DIRECTION('',(-0.008703785387554714,0.06611013512179104,0.9977743703634133));
#6052=DIRECTION('',(0.1305294498076343,-0.9914444324988245,0));
#6053=DIRECTION('',(0,0,-1));
#6054=FACE_SURFACE('',(#6059),#6055,.T.);
#6055=PLANE('',#6056);
#6056=AXIS2_PLACEMENT_3D('',#402,#6057,#6058);
#6057=DIRECTION('',(0.9238802702719445,0.3826816512484479,-0));
#6058=DIRECTION('',(0,0,1));
#6059=FACE_BOUND('',#6060,.T.);
#6060=EDGE_LOOP('',(#6061,#6062,#6063));
#6061=ORIENTED_EDGE('',*,*,#6064,.T.);
#6062=ORIENTED_EDGE('',*,*,#6065,.T.);
#6063=ORIENTED_EDGE('',*,*,#6066,.T.);
#6064=EDGE_CURVE('',#403,#405,#6067,.F.);
#6065=EDGE_CURVE('',#405,#407,#6068,.T.);
#6066=EDGE_CURVE('',#407,#403,#6069,.T.);
#6067=LINE('',#402,#6070);
#6068=LINE('',#404,#6071);
#6069=LINE('',#406,#6072);
#6070=VECTOR('',#6073,1.0);
#6071=VECTOR('',#6074,1.0);
#6072=VECTOR('',#6075,1.0);
#6073=DIRECTION('',(0,0,1));
#6074=DIRECTION('',(0.025517480728913598,-0.0616049839744791,-0.9977743653385538));
#6075=DIRECTION('',(-0.3826816512484479,0.9238802702719445,0));
#6076=FACE_SURFACE('',(#6081),#6077,.T.);
#6077=PLANE('',#6078);
#6078=AXIS2_PLACEMENT_3D('',#406,#6079,#6080);
#6079=DIRECTION('',(0.9238802702719445,0.3826816512484479,-0));
#6080=DIRECTION('',(-0.025517480728913598,0.0616049839744791,0.9977743653385538));
#6081=FACE_BOUND('',#6082,.T.);
#6082=EDGE_LOOP('',(#6083,#6084,#6085));
#6083=ORIENTED_EDGE('',*,*,#6086,.T.);
#6084=ORIENTED_EDGE('',*,*,#6087,.T.);
#6085=ORIENTED_EDGE('',*,*,#6088,.T.);
#6086=EDGE_CURVE('',#407,#405,#6089,.F.);
#6087=EDGE_CURVE('',#405,#409,#6090,.T.);
#6088=EDGE_CURVE('',#409,#407,#6091,.T.);
#6089=LINE('',#406,#6092);
#6090=LINE('',#404,#6093);
#6091=LINE('',#408,#6094);
#6092=VECTOR('',#6095,1.0);
#6093=VECTOR('',#6096,1.0);
#6094=VECTOR('',#6097,1.0);
#6095=DIRECTION('',(-0.025517480728913598,0.0616049839744791,0.9977743653385538));
#6096=DIRECTION('',(0.3826816512484479,-0.9238802702719445,0));
#6097=DIRECTION('',(0,0,-1));
#6098=FACE_SURFACE('',(#6103),#6099,.T.);
#6099=PLANE('',#6100);
#6100=AXIS2_PLACEMENT_3D('',#406,#6101,#6102);
#6101=DIRECTION('',(0.7933523505136998,0.608762718909747,-0));
#6102=DIRECTION('',(0,0,1));
#6103=FACE_BOUND('',#6104,.T.);
#6104=EDGE_LOOP('',(#6105,#6106,#6107));
#6105=ORIENTED_EDGE('',*,*,#6108,.T.);
#6106=ORIENTED_EDGE('',*,*,#6109,.T.);
#6107=ORIENTED_EDGE('',*,*,#6110,.T.);
#6108=EDGE_CURVE('',#407,#409,#6111,.F.);
#6109=EDGE_CURVE('',#409,#411,#6112,.T.);
#6110=EDGE_CURVE('',#411,#407,#6113,.T.);
#6111=LINE('',#406,#6114);
#6112=LINE('',#408,#6115);
#6113=LINE('',#410,#6116);
#6114=VECTOR('',#6117,1.0);
#6115=VECTOR('',#6118,1.0);
#6116=VECTOR('',#6119,1.0);
#6117=DIRECTION('',(0,0,1));
#6118=DIRECTION('',(0.040592654374394216,-0.05290119904055814,-0.9977743730678356));
#6119=DIRECTION('',(-0.608762718909747,0.7933523505136998,0));
#6120=FACE_SURFACE('',(#6125),#6121,.T.);
#6121=PLANE('',#6122);
#6122=AXIS2_PLACEMENT_3D('',#410,#6123,#6124);
#6123=DIRECTION('',(0.7933523505136998,0.608762718909747,-0));
#6124=DIRECTION('',(-0.040592654374394216,0.05290119904055814,0.9977743730678356));
#6125=FACE_BOUND('',#6126,.T.);
#6126=EDGE_LOOP('',(#6127,#6128,#6129));
#6127=ORIENTED_EDGE('',*,*,#6130,.T.);
#6128=ORIENTED_EDGE('',*,*,#6131,.T.);
#6129=ORIENTED_EDGE('',*,*,#6132,.T.);
#6130=EDGE_CURVE('',#411,#409,#6133,.F.);
#6131=EDGE_CURVE('',#409,#413,#6134,.T.);
#6132=EDGE_CURVE('',#413,#411,#6135,.T.);
#6133=LINE('',#410,#6136);
#6134=LINE('',#408,#6137);
#6135=LINE('',#412,#6138);
#6136=VECTOR('',#6139,1.0);
#6137=VECTOR('',#6140,1.0);
#6138=VECTOR('',#6141,1.0);
#6139=DIRECTION('',(-0.040592654374394216,0.05290119904055814,0.9977743730678356));
#6140=DIRECTION('',(0.608762718909747,-0.7933523505136998,0));
#6141=DIRECTION('',(0,0,-1));
#6142=FACE_SURFACE('',(#6147),#6143,.T.);
#6143=PLANE('',#6144);
#6144=AXIS2_PLACEMENT_3D('',#410,#6145,#6146);
#6145=DIRECTION('',(0.6087627189097362,0.793352350513708,-0));
#6146=DIRECTION('',(0,0,1));
#6147=FACE_BOUND('',#6148,.T.);
#6148=EDGE_LOOP('',(#6149,#6150,#6151));
#6149=ORIENTED_EDGE('',*,*,#6152,.T.);
#6150=ORIENTED_EDGE('',*,*,#6153,.T.);
#6151=ORIENTED_EDGE('',*,*,#6154,.T.);
#6152=EDGE_CURVE('',#411,#413,#6155,.F.);
#6153=EDGE_CURVE('',#413,#415,#6156,.T.);
#6154=EDGE_CURVE('',#415,#411,#6157,.T.);
#6155=LINE('',#410,#6158);
#6156=LINE('',#412,#6159);
#6157=LINE('',#414,#6160);
#6158=VECTOR('',#6161,1.0);
#6159=VECTOR('',#6162,1.0);
#6160=VECTOR('',#6163,1.0);
#6161=DIRECTION('',(0,0,1));
#6162=DIRECTION('',(0.05290119904055814,-0.040592654374393085,-0.9977743730678356));
#6163=DIRECTION('',(-0.793352350513708,0.6087627189097362,0));
#6164=FACE_SURFACE('',(#6169),#6165,.T.);
#6165=PLANE('',#6166);
#6166=AXIS2_PLACEMENT_3D('',#414,#6167,#6168);
#6167=DIRECTION('',(0.6087627189097362,0.793352350513708,-0));
#6168=DIRECTION('',(-0.05290119904055814,0.040592654374393085,0.9977743730678356));
#6169=FACE_BOUND('',#6170,.T.);
#6170=EDGE_LOOP('',(#6171,#6172,#6173));
#6171=ORIENTED_EDGE('',*,*,#6174,.T.);
#6172=ORIENTED_EDGE('',*,*,#6175,.T.);
#6173=ORIENTED_EDGE('',*,*,#6176,.T.);
#6174=EDGE_CURVE('',#415,#413,#6177,.F.);
#6175=EDGE_CURVE('',#413,#417,#6178,.T.);
#6176=EDGE_CURVE('',#417,#415,#6179,.T.);
#6177=LINE('',#414,#6180);
#6178=LINE('',#412,#6181);
#6179=LINE('',#416,#6182);
#6180=VECTOR('',#6183,1.0);
#6181=VECTOR('',#6184,1.0);
#6182=VECTOR('',#6185,1.0);
#6183=DIRECTION('',(-0.05290119904055814,0.040592654374393085,0.9977743730678356));
#6184=DIRECTION('',(0.793352350513708,-0.6087627189097362,0));
#6185=DIRECTION('',(0,0,-1));
#6186=FACE_SURFACE('',(#6191),#6187,.T.);
#6187=PLANE('',#6188);
#6188=AXIS2_PLACEMENT_3D('',#414,#6189,#6190);
#6189=DIRECTION('',(0.3826816512484654,0.9238802702719373,-0));
#6190=DIRECTION('',(0,0,1));
#6191=FACE_BOUND('',#6192,.T.);
#6192=EDGE_LOOP('',(#6193,#6194,#6195));
#6193=ORIENTED_EDGE('',*,*,#6196,.T.);
#6194=ORIENTED_EDGE('',*,*,#6197,.T.);
#6195=ORIENTED_EDGE('',*,*,#6198,.T.);
#6196=EDGE_CURVE('',#415,#417,#6199,.F.);
#6197=EDGE_CURVE('',#417,#419,#6200,.T.);
#6198=EDGE_CURVE('',#419,#415,#6201,.T.);
#6199=LINE('',#414,#6202);
#6200=LINE('',#416,#6203);
#6201=LINE('',#418,#6204);
#6202=VECTOR('',#6205,1.0);
#6203=VECTOR('',#6206,1.0);
#6204=VECTOR('',#6207,1.0);
#6205=DIRECTION('',(0,0,1));
#6206=DIRECTION('',(0.061604983974478535,-0.025517480728914733,-0.9977743653385538));
#6207=DIRECTION('',(-0.9238802702719372,0.38268165124846537,0));
#6208=FACE_SURFACE('',(#6213),#6209,.T.);
#6209=PLANE('',#6210);
#6210=AXIS2_PLACEMENT_3D('',#418,#6211,#6212);
#6211=DIRECTION('',(0.3826816512484654,0.9238802702719373,-0));
#6212=DIRECTION('',(-0.061604983974478535,0.025517480728914733,0.9977743653385538));
#6213=FACE_BOUND('',#6214,.T.);
#6214=EDGE_LOOP('',(#6215,#6216,#6217));
#6215=ORIENTED_EDGE('',*,*,#6218,.T.);
#6216=ORIENTED_EDGE('',*,*,#6219,.T.);
#6217=ORIENTED_EDGE('',*,*,#6220,.T.);
#6218=EDGE_CURVE('',#419,#417,#6221,.F.);
#6219=EDGE_CURVE('',#417,#421,#6222,.T.);
#6220=EDGE_CURVE('',#421,#419,#6223,.T.);
#6221=LINE('',#418,#6224);
#6222=LINE('',#416,#6225);
#6223=LINE('',#420,#6226);
#6224=VECTOR('',#6227,1.0);
#6225=VECTOR('',#6228,1.0);
#6226=VECTOR('',#6229,1.0);
#6227=DIRECTION('',(-0.061604983974478535,0.025517480728914733,0.9977743653385538));
#6228=DIRECTION('',(0.9238802702719372,-0.38268165124846537,0));
#6229=DIRECTION('',(0,0,-1));
#6230=FACE_SURFACE('',(#6235),#6231,.T.);
#6231=PLANE('',#6232);
#6232=AXIS2_PLACEMENT_3D('',#418,#6233,#6234);
#6233=DIRECTION('',(0.13052944980762596,0.9914444324988257,-0));
#6234=DIRECTION('',(0,0,1));
#6235=FACE_BOUND('',#6236,.T.);
#6236=EDGE_LOOP('',(#6237,#6238,#6239));
#6237=ORIENTED_EDGE('',*,*,#6240,.T.);
#6238=ORIENTED_EDGE('',*,*,#6241,.T.);
#6239=ORIENTED_EDGE('',*,*,#6242,.T.);
#6240=EDGE_CURVE('',#419,#421,#6243,.F.);
#6241=EDGE_CURVE('',#421,#423,#6244,.T.);
#6242=EDGE_CURVE('',#423,#419,#6245,.T.);
#6243=LINE('',#418,#6246);
#6244=LINE('',#420,#6247);
#6245=LINE('',#422,#6248);
#6246=VECTOR('',#6249,1.0);
#6247=VECTOR('',#6250,1.0);
#6248=VECTOR('',#6251,1.0);
#6249=DIRECTION('',(0,0,1));
#6250=DIRECTION('',(0.06611013512179104,-0.008703785387554147,-0.9977743703634133));
#6251=DIRECTION('',(-0.9914444324988257,0.13052944980762596,0));
#6252=FACE_SURFACE('',(#6257),#6253,.T.);
#6253=PLANE('',#6254);
#6254=AXIS2_PLACEMENT_3D('',#422,#6255,#6256);
#6255=DIRECTION('',(0.13052944980762596,0.9914444324988257,-0));
#6256=DIRECTION('',(-0.06611013512179104,0.008703785387554147,0.9977743703634133));
#6257=FACE_BOUND('',#6258,.T.);
#6258=EDGE_LOOP('',(#6259,#6260,#6261));
#6259=ORIENTED_EDGE('',*,*,#6262,.T.);
#6260=ORIENTED_EDGE('',*,*,#6263,.T.);
#6261=ORIENTED_EDGE('',*,*,#6264,.T.);
#6262=EDGE_CURVE('',#423,#421,#6265,.F.);
#6263=EDGE_CURVE('',#421,#425,#6266,.T.);
#6264=EDGE_CURVE('',#425,#423,#6267,.T.);
#6265=LINE('',#422,#6268);
#6266=LINE('',#420,#6269);
#6267=LINE('',#424,#6270);
#6268=VECTOR('',#6271,1.0);
#6269=VECTOR('',#6272,1.0);
#6270=VECTOR('',#6273,1.0);
#6271=DIRECTION('',(-0.06611013512179104,0.008703785387554147,0.9977743703634133));
#6272=DIRECTION('',(0.9914444324988257,-0.13052944980762596,0));
#6273=DIRECTION('',(0,0,-1));
#6274=FACE_SURFACE('',(#6279),#6275,.T.);
#6275=PLANE('',#6276);
#6276=AXIS2_PLACEMENT_3D('',#422,#6277,#6278);
#6277=DIRECTION('',(-0.13052944980762596,0.9914444324988257,0));
#6278=DIRECTION('',(0,0,1));
#6279=FACE_BOUND('',#6280,.T.);
#6280=EDGE_LOOP('',(#6281,#6282,#6283));
#6281=ORIENTED_EDGE('',*,*,#6284,.T.);
#6282=ORIENTED_EDGE('',*,*,#6285,.T.);
#6283=ORIENTED_EDGE('',*,*,#6286,.T.);
#6284=EDGE_CURVE('',#423,#425,#6287,.F.);
#6285=EDGE_CURVE('',#425,#427,#6288,.T.);
#6286=EDGE_CURVE('',#427,#423,#6289,.T.);
#6287=LINE('',#422,#6290);
#6288=LINE('',#424,#6291);
#6289=LINE('',#426,#6292);
#6290=VECTOR('',#6293,1.0);
#6291=VECTOR('',#6294,1.0);
#6292=VECTOR('',#6295,1.0);
#6293=DIRECTION('',(0,0,1));
#6294=DIRECTION('',(0.06611013512179104,0.008703785387554147,-0.9977743703634133));
#6295=DIRECTION('',(-0.9914444324988257,-0.13052944980762596,0));
#6296=FACE_SURFACE('',(#6301),#6297,.T.);
#6297=PLANE('',#6298);
#6298=AXIS2_PLACEMENT_3D('',#426,#6299,#6300);
#6299=DIRECTION('',(-0.13052944980762596,0.9914444324988257,0));
#6300=DIRECTION('',(-0.06611013512179104,-0.008703785387554147,0.9977743703634133));
#6301=FACE_BOUND('',#6302,.T.);
#6302=EDGE_LOOP('',(#6303,#6304,#6305));
#6303=ORIENTED_EDGE('',*,*,#6306,.T.);
#6304=ORIENTED_EDGE('',*,*,#6307,.T.);
#6305=ORIENTED_EDGE('',*,*,#6308,.T.);
#6306=EDGE_CURVE('',#427,#425,#6309,.F.);
#6307=EDGE_CURVE('',#425,#429,#6310,.T.);
#6308=EDGE_CURVE('',#429,#427,#6311,.T.);
#6309=LINE('',#426,#6312);
#6310=LINE('',#424,#6313);
#6311=LINE('',#428,#6314);
#6312=VECTOR('',#6315,1.0);
#6313=VECTOR('',#6316,1.0);
#6314=VECTOR('',#6317,1.0);
#6315=DIRECTION('',(-0.06611013512179104,-0.008703785387554147,0.9977743703634133));
#6316=DIRECTION('',(0.9914444324988257,0.13052944980762596,0));
#6317=DIRECTION('',(0,0,-1));
#6318=FACE_SURFACE('',(#6323),#6319,.T.);
#6319=PLANE('',#6320);
#6320=AXIS2_PLACEMENT_3D('',#426,#6321,#6322);
#6321=DIRECTION('',(-0.3826816512484654,0.9238802702719373,0));
#6322=DIRECTION('',(0,0,1));
#6323=FACE_BOUND('',#6324,.T.);
#6324=EDGE_LOOP('',(#6325,#6326,#6327));
#6325=ORIENTED_EDGE('',*,*,#6328,.T.);
#6326=ORIENTED_EDGE('',*,*,#6329,.T.);
#6327=ORIENTED_EDGE('',*,*,#6330,.T.);
#6328=EDGE_CURVE('',#427,#429,#6331,.F.);
#6329=EDGE_CURVE('',#429,#431,#6332,.T.);
#6330=EDGE_CURVE('',#431,#427,#6333,.T.);
#6331=LINE('',#426,#6334);
#6332=LINE('',#428,#6335);
#6333=LINE('',#430,#6336);
#6334=VECTOR('',#6337,1.0);
#6335=VECTOR('',#6338,1.0);
#6336=VECTOR('',#6339,1.0);
#6337=DIRECTION('',(0,0,1));
#6338=DIRECTION('',(0.061604983974478535,0.025517480728914733,-0.9977743653385538));
#6339=DIRECTION('',(-0.9238802702719372,-0.38268165124846537,0));
#6340=FACE_SURFACE('',(#6345),#6341,.T.);
#6341=PLANE('',#6342);
#6342=AXIS2_PLACEMENT_3D('',#430,#6343,#6344);
#6343=DIRECTION('',(-0.3826816512484654,0.9238802702719373,0));
#6344=DIRECTION('',(-0.061604983974478535,-0.025517480728914733,0.9977743653385538));
#6345=FACE_BOUND('',#6346,.T.);
#6346=EDGE_LOOP('',(#6347,#6348,#6349));
#6347=ORIENTED_EDGE('',*,*,#6350,.T.);
#6348=ORIENTED_EDGE('',*,*,#6351,.T.);
#6349=ORIENTED_EDGE('',*,*,#6352,.T.);
#6350=EDGE_CURVE('',#431,#429,#6353,.F.);
#6351=EDGE_CURVE('',#429,#433,#6354,.T.);
#6352=EDGE_CURVE('',#433,#431,#6355,.T.);
#6353=LINE('',#430,#6356);
#6354=LINE('',#428,#6357);
#6355=LINE('',#432,#6358);
#6356=VECTOR('',#6359,1.0);
#6357=VECTOR('',#6360,1.0);
#6358=VECTOR('',#6361,1.0);
#6359=DIRECTION('',(-0.061604983974478535,-0.025517480728914733,0.9977743653385538));
#6360=DIRECTION('',(0.9238802702719372,0.38268165124846537,0));
#6361=DIRECTION('',(0,0,-1));
#6362=FACE_SURFACE('',(#6367),#6363,.T.);
#6363=PLANE('',#6364);
#6364=AXIS2_PLACEMENT_3D('',#430,#6365,#6366);
#6365=DIRECTION('',(-0.6087627189097362,0.793352350513708,0));
#6366=DIRECTION('',(0,0,1));
#6367=FACE_BOUND('',#6368,.T.);
#6368=EDGE_LOOP('',(#6369,#6370,#6371));
#6369=ORIENTED_EDGE('',*,*,#6372,.T.);
#6370=ORIENTED_EDGE('',*,*,#6373,.T.);
#6371=ORIENTED_EDGE('',*,*,#6374,.T.);
#6372=EDGE_CURVE('',#431,#433,#6375,.F.);
#6373=EDGE_CURVE('',#433,#435,#6376,.T.);
#6374=EDGE_CURVE('',#435,#431,#6377,.T.);
#6375=LINE('',#430,#6378);
#6376=LINE('',#432,#6379);
#6377=LINE('',#434,#6380);
#6378=VECTOR('',#6381,1.0);
#6379=VECTOR('',#6382,1.0);
#6380=VECTOR('',#6383,1.0);
#6381=DIRECTION('',(0,0,1));
#6382=DIRECTION('',(0.05290119904055814,0.040592654374393085,-0.9977743730678356));
#6383=DIRECTION('',(-0.793352350513708,-0.6087627189097362,0));
#6384=FACE_SURFACE('',(#6389),#6385,.T.);
#6385=PLANE('',#6386);
#6386=AXIS2_PLACEMENT_3D('',#434,#6387,#6388);
#6387=DIRECTION('',(-0.6087627189097362,0.793352350513708,0));
#6388=DIRECTION('',(-0.05290119904055814,-0.040592654374393085,0.9977743730678356));
#6389=FACE_BOUND('',#6390,.T.);
#6390=EDGE_LOOP('',(#6391,#6392,#6393));
#6391=ORIENTED_EDGE('',*,*,#6394,.T.);
#6392=ORIENTED_EDGE('',*,*,#6395,.T.);
#6393=ORIENTED_EDGE('',*,*,#6396,.T.);
#6394=EDGE_CURVE('',#435,#433,#6397,.F.);
#6395=EDGE_CURVE('',#433,#437,#6398,.T.);
#6396=EDGE_CURVE('',#437,#435,#6399,.T.);
#6397=LINE('',#434,#6400);
#6398=LINE('',#432,#6401);
#6399=LINE('',#436,#6402);
#6400=VECTOR('',#6403,1.0);
#6401=VECTOR('',#6404,1.0);
#6402=VECTOR('',#6405,1.0);
#6403=DIRECTION('',(-0.05290119904055814,-0.040592654374393085,0.9977743730678356));
#6404=DIRECTION('',(0.793352350513708,0.6087627189097362,0));
#6405=DIRECTION('',(0,0,-1));
#6406=FACE_SURFACE('',(#6411),#6407,.T.);
#6407=PLANE('',#6408);
#6408=AXIS2_PLACEMENT_3D('',#434,#6409,#6410);
#6409=DIRECTION('',(-0.7933523505136998,0.608762718909747,0));
#6410=DIRECTION('',(0,0,1));
#6411=FACE_BOUND('',#6412,.T.);
#6412=EDGE_LOOP('',(#6413,#6414,#6415));
#6413=ORIENTED_EDGE('',*,*,#6416,.T.);
#6414=ORIENTED_EDGE('',*,*,#6417,.T.);
#6415=ORIENTED_EDGE('',*,*,#6418,.T.);
#6416=EDGE_CURVE('',#435,#437,#6419,.F.);
#6417=EDGE_CURVE('',#437,#439,#6420,.T.);
#6418=EDGE_CURVE('',#439,#435,#6421,.T.);
#6419=LINE('',#434,#6422);
#6420=LINE('',#436,#6423);
#6421=LINE('',#438,#6424);
#6422=VECTOR('',#6425,1.0);
#6423=VECTOR('',#6426,1.0);
#6424=VECTOR('',#6427,1.0);
#6425=DIRECTION('',(0,0,1));
#6426=DIRECTION('',(0.040592654374394216,0.05290119904055814,-0.9977743730678356));
#6427=DIRECTION('',(-0.608762718909747,-0.7933523505136998,0));
#6428=FACE_SURFACE('',(#6433),#6429,.T.);
#6429=PLANE('',#6430);
#6430=AXIS2_PLACEMENT_3D('',#438,#6431,#6432);
#6431=DIRECTION('',(-0.7933523505136998,0.608762718909747,0));
#6432=DIRECTION('',(-0.040592654374394216,-0.05290119904055814,0.9977743730678356));
#6433=FACE_BOUND('',#6434,.T.);
#6434=EDGE_LOOP('',(#6435,#6436,#6437));
#6435=ORIENTED_EDGE('',*,*,#6438,.T.);
#6436=ORIENTED_EDGE('',*,*,#6439,.T.);
#6437=ORIENTED_EDGE('',*,*,#6440,.T.);
#6438=EDGE_CURVE('',#439,#437,#6441,.F.);
#6439=EDGE_CURVE('',#437,#441,#6442,.T.);
#6440=EDGE_CURVE('',#441,#439,#6443,.T.);
#6441=LINE('',#438,#6444);
#6442=LINE('',#436,#6445);
#6443=LINE('',#440,#6446);
#6444=VECTOR('',#6447,1.0);
#6445=VECTOR('',#6448,1.0);
#6446=VECTOR('',#6449,1.0);
#6447=DIRECTION('',(-0.040592654374394216,-0.05290119904055814,0.9977743730678356));
#6448=DIRECTION('',(0.608762718909747,0.7933523505136998,0));
#6449=DIRECTION('',(0,0,-1));
#6450=FACE_SURFACE('',(#6455),#6451,.T.);
#6451=PLANE('',#6452);
#6452=AXIS2_PLACEMENT_3D('',#438,#6453,#6454);
#6453=DIRECTION('',(-0.9238802702719445,0.3826816512484479,0));
#6454=DIRECTION('',(0,0,1));
#6455=FACE_BOUND('',#6456,.T.);
#6456=EDGE_LOOP('',(#6457,#6458,#6459));
#6457=ORIENTED_EDGE('',*,*,#6460,.T.);
#6458=ORIENTED_EDGE('',*,*,#6461,.T.);
#6459=ORIENTED_EDGE('',*,*,#6462,.T.);
#6460=EDGE_CURVE('',#439,#441,#6463,.F.);
#6461=EDGE_CURVE('',#441,#443,#6464,.T.);
#6462=EDGE_CURVE('',#443,#439,#6465,.T.);
#6463=LINE('',#438,#6466);
#6464=LINE('',#440,#6467);
#6465=LINE('',#442,#6468);
#6466=VECTOR('',#6469,1.0);
#6467=VECTOR('',#6470,1.0);
#6468=VECTOR('',#6471,1.0);
#6469=DIRECTION('',(0,0,1));
#6470=DIRECTION('',(0.025517480728913598,0.0616049839744791,-0.9977743653385538));
#6471=DIRECTION('',(-0.3826816512484479,-0.9238802702719445,0));
#6472=FACE_SURFACE('',(#6477),#6473,.T.);
#6473=PLANE('',#6474);
#6474=AXIS2_PLACEMENT_3D('',#442,#6475,#6476);
#6475=DIRECTION('',(-0.9238802702719445,0.3826816512484479,0));
#6476=DIRECTION('',(-0.025517480728913598,-0.0616049839744791,0.9977743653385538));
#6477=FACE_BOUND('',#6478,.T.);
#6478=EDGE_LOOP('',(#6479,#6480,#6481));
#6479=ORIENTED_EDGE('',*,*,#6482,.T.);
#6480=ORIENTED_EDGE('',*,*,#6483,.T.);
#6481=ORIENTED_EDGE('',*,*,#6484,.T.);
#6482=EDGE_CURVE('',#443,#441,#6485,.F.);
#6483=EDGE_CURVE('',#441,#445,#6486,.T.);
#6484=EDGE_CURVE('',#445,#443,#6487,.T.);
#6485=LINE('',#442,#6488);
#6486=LINE('',#440,#6489);
#6487=LINE('',#444,#6490);
#6488=VECTOR('',#6491,1.0);
#6489=VECTOR('',#6492,1.0);
#6490=VECTOR('',#6493,1.0);
#6491=DIRECTION('',(-0.025517480728913598,-0.0616049839744791,0.9977743653385538));
#6492=DIRECTION('',(0.3826816512484479,0.9238802702719445,0));
#6493=DIRECTION('',(0,0,-1));
#6494=FACE_SURFACE('',(#6499),#6495,.T.);
#6495=PLANE('',#6496);
#6496=AXIS2_PLACEMENT_3D('',#442,#6497,#6498);
#6497=DIRECTION('',(-0.9914444324988245,0.1305294498076343,0));
#6498=DIRECTION('',(0,0,1));
#6499=FACE_BOUND('',#6500,.T.);
#6500=EDGE_LOOP('',(#6501,#6502,#6503));
#6501=ORIENTED_EDGE('',*,*,#6504,.T.);
#6502=ORIENTED_EDGE('',*,*,#6505,.T.);
#6503=ORIENTED_EDGE('',*,*,#6506,.T.);
#6504=EDGE_CURVE('',#443,#445,#6507,.F.);
#6505=EDGE_CURVE('',#445,#447,#6508,.T.);
#6506=EDGE_CURVE('',#447,#443,#6509,.T.);
#6507=LINE('',#442,#6510);
#6508=LINE('',#444,#6511);
#6509=LINE('',#446,#6512);
#6510=VECTOR('',#6513,1.0);
#6511=VECTOR('',#6514,1.0);
#6512=VECTOR('',#6515,1.0);
#6513=DIRECTION('',(0,0,1));
#6514=DIRECTION('',(0.008703785387554714,0.06611013512179104,-0.9977743703634133));
#6515=DIRECTION('',(-0.1305294498076343,-0.9914444324988245,0));
#6516=FACE_SURFACE('',(#6521),#6517,.T.);
#6517=PLANE('',#6518);
#6518=AXIS2_PLACEMENT_3D('',#446,#6519,#6520);
#6519=DIRECTION('',(-0.9914444324988245,0.1305294498076343,0));
#6520=DIRECTION('',(-0.008703785387554714,-0.06611013512179104,0.9977743703634133));
#6521=FACE_BOUND('',#6522,.T.);
#6522=EDGE_LOOP('',(#6523,#6524,#6525));
#6523=ORIENTED_EDGE('',*,*,#6526,.T.);
#6524=ORIENTED_EDGE('',*,*,#6527,.T.);
#6525=ORIENTED_EDGE('',*,*,#6528,.T.);
#6526=EDGE_CURVE('',#447,#445,#6529,.F.);
#6527=EDGE_CURVE('',#445,#449,#6530,.T.);
#6528=EDGE_CURVE('',#449,#447,#6531,.T.);
#6529=LINE('',#446,#6532);
#6530=LINE('',#444,#6533);
#6531=LINE('',#448,#6534);
#6532=VECTOR('',#6535,1.0);
#6533=VECTOR('',#6536,1.0);
#6534=VECTOR('',#6537,1.0);
#6535=DIRECTION('',(-0.008703785387554714,-0.06611013512179104,0.9977743703634133));
#6536=DIRECTION('',(0.1305294498076343,0.9914444324988245,0));
#6537=DIRECTION('',(0,0,-1));
#6538=FACE_SURFACE('',(#6543),#6539,.T.);
#6539=PLANE('',#6540);
#6540=AXIS2_PLACEMENT_3D('',#446,#6541,#6542);
#6541=DIRECTION('',(-0.9914444324988245,-0.1305294498076343,0));
#6542=DIRECTION('',(0,0,1));
#6543=FACE_BOUND('',#6544,.T.);
#6544=EDGE_LOOP('',(#6545,#6546,#6547));
#6545=ORIENTED_EDGE('',*,*,#6548,.T.);
#6546=ORIENTED_EDGE('',*,*,#6549,.T.);
#6547=ORIENTED_EDGE('',*,*,#6550,.T.);
#6548=EDGE_CURVE('',#447,#449,#6551,.F.);
#6549=EDGE_CURVE('',#449,#451,#6552,.T.);
#6550=EDGE_CURVE('',#451,#447,#6553,.T.);
#6551=LINE('',#446,#6554);
#6552=LINE('',#448,#6555);
#6553=LINE('',#450,#6556);
#6554=VECTOR('',#6557,1.0);
#6555=VECTOR('',#6558,1.0);
#6556=VECTOR('',#6559,1.0);
#6557=DIRECTION('',(0,0,1));
#6558=DIRECTION('',(-0.008703785387554714,0.06611013512179104,-0.9977743703634133));
#6559=DIRECTION('',(0.1305294498076343,-0.9914444324988245,0));
#6560=FACE_SURFACE('',(#6565),#6561,.T.);
#6561=PLANE('',#6562);
#6562=AXIS2_PLACEMENT_3D('',#450,#6563,#6564);
#6563=DIRECTION('',(-0.9914444324988245,-0.1305294498076343,0));
#6564=DIRECTION('',(0.008703785387554714,-0.06611013512179104,0.9977743703634133));
#6565=FACE_BOUND('',#6566,.T.);
#6566=EDGE_LOOP('',(#6567,#6568,#6569));
#6567=ORIENTED_EDGE('',*,*,#6570,.T.);
#6568=ORIENTED_EDGE('',*,*,#6571,.T.);
#6569=ORIENTED_EDGE('',*,*,#6572,.T.);
#6570=EDGE_CURVE('',#451,#449,#6573,.F.);
#6571=EDGE_CURVE('',#449,#453,#6574,.T.);
#6572=EDGE_CURVE('',#453,#451,#6575,.T.);
#6573=LINE('',#450,#6576);
#6574=LINE('',#448,#6577);
#6575=LINE('',#452,#6578);
#6576=VECTOR('',#6579,1.0);
#6577=VECTOR('',#6580,1.0);
#6578=VECTOR('',#6581,1.0);
#6579=DIRECTION('',(0.008703785387554714,-0.06611013512179104,0.9977743703634133));
#6580=DIRECTION('',(-0.1305294498076343,0.9914444324988245,0));
#6581=DIRECTION('',(0,0,-1));
#6582=FACE_SURFACE('',(#6587),#6583,.T.);
#6583=PLANE('',#6584);
#6584=AXIS2_PLACEMENT_3D('',#450,#6585,#6586);
#6585=DIRECTION('',(-0.9238802702719445,-0.3826816512484479,0));
#6586=DIRECTION('',(0,0,1));
#6587=FACE_BOUND('',#6588,.T.);
#6588=EDGE_LOOP('',(#6589,#6590,#6591));
#6589=ORIENTED_EDGE('',*,*,#6592,.T.);
#6590=ORIENTED_EDGE('',*,*,#6593,.T.);
#6591=ORIENTED_EDGE('',*,*,#6594,.T.);
#6592=EDGE_CURVE('',#451,#453,#6595,.F.);
#6593=EDGE_CURVE('',#453,#455,#6596,.T.);
#6594=EDGE_CURVE('',#455,#451,#6597,.T.);
#6595=LINE('',#450,#6598);
#6596=LINE('',#452,#6599);
#6597=LINE('',#454,#6600);
#6598=VECTOR('',#6601,1.0);
#6599=VECTOR('',#6602,1.0);
#6600=VECTOR('',#6603,1.0);
#6601=DIRECTION('',(0,0,1));
#6602=DIRECTION('',(-0.025517480728913598,0.0616049839744791,-0.9977743653385538));
#6603=DIRECTION('',(0.3826816512484479,-0.9238802702719445,0));
#6604=FACE_SURFACE('',(#6609),#6605,.T.);
#6605=PLANE('',#6606);
#6606=AXIS2_PLACEMENT_3D('',#454,#6607,#6608);
#6607=DIRECTION('',(-0.9238802702719445,-0.3826816512484479,0));
#6608=DIRECTION('',(0.025517480728913598,-0.0616049839744791,0.9977743653385538));
#6609=FACE_BOUND('',#6610,.T.);
#6610=EDGE_LOOP('',(#6611,#6612,#6613));
#6611=ORIENTED_EDGE('',*,*,#6614,.T.);
#6612=ORIENTED_EDGE('',*,*,#6615,.T.);
#6613=ORIENTED_EDGE('',*,*,#6616,.T.);
#6614=EDGE_CURVE('',#455,#453,#6617,.F.);
#6615=EDGE_CURVE('',#453,#457,#6618,.T.);
#6616=EDGE_CURVE('',#457,#455,#6619,.T.);
#6617=LINE('',#454,#6620);
#6618=LINE('',#452,#6621);
#6619=LINE('',#456,#6622);
#6620=VECTOR('',#6623,1.0);
#6621=VECTOR('',#6624,1.0);
#6622=VECTOR('',#6625,1.0);
#6623=DIRECTION('',(0.025517480728913598,-0.0616049839744791,0.9977743653385538));
#6624=DIRECTION('',(-0.3826816512484479,0.9238802702719445,0));
#6625=DIRECTION('',(0,0,-1));
#6626=FACE_SURFACE('',(#6631),#6627,.T.);
#6627=PLANE('',#6628);
#6628=AXIS2_PLACEMENT_3D('',#454,#6629,#6630);
#6629=DIRECTION('',(-0.7933523505136998,-0.608762718909747,0));
#6630=DIRECTION('',(0,0,1));
#6631=FACE_BOUND('',#6632,.T.);
#6632=EDGE_LOOP('',(#6633,#6634,#6635));
#6633=ORIENTED_EDGE('',*,*,#6636,.T.);
#6634=ORIENTED_EDGE('',*,*,#6637,.T.);
#6635=ORIENTED_EDGE('',*,*,#6638,.T.);
#6636=EDGE_CURVE('',#455,#457,#6639,.F.);
#6637=EDGE_CURVE('',#457,#459,#6640,.T.);
#6638=EDGE_CURVE('',#459,#455,#6641,.T.);
#6639=LINE('',#454,#6642);
#6640=LINE('',#456,#6643);
#6641=LINE('',#458,#6644);
#6642=VECTOR('',#6645,1.0);
#6643=VECTOR('',#6646,1.0);
#6644=VECTOR('',#6647,1.0);
#6645=DIRECTION('',(0,0,1));
#6646=DIRECTION('',(-0.040592654374394216,0.05290119904055814,-0.9977743730678356));
#6647=DIRECTION('',(0.608762718909747,-0.7933523505136998,0));
#6648=FACE_SURFACE('',(#6653),#6649,.T.);
#6649=PLANE('',#6650);
#6650=AXIS2_PLACEMENT_3D('',#458,#6651,#6652);
#6651=DIRECTION('',(-0.7933523505136998,-0.608762718909747,0));
#6652=DIRECTION('',(0.040592654374394216,-0.05290119904055814,0.9977743730678356));
#6653=FACE_BOUND('',#6654,.T.);
#6654=EDGE_LOOP('',(#6655,#6656,#6657));
#6655=ORIENTED_EDGE('',*,*,#6658,.T.);
#6656=ORIENTED_EDGE('',*,*,#6659,.T.);
#6657=ORIENTED_EDGE('',*,*,#6660,.T.);
#6658=EDGE_CURVE('',#459,#457,#6661,.F.);
#6659=EDGE_CURVE('',#457,#461,#6662,.T.);
#6660=EDGE_CURVE('',#461,#459,#6663,.T.);
#6661=LINE('',#458,#6664);
#6662=LINE('',#456,#6665);
#6663=LINE('',#460,#6666);
#6664=VECTOR('',#6667,1.0);
#6665=VECTOR('',#6668,1.0);
#6666=VECTOR('',#6669,1.0);
#6667=DIRECTION('',(0.040592654374394216,-0.05290119904055814,0.9977743730678356));
#6668=DIRECTION('',(-0.608762718909747,0.7933523505136998,0));
#6669=DIRECTION('',(0,0,-1));
#6670=FACE_SURFACE('',(#6675),#6671,.T.);
#6671=PLANE('',#6672);
#6672=AXIS2_PLACEMENT_3D('',#458,#6673,#6674);
#6673=DIRECTION('',(-0.6087627189097362,-0.793352350513708,0));
#6674=DIRECTION('',(0,0,1));
#6675=FACE_BOUND('',#6676,.T.);
#6676=EDGE_LOOP('',(#6677,#6678,#6679));
#6677=ORIENTED_EDGE('',*,*,#6680,.T.);
#6678=ORIENTED_EDGE('',*,*,#6681,.T.);
#6679=ORIENTED_EDGE('',*,*,#6682,.T.);
#6680=EDGE_CURVE('',#459,#461,#6683,.F.);
#6681=EDGE_CURVE('',#461,#463,#6684,.T.);
#6682=EDGE_CURVE('',#463,#459,#6685,.T.);
#6683=LINE('',#458,#6686);
#6684=LINE('',#460,#6687);
#6685=LINE('',#462,#6688);
#6686=VECTOR('',#6689,1.0);
#6687=VECTOR('',#6690,1.0);
#6688=VECTOR('',#6691,1.0);
#6689=DIRECTION('',(0,0,1));
#6690=DIRECTION('',(-0.05290119904055814,0.040592654374393085,-0.9977743730678356));
#6691=DIRECTION('',(0.793352350513708,-0.6087627189097362,0));
#6692=FACE_SURFACE('',(#6697),#6693,.T.);
#6693=PLANE('',#6694);
#6694=AXIS2_PLACEMENT_3D('',#462,#6695,#6696);
#6695=DIRECTION('',(-0.6087627189097362,-0.793352350513708,0));
#6696=DIRECTION('',(0.05290119904055814,-0.040592654374393085,0.9977743730678356));
#6697=FACE_BOUND('',#6698,.T.);
#6698=EDGE_LOOP('',(#6699,#6700,#6701));
#6699=ORIENTED_EDGE('',*,*,#6702,.T.);
#6700=ORIENTED_EDGE('',*,*,#6703,.T.);
#6701=ORIENTED_EDGE('',*,*,#6704,.T.);
#6702=EDGE_CURVE('',#463,#461,#6705,.F.);
#6703=EDGE_CURVE('',#461,#465,#6706,.T.);
#6704=EDGE_CURVE('',#465,#463,#6707,.T.);
#6705=LINE('',#462,#6708);
#6706=LINE('',#460,#6709);
#6707=LINE('',#464,#6710);
#6708=VECTOR('',#6711,1.0);
#6709=VECTOR('',#6712,1.0);
#6710=VECTOR('',#6713,1.0);
#6711=DIRECTION('',(0.05290119904055814,-0.040592654374393085,0.9977743730678356));
#6712=DIRECTION('',(-0.793352350513708,0.6087627189097362,0));
#6713=DIRECTION('',(0,0,-1));
#6714=FACE_SURFACE('',(#6719),#6715,.T.);
#6715=PLANE('',#6716);
#6716=AXIS2_PLACEMENT_3D('',#462,#6717,#6718);
#6717=DIRECTION('',(-0.3826816512484654,-0.9238802702719373,0));
#6718=DIRECTION('',(0,0,1));
#6719=FACE_BOUND('',#6720,.T.);
#6720=EDGE_LOOP('',(#6721,#6722,#6723));
#6721=ORIENTED_EDGE('',*,*,#6724,.T.);
#6722=ORIENTED_EDGE('',*,*,#6725,.T.);
#6723=ORIENTED_EDGE('',*,*,#6726,.T.);
#6724=EDGE_CURVE('',#463,#465,#6727,.F.);
#6725=EDGE_CURVE('',#465,#467,#6728,.T.);
#6726=EDGE_CURVE('',#467,#463,#6729,.T.);
#6727=LINE('',#462,#6730);
#6728=LINE('',#464,#6731);
#6729=LINE('',#466,#6732);
#6730=VECTOR('',#6733,1.0);
#6731=VECTOR('',#6734,1.0);
#6732=VECTOR('',#6735,1.0);
#6733=DIRECTION('',(0,0,1));
#6734=DIRECTION('',(-0.061604983974478535,0.025517480728914733,-0.9977743653385538));
#6735=DIRECTION('',(0.9238802702719372,-0.38268165124846537,0));
#6736=FACE_SURFACE('',(#6741),#6737,.T.);
#6737=PLANE('',#6738);
#6738=AXIS2_PLACEMENT_3D('',#466,#6739,#6740);
#6739=DIRECTION('',(-0.3826816512484654,-0.9238802702719373,0));
#6740=DIRECTION('',(0.061604983974478535,-0.025517480728914733,0.9977743653385538));
#6741=FACE_BOUND('',#6742,.T.);
#6742=EDGE_LOOP('',(#6743,#6744,#6745));
#6743=ORIENTED_EDGE('',*,*,#6746,.T.);
#6744=ORIENTED_EDGE('',*,*,#6747,.T.);
#6745=ORIENTED_EDGE('',*,*,#6748,.T.);
#6746=EDGE_CURVE('',#467,#465,#6749,.F.);
#6747=EDGE_CURVE('',#465,#469,#6750,.T.);
#6748=EDGE_CURVE('',#469,#467,#6751,.T.);
#6749=LINE('',#466,#6752);
#6750=LINE('',#464,#6753);
#6751=LINE('',#468,#6754);
#6752=VECTOR('',#6755,1.0);
#6753=VECTOR('',#6756,1.0);
#6754=VECTOR('',#6757,1.0);
#6755=DIRECTION('',(0.061604983974478535,-0.025517480728914733,0.9977743653385538));
#6756=DIRECTION('',(-0.9238802702719372,0.38268165124846537,0));
#6757=DIRECTION('',(0,0,-1));
#6758=FACE_SURFACE('',(#6763),#6759,.T.);
#6759=PLANE('',#6760);
#6760=AXIS2_PLACEMENT_3D('',#466,#6761,#6762);
#6761=DIRECTION('',(-0.13052944980762596,-0.9914444324988257,0));
#6762=DIRECTION('',(0,0,1));
#6763=FACE_BOUND('',#6764,.T.);
#6764=EDGE_LOOP('',(#6765,#6766,#6767));
#6765=ORIENTED_EDGE('',*,*,#6768,.T.);
#6766=ORIENTED_EDGE('',*,*,#6769,.T.);
#6767=ORIENTED_EDGE('',*,*,#6770,.T.);
#6768=EDGE_CURVE('',#467,#469,#6771,.F.);
#6769=EDGE_CURVE('',#469,#471,#6772,.T.);
#6770=EDGE_CURVE('',#471,#467,#6773,.T.);
#6771=LINE('',#466,#6774);
#6772=LINE('',#468,#6775);
#6773=LINE('',#470,#6776);
#6774=VECTOR('',#6777,1.0);
#6775=VECTOR('',#6778,1.0);
#6776=VECTOR('',#6779,1.0);
#6777=DIRECTION('',(0,0,1));
#6778=DIRECTION('',(-0.06611013512179104,0.008703785387554147,-0.9977743703634133));
#6779=DIRECTION('',(0.9914444324988257,-0.13052944980762596,0));
#6780=FACE_SURFACE('',(#6785),#6781,.T.);
#6781=PLANE('',#6782);
#6782=AXIS2_PLACEMENT_3D('',#470,#6783,#6784);
#6783=DIRECTION('',(-0.13052944980762596,-0.9914444324988257,0));
#6784=DIRECTION('',(0.06611013512179104,-0.008703785387554147,0.9977743703634133));
#6785=FACE_BOUND('',#6786,.T.);
#6786=EDGE_LOOP('',(#6787,#6788,#6789));
#6787=ORIENTED_EDGE('',*,*,#6790,.T.);
#6788=ORIENTED_EDGE('',*,*,#6791,.T.);
#6789=ORIENTED_EDGE('',*,*,#6792,.T.);
#6790=EDGE_CURVE('',#471,#469,#6793,.F.);
#6791=EDGE_CURVE('',#469,#473,#6794,.T.);
#6792=EDGE_CURVE('',#473,#471,#6795,.T.);
#6793=LINE('',#470,#6796);
#6794=LINE('',#468,#6797);
#6795=LINE('',#472,#6798);
#6796=VECTOR('',#6799,1.0);
#6797=VECTOR('',#6800,1.0);
#6798=VECTOR('',#6801,1.0);
#6799=DIRECTION('',(0.06611013512179104,-0.008703785387554147,0.9977743703634133));
#6800=DIRECTION('',(-0.9914444324988257,0.13052944980762596,0));
#6801=DIRECTION('',(0,0,-1));
#6802=FACE_SURFACE('',(#6807),#6803,.T.);
#6803=PLANE('',#6804);
#6804=AXIS2_PLACEMENT_3D('',#470,#6805,#6806);
#6805=DIRECTION('',(0.13052944980762596,-0.9914444324988257,0));
#6806=DIRECTION('',(0,0,1));
#6807=FACE_BOUND('',#6808,.T.);
#6808=EDGE_LOOP('',(#6809,#6810,#6811));
#6809=ORIENTED_EDGE('',*,*,#6812,.T.);
#6810=ORIENTED_EDGE('',*,*,#6813,.T.);
#6811=ORIENTED_EDGE('',*,*,#6814,.T.);
#6812=EDGE_CURVE('',#471,#473,#6815,.F.);
#6813=EDGE_CURVE('',#473,#475,#6816,.T.);
#6814=EDGE_CURVE('',#475,#471,#6817,.T.);
#6815=LINE('',#470,#6818);
#6816=LINE('',#472,#6819);
#6817=LINE('',#474,#6820);
#6818=VECTOR('',#6821,1.0);
#6819=VECTOR('',#6822,1.0);
#6820=VECTOR('',#6823,1.0);
#6821=DIRECTION('',(0,0,1));
#6822=DIRECTION('',(-0.06611013512179104,-0.008703785387554147,-0.9977743703634133));
#6823=DIRECTION('',(0.9914444324988257,0.13052944980762596,0));
#6824=FACE_SURFACE('',(#6829),#6825,.T.);
#6825=PLANE('',#6826);
#6826=AXIS2_PLACEMENT_3D('',#474,#6827,#6828);
#6827=DIRECTION('',(0.13052944980762596,-0.9914444324988257,0));
#6828=DIRECTION('',(0.06611013512179104,0.008703785387554147,0.9977743703634133));
#6829=FACE_BOUND('',#6830,.T.);
#6830=EDGE_LOOP('',(#6831,#6832,#6833));
#6831=ORIENTED_EDGE('',*,*,#6834,.T.);
#6832=ORIENTED_EDGE('',*,*,#6835,.T.);
#6833=ORIENTED_EDGE('',*,*,#6836,.T.);
#6834=EDGE_CURVE('',#475,#473,#6837,.F.);
#6835=EDGE_CURVE('',#473,#477,#6838,.T.);
#6836=EDGE_CURVE('',#477,#475,#6839,.T.);
#6837=LINE('',#474,#6840);
#6838=LINE('',#472,#6841);
#6839=LINE('',#476,#6842);
#6840=VECTOR('',#6843,1.0);
#6841=VECTOR('',#6844,1.0);
#6842=VECTOR('',#6845,1.0);
#6843=DIRECTION('',(0.06611013512179104,0.008703785387554147,0.9977743703634133));
#6844=DIRECTION('',(-0.9914444324988257,-0.13052944980762596,0));
#6845=DIRECTION('',(0,0,-1));
#6846=FACE_SURFACE('',(#6851),#6847,.T.);
#6847=PLANE('',#6848);
#6848=AXIS2_PLACEMENT_3D('',#474,#6849,#6850);
#6849=DIRECTION('',(0.3826816512484654,-0.9238802702719373,0));
#6850=DIRECTION('',(0,0,1));
#6851=FACE_BOUND('',#6852,.T.);
#6852=EDGE_LOOP('',(#6853,#6854,#6855));
#6853=ORIENTED_EDGE('',*,*,#6856,.T.);
#6854=ORIENTED_EDGE('',*,*,#6857,.T.);
#6855=ORIENTED_EDGE('',*,*,#6858,.T.);
#6856=EDGE_CURVE('',#475,#477,#6859,.F.);
#6857=EDGE_CURVE('',#477,#479,#6860,.T.);
#6858=EDGE_CURVE('',#479,#475,#6861,.T.);
#6859=LINE('',#474,#6862);
#6860=LINE('',#476,#6863);
#6861=LINE('',#478,#6864);
#6862=VECTOR('',#6865,1.0);
#6863=VECTOR('',#6866,1.0);
#6864=VECTOR('',#6867,1.0);
#6865=DIRECTION('',(0,0,1));
#6866=DIRECTION('',(-0.061604983974478535,-0.025517480728914733,-0.9977743653385538));
#6867=DIRECTION('',(0.9238802702719372,0.38268165124846537,0));
#6868=FACE_SURFACE('',(#6873),#6869,.T.);
#6869=PLANE('',#6870);
#6870=AXIS2_PLACEMENT_3D('',#478,#6871,#6872);
#6871=DIRECTION('',(0.3826816512484654,-0.9238802702719373,0));
#6872=DIRECTION('',(0.061604983974478535,0.025517480728914733,0.9977743653385538));
#6873=FACE_BOUND('',#6874,.T.);
#6874=EDGE_LOOP('',(#6875,#6876,#6877));
#6875=ORIENTED_EDGE('',*,*,#6878,.T.);
#6876=ORIENTED_EDGE('',*,*,#6879,.T.);
#6877=ORIENTED_EDGE('',*,*,#6880,.T.);
#6878=EDGE_CURVE('',#479,#477,#6881,.F.);
#6879=EDGE_CURVE('',#477,#481,#6882,.T.);
#6880=EDGE_CURVE('',#481,#479,#6883,.T.);
#6881=LINE('',#478,#6884);
#6882=LINE('',#476,#6885);
#6883=LINE('',#480,#6886);
#6884=VECTOR('',#6887,1.0);
#6885=VECTOR('',#6888,1.0);
#6886=VECTOR('',#6889,1.0);
#6887=DIRECTION('',(0.061604983974478535,0.025517480728914733,0.9977743653385538));
#6888=DIRECTION('',(-0.9238802702719372,-0.38268165124846537,0));
#6889=DIRECTION('',(0,0,-1));
#6890=FACE_SURFACE('',(#6895),#6891,.T.);
#6891=PLANE('',#6892);
#6892=AXIS2_PLACEMENT_3D('',#478,#6893,#6894);
#6893=DIRECTION('',(0.6087627189097362,-0.793352350513708,0));
#6894=DIRECTION('',(0,0,1));
#6895=FACE_BOUND('',#6896,.T.);
#6896=EDGE_LOOP('',(#6897,#6898,#6899));
#6897=ORIENTED_EDGE('',*,*,#6900,.T.);
#6898=ORIENTED_EDGE('',*,*,#6901,.T.);
#6899=ORIENTED_EDGE('',*,*,#6902,.T.);
#6900=EDGE_CURVE('',#479,#481,#6903,.F.);
#6901=EDGE_CURVE('',#481,#483,#6904,.T.);
#6902=EDGE_CURVE('',#483,#479,#6905,.T.);
#6903=LINE('',#478,#6906);
#6904=LINE('',#480,#6907);
#6905=LINE('',#482,#6908);
#6906=VECTOR('',#6909,1.0);
#6907=VECTOR('',#6910,1.0);
#6908=VECTOR('',#6911,1.0);
#6909=DIRECTION('',(0,0,1));
#6910=DIRECTION('',(-0.05290119904055814,-0.040592654374393085,-0.9977743730678356));
#6911=DIRECTION('',(0.793352350513708,0.6087627189097362,0));
#6912=FACE_SURFACE('',(#6917),#6913,.T.);
#6913=PLANE('',#6914);
#6914=AXIS2_PLACEMENT_3D('',#482,#6915,#6916);
#6915=DIRECTION('',(0.6087627189097362,-0.793352350513708,0));
#6916=DIRECTION('',(0.05290119904055814,0.040592654374393085,0.9977743730678356));
#6917=FACE_BOUND('',#6918,.T.);
#6918=EDGE_LOOP('',(#6919,#6920,#6921));
#6919=ORIENTED_EDGE('',*,*,#6922,.T.);
#6920=ORIENTED_EDGE('',*,*,#6923,.T.);
#6921=ORIENTED_EDGE('',*,*,#6924,.T.);
#6922=EDGE_CURVE('',#483,#481,#6925,.F.);
#6923=EDGE_CURVE('',#481,#485,#6926,.T.);
#6924=EDGE_CURVE('',#485,#483,#6927,.T.);
#6925=LINE('',#482,#6928);
#6926=LINE('',#480,#6929);
#6927=LINE('',#484,#6930);
#6928=VECTOR('',#6931,1.0);
#6929=VECTOR('',#6932,1.0);
#6930=VECTOR('',#6933,1.0);
#6931=DIRECTION('',(0.05290119904055814,0.040592654374393085,0.9977743730678356));
#6932=DIRECTION('',(-0.793352350513708,-0.6087627189097362,0));
#6933=DIRECTION('',(0,0,-1));
#6934=FACE_SURFACE('',(#6939),#6935,.T.);
#6935=PLANE('',#6936);
#6936=AXIS2_PLACEMENT_3D('',#482,#6937,#6938);
#6937=DIRECTION('',(0.7933523505136998,-0.608762718909747,0));
#6938=DIRECTION('',(0,0,1));
#6939=FACE_BOUND('',#6940,.T.);
#6940=EDGE_LOOP('',(#6941,#6942,#6943));
#6941=ORIENTED_EDGE('',*,*,#6944,.T.);
#6942=ORIENTED_EDGE('',*,*,#6945,.T.);
#6943=ORIENTED_EDGE('',*,*,#6946,.T.);
#6944=EDGE_CURVE('',#483,#485,#6947,.F.);
#6945=EDGE_CURVE('',#485,#487,#6948,.T.);
#6946=EDGE_CURVE('',#487,#483,#6949,.T.);
#6947=LINE('',#482,#6950);
#6948=LINE('',#484,#6951);
#6949=LINE('',#486,#6952);
#6950=VECTOR('',#6953,1.0);
#6951=VECTOR('',#6954,1.0);
#6952=VECTOR('',#6955,1.0);
#6953=DIRECTION('',(0,0,1));
#6954=DIRECTION('',(-0.040592654374394216,-0.05290119904055814,-0.9977743730678356));
#6955=DIRECTION('',(0.608762718909747,0.7933523505136998,0));
#6956=FACE_SURFACE('',(#6961),#6957,.T.);
#6957=PLANE('',#6958);
#6958=AXIS2_PLACEMENT_3D('',#486,#6959,#6960);
#6959=DIRECTION('',(0.7933523505136998,-0.608762718909747,0));
#6960=DIRECTION('',(0.040592654374394216,0.05290119904055814,0.9977743730678356));
#6961=FACE_BOUND('',#6962,.T.);
#6962=EDGE_LOOP('',(#6963,#6964,#6965));
#6963=ORIENTED_EDGE('',*,*,#6966,.T.);
#6964=ORIENTED_EDGE('',*,*,#6967,.T.);
#6965=ORIENTED_EDGE('',*,*,#6968,.T.);
#6966=EDGE_CURVE('',#487,#485,#6969,.F.);
#6967=EDGE_CURVE('',#485,#489,#6970,.T.);
#6968=EDGE_CURVE('',#489,#487,#6971,.T.);
#6969=LINE('',#486,#6972);
#6970=LINE('',#484,#6973);
#6971=LINE('',#488,#6974);
#6972=VECTOR('',#6975,1.0);
#6973=VECTOR('',#6976,1.0);
#6974=VECTOR('',#6977,1.0);
#6975=DIRECTION('',(0.040592654374394216,0.05290119904055814,0.9977743730678356));
#6976=DIRECTION('',(-0.608762718909747,-0.7933523505136998,0));
#6977=DIRECTION('',(0,0,-1));
#6978=FACE_SURFACE('',(#6983),#6979,.T.);
#6979=PLANE('',#6980);
#6980=AXIS2_PLACEMENT_3D('',#486,#6981,#6982);
#6981=DIRECTION('',(0.9238802702719445,-0.3826816512484479,0));
#6982=DIRECTION('',(0,0,1));
#6983=FACE_BOUND('',#6984,.T.);
#6984=EDGE_LOOP('',(#6985,#6986,#6987));
#6985=ORIENTED_EDGE('',*,*,#6988,.T.);
#6986=ORIENTED_EDGE('',*,*,#6989,.T.);
#6987=ORIENTED_EDGE('',*,*,#6990,.T.);
#6988=EDGE_CURVE('',#487,#489,#6991,.F.);
#6989=EDGE_CURVE('',#489,#395,#6992,.T.);
#6990=EDGE_CURVE('',#395,#487,#6993,.T.);
#6991=LINE('',#486,#6994);
#6992=LINE('',#488,#6995);
#6993=LINE('',#394,#6996);
#6994=VECTOR('',#6997,1.0);
#6995=VECTOR('',#6998,1.0);
#6996=VECTOR('',#6999,1.0);
#6997=DIRECTION('',(0,0,1));
#6998=DIRECTION('',(-0.025517480728913598,-0.0616049839744791,-0.9977743653385538));
#6999=DIRECTION('',(0.3826816512484479,0.9238802702719445,0));
#7000=FACE_SURFACE('',(#7005),#7001,.T.);
#7001=PLANE('',#7002);
#7002=AXIS2_PLACEMENT_3D('',#394,#7003,#7004);
#7003=DIRECTION('',(0.9238802702719445,-0.3826816512484479,0));
#7004=DIRECTION('',(0.025517480728913598,0.0616049839744791,0.9977743653385538));
#7005=FACE_BOUND('',#7006,.T.);
#7006=EDGE_LOOP('',(#7007,#7008,#7009));
#7007=ORIENTED_EDGE('',*,*,#7010,.T.);
#7008=ORIENTED_EDGE('',*,*,#7011,.T.);
#7009=ORIENTED_EDGE('',*,*,#7012,.T.);
#7010=EDGE_CURVE('',#395,#489,#7013,.F.);
#7011=EDGE_CURVE('',#489,#397,#7014,.T.);
#7012=EDGE_CURVE('',#397,#395,#7015,.T.);
#7013=LINE('',#394,#7016);
#7014=LINE('',#488,#7017);
#7015=LINE('',#396,#7018);
#7016=VECTOR('',#7019,1.0);
#7017=VECTOR('',#7020,1.0);
#7018=VECTOR('',#7021,1.0);
#7019=DIRECTION('',(0.025517480728913598,0.0616049839744791,0.9977743653385538));
#7020=DIRECTION('',(-0.3826816512484479,-0.9238802702719445,0));
#7021=DIRECTION('',(0,0,-1));
#7022=FACE_SURFACE('',(#7027),#7023,.T.);
#7023=PLANE('',#7024);
#7024=AXIS2_PLACEMENT_3D('',#88,#7025,#7026);
#7025=DIRECTION('',(0.9914444324988245,0.1305294498076343,0));
#7026=DIRECTION('',(0,0,-1));
#7027=FACE_BOUND('',#7028,.T.);
#7028=EDGE_LOOP('',(#7029,#7030,#7031));
#7029=ORIENTED_EDGE('',*,*,#7032,.T.);
#7030=ORIENTED_EDGE('',*,*,#7033,.T.);
#7031=ORIENTED_EDGE('',*,*,#7034,.T.);
#7032=EDGE_CURVE('',#89,#405,#7035,.F.);
#7033=EDGE_CURVE('',#405,#85,#7036,.T.);
#7034=EDGE_CURVE('',#85,#89,#7037,.T.);
#7035=LINE('',#88,#7038);
#7036=LINE('',#404,#7039);
#7037=LINE('',#84,#7040);
#7038=VECTOR('',#7041,1.0);
#7039=VECTOR('',#7042,1.0);
#7040=VECTOR('',#7043,1.0);
#7041=DIRECTION('',(0,0,-1));
#7042=DIRECTION('',(-0.008703785387554714,0.06611013512179104,0.9977743703634133));
#7043=DIRECTION('',(0.1305294498076343,-0.9914444324988245,0));
#7044=FACE_SURFACE('',(#7049),#7045,.T.);
#7045=PLANE('',#7046);
#7046=AXIS2_PLACEMENT_3D('',#84,#7047,#7048);
#7047=DIRECTION('',(0.9914444324988245,0.1305294498076343,0));
#7048=DIRECTION('',(0.008703785387554714,-0.06611013512179104,-0.9977743703634133));
#7049=FACE_BOUND('',#7050,.T.);
#7050=EDGE_LOOP('',(#7051,#7052,#7053));
#7051=ORIENTED_EDGE('',*,*,#7054,.T.);
#7052=ORIENTED_EDGE('',*,*,#7055,.T.);
#7053=ORIENTED_EDGE('',*,*,#7056,.T.);
#7054=EDGE_CURVE('',#85,#405,#7057,.F.);
#7055=EDGE_CURVE('',#405,#401,#7058,.T.);
#7056=EDGE_CURVE('',#401,#85,#7059,.T.);
#7057=LINE('',#84,#7060);
#7058=LINE('',#404,#7061);
#7059=LINE('',#400,#7062);
#7060=VECTOR('',#7063,1.0);
#7061=VECTOR('',#7064,1.0);
#7062=VECTOR('',#7065,1.0);
#7063=DIRECTION('',(0.008703785387554714,-0.06611013512179104,-0.9977743703634133));
#7064=DIRECTION('',(-0.1305294498076343,0.9914444324988245,0));
#7065=DIRECTION('',(0,0,1));
#7066=FACE_SURFACE('',(#7071),#7067,.T.);
#7067=PLANE('',#7068);
#7068=AXIS2_PLACEMENT_3D('',#84,#7069,#7070);
#7069=DIRECTION('',(0.9914444324988245,-0.1305294498076343,0));
#7070=DIRECTION('',(0,0,-1));
#7071=FACE_BOUND('',#7072,.T.);
#7072=EDGE_LOOP('',(#7073,#7074,#7075));
#7073=ORIENTED_EDGE('',*,*,#7076,.T.);
#7074=ORIENTED_EDGE('',*,*,#7077,.T.);
#7075=ORIENTED_EDGE('',*,*,#7078,.T.);
#7076=EDGE_CURVE('',#85,#401,#7079,.F.);
#7077=EDGE_CURVE('',#401,#81,#7080,.T.);
#7078=EDGE_CURVE('',#81,#85,#7081,.T.);
#7079=LINE('',#84,#7082);
#7080=LINE('',#400,#7083);
#7081=LINE('',#80,#7084);
#7082=VECTOR('',#7085,1.0);
#7083=VECTOR('',#7086,1.0);
#7084=VECTOR('',#7087,1.0);
#7085=DIRECTION('',(0,0,-1));
#7086=DIRECTION('',(0.008703785387554714,0.06611013512179104,0.9977743703634133));
#7087=DIRECTION('',(-0.1305294498076343,-0.9914444324988245,0));
#7088=FACE_SURFACE('',(#7093),#7089,.T.);
#7089=PLANE('',#7090);
#7090=AXIS2_PLACEMENT_3D('',#80,#7091,#7092);
#7091=DIRECTION('',(0.9914444324988245,-0.1305294498076343,0));
#7092=DIRECTION('',(-0.008703785387554714,-0.06611013512179104,-0.9977743703634133));
#7093=FACE_BOUND('',#7094,.T.);
#7094=EDGE_LOOP('',(#7095,#7096,#7097));
#7095=ORIENTED_EDGE('',*,*,#7098,.T.);
#7096=ORIENTED_EDGE('',*,*,#7099,.T.);
#7097=ORIENTED_EDGE('',*,*,#7100,.T.);
#7098=EDGE_CURVE('',#81,#401,#7101,.F.);
#7099=EDGE_CURVE('',#401,#397,#7102,.T.);
#7100=EDGE_CURVE('',#397,#81,#7103,.T.);
#7101=LINE('',#80,#7104);
#7102=LINE('',#400,#7105);
#7103=LINE('',#396,#7106);
#7104=VECTOR('',#7107,1.0);
#7105=VECTOR('',#7108,1.0);
#7106=VECTOR('',#7109,1.0);
#7107=DIRECTION('',(-0.008703785387554714,-0.06611013512179104,-0.9977743703634133));
#7108=DIRECTION('',(0.1305294498076343,0.9914444324988245,0));
#7109=DIRECTION('',(0,0,1));
#7110=FACE_SURFACE('',(#7115),#7111,.T.);
#7111=PLANE('',#7112);
#7112=AXIS2_PLACEMENT_3D('',#80,#7113,#7114);
#7113=DIRECTION('',(0.9238802702719445,-0.3826816512484479,0));
#7114=DIRECTION('',(0,0,-1));
#7115=FACE_BOUND('',#7116,.T.);
#7116=EDGE_LOOP('',(#7117,#7118,#7119));
#7117=ORIENTED_EDGE('',*,*,#7120,.T.);
#7118=ORIENTED_EDGE('',*,*,#7121,.T.);
#7119=ORIENTED_EDGE('',*,*,#7122,.T.);
#7120=EDGE_CURVE('',#81,#397,#7123,.F.);
#7121=EDGE_CURVE('',#397,#109,#7124,.T.);
#7122=EDGE_CURVE('',#109,#81,#7125,.T.);
#7123=LINE('',#80,#7126);
#7124=LINE('',#396,#7127);
#7125=LINE('',#108,#7128);
#7126=VECTOR('',#7129,1.0);
#7127=VECTOR('',#7130,1.0);
#7128=VECTOR('',#7131,1.0);
#7129=DIRECTION('',(0,0,-1));
#7130=DIRECTION('',(0.025517480728913598,0.0616049839744791,0.9977743653385538));
#7131=DIRECTION('',(-0.3826816512484479,-0.9238802702719445,0));
#7132=FACE_SURFACE('',(#7137),#7133,.T.);
#7133=PLANE('',#7134);
#7134=AXIS2_PLACEMENT_3D('',#108,#7135,#7136);
#7135=DIRECTION('',(0.9238802702719445,-0.3826816512484479,0));
#7136=DIRECTION('',(-0.025517480728913598,-0.0616049839744791,-0.9977743653385538));
#7137=FACE_BOUND('',#7138,.T.);
#7138=EDGE_LOOP('',(#7139,#7140,#7141));
#7139=ORIENTED_EDGE('',*,*,#7142,.T.);
#7140=ORIENTED_EDGE('',*,*,#7143,.T.);
#7141=ORIENTED_EDGE('',*,*,#7144,.T.);
#7142=EDGE_CURVE('',#109,#397,#7145,.F.);
#7143=EDGE_CURVE('',#397,#489,#7146,.T.);
#7144=EDGE_CURVE('',#489,#109,#7147,.T.);
#7145=LINE('',#108,#7148);
#7146=LINE('',#396,#7149);
#7147=LINE('',#488,#7150);
#7148=VECTOR('',#7151,1.0);
#7149=VECTOR('',#7152,1.0);
#7150=VECTOR('',#7153,1.0);
#7151=DIRECTION('',(-0.025517480728913598,-0.0616049839744791,-0.9977743653385538));
#7152=DIRECTION('',(0.3826816512484479,0.9238802702719445,0));
#7153=DIRECTION('',(0,0,1));
#7154=FACE_SURFACE('',(#7159),#7155,.T.);
#7155=PLANE('',#7156);
#7156=AXIS2_PLACEMENT_3D('',#108,#7157,#7158);
#7157=DIRECTION('',(0.7933523505136998,-0.608762718909747,0));
#7158=DIRECTION('',(0,0,-1));
#7159=FACE_BOUND('',#7160,.T.);
#7160=EDGE_LOOP('',(#7161,#7162,#7163));
#7161=ORIENTED_EDGE('',*,*,#7164,.T.);
#7162=ORIENTED_EDGE('',*,*,#7165,.T.);
#7163=ORIENTED_EDGE('',*,*,#7166,.T.);
#7164=EDGE_CURVE('',#109,#489,#7167,.F.);
#7165=EDGE_CURVE('',#489,#113,#7168,.T.);
#7166=EDGE_CURVE('',#113,#109,#7169,.T.);
#7167=LINE('',#108,#7170);
#7168=LINE('',#488,#7171);
#7169=LINE('',#112,#7172);
#7170=VECTOR('',#7173,1.0);
#7171=VECTOR('',#7174,1.0);
#7172=VECTOR('',#7175,1.0);
#7173=DIRECTION('',(0,0,-1));
#7174=DIRECTION('',(0.040592654374394216,0.05290119904055814,0.9977743730678356));
#7175=DIRECTION('',(-0.608762718909747,-0.7933523505136998,0));
#7176=FACE_SURFACE('',(#7181),#7177,.T.);
#7177=PLANE('',#7178);
#7178=AXIS2_PLACEMENT_3D('',#112,#7179,#7180);
#7179=DIRECTION('',(0.7933523505136998,-0.608762718909747,0));
#7180=DIRECTION('',(-0.040592654374394216,-0.05290119904055814,-0.9977743730678356));
#7181=FACE_BOUND('',#7182,.T.);
#7182=EDGE_LOOP('',(#7183,#7184,#7185));
#7183=ORIENTED_EDGE('',*,*,#7186,.T.);
#7184=ORIENTED_EDGE('',*,*,#7187,.T.);
#7185=ORIENTED_EDGE('',*,*,#7188,.T.);
#7186=EDGE_CURVE('',#113,#489,#7189,.F.);
#7187=EDGE_CURVE('',#489,#485,#7190,.T.);
#7188=EDGE_CURVE('',#485,#113,#7191,.T.);
#7189=LINE('',#112,#7192);
#7190=LINE('',#488,#7193);
#7191=LINE('',#484,#7194);
#7192=VECTOR('',#7195,1.0);
#7193=VECTOR('',#7196,1.0);
#7194=VECTOR('',#7197,1.0);
#7195=DIRECTION('',(-0.040592654374394216,-0.05290119904055814,-0.9977743730678356));
#7196=DIRECTION('',(0.608762718909747,0.7933523505136998,0));
#7197=DIRECTION('',(0,0,1));
#7198=FACE_SURFACE('',(#7203),#7199,.T.);
#7199=PLANE('',#7200);
#7200=AXIS2_PLACEMENT_3D('',#112,#7201,#7202);
#7201=DIRECTION('',(0.6087627189097362,-0.793352350513708,0));
#7202=DIRECTION('',(0,0,-1));
#7203=FACE_BOUND('',#7204,.T.);
#7204=EDGE_LOOP('',(#7205,#7206,#7207));
#7205=ORIENTED_EDGE('',*,*,#7208,.T.);
#7206=ORIENTED_EDGE('',*,*,#7209,.T.);
#7207=ORIENTED_EDGE('',*,*,#7210,.T.);
#7208=EDGE_CURVE('',#113,#485,#7211,.F.);
#7209=EDGE_CURVE('',#485,#153,#7212,.T.);
#7210=EDGE_CURVE('',#153,#113,#7213,.T.);
#7211=LINE('',#112,#7214);
#7212=LINE('',#484,#7215);
#7213=LINE('',#152,#7216);
#7214=VECTOR('',#7217,1.0);
#7215=VECTOR('',#7218,1.0);
#7216=VECTOR('',#7219,1.0);
#7217=DIRECTION('',(0,0,-1));
#7218=DIRECTION('',(0.05290119904055814,0.040592654374393085,0.9977743730678356));
#7219=DIRECTION('',(-0.793352350513708,-0.6087627189097362,0));
#7220=FACE_SURFACE('',(#7225),#7221,.T.);
#7221=PLANE('',#7222);
#7222=AXIS2_PLACEMENT_3D('',#152,#7223,#7224);
#7223=DIRECTION('',(0.6087627189097362,-0.793352350513708,0));
#7224=DIRECTION('',(-0.05290119904055814,-0.040592654374393085,-0.9977743730678356));
#7225=FACE_BOUND('',#7226,.T.);
#7226=EDGE_LOOP('',(#7227,#7228,#7229));
#7227=ORIENTED_EDGE('',*,*,#7230,.T.);
#7228=ORIENTED_EDGE('',*,*,#7231,.T.);
#7229=ORIENTED_EDGE('',*,*,#7232,.T.);
#7230=EDGE_CURVE('',#153,#485,#7233,.F.);
#7231=EDGE_CURVE('',#485,#481,#7234,.T.);
#7232=EDGE_CURVE('',#481,#153,#7235,.T.);
#7233=LINE('',#152,#7236);
#7234=LINE('',#484,#7237);
#7235=LINE('',#480,#7238);
#7236=VECTOR('',#7239,1.0);
#7237=VECTOR('',#7240,1.0);
#7238=VECTOR('',#7241,1.0);
#7239=DIRECTION('',(-0.05290119904055814,-0.040592654374393085,-0.9977743730678356));
#7240=DIRECTION('',(0.793352350513708,0.6087627189097362,0));
#7241=DIRECTION('',(0,0,1));
#7242=FACE_SURFACE('',(#7247),#7243,.T.);
#7243=PLANE('',#7244);
#7244=AXIS2_PLACEMENT_3D('',#152,#7245,#7246);
#7245=DIRECTION('',(0.3826816512484654,-0.9238802702719373,0));
#7246=DIRECTION('',(0,0,-1));
#7247=FACE_BOUND('',#7248,.T.);
#7248=EDGE_LOOP('',(#7249,#7250,#7251));
#7249=ORIENTED_EDGE('',*,*,#7252,.T.);
#7250=ORIENTED_EDGE('',*,*,#7253,.T.);
#7251=ORIENTED_EDGE('',*,*,#7254,.T.);
#7252=EDGE_CURVE('',#153,#481,#7255,.F.);
#7253=EDGE_CURVE('',#481,#157,#7256,.T.);
#7254=EDGE_CURVE('',#157,#153,#7257,.T.);
#7255=LINE('',#152,#7258);
#7256=LINE('',#480,#7259);
#7257=LINE('',#156,#7260);
#7258=VECTOR('',#7261,1.0);
#7259=VECTOR('',#7262,1.0);
#7260=VECTOR('',#7263,1.0);
#7261=DIRECTION('',(0,0,-1));
#7262=DIRECTION('',(0.061604983974478535,0.025517480728914733,0.9977743653385538));
#7263=DIRECTION('',(-0.9238802702719372,-0.38268165124846537,0));
#7264=FACE_SURFACE('',(#7269),#7265,.T.);
#7265=PLANE('',#7266);
#7266=AXIS2_PLACEMENT_3D('',#156,#7267,#7268);
#7267=DIRECTION('',(0.3826816512484654,-0.9238802702719373,0));
#7268=DIRECTION('',(-0.061604983974478535,-0.025517480728914733,-0.9977743653385538));
#7269=FACE_BOUND('',#7270,.T.);
#7270=EDGE_LOOP('',(#7271,#7272,#7273));
#7271=ORIENTED_EDGE('',*,*,#7274,.T.);
#7272=ORIENTED_EDGE('',*,*,#7275,.T.);
#7273=ORIENTED_EDGE('',*,*,#7276,.T.);
#7274=EDGE_CURVE('',#157,#481,#7277,.F.);
#7275=EDGE_CURVE('',#481,#477,#7278,.T.);
#7276=EDGE_CURVE('',#477,#157,#7279,.T.);
#7277=LINE('',#156,#7280);
#7278=LINE('',#480,#7281);
#7279=LINE('',#476,#7282);
#7280=VECTOR('',#7283,1.0);
#7281=VECTOR('',#7284,1.0);
#7282=VECTOR('',#7285,1.0);
#7283=DIRECTION('',(-0.061604983974478535,-0.025517480728914733,-0.9977743653385538));
#7284=DIRECTION('',(0.9238802702719372,0.38268165124846537,0));
#7285=DIRECTION('',(0,0,1));
#7286=FACE_SURFACE('',(#7291),#7287,.T.);
#7287=PLANE('',#7288);
#7288=AXIS2_PLACEMENT_3D('',#156,#7289,#7290);
#7289=DIRECTION('',(0.13052944980762596,-0.9914444324988257,0));
#7290=DIRECTION('',(0,0,-1));
#7291=FACE_BOUND('',#7292,.T.);
#7292=EDGE_LOOP('',(#7293,#7294,#7295));
#7293=ORIENTED_EDGE('',*,*,#7296,.T.);
#7294=ORIENTED_EDGE('',*,*,#7297,.T.);
#7295=ORIENTED_EDGE('',*,*,#7298,.T.);
#7296=EDGE_CURVE('',#157,#477,#7299,.F.);
#7297=EDGE_CURVE('',#477,#161,#7300,.T.);
#7298=EDGE_CURVE('',#161,#157,#7301,.T.);
#7299=LINE('',#156,#7302);
#7300=LINE('',#476,#7303);
#7301=LINE('',#160,#7304);
#7302=VECTOR('',#7305,1.0);
#7303=VECTOR('',#7306,1.0);
#7304=VECTOR('',#7307,1.0);
#7305=DIRECTION('',(0,0,-1));
#7306=DIRECTION('',(0.06611013512179104,0.008703785387554147,0.9977743703634133));
#7307=DIRECTION('',(-0.9914444324988257,-0.13052944980762596,0));
#7308=FACE_SURFACE('',(#7313),#7309,.T.);
#7309=PLANE('',#7310);
#7310=AXIS2_PLACEMENT_3D('',#160,#7311,#7312);
#7311=DIRECTION('',(0.13052944980762596,-0.9914444324988257,0));
#7312=DIRECTION('',(-0.06611013512179104,-0.008703785387554147,-0.9977743703634133));
#7313=FACE_BOUND('',#7314,.T.);
#7314=EDGE_LOOP('',(#7315,#7316,#7317));
#7315=ORIENTED_EDGE('',*,*,#7318,.T.);
#7316=ORIENTED_EDGE('',*,*,#7319,.T.);
#7317=ORIENTED_EDGE('',*,*,#7320,.T.);
#7318=EDGE_CURVE('',#161,#477,#7321,.F.);
#7319=EDGE_CURVE('',#477,#473,#7322,.T.);
#7320=EDGE_CURVE('',#473,#161,#7323,.T.);
#7321=LINE('',#160,#7324);
#7322=LINE('',#476,#7325);
#7323=LINE('',#472,#7326);
#7324=VECTOR('',#7327,1.0);
#7325=VECTOR('',#7328,1.0);
#7326=VECTOR('',#7329,1.0);
#7327=DIRECTION('',(-0.06611013512179104,-0.008703785387554147,-0.9977743703634133));
#7328=DIRECTION('',(0.9914444324988257,0.13052944980762596,0));
#7329=DIRECTION('',(0,0,1));
#7330=FACE_SURFACE('',(#7335),#7331,.T.);
#7331=PLANE('',#7332);
#7332=AXIS2_PLACEMENT_3D('',#160,#7333,#7334);
#7333=DIRECTION('',(-0.13052944980762596,-0.9914444324988257,-0));
#7334=DIRECTION('',(0,0,-1));
#7335=FACE_BOUND('',#7336,.T.);
#7336=EDGE_LOOP('',(#7337,#7338,#7339));
#7337=ORIENTED_EDGE('',*,*,#7340,.T.);
#7338=ORIENTED_EDGE('',*,*,#7341,.T.);
#7339=ORIENTED_EDGE('',*,*,#7342,.T.);
#7340=EDGE_CURVE('',#161,#473,#7343,.F.);
#7341=EDGE_CURVE('',#473,#163,#7344,.T.);
#7342=EDGE_CURVE('',#163,#161,#7345,.T.);
#7343=LINE('',#160,#7346);
#7344=LINE('',#472,#7347);
#7345=LINE('',#162,#7348);
#7346=VECTOR('',#7349,1.0);
#7347=VECTOR('',#7350,1.0);
#7348=VECTOR('',#7351,1.0);
#7349=DIRECTION('',(0,0,-1));
#7350=DIRECTION('',(0.06611013512179104,-0.008703785387554147,0.9977743703634133));
#7351=DIRECTION('',(-0.9914444324988257,0.13052944980762596,0));
#7352=FACE_SURFACE('',(#7357),#7353,.T.);
#7353=PLANE('',#7354);
#7354=AXIS2_PLACEMENT_3D('',#162,#7355,#7356);
#7355=DIRECTION('',(-0.13052944980762596,-0.9914444324988257,-0));
#7356=DIRECTION('',(-0.06611013512179104,0.008703785387554147,-0.9977743703634133));
#7357=FACE_BOUND('',#7358,.T.);
#7358=EDGE_LOOP('',(#7359,#7360,#7361));
#7359=ORIENTED_EDGE('',*,*,#7362,.T.);
#7360=ORIENTED_EDGE('',*,*,#7363,.T.);
#7361=ORIENTED_EDGE('',*,*,#7364,.T.);
#7362=EDGE_CURVE('',#163,#473,#7365,.F.);
#7363=EDGE_CURVE('',#473,#469,#7366,.T.);
#7364=EDGE_CURVE('',#469,#163,#7367,.T.);
#7365=LINE('',#162,#7368);
#7366=LINE('',#472,#7369);
#7367=LINE('',#468,#7370);
#7368=VECTOR('',#7371,1.0);
#7369=VECTOR('',#7372,1.0);
#7370=VECTOR('',#7373,1.0);
#7371=DIRECTION('',(-0.06611013512179104,0.008703785387554147,-0.9977743703634133));
#7372=DIRECTION('',(0.9914444324988257,-0.13052944980762596,0));
#7373=DIRECTION('',(0,0,1));
#7374=FACE_SURFACE('',(#7379),#7375,.T.);
#7375=PLANE('',#7376);
#7376=AXIS2_PLACEMENT_3D('',#162,#7377,#7378);
#7377=DIRECTION('',(-0.3826816512484654,-0.9238802702719373,-0));
#7378=DIRECTION('',(0,0,-1));
#7379=FACE_BOUND('',#7380,.T.);
#7380=EDGE_LOOP('',(#7381,#7382,#7383));
#7381=ORIENTED_EDGE('',*,*,#7384,.T.);
#7382=ORIENTED_EDGE('',*,*,#7385,.T.);
#7383=ORIENTED_EDGE('',*,*,#7386,.T.);
#7384=EDGE_CURVE('',#163,#469,#7387,.F.);
#7385=EDGE_CURVE('',#469,#167,#7388,.T.);
#7386=EDGE_CURVE('',#167,#163,#7389,.T.);
#7387=LINE('',#162,#7390);
#7388=LINE('',#468,#7391);
#7389=LINE('',#166,#7392);
#7390=VECTOR('',#7393,1.0);
#7391=VECTOR('',#7394,1.0);
#7392=VECTOR('',#7395,1.0);
#7393=DIRECTION('',(0,0,-1));
#7394=DIRECTION('',(0.061604983974478535,-0.025517480728914733,0.9977743653385538));
#7395=DIRECTION('',(-0.9238802702719372,0.38268165124846537,0));
#7396=FACE_SURFACE('',(#7401),#7397,.T.);
#7397=PLANE('',#7398);
#7398=AXIS2_PLACEMENT_3D('',#166,#7399,#7400);
#7399=DIRECTION('',(-0.3826816512484654,-0.9238802702719373,-0));
#7400=DIRECTION('',(-0.061604983974478535,0.025517480728914733,-0.9977743653385538));
#7401=FACE_BOUND('',#7402,.T.);
#7402=EDGE_LOOP('',(#7403,#7404,#7405));
#7403=ORIENTED_EDGE('',*,*,#7406,.T.);
#7404=ORIENTED_EDGE('',*,*,#7407,.T.);
#7405=ORIENTED_EDGE('',*,*,#7408,.T.);
#7406=EDGE_CURVE('',#167,#469,#7409,.F.);
#7407=EDGE_CURVE('',#469,#465,#7410,.T.);
#7408=EDGE_CURVE('',#465,#167,#7411,.T.);
#7409=LINE('',#166,#7412);
#7410=LINE('',#468,#7413);
#7411=LINE('',#464,#7414);
#7412=VECTOR('',#7415,1.0);
#7413=VECTOR('',#7416,1.0);
#7414=VECTOR('',#7417,1.0);
#7415=DIRECTION('',(-0.061604983974478535,0.025517480728914733,-0.9977743653385538));
#7416=DIRECTION('',(0.9238802702719372,-0.38268165124846537,0));
#7417=DIRECTION('',(0,0,1));
#7418=FACE_SURFACE('',(#7423),#7419,.T.);
#7419=PLANE('',#7420);
#7420=AXIS2_PLACEMENT_3D('',#166,#7421,#7422);
#7421=DIRECTION('',(-0.6087627189097362,-0.793352350513708,-0));
#7422=DIRECTION('',(0,0,-1));
#7423=FACE_BOUND('',#7424,.T.);
#7424=EDGE_LOOP('',(#7425,#7426,#7427));
#7425=ORIENTED_EDGE('',*,*,#7428,.T.);
#7426=ORIENTED_EDGE('',*,*,#7429,.T.);
#7427=ORIENTED_EDGE('',*,*,#7430,.T.);
#7428=EDGE_CURVE('',#167,#465,#7431,.F.);
#7429=EDGE_CURVE('',#465,#171,#7432,.T.);
#7430=EDGE_CURVE('',#171,#167,#7433,.T.);
#7431=LINE('',#166,#7434);
#7432=LINE('',#464,#7435);
#7433=LINE('',#170,#7436);
#7434=VECTOR('',#7437,1.0);
#7435=VECTOR('',#7438,1.0);
#7436=VECTOR('',#7439,1.0);
#7437=DIRECTION('',(0,0,-1));
#7438=DIRECTION('',(0.05290119904055814,-0.040592654374393085,0.9977743730678356));
#7439=DIRECTION('',(-0.793352350513708,0.6087627189097362,0));
#7440=FACE_SURFACE('',(#7445),#7441,.T.);
#7441=PLANE('',#7442);
#7442=AXIS2_PLACEMENT_3D('',#170,#7443,#7444);
#7443=DIRECTION('',(-0.6087627189097362,-0.793352350513708,-0));
#7444=DIRECTION('',(-0.05290119904055814,0.040592654374393085,-0.9977743730678356));
#7445=FACE_BOUND('',#7446,.T.);
#7446=EDGE_LOOP('',(#7447,#7448,#7449));
#7447=ORIENTED_EDGE('',*,*,#7450,.T.);
#7448=ORIENTED_EDGE('',*,*,#7451,.T.);
#7449=ORIENTED_EDGE('',*,*,#7452,.T.);
#7450=EDGE_CURVE('',#171,#465,#7453,.F.);
#7451=EDGE_CURVE('',#465,#461,#7454,.T.);
#7452=EDGE_CURVE('',#461,#171,#7455,.T.);
#7453=LINE('',#170,#7456);
#7454=LINE('',#464,#7457);
#7455=LINE('',#460,#7458);
#7456=VECTOR('',#7459,1.0);
#7457=VECTOR('',#7460,1.0);
#7458=VECTOR('',#7461,1.0);
#7459=DIRECTION('',(-0.05290119904055814,0.040592654374393085,-0.9977743730678356));
#7460=DIRECTION('',(0.793352350513708,-0.6087627189097362,0));
#7461=DIRECTION('',(0,0,1));
#7462=FACE_SURFACE('',(#7467),#7463,.T.);
#7463=PLANE('',#7464);
#7464=AXIS2_PLACEMENT_3D('',#170,#7465,#7466);
#7465=DIRECTION('',(-0.7933523505136998,-0.608762718909747,-0));
#7466=DIRECTION('',(0,0,-1));
#7467=FACE_BOUND('',#7468,.T.);
#7468=EDGE_LOOP('',(#7469,#7470,#7471));
#7469=ORIENTED_EDGE('',*,*,#7472,.T.);
#7470=ORIENTED_EDGE('',*,*,#7473,.T.);
#7471=ORIENTED_EDGE('',*,*,#7474,.T.);
#7472=EDGE_CURVE('',#171,#461,#7475,.F.);
#7473=EDGE_CURVE('',#461,#179,#7476,.T.);
#7474=EDGE_CURVE('',#179,#171,#7477,.T.);
#7475=LINE('',#170,#7478);
#7476=LINE('',#460,#7479);
#7477=LINE('',#178,#7480);
#7478=VECTOR('',#7481,1.0);
#7479=VECTOR('',#7482,1.0);
#7480=VECTOR('',#7483,1.0);
#7481=DIRECTION('',(0,0,-1));
#7482=DIRECTION('',(0.040592654374394216,-0.05290119904055814,0.9977743730678356));
#7483=DIRECTION('',(-0.608762718909747,0.7933523505136998,0));
#7484=FACE_SURFACE('',(#7489),#7485,.T.);
#7485=PLANE('',#7486);
#7486=AXIS2_PLACEMENT_3D('',#178,#7487,#7488);
#7487=DIRECTION('',(-0.7933523505136998,-0.608762718909747,-0));
#7488=DIRECTION('',(-0.040592654374394216,0.05290119904055814,-0.9977743730678356));
#7489=FACE_BOUND('',#7490,.T.);
#7490=EDGE_LOOP('',(#7491,#7492,#7493));
#7491=ORIENTED_EDGE('',*,*,#7494,.T.);
#7492=ORIENTED_EDGE('',*,*,#7495,.T.);
#7493=ORIENTED_EDGE('',*,*,#7496,.T.);
#7494=EDGE_CURVE('',#179,#461,#7497,.F.);
#7495=EDGE_CURVE('',#461,#457,#7498,.T.);
#7496=EDGE_CURVE('',#457,#179,#7499,.T.);
#7497=LINE('',#178,#7500);
#7498=LINE('',#460,#7501);
#7499=LINE('',#456,#7502);
#7500=VECTOR('',#7503,1.0);
#7501=VECTOR('',#7504,1.0);
#7502=VECTOR('',#7505,1.0);
#7503=DIRECTION('',(-0.040592654374394216,0.05290119904055814,-0.9977743730678356));
#7504=DIRECTION('',(0.608762718909747,-0.7933523505136998,0));
#7505=DIRECTION('',(0,0,1));
#7506=FACE_SURFACE('',(#7511),#7507,.T.);
#7507=PLANE('',#7508);
#7508=AXIS2_PLACEMENT_3D('',#178,#7509,#7510);
#7509=DIRECTION('',(-0.9238802702719445,-0.3826816512484479,-0));
#7510=DIRECTION('',(0,0,-1));
#7511=FACE_BOUND('',#7512,.T.);
#7512=EDGE_LOOP('',(#7513,#7514,#7515));
#7513=ORIENTED_EDGE('',*,*,#7516,.T.);
#7514=ORIENTED_EDGE('',*,*,#7517,.T.);
#7515=ORIENTED_EDGE('',*,*,#7518,.T.);
#7516=EDGE_CURVE('',#179,#457,#7519,.F.);
#7517=EDGE_CURVE('',#457,#181,#7520,.T.);
#7518=EDGE_CURVE('',#181,#179,#7521,.T.);
#7519=LINE('',#178,#7522);
#7520=LINE('',#456,#7523);
#7521=LINE('',#180,#7524);
#7522=VECTOR('',#7525,1.0);
#7523=VECTOR('',#7526,1.0);
#7524=VECTOR('',#7527,1.0);
#7525=DIRECTION('',(0,0,-1));
#7526=DIRECTION('',(0.025517480728913598,-0.0616049839744791,0.9977743653385538));
#7527=DIRECTION('',(-0.3826816512484479,0.9238802702719445,0));
#7528=FACE_SURFACE('',(#7533),#7529,.T.);
#7529=PLANE('',#7530);
#7530=AXIS2_PLACEMENT_3D('',#180,#7531,#7532);
#7531=DIRECTION('',(-0.9238802702719445,-0.3826816512484479,-0));
#7532=DIRECTION('',(-0.025517480728913598,0.0616049839744791,-0.9977743653385538));
#7533=FACE_BOUND('',#7534,.T.);
#7534=EDGE_LOOP('',(#7535,#7536,#7537));
#7535=ORIENTED_EDGE('',*,*,#7538,.T.);
#7536=ORIENTED_EDGE('',*,*,#7539,.T.);
#7537=ORIENTED_EDGE('',*,*,#7540,.T.);
#7538=EDGE_CURVE('',#181,#457,#7541,.F.);
#7539=EDGE_CURVE('',#457,#453,#7542,.T.);
#7540=EDGE_CURVE('',#453,#181,#7543,.T.);
#7541=LINE('',#180,#7544);
#7542=LINE('',#456,#7545);
#7543=LINE('',#452,#7546);
#7544=VECTOR('',#7547,1.0);
#7545=VECTOR('',#7548,1.0);
#7546=VECTOR('',#7549,1.0);
#7547=DIRECTION('',(-0.025517480728913598,0.0616049839744791,-0.9977743653385538));
#7548=DIRECTION('',(0.3826816512484479,-0.9238802702719445,0));
#7549=DIRECTION('',(0,0,1));
#7550=FACE_SURFACE('',(#7555),#7551,.T.);
#7551=PLANE('',#7552);
#7552=AXIS2_PLACEMENT_3D('',#180,#7553,#7554);
#7553=DIRECTION('',(-0.9914444324988245,-0.1305294498076343,-0));
#7554=DIRECTION('',(0,0,-1));
#7555=FACE_BOUND('',#7556,.T.);
#7556=EDGE_LOOP('',(#7557,#7558,#7559));
#7557=ORIENTED_EDGE('',*,*,#7560,.T.);
#7558=ORIENTED_EDGE('',*,*,#7561,.T.);
#7559=ORIENTED_EDGE('',*,*,#7562,.T.);
#7560=EDGE_CURVE('',#181,#453,#7563,.F.);
#7561=EDGE_CURVE('',#453,#183,#7564,.T.);
#7562=EDGE_CURVE('',#183,#181,#7565,.T.);
#7563=LINE('',#180,#7566);
#7564=LINE('',#452,#7567);
#7565=LINE('',#182,#7568);
#7566=VECTOR('',#7569,1.0);
#7567=VECTOR('',#7570,1.0);
#7568=VECTOR('',#7571,1.0);
#7569=DIRECTION('',(0,0,-1));
#7570=DIRECTION('',(0.008703785387554714,-0.06611013512179104,0.9977743703634133));
#7571=DIRECTION('',(-0.1305294498076343,0.9914444324988245,0));
#7572=FACE_SURFACE('',(#7577),#7573,.T.);
#7573=PLANE('',#7574);
#7574=AXIS2_PLACEMENT_3D('',#182,#7575,#7576);
#7575=DIRECTION('',(-0.9914444324988245,-0.1305294498076343,-0));
#7576=DIRECTION('',(-0.008703785387554714,0.06611013512179104,-0.9977743703634133));
#7577=FACE_BOUND('',#7578,.T.);
#7578=EDGE_LOOP('',(#7579,#7580,#7581));
#7579=ORIENTED_EDGE('',*,*,#7582,.T.);
#7580=ORIENTED_EDGE('',*,*,#7583,.T.);
#7581=ORIENTED_EDGE('',*,*,#7584,.T.);
#7582=EDGE_CURVE('',#183,#453,#7585,.F.);
#7583=EDGE_CURVE('',#453,#449,#7586,.T.);
#7584=EDGE_CURVE('',#449,#183,#7587,.T.);
#7585=LINE('',#182,#7588);
#7586=LINE('',#452,#7589);
#7587=LINE('',#448,#7590);
#7588=VECTOR('',#7591,1.0);
#7589=VECTOR('',#7592,1.0);
#7590=VECTOR('',#7593,1.0);
#7591=DIRECTION('',(-0.008703785387554714,0.06611013512179104,-0.9977743703634133));
#7592=DIRECTION('',(0.1305294498076343,-0.9914444324988245,0));
#7593=DIRECTION('',(0,0,1));
#7594=FACE_SURFACE('',(#7599),#7595,.T.);
#7595=PLANE('',#7596);
#7596=AXIS2_PLACEMENT_3D('',#182,#7597,#7598);
#7597=DIRECTION('',(-0.9914444324988245,0.1305294498076343,0));
#7598=DIRECTION('',(0,0,-1));
#7599=FACE_BOUND('',#7600,.T.);
#7600=EDGE_LOOP('',(#7601,#7602,#7603));
#7601=ORIENTED_EDGE('',*,*,#7604,.T.);
#7602=ORIENTED_EDGE('',*,*,#7605,.T.);
#7603=ORIENTED_EDGE('',*,*,#7606,.T.);
#7604=EDGE_CURVE('',#183,#449,#7607,.F.);
#7605=EDGE_CURVE('',#449,#185,#7608,.T.);
#7606=EDGE_CURVE('',#185,#183,#7609,.T.);
#7607=LINE('',#182,#7610);
#7608=LINE('',#448,#7611);
#7609=LINE('',#184,#7612);
#7610=VECTOR('',#7613,1.0);
#7611=VECTOR('',#7614,1.0);
#7612=VECTOR('',#7615,1.0);
#7613=DIRECTION('',(0,0,-1));
#7614=DIRECTION('',(-0.008703785387554714,-0.06611013512179104,0.9977743703634133));
#7615=DIRECTION('',(0.1305294498076343,0.9914444324988245,0));
#7616=FACE_SURFACE('',(#7621),#7617,.T.);
#7617=PLANE('',#7618);
#7618=AXIS2_PLACEMENT_3D('',#184,#7619,#7620);
#7619=DIRECTION('',(-0.9914444324988245,0.1305294498076343,0));
#7620=DIRECTION('',(0.008703785387554714,0.06611013512179104,-0.9977743703634133));
#7621=FACE_BOUND('',#7622,.T.);
#7622=EDGE_LOOP('',(#7623,#7624,#7625));
#7623=ORIENTED_EDGE('',*,*,#7626,.T.);
#7624=ORIENTED_EDGE('',*,*,#7627,.T.);
#7625=ORIENTED_EDGE('',*,*,#7628,.T.);
#7626=EDGE_CURVE('',#185,#449,#7629,.F.);
#7627=EDGE_CURVE('',#449,#445,#7630,.T.);
#7628=EDGE_CURVE('',#445,#185,#7631,.T.);
#7629=LINE('',#184,#7632);
#7630=LINE('',#448,#7633);
#7631=LINE('',#444,#7634);
#7632=VECTOR('',#7635,1.0);
#7633=VECTOR('',#7636,1.0);
#7634=VECTOR('',#7637,1.0);
#7635=DIRECTION('',(0.008703785387554714,0.06611013512179104,-0.9977743703634133));
#7636=DIRECTION('',(-0.1305294498076343,-0.9914444324988245,0));
#7637=DIRECTION('',(0,0,1));
#7638=FACE_SURFACE('',(#7643),#7639,.T.);
#7639=PLANE('',#7640);
#7640=AXIS2_PLACEMENT_3D('',#184,#7641,#7642);
#7641=DIRECTION('',(-0.9238802702719445,0.3826816512484479,0));
#7642=DIRECTION('',(0,0,-1));
#7643=FACE_BOUND('',#7644,.T.);
#7644=EDGE_LOOP('',(#7645,#7646,#7647));
#7645=ORIENTED_EDGE('',*,*,#7648,.T.);
#7646=ORIENTED_EDGE('',*,*,#7649,.T.);
#7647=ORIENTED_EDGE('',*,*,#7650,.T.);
#7648=EDGE_CURVE('',#185,#445,#7651,.F.);
#7649=EDGE_CURVE('',#445,#187,#7652,.T.);
#7650=EDGE_CURVE('',#187,#185,#7653,.T.);
#7651=LINE('',#184,#7654);
#7652=LINE('',#444,#7655);
#7653=LINE('',#186,#7656);
#7654=VECTOR('',#7657,1.0);
#7655=VECTOR('',#7658,1.0);
#7656=VECTOR('',#7659,1.0);
#7657=DIRECTION('',(0,0,-1));
#7658=DIRECTION('',(-0.025517480728913598,-0.0616049839744791,0.9977743653385538));
#7659=DIRECTION('',(0.3826816512484479,0.9238802702719445,0));
#7660=FACE_SURFACE('',(#7665),#7661,.T.);
#7661=PLANE('',#7662);
#7662=AXIS2_PLACEMENT_3D('',#186,#7663,#7664);
#7663=DIRECTION('',(-0.9238802702719445,0.3826816512484479,0));
#7664=DIRECTION('',(0.025517480728913598,0.0616049839744791,-0.9977743653385538));
#7665=FACE_BOUND('',#7666,.T.);
#7666=EDGE_LOOP('',(#7667,#7668,#7669));
#7667=ORIENTED_EDGE('',*,*,#7670,.T.);
#7668=ORIENTED_EDGE('',*,*,#7671,.T.);
#7669=ORIENTED_EDGE('',*,*,#7672,.T.);
#7670=EDGE_CURVE('',#187,#445,#7673,.F.);
#7671=EDGE_CURVE('',#445,#441,#7674,.T.);
#7672=EDGE_CURVE('',#441,#187,#7675,.T.);
#7673=LINE('',#186,#7676);
#7674=LINE('',#444,#7677);
#7675=LINE('',#440,#7678);
#7676=VECTOR('',#7679,1.0);
#7677=VECTOR('',#7680,1.0);
#7678=VECTOR('',#7681,1.0);
#7679=DIRECTION('',(0.025517480728913598,0.0616049839744791,-0.9977743653385538));
#7680=DIRECTION('',(-0.3826816512484479,-0.9238802702719445,0));
#7681=DIRECTION('',(0,0,1));
#7682=FACE_SURFACE('',(#7687),#7683,.T.);
#7683=PLANE('',#7684);
#7684=AXIS2_PLACEMENT_3D('',#186,#7685,#7686);
#7685=DIRECTION('',(-0.7933523505136998,0.608762718909747,0));
#7686=DIRECTION('',(0,0,-1));
#7687=FACE_BOUND('',#7688,.T.);
#7688=EDGE_LOOP('',(#7689,#7690,#7691));
#7689=ORIENTED_EDGE('',*,*,#7692,.T.);
#7690=ORIENTED_EDGE('',*,*,#7693,.T.);
#7691=ORIENTED_EDGE('',*,*,#7694,.T.);
#7692=EDGE_CURVE('',#187,#441,#7695,.F.);
#7693=EDGE_CURVE('',#441,#189,#7696,.T.);
#7694=EDGE_CURVE('',#189,#187,#7697,.T.);
#7695=LINE('',#186,#7698);
#7696=LINE('',#440,#7699);
#7697=LINE('',#188,#7700);
#7698=VECTOR('',#7701,1.0);
#7699=VECTOR('',#7702,1.0);
#7700=VECTOR('',#7703,1.0);
#7701=DIRECTION('',(0,0,-1));
#7702=DIRECTION('',(-0.040592654374394216,-0.05290119904055814,0.9977743730678356));
#7703=DIRECTION('',(0.608762718909747,0.7933523505136998,0));
#7704=FACE_SURFACE('',(#7709),#7705,.T.);
#7705=PLANE('',#7706);
#7706=AXIS2_PLACEMENT_3D('',#188,#7707,#7708);
#7707=DIRECTION('',(-0.7933523505136998,0.608762718909747,0));
#7708=DIRECTION('',(0.040592654374394216,0.05290119904055814,-0.9977743730678356));
#7709=FACE_BOUND('',#7710,.T.);
#7710=EDGE_LOOP('',(#7711,#7712,#7713));
#7711=ORIENTED_EDGE('',*,*,#7714,.T.);
#7712=ORIENTED_EDGE('',*,*,#7715,.T.);
#7713=ORIENTED_EDGE('',*,*,#7716,.T.);
#7714=EDGE_CURVE('',#189,#441,#7717,.F.);
#7715=EDGE_CURVE('',#441,#437,#7718,.T.);
#7716=EDGE_CURVE('',#437,#189,#7719,.T.);
#7717=LINE('',#188,#7720);
#7718=LINE('',#440,#7721);
#7719=LINE('',#436,#7722);
#7720=VECTOR('',#7723,1.0);
#7721=VECTOR('',#7724,1.0);
#7722=VECTOR('',#7725,1.0);
#7723=DIRECTION('',(0.040592654374394216,0.05290119904055814,-0.9977743730678356));
#7724=DIRECTION('',(-0.608762718909747,-0.7933523505136998,0));
#7725=DIRECTION('',(0,0,1));
#7726=FACE_SURFACE('',(#7731),#7727,.T.);
#7727=PLANE('',#7728);
#7728=AXIS2_PLACEMENT_3D('',#188,#7729,#7730);
#7729=DIRECTION('',(-0.6087627189097362,0.793352350513708,0));
#7730=DIRECTION('',(0,0,-1));
#7731=FACE_BOUND('',#7732,.T.);
#7732=EDGE_LOOP('',(#7733,#7734,#7735));
#7733=ORIENTED_EDGE('',*,*,#7736,.T.);
#7734=ORIENTED_EDGE('',*,*,#7737,.T.);
#7735=ORIENTED_EDGE('',*,*,#7738,.T.);
#7736=EDGE_CURVE('',#189,#437,#7739,.F.);
#7737=EDGE_CURVE('',#437,#191,#7740,.T.);
#7738=EDGE_CURVE('',#191,#189,#7741,.T.);
#7739=LINE('',#188,#7742);
#7740=LINE('',#436,#7743);
#7741=LINE('',#190,#7744);
#7742=VECTOR('',#7745,1.0);
#7743=VECTOR('',#7746,1.0);
#7744=VECTOR('',#7747,1.0);
#7745=DIRECTION('',(0,0,-1));
#7746=DIRECTION('',(-0.05290119904055814,-0.040592654374393085,0.9977743730678356));
#7747=DIRECTION('',(0.793352350513708,0.6087627189097362,0));
#7748=FACE_SURFACE('',(#7753),#7749,.T.);
#7749=PLANE('',#7750);
#7750=AXIS2_PLACEMENT_3D('',#190,#7751,#7752);
#7751=DIRECTION('',(-0.6087627189097362,0.793352350513708,0));
#7752=DIRECTION('',(0.05290119904055814,0.040592654374393085,-0.9977743730678356));
#7753=FACE_BOUND('',#7754,.T.);
#7754=EDGE_LOOP('',(#7755,#7756,#7757));
#7755=ORIENTED_EDGE('',*,*,#7758,.T.);
#7756=ORIENTED_EDGE('',*,*,#7759,.T.);
#7757=ORIENTED_EDGE('',*,*,#7760,.T.);
#7758=EDGE_CURVE('',#191,#437,#7761,.F.);
#7759=EDGE_CURVE('',#437,#433,#7762,.T.);
#7760=EDGE_CURVE('',#433,#191,#7763,.T.);
#7761=LINE('',#190,#7764);
#7762=LINE('',#436,#7765);
#7763=LINE('',#432,#7766);
#7764=VECTOR('',#7767,1.0);
#7765=VECTOR('',#7768,1.0);
#7766=VECTOR('',#7769,1.0);
#7767=DIRECTION('',(0.05290119904055814,0.040592654374393085,-0.9977743730678356));
#7768=DIRECTION('',(-0.793352350513708,-0.6087627189097362,0));
#7769=DIRECTION('',(0,0,1));
#7770=FACE_SURFACE('',(#7775),#7771,.T.);
#7771=PLANE('',#7772);
#7772=AXIS2_PLACEMENT_3D('',#190,#7773,#7774);
#7773=DIRECTION('',(-0.3826816512484654,0.9238802702719373,0));
#7774=DIRECTION('',(0,0,-1));
#7775=FACE_BOUND('',#7776,.T.);
#7776=EDGE_LOOP('',(#7777,#7778,#7779));
#7777=ORIENTED_EDGE('',*,*,#7780,.T.);
#7778=ORIENTED_EDGE('',*,*,#7781,.T.);
#7779=ORIENTED_EDGE('',*,*,#7782,.T.);
#7780=EDGE_CURVE('',#191,#433,#7783,.F.);
#7781=EDGE_CURVE('',#433,#205,#7784,.T.);
#7782=EDGE_CURVE('',#205,#191,#7785,.T.);
#7783=LINE('',#190,#7786);
#7784=LINE('',#432,#7787);
#7785=LINE('',#204,#7788);
#7786=VECTOR('',#7789,1.0);
#7787=VECTOR('',#7790,1.0);
#7788=VECTOR('',#7791,1.0);
#7789=DIRECTION('',(0,0,-1));
#7790=DIRECTION('',(-0.061604983974478535,-0.025517480728914733,0.9977743653385538));
#7791=DIRECTION('',(0.9238802702719372,0.38268165124846537,0));
#7792=FACE_SURFACE('',(#7797),#7793,.T.);
#7793=PLANE('',#7794);
#7794=AXIS2_PLACEMENT_3D('',#204,#7795,#7796);
#7795=DIRECTION('',(-0.3826816512484654,0.9238802702719373,0));
#7796=DIRECTION('',(0.061604983974478535,0.025517480728914733,-0.9977743653385538));
#7797=FACE_BOUND('',#7798,.T.);
#7798=EDGE_LOOP('',(#7799,#7800,#7801));
#7799=ORIENTED_EDGE('',*,*,#7802,.T.);
#7800=ORIENTED_EDGE('',*,*,#7803,.T.);
#7801=ORIENTED_EDGE('',*,*,#7804,.T.);
#7802=EDGE_CURVE('',#205,#433,#7805,.F.);
#7803=EDGE_CURVE('',#433,#429,#7806,.T.);
#7804=EDGE_CURVE('',#429,#205,#7807,.T.);
#7805=LINE('',#204,#7808);
#7806=LINE('',#432,#7809);
#7807=LINE('',#428,#7810);
#7808=VECTOR('',#7811,1.0);
#7809=VECTOR('',#7812,1.0);
#7810=VECTOR('',#7813,1.0);
#7811=DIRECTION('',(0.061604983974478535,0.025517480728914733,-0.9977743653385538));
#7812=DIRECTION('',(-0.9238802702719372,-0.38268165124846537,0));
#7813=DIRECTION('',(0,0,1));
#7814=FACE_SURFACE('',(#7819),#7815,.T.);
#7815=PLANE('',#7816);
#7816=AXIS2_PLACEMENT_3D('',#204,#7817,#7818);
#7817=DIRECTION('',(-0.13052944980762596,0.9914444324988257,0));
#7818=DIRECTION('',(0,0,-1));
#7819=FACE_BOUND('',#7820,.T.);
#7820=EDGE_LOOP('',(#7821,#7822,#7823));
#7821=ORIENTED_EDGE('',*,*,#7824,.T.);
#7822=ORIENTED_EDGE('',*,*,#7825,.T.);
#7823=ORIENTED_EDGE('',*,*,#7826,.T.);
#7824=EDGE_CURVE('',#205,#429,#7827,.F.);
#7825=EDGE_CURVE('',#429,#207,#7828,.T.);
#7826=EDGE_CURVE('',#207,#205,#7829,.T.);
#7827=LINE('',#204,#7830);
#7828=LINE('',#428,#7831);
#7829=LINE('',#206,#7832);
#7830=VECTOR('',#7833,1.0);
#7831=VECTOR('',#7834,1.0);
#7832=VECTOR('',#7835,1.0);
#7833=DIRECTION('',(0,0,-1));
#7834=DIRECTION('',(-0.06611013512179104,-0.008703785387554147,0.9977743703634133));
#7835=DIRECTION('',(0.9914444324988257,0.13052944980762596,0));
#7836=FACE_SURFACE('',(#7841),#7837,.T.);
#7837=PLANE('',#7838);
#7838=AXIS2_PLACEMENT_3D('',#206,#7839,#7840);
#7839=DIRECTION('',(-0.13052944980762596,0.9914444324988257,0));
#7840=DIRECTION('',(0.06611013512179104,0.008703785387554147,-0.9977743703634133));
#7841=FACE_BOUND('',#7842,.T.);
#7842=EDGE_LOOP('',(#7843,#7844,#7845));
#7843=ORIENTED_EDGE('',*,*,#7846,.T.);
#7844=ORIENTED_EDGE('',*,*,#7847,.T.);
#7845=ORIENTED_EDGE('',*,*,#7848,.T.);
#7846=EDGE_CURVE('',#207,#429,#7849,.F.);
#7847=EDGE_CURVE('',#429,#425,#7850,.T.);
#7848=EDGE_CURVE('',#425,#207,#7851,.T.);
#7849=LINE('',#206,#7852);
#7850=LINE('',#428,#7853);
#7851=LINE('',#424,#7854);
#7852=VECTOR('',#7855,1.0);
#7853=VECTOR('',#7856,1.0);
#7854=VECTOR('',#7857,1.0);
#7855=DIRECTION('',(0.06611013512179104,0.008703785387554147,-0.9977743703634133));
#7856=DIRECTION('',(-0.9914444324988257,-0.13052944980762596,0));
#7857=DIRECTION('',(0,0,1));
#7858=FACE_SURFACE('',(#7863),#7859,.T.);
#7859=PLANE('',#7860);
#7860=AXIS2_PLACEMENT_3D('',#206,#7861,#7862);
#7861=DIRECTION('',(0.13052944980762596,0.9914444324988257,0));
#7862=DIRECTION('',(0,0,-1));
#7863=FACE_BOUND('',#7864,.T.);
#7864=EDGE_LOOP('',(#7865,#7866,#7867));
#7865=ORIENTED_EDGE('',*,*,#7868,.T.);
#7866=ORIENTED_EDGE('',*,*,#7869,.T.);
#7867=ORIENTED_EDGE('',*,*,#7870,.T.);
#7868=EDGE_CURVE('',#207,#425,#7871,.F.);
#7869=EDGE_CURVE('',#425,#209,#7872,.T.);
#7870=EDGE_CURVE('',#209,#207,#7873,.T.);
#7871=LINE('',#206,#7874);
#7872=LINE('',#424,#7875);
#7873=LINE('',#208,#7876);
#7874=VECTOR('',#7877,1.0);
#7875=VECTOR('',#7878,1.0);
#7876=VECTOR('',#7879,1.0);
#7877=DIRECTION('',(0,0,-1));
#7878=DIRECTION('',(-0.06611013512179104,0.008703785387554147,0.9977743703634133));
#7879=DIRECTION('',(0.9914444324988257,-0.13052944980762596,0));
#7880=FACE_SURFACE('',(#7885),#7881,.T.);
#7881=PLANE('',#7882);
#7882=AXIS2_PLACEMENT_3D('',#208,#7883,#7884);
#7883=DIRECTION('',(0.13052944980762596,0.9914444324988257,0));
#7884=DIRECTION('',(0.06611013512179104,-0.008703785387554147,-0.9977743703634133));
#7885=FACE_BOUND('',#7886,.T.);
#7886=EDGE_LOOP('',(#7887,#7888,#7889));
#7887=ORIENTED_EDGE('',*,*,#7890,.T.);
#7888=ORIENTED_EDGE('',*,*,#7891,.T.);
#7889=ORIENTED_EDGE('',*,*,#7892,.T.);
#7890=EDGE_CURVE('',#209,#425,#7893,.F.);
#7891=EDGE_CURVE('',#425,#421,#7894,.T.);
#7892=EDGE_CURVE('',#421,#209,#7895,.T.);
#7893=LINE('',#208,#7896);
#7894=LINE('',#424,#7897);
#7895=LINE('',#420,#7898);
#7896=VECTOR('',#7899,1.0);
#7897=VECTOR('',#7900,1.0);
#7898=VECTOR('',#7901,1.0);
#7899=DIRECTION('',(0.06611013512179104,-0.008703785387554147,-0.9977743703634133));
#7900=DIRECTION('',(-0.9914444324988257,0.13052944980762596,0));
#7901=DIRECTION('',(0,0,1));
#7902=FACE_SURFACE('',(#7907),#7903,.T.);
#7903=PLANE('',#7904);
#7904=AXIS2_PLACEMENT_3D('',#208,#7905,#7906);
#7905=DIRECTION('',(0.3826816512484654,0.9238802702719373,0));
#7906=DIRECTION('',(0,0,-1));
#7907=FACE_BOUND('',#7908,.T.);
#7908=EDGE_LOOP('',(#7909,#7910,#7911));
#7909=ORIENTED_EDGE('',*,*,#7912,.T.);
#7910=ORIENTED_EDGE('',*,*,#7913,.T.);
#7911=ORIENTED_EDGE('',*,*,#7914,.T.);
#7912=EDGE_CURVE('',#209,#421,#7915,.F.);
#7913=EDGE_CURVE('',#421,#211,#7916,.T.);
#7914=EDGE_CURVE('',#211,#209,#7917,.T.);
#7915=LINE('',#208,#7918);
#7916=LINE('',#420,#7919);
#7917=LINE('',#210,#7920);
#7918=VECTOR('',#7921,1.0);
#7919=VECTOR('',#7922,1.0);
#7920=VECTOR('',#7923,1.0);
#7921=DIRECTION('',(0,0,-1));
#7922=DIRECTION('',(-0.061604983974478535,0.025517480728914733,0.9977743653385538));
#7923=DIRECTION('',(0.9238802702719372,-0.38268165124846537,0));
#7924=FACE_SURFACE('',(#7929),#7925,.T.);
#7925=PLANE('',#7926);
#7926=AXIS2_PLACEMENT_3D('',#210,#7927,#7928);
#7927=DIRECTION('',(0.3826816512484654,0.9238802702719373,0));
#7928=DIRECTION('',(0.061604983974478535,-0.025517480728914733,-0.9977743653385538));
#7929=FACE_BOUND('',#7930,.T.);
#7930=EDGE_LOOP('',(#7931,#7932,#7933));
#7931=ORIENTED_EDGE('',*,*,#7934,.T.);
#7932=ORIENTED_EDGE('',*,*,#7935,.T.);
#7933=ORIENTED_EDGE('',*,*,#7936,.T.);
#7934=EDGE_CURVE('',#211,#421,#7937,.F.);
#7935=EDGE_CURVE('',#421,#417,#7938,.T.);
#7936=EDGE_CURVE('',#417,#211,#7939,.T.);
#7937=LINE('',#210,#7940);
#7938=LINE('',#420,#7941);
#7939=LINE('',#416,#7942);
#7940=VECTOR('',#7943,1.0);
#7941=VECTOR('',#7944,1.0);
#7942=VECTOR('',#7945,1.0);
#7943=DIRECTION('',(0.061604983974478535,-0.025517480728914733,-0.9977743653385538));
#7944=DIRECTION('',(-0.9238802702719372,0.38268165124846537,0));
#7945=DIRECTION('',(0,0,1));
#7946=FACE_SURFACE('',(#7951),#7947,.T.);
#7947=PLANE('',#7948);
#7948=AXIS2_PLACEMENT_3D('',#210,#7949,#7950);
#7949=DIRECTION('',(0.6087627189097362,0.793352350513708,0));
#7950=DIRECTION('',(0,0,-1));
#7951=FACE_BOUND('',#7952,.T.);
#7952=EDGE_LOOP('',(#7953,#7954,#7955));
#7953=ORIENTED_EDGE('',*,*,#7956,.T.);
#7954=ORIENTED_EDGE('',*,*,#7957,.T.);
#7955=ORIENTED_EDGE('',*,*,#7958,.T.);
#7956=EDGE_CURVE('',#211,#417,#7959,.F.);
#7957=EDGE_CURVE('',#417,#97,#7960,.T.);
#7958=EDGE_CURVE('',#97,#211,#7961,.T.);
#7959=LINE('',#210,#7962);
#7960=LINE('',#416,#7963);
#7961=LINE('',#96,#7964);
#7962=VECTOR('',#7965,1.0);
#7963=VECTOR('',#7966,1.0);
#7964=VECTOR('',#7967,1.0);
#7965=DIRECTION('',(0,0,-1));
#7966=DIRECTION('',(-0.05290119904055814,0.040592654374393085,0.9977743730678356));
#7967=DIRECTION('',(0.793352350513708,-0.6087627189097362,0));
#7968=FACE_SURFACE('',(#7973),#7969,.T.);
#7969=PLANE('',#7970);
#7970=AXIS2_PLACEMENT_3D('',#96,#7971,#7972);
#7971=DIRECTION('',(0.6087627189097362,0.793352350513708,0));
#7972=DIRECTION('',(0.05290119904055814,-0.040592654374393085,-0.9977743730678356));
#7973=FACE_BOUND('',#7974,.T.);
#7974=EDGE_LOOP('',(#7975,#7976,#7977));
#7975=ORIENTED_EDGE('',*,*,#7978,.T.);
#7976=ORIENTED_EDGE('',*,*,#7979,.T.);
#7977=ORIENTED_EDGE('',*,*,#7980,.T.);
#7978=EDGE_CURVE('',#97,#417,#7981,.F.);
#7979=EDGE_CURVE('',#417,#413,#7982,.T.);
#7980=EDGE_CURVE('',#413,#97,#7983,.T.);
#7981=LINE('',#96,#7984);
#7982=LINE('',#416,#7985);
#7983=LINE('',#412,#7986);
#7984=VECTOR('',#7987,1.0);
#7985=VECTOR('',#7988,1.0);
#7986=VECTOR('',#7989,1.0);
#7987=DIRECTION('',(0.05290119904055814,-0.040592654374393085,-0.9977743730678356));
#7988=DIRECTION('',(-0.793352350513708,0.6087627189097362,0));
#7989=DIRECTION('',(0,0,1));
#7990=FACE_SURFACE('',(#7995),#7991,.T.);
#7991=PLANE('',#7992);
#7992=AXIS2_PLACEMENT_3D('',#96,#7993,#7994);
#7993=DIRECTION('',(0.7933523505136998,0.608762718909747,0));
#7994=DIRECTION('',(0,0,-1));
#7995=FACE_BOUND('',#7996,.T.);
#7996=EDGE_LOOP('',(#7997,#7998,#7999));
#7997=ORIENTED_EDGE('',*,*,#8000,.T.);
#7998=ORIENTED_EDGE('',*,*,#8001,.T.);
#7999=ORIENTED_EDGE('',*,*,#8002,.T.);
#8000=EDGE_CURVE('',#97,#413,#8003,.F.);
#8001=EDGE_CURVE('',#413,#93,#8004,.T.);
#8002=EDGE_CURVE('',#93,#97,#8005,.T.);
#8003=LINE('',#96,#8006);
#8004=LINE('',#412,#8007);
#8005=LINE('',#92,#8008);
#8006=VECTOR('',#8009,1.0);
#8007=VECTOR('',#8010,1.0);
#8008=VECTOR('',#8011,1.0);
#8009=DIRECTION('',(0,0,-1));
#8010=DIRECTION('',(-0.040592654374394216,0.05290119904055814,0.9977743730678356));
#8011=DIRECTION('',(0.608762718909747,-0.7933523505136998,0));
#8012=FACE_SURFACE('',(#8017),#8013,.T.);
#8013=PLANE('',#8014);
#8014=AXIS2_PLACEMENT_3D('',#92,#8015,#8016);
#8015=DIRECTION('',(0.7933523505136998,0.608762718909747,0));
#8016=DIRECTION('',(0.040592654374394216,-0.05290119904055814,-0.9977743730678356));
#8017=FACE_BOUND('',#8018,.T.);
#8018=EDGE_LOOP('',(#8019,#8020,#8021));
#8019=ORIENTED_EDGE('',*,*,#8022,.T.);
#8020=ORIENTED_EDGE('',*,*,#8023,.T.);
#8021=ORIENTED_EDGE('',*,*,#8024,.T.);
#8022=EDGE_CURVE('',#93,#413,#8025,.F.);
#8023=EDGE_CURVE('',#413,#409,#8026,.T.);
#8024=EDGE_CURVE('',#409,#93,#8027,.T.);
#8025=LINE('',#92,#8028);
#8026=LINE('',#412,#8029);
#8027=LINE('',#408,#8030);
#8028=VECTOR('',#8031,1.0);
#8029=VECTOR('',#8032,1.0);
#8030=VECTOR('',#8033,1.0);
#8031=DIRECTION('',(0.040592654374394216,-0.05290119904055814,-0.9977743730678356));
#8032=DIRECTION('',(-0.608762718909747,0.7933523505136998,0));
#8033=DIRECTION('',(0,0,1));
#8034=FACE_SURFACE('',(#8039),#8035,.T.);
#8035=PLANE('',#8036);
#8036=AXIS2_PLACEMENT_3D('',#92,#8037,#8038);
#8037=DIRECTION('',(0.9238802702719445,0.3826816512484479,0));
#8038=DIRECTION('',(0,0,-1));
#8039=FACE_BOUND('',#8040,.T.);
#8040=EDGE_LOOP('',(#8041,#8042,#8043));
#8041=ORIENTED_EDGE('',*,*,#8044,.T.);
#8042=ORIENTED_EDGE('',*,*,#8045,.T.);
#8043=ORIENTED_EDGE('',*,*,#8046,.T.);
#8044=EDGE_CURVE('',#93,#409,#8047,.F.);
#8045=EDGE_CURVE('',#409,#89,#8048,.T.);
#8046=EDGE_CURVE('',#89,#93,#8049,.T.);
#8047=LINE('',#92,#8050);
#8048=LINE('',#408,#8051);
#8049=LINE('',#88,#8052);
#8050=VECTOR('',#8053,1.0);
#8051=VECTOR('',#8054,1.0);
#8052=VECTOR('',#8055,1.0);
#8053=DIRECTION('',(0,0,-1));
#8054=DIRECTION('',(-0.025517480728913598,0.0616049839744791,0.9977743653385538));
#8055=DIRECTION('',(0.3826816512484479,-0.9238802702719445,0));
#8056=FACE_SURFACE('',(#8061),#8057,.T.);
#8057=PLANE('',#8058);
#8058=AXIS2_PLACEMENT_3D('',#88,#8059,#8060);
#8059=DIRECTION('',(0.9238802702719445,0.3826816512484479,0));
#8060=DIRECTION('',(0.025517480728913598,-0.0616049839744791,-0.9977743653385538));
#8061=FACE_BOUND('',#8062,.T.);
#8062=EDGE_LOOP('',(#8063,#8064,#8065));
#8063=ORIENTED_EDGE('',*,*,#8066,.T.);
#8064=ORIENTED_EDGE('',*,*,#8067,.T.);
#8065=ORIENTED_EDGE('',*,*,#8068,.T.);
#8066=EDGE_CURVE('',#89,#409,#8069,.F.);
#8067=EDGE_CURVE('',#409,#405,#8070,.T.);
#8068=EDGE_CURVE('',#405,#89,#8071,.T.);
#8069=LINE('',#88,#8072);
#8070=LINE('',#408,#8073);
#8071=LINE('',#404,#8074);
#8072=VECTOR('',#8075,1.0);
#8073=VECTOR('',#8076,1.0);
#8074=VECTOR('',#8077,1.0);
#8075=DIRECTION('',(0.025517480728913598,-0.0616049839744791,-0.9977743653385538));
#8076=DIRECTION('',(-0.3826816512484479,0.9238802702719445,0));
#8077=DIRECTION('',(0,0,1));
#8078=FACE_SURFACE('',(#8083),#8079,.T.);
#8079=PLANE('',#8080);
#8080=AXIS2_PLACEMENT_3D('',#490,#8081,#8082);
#8081=DIRECTION('',(0.9914444324988245,-0.1305294498076343,0));
#8082=DIRECTION('',(0,0,1));
#8083=FACE_BOUND('',#8084,.T.);
#8084=EDGE_LOOP('',(#8085,#8086,#8087));
#8085=ORIENTED_EDGE('',*,*,#8088,.T.);
#8086=ORIENTED_EDGE('',*,*,#8089,.T.);
#8087=ORIENTED_EDGE('',*,*,#8090,.T.);
#8088=EDGE_CURVE('',#491,#493,#8091,.F.);
#8089=EDGE_CURVE('',#493,#495,#8092,.T.);
#8090=EDGE_CURVE('',#495,#491,#8093,.T.);
#8091=LINE('',#490,#8094);
#8092=LINE('',#492,#8095);
#8093=LINE('',#494,#8096);
#8094=VECTOR('',#8097,1.0);
#8095=VECTOR('',#8098,1.0);
#8096=VECTOR('',#8099,1.0);
#8097=DIRECTION('',(0,0,1));
#8098=DIRECTION('',(-0.008703785387554714,-0.06611013512179104,-0.9977743703634133));
#8099=DIRECTION('',(0.1305294498076343,0.9914444324988245,0));
#8100=FACE_SURFACE('',(#8105),#8101,.T.);
#8101=PLANE('',#8102);
#8102=AXIS2_PLACEMENT_3D('',#494,#8103,#8104);
#8103=DIRECTION('',(0.9914444324988245,-0.1305294498076343,0));
#8104=DIRECTION('',(0.008703785387554714,0.06611013512179104,0.9977743703634133));
#8105=FACE_BOUND('',#8106,.T.);
#8106=EDGE_LOOP('',(#8107,#8108,#8109));
#8107=ORIENTED_EDGE('',*,*,#8110,.T.);
#8108=ORIENTED_EDGE('',*,*,#8111,.T.);
#8109=ORIENTED_EDGE('',*,*,#8112,.T.);
#8110=EDGE_CURVE('',#495,#493,#8113,.F.);
#8111=EDGE_CURVE('',#493,#497,#8114,.T.);
#8112=EDGE_CURVE('',#497,#495,#8115,.T.);
#8113=LINE('',#494,#8116);
#8114=LINE('',#492,#8117);
#8115=LINE('',#496,#8118);
#8116=VECTOR('',#8119,1.0);
#8117=VECTOR('',#8120,1.0);
#8118=VECTOR('',#8121,1.0);
#8119=DIRECTION('',(0.008703785387554714,0.06611013512179104,0.9977743703634133));
#8120=DIRECTION('',(-0.1305294498076343,-0.9914444324988245,0));
#8121=DIRECTION('',(0,0,-1));
#8122=FACE_SURFACE('',(#8127),#8123,.T.);
#8123=PLANE('',#8124);
#8124=AXIS2_PLACEMENT_3D('',#494,#8125,#8126);
#8125=DIRECTION('',(0.9914444324988245,0.1305294498076343,-0));
#8126=DIRECTION('',(0,0,1));
#8127=FACE_BOUND('',#8128,.T.);
#8128=EDGE_LOOP('',(#8129,#8130,#8131));
#8129=ORIENTED_EDGE('',*,*,#8132,.T.);
#8130=ORIENTED_EDGE('',*,*,#8133,.T.);
#8131=ORIENTED_EDGE('',*,*,#8134,.T.);
#8132=EDGE_CURVE('',#495,#497,#8135,.F.);
#8133=EDGE_CURVE('',#497,#499,#8136,.T.);
#8134=EDGE_CURVE('',#499,#495,#8137,.T.);
#8135=LINE('',#494,#8138);
#8136=LINE('',#496,#8139);
#8137=LINE('',#498,#8140);
#8138=VECTOR('',#8141,1.0);
#8139=VECTOR('',#8142,1.0);
#8140=VECTOR('',#8143,1.0);
#8141=DIRECTION('',(0,0,1));
#8142=DIRECTION('',(0.008703785387554714,-0.06611013512179104,-0.9977743703634133));
#8143=DIRECTION('',(-0.1305294498076343,0.9914444324988245,0));
#8144=FACE_SURFACE('',(#8149),#8145,.T.);
#8145=PLANE('',#8146);
#8146=AXIS2_PLACEMENT_3D('',#498,#8147,#8148);
#8147=DIRECTION('',(0.9914444324988245,0.1305294498076343,-0));
#8148=DIRECTION('',(-0.008703785387554714,0.06611013512179104,0.9977743703634133));
#8149=FACE_BOUND('',#8150,.T.);
#8150=EDGE_LOOP('',(#8151,#8152,#8153));
#8151=ORIENTED_EDGE('',*,*,#8154,.T.);
#8152=ORIENTED_EDGE('',*,*,#8155,.T.);
#8153=ORIENTED_EDGE('',*,*,#8156,.T.);
#8154=EDGE_CURVE('',#499,#497,#8157,.F.);
#8155=EDGE_CURVE('',#497,#501,#8158,.T.);
#8156=EDGE_CURVE('',#501,#499,#8159,.T.);
#8157=LINE('',#498,#8160);
#8158=LINE('',#496,#8161);
#8159=LINE('',#500,#8162);
#8160=VECTOR('',#8163,1.0);
#8161=VECTOR('',#8164,1.0);
#8162=VECTOR('',#8165,1.0);
#8163=DIRECTION('',(-0.008703785387554714,0.06611013512179104,0.9977743703634133));
#8164=DIRECTION('',(0.1305294498076343,-0.9914444324988245,0));
#8165=DIRECTION('',(0,0,-1));
#8166=FACE_SURFACE('',(#8171),#8167,.T.);
#8167=PLANE('',#8168);
#8168=AXIS2_PLACEMENT_3D('',#498,#8169,#8170);
#8169=DIRECTION('',(0.9238802702719445,0.3826816512484479,-0));
#8170=DIRECTION('',(0,0,1));
#8171=FACE_BOUND('',#8172,.T.);
#8172=EDGE_LOOP('',(#8173,#8174,#8175));
#8173=ORIENTED_EDGE('',*,*,#8176,.T.);
#8174=ORIENTED_EDGE('',*,*,#8177,.T.);
#8175=ORIENTED_EDGE('',*,*,#8178,.T.);
#8176=EDGE_CURVE('',#499,#501,#8179,.F.);
#8177=EDGE_CURVE('',#501,#503,#8180,.T.);
#8178=EDGE_CURVE('',#503,#499,#8181,.T.);
#8179=LINE('',#498,#8182);
#8180=LINE('',#500,#8183);
#8181=LINE('',#502,#8184);
#8182=VECTOR('',#8185,1.0);
#8183=VECTOR('',#8186,1.0);
#8184=VECTOR('',#8187,1.0);
#8185=DIRECTION('',(0,0,1));
#8186=DIRECTION('',(0.025517480728913598,-0.0616049839744791,-0.9977743653385538));
#8187=DIRECTION('',(-0.3826816512484479,0.9238802702719445,0));
#8188=FACE_SURFACE('',(#8193),#8189,.T.);
#8189=PLANE('',#8190);
#8190=AXIS2_PLACEMENT_3D('',#502,#8191,#8192);
#8191=DIRECTION('',(0.9238802702719445,0.3826816512484479,-0));
#8192=DIRECTION('',(-0.025517480728913598,0.0616049839744791,0.9977743653385538));
#8193=FACE_BOUND('',#8194,.T.);
#8194=EDGE_LOOP('',(#8195,#8196,#8197));
#8195=ORIENTED_EDGE('',*,*,#8198,.T.);
#8196=ORIENTED_EDGE('',*,*,#8199,.T.);
#8197=ORIENTED_EDGE('',*,*,#8200,.T.);
#8198=EDGE_CURVE('',#503,#501,#8201,.F.);
#8199=EDGE_CURVE('',#501,#505,#8202,.T.);
#8200=EDGE_CURVE('',#505,#503,#8203,.T.);
#8201=LINE('',#502,#8204);
#8202=LINE('',#500,#8205);
#8203=LINE('',#504,#8206);
#8204=VECTOR('',#8207,1.0);
#8205=VECTOR('',#8208,1.0);
#8206=VECTOR('',#8209,1.0);
#8207=DIRECTION('',(-0.025517480728913598,0.0616049839744791,0.9977743653385538));
#8208=DIRECTION('',(0.3826816512484479,-0.9238802702719445,0));
#8209=DIRECTION('',(0,0,-1));
#8210=FACE_SURFACE('',(#8215),#8211,.T.);
#8211=PLANE('',#8212);
#8212=AXIS2_PLACEMENT_3D('',#502,#8213,#8214);
#8213=DIRECTION('',(0.7933523505136998,0.608762718909747,-0));
#8214=DIRECTION('',(0,0,1));
#8215=FACE_BOUND('',#8216,.T.);
#8216=EDGE_LOOP('',(#8217,#8218,#8219));
#8217=ORIENTED_EDGE('',*,*,#8220,.T.);
#8218=ORIENTED_EDGE('',*,*,#8221,.T.);
#8219=ORIENTED_EDGE('',*,*,#8222,.T.);
#8220=EDGE_CURVE('',#503,#505,#8223,.F.);
#8221=EDGE_CURVE('',#505,#507,#8224,.T.);
#8222=EDGE_CURVE('',#507,#503,#8225,.T.);
#8223=LINE('',#502,#8226);
#8224=LINE('',#504,#8227);
#8225=LINE('',#506,#8228);
#8226=VECTOR('',#8229,1.0);
#8227=VECTOR('',#8230,1.0);
#8228=VECTOR('',#8231,1.0);
#8229=DIRECTION('',(0,0,1));
#8230=DIRECTION('',(0.040592654374394216,-0.05290119904055814,-0.9977743730678356));
#8231=DIRECTION('',(-0.608762718909747,0.7933523505136998,0));
#8232=FACE_SURFACE('',(#8237),#8233,.T.);
#8233=PLANE('',#8234);
#8234=AXIS2_PLACEMENT_3D('',#506,#8235,#8236);
#8235=DIRECTION('',(0.7933523505136998,0.608762718909747,-0));
#8236=DIRECTION('',(-0.040592654374394216,0.05290119904055814,0.9977743730678356));
#8237=FACE_BOUND('',#8238,.T.);
#8238=EDGE_LOOP('',(#8239,#8240,#8241));
#8239=ORIENTED_EDGE('',*,*,#8242,.T.);
#8240=ORIENTED_EDGE('',*,*,#8243,.T.);
#8241=ORIENTED_EDGE('',*,*,#8244,.T.);
#8242=EDGE_CURVE('',#507,#505,#8245,.F.);
#8243=EDGE_CURVE('',#505,#509,#8246,.T.);
#8244=EDGE_CURVE('',#509,#507,#8247,.T.);
#8245=LINE('',#506,#8248);
#8246=LINE('',#504,#8249);
#8247=LINE('',#508,#8250);
#8248=VECTOR('',#8251,1.0);
#8249=VECTOR('',#8252,1.0);
#8250=VECTOR('',#8253,1.0);
#8251=DIRECTION('',(-0.040592654374394216,0.05290119904055814,0.9977743730678356));
#8252=DIRECTION('',(0.608762718909747,-0.7933523505136998,0));
#8253=DIRECTION('',(0,0,-1));
#8254=FACE_SURFACE('',(#8259),#8255,.T.);
#8255=PLANE('',#8256);
#8256=AXIS2_PLACEMENT_3D('',#506,#8257,#8258);
#8257=DIRECTION('',(0.6087627189097362,0.793352350513708,-0));
#8258=DIRECTION('',(0,0,1));
#8259=FACE_BOUND('',#8260,.T.);
#8260=EDGE_LOOP('',(#8261,#8262,#8263));
#8261=ORIENTED_EDGE('',*,*,#8264,.T.);
#8262=ORIENTED_EDGE('',*,*,#8265,.T.);
#8263=ORIENTED_EDGE('',*,*,#8266,.T.);
#8264=EDGE_CURVE('',#507,#509,#8267,.F.);
#8265=EDGE_CURVE('',#509,#511,#8268,.T.);
#8266=EDGE_CURVE('',#511,#507,#8269,.T.);
#8267=LINE('',#506,#8270);
#8268=LINE('',#508,#8271);
#8269=LINE('',#510,#8272);
#8270=VECTOR('',#8273,1.0);
#8271=VECTOR('',#8274,1.0);
#8272=VECTOR('',#8275,1.0);
#8273=DIRECTION('',(0,0,1));
#8274=DIRECTION('',(0.05290119904055814,-0.040592654374393085,-0.9977743730678356));
#8275=DIRECTION('',(-0.793352350513708,0.6087627189097362,0));
#8276=FACE_SURFACE('',(#8281),#8277,.T.);
#8277=PLANE('',#8278);
#8278=AXIS2_PLACEMENT_3D('',#510,#8279,#8280);
#8279=DIRECTION('',(0.6087627189097362,0.793352350513708,-0));
#8280=DIRECTION('',(-0.05290119904055814,0.040592654374393085,0.9977743730678356));
#8281=FACE_BOUND('',#8282,.T.);
#8282=EDGE_LOOP('',(#8283,#8284,#8285));
#8283=ORIENTED_EDGE('',*,*,#8286,.T.);
#8284=ORIENTED_EDGE('',*,*,#8287,.T.);
#8285=ORIENTED_EDGE('',*,*,#8288,.T.);
#8286=EDGE_CURVE('',#511,#509,#8289,.F.);
#8287=EDGE_CURVE('',#509,#513,#8290,.T.);
#8288=EDGE_CURVE('',#513,#511,#8291,.T.);
#8289=LINE('',#510,#8292);
#8290=LINE('',#508,#8293);
#8291=LINE('',#512,#8294);
#8292=VECTOR('',#8295,1.0);
#8293=VECTOR('',#8296,1.0);
#8294=VECTOR('',#8297,1.0);
#8295=DIRECTION('',(-0.05290119904055814,0.040592654374393085,0.9977743730678356));
#8296=DIRECTION('',(0.793352350513708,-0.6087627189097362,0));
#8297=DIRECTION('',(0,0,-1));
#8298=FACE_SURFACE('',(#8303),#8299,.T.);
#8299=PLANE('',#8300);
#8300=AXIS2_PLACEMENT_3D('',#510,#8301,#8302);
#8301=DIRECTION('',(0.3826816512484654,0.9238802702719373,-0));
#8302=DIRECTION('',(0,0,1));
#8303=FACE_BOUND('',#8304,.T.);
#8304=EDGE_LOOP('',(#8305,#8306,#8307));
#8305=ORIENTED_EDGE('',*,*,#8308,.T.);
#8306=ORIENTED_EDGE('',*,*,#8309,.T.);
#8307=ORIENTED_EDGE('',*,*,#8310,.T.);
#8308=EDGE_CURVE('',#511,#513,#8311,.F.);
#8309=EDGE_CURVE('',#513,#515,#8312,.T.);
#8310=EDGE_CURVE('',#515,#511,#8313,.T.);
#8311=LINE('',#510,#8314);
#8312=LINE('',#512,#8315);
#8313=LINE('',#514,#8316);
#8314=VECTOR('',#8317,1.0);
#8315=VECTOR('',#8318,1.0);
#8316=VECTOR('',#8319,1.0);
#8317=DIRECTION('',(0,0,1));
#8318=DIRECTION('',(0.061604983974478535,-0.025517480728914733,-0.9977743653385538));
#8319=DIRECTION('',(-0.9238802702719372,0.38268165124846537,0));
#8320=FACE_SURFACE('',(#8325),#8321,.T.);
#8321=PLANE('',#8322);
#8322=AXIS2_PLACEMENT_3D('',#514,#8323,#8324);
#8323=DIRECTION('',(0.3826816512484654,0.9238802702719373,-0));
#8324=DIRECTION('',(-0.061604983974478535,0.025517480728914733,0.9977743653385538));
#8325=FACE_BOUND('',#8326,.T.);
#8326=EDGE_LOOP('',(#8327,#8328,#8329));
#8327=ORIENTED_EDGE('',*,*,#8330,.T.);
#8328=ORIENTED_EDGE('',*,*,#8331,.T.);
#8329=ORIENTED_EDGE('',*,*,#8332,.T.);
#8330=EDGE_CURVE('',#515,#513,#8333,.F.);
#8331=EDGE_CURVE('',#513,#517,#8334,.T.);
#8332=EDGE_CURVE('',#517,#515,#8335,.T.);
#8333=LINE('',#514,#8336);
#8334=LINE('',#512,#8337);
#8335=LINE('',#516,#8338);
#8336=VECTOR('',#8339,1.0);
#8337=VECTOR('',#8340,1.0);
#8338=VECTOR('',#8341,1.0);
#8339=DIRECTION('',(-0.061604983974478535,0.025517480728914733,0.9977743653385538));
#8340=DIRECTION('',(0.9238802702719372,-0.38268165124846537,0));
#8341=DIRECTION('',(0,0,-1));
#8342=FACE_SURFACE('',(#8347),#8343,.T.);
#8343=PLANE('',#8344);
#8344=AXIS2_PLACEMENT_3D('',#514,#8345,#8346);
#8345=DIRECTION('',(0.13052944980762596,0.9914444324988257,-0));
#8346=DIRECTION('',(0,0,1));
#8347=FACE_BOUND('',#8348,.T.);
#8348=EDGE_LOOP('',(#8349,#8350,#8351));
#8349=ORIENTED_EDGE('',*,*,#8352,.T.);
#8350=ORIENTED_EDGE('',*,*,#8353,.T.);
#8351=ORIENTED_EDGE('',*,*,#8354,.T.);
#8352=EDGE_CURVE('',#515,#517,#8355,.F.);
#8353=EDGE_CURVE('',#517,#519,#8356,.T.);
#8354=EDGE_CURVE('',#519,#515,#8357,.T.);
#8355=LINE('',#514,#8358);
#8356=LINE('',#516,#8359);
#8357=LINE('',#518,#8360);
#8358=VECTOR('',#8361,1.0);
#8359=VECTOR('',#8362,1.0);
#8360=VECTOR('',#8363,1.0);
#8361=DIRECTION('',(0,0,1));
#8362=DIRECTION('',(0.06611013512179104,-0.008703785387554147,-0.9977743703634133));
#8363=DIRECTION('',(-0.9914444324988257,0.13052944980762596,0));
#8364=FACE_SURFACE('',(#8369),#8365,.T.);
#8365=PLANE('',#8366);
#8366=AXIS2_PLACEMENT_3D('',#518,#8367,#8368);
#8367=DIRECTION('',(0.13052944980762596,0.9914444324988257,-0));
#8368=DIRECTION('',(-0.06611013512179104,0.008703785387554147,0.9977743703634133));
#8369=FACE_BOUND('',#8370,.T.);
#8370=EDGE_LOOP('',(#8371,#8372,#8373));
#8371=ORIENTED_EDGE('',*,*,#8374,.T.);
#8372=ORIENTED_EDGE('',*,*,#8375,.T.);
#8373=ORIENTED_EDGE('',*,*,#8376,.T.);
#8374=EDGE_CURVE('',#519,#517,#8377,.F.);
#8375=EDGE_CURVE('',#517,#521,#8378,.T.);
#8376=EDGE_CURVE('',#521,#519,#8379,.T.);
#8377=LINE('',#518,#8380);
#8378=LINE('',#516,#8381);
#8379=LINE('',#520,#8382);
#8380=VECTOR('',#8383,1.0);
#8381=VECTOR('',#8384,1.0);
#8382=VECTOR('',#8385,1.0);
#8383=DIRECTION('',(-0.06611013512179104,0.008703785387554147,0.9977743703634133));
#8384=DIRECTION('',(0.9914444324988257,-0.13052944980762596,0));
#8385=DIRECTION('',(0,0,-1));
#8386=FACE_SURFACE('',(#8391),#8387,.T.);
#8387=PLANE('',#8388);
#8388=AXIS2_PLACEMENT_3D('',#518,#8389,#8390);
#8389=DIRECTION('',(-0.13052944980762596,0.9914444324988257,0));
#8390=DIRECTION('',(0,0,1));
#8391=FACE_BOUND('',#8392,.T.);
#8392=EDGE_LOOP('',(#8393,#8394,#8395));
#8393=ORIENTED_EDGE('',*,*,#8396,.T.);
#8394=ORIENTED_EDGE('',*,*,#8397,.T.);
#8395=ORIENTED_EDGE('',*,*,#8398,.T.);
#8396=EDGE_CURVE('',#519,#521,#8399,.F.);
#8397=EDGE_CURVE('',#521,#523,#8400,.T.);
#8398=EDGE_CURVE('',#523,#519,#8401,.T.);
#8399=LINE('',#518,#8402);
#8400=LINE('',#520,#8403);
#8401=LINE('',#522,#8404);
#8402=VECTOR('',#8405,1.0);
#8403=VECTOR('',#8406,1.0);
#8404=VECTOR('',#8407,1.0);
#8405=DIRECTION('',(0,0,1));
#8406=DIRECTION('',(0.06611013512179104,0.008703785387554147,-0.9977743703634133));
#8407=DIRECTION('',(-0.9914444324988257,-0.13052944980762596,0));
#8408=FACE_SURFACE('',(#8413),#8409,.T.);
#8409=PLANE('',#8410);
#8410=AXIS2_PLACEMENT_3D('',#522,#8411,#8412);
#8411=DIRECTION('',(-0.13052944980762596,0.9914444324988257,0));
#8412=DIRECTION('',(-0.06611013512179104,-0.008703785387554147,0.9977743703634133));
#8413=FACE_BOUND('',#8414,.T.);
#8414=EDGE_LOOP('',(#8415,#8416,#8417));
#8415=ORIENTED_EDGE('',*,*,#8418,.T.);
#8416=ORIENTED_EDGE('',*,*,#8419,.T.);
#8417=ORIENTED_EDGE('',*,*,#8420,.T.);
#8418=EDGE_CURVE('',#523,#521,#8421,.F.);
#8419=EDGE_CURVE('',#521,#525,#8422,.T.);
#8420=EDGE_CURVE('',#525,#523,#8423,.T.);
#8421=LINE('',#522,#8424);
#8422=LINE('',#520,#8425);
#8423=LINE('',#524,#8426);
#8424=VECTOR('',#8427,1.0);
#8425=VECTOR('',#8428,1.0);
#8426=VECTOR('',#8429,1.0);
#8427=DIRECTION('',(-0.06611013512179104,-0.008703785387554147,0.9977743703634133));
#8428=DIRECTION('',(0.9914444324988257,0.13052944980762596,0));
#8429=DIRECTION('',(0,0,-1));
#8430=FACE_SURFACE('',(#8435),#8431,.T.);
#8431=PLANE('',#8432);
#8432=AXIS2_PLACEMENT_3D('',#522,#8433,#8434);
#8433=DIRECTION('',(-0.3826816512484654,0.9238802702719373,0));
#8434=DIRECTION('',(0,0,1));
#8435=FACE_BOUND('',#8436,.T.);
#8436=EDGE_LOOP('',(#8437,#8438,#8439));
#8437=ORIENTED_EDGE('',*,*,#8440,.T.);
#8438=ORIENTED_EDGE('',*,*,#8441,.T.);
#8439=ORIENTED_EDGE('',*,*,#8442,.T.);
#8440=EDGE_CURVE('',#523,#525,#8443,.F.);
#8441=EDGE_CURVE('',#525,#527,#8444,.T.);
#8442=EDGE_CURVE('',#527,#523,#8445,.T.);
#8443=LINE('',#522,#8446);
#8444=LINE('',#524,#8447);
#8445=LINE('',#526,#8448);
#8446=VECTOR('',#8449,1.0);
#8447=VECTOR('',#8450,1.0);
#8448=VECTOR('',#8451,1.0);
#8449=DIRECTION('',(0,0,1));
#8450=DIRECTION('',(0.061604983974478535,0.025517480728914733,-0.9977743653385538));
#8451=DIRECTION('',(-0.9238802702719372,-0.38268165124846537,0));
#8452=FACE_SURFACE('',(#8457),#8453,.T.);
#8453=PLANE('',#8454);
#8454=AXIS2_PLACEMENT_3D('',#526,#8455,#8456);
#8455=DIRECTION('',(-0.3826816512484654,0.9238802702719373,0));
#8456=DIRECTION('',(-0.061604983974478535,-0.025517480728914733,0.9977743653385538));
#8457=FACE_BOUND('',#8458,.T.);
#8458=EDGE_LOOP('',(#8459,#8460,#8461));
#8459=ORIENTED_EDGE('',*,*,#8462,.T.);
#8460=ORIENTED_EDGE('',*,*,#8463,.T.);
#8461=ORIENTED_EDGE('',*,*,#8464,.T.);
#8462=EDGE_CURVE('',#527,#525,#8465,.F.);
#8463=EDGE_CURVE('',#525,#529,#8466,.T.);
#8464=EDGE_CURVE('',#529,#527,#8467,.T.);
#8465=LINE('',#526,#8468);
#8466=LINE('',#524,#8469);
#8467=LINE('',#528,#8470);
#8468=VECTOR('',#8471,1.0);
#8469=VECTOR('',#8472,1.0);
#8470=VECTOR('',#8473,1.0);
#8471=DIRECTION('',(-0.061604983974478535,-0.025517480728914733,0.9977743653385538));
#8472=DIRECTION('',(0.9238802702719372,0.38268165124846537,0));
#8473=DIRECTION('',(0,0,-1));
#8474=FACE_SURFACE('',(#8479),#8475,.T.);
#8475=PLANE('',#8476);
#8476=AXIS2_PLACEMENT_3D('',#526,#8477,#8478);
#8477=DIRECTION('',(-0.6087627189097362,0.793352350513708,0));
#8478=DIRECTION('',(0,0,1));
#8479=FACE_BOUND('',#8480,.T.);
#8480=EDGE_LOOP('',(#8481,#8482,#8483));
#8481=ORIENTED_EDGE('',*,*,#8484,.T.);
#8482=ORIENTED_EDGE('',*,*,#8485,.T.);
#8483=ORIENTED_EDGE('',*,*,#8486,.T.);
#8484=EDGE_CURVE('',#527,#529,#8487,.F.);
#8485=EDGE_CURVE('',#529,#531,#8488,.T.);
#8486=EDGE_CURVE('',#531,#527,#8489,.T.);
#8487=LINE('',#526,#8490);
#8488=LINE('',#528,#8491);
#8489=LINE('',#530,#8492);
#8490=VECTOR('',#8493,1.0);
#8491=VECTOR('',#8494,1.0);
#8492=VECTOR('',#8495,1.0);
#8493=DIRECTION('',(0,0,1));
#8494=DIRECTION('',(0.05290119904055814,0.040592654374393085,-0.9977743730678356));
#8495=DIRECTION('',(-0.793352350513708,-0.6087627189097362,0));
#8496=FACE_SURFACE('',(#8501),#8497,.T.);
#8497=PLANE('',#8498);
#8498=AXIS2_PLACEMENT_3D('',#530,#8499,#8500);
#8499=DIRECTION('',(-0.6087627189097362,0.793352350513708,0));
#8500=DIRECTION('',(-0.05290119904055814,-0.040592654374393085,0.9977743730678356));
#8501=FACE_BOUND('',#8502,.T.);
#8502=EDGE_LOOP('',(#8503,#8504,#8505));
#8503=ORIENTED_EDGE('',*,*,#8506,.T.);
#8504=ORIENTED_EDGE('',*,*,#8507,.T.);
#8505=ORIENTED_EDGE('',*,*,#8508,.T.);
#8506=EDGE_CURVE('',#531,#529,#8509,.F.);
#8507=EDGE_CURVE('',#529,#533,#8510,.T.);
#8508=EDGE_CURVE('',#533,#531,#8511,.T.);
#8509=LINE('',#530,#8512);
#8510=LINE('',#528,#8513);
#8511=LINE('',#532,#8514);
#8512=VECTOR('',#8515,1.0);
#8513=VECTOR('',#8516,1.0);
#8514=VECTOR('',#8517,1.0);
#8515=DIRECTION('',(-0.05290119904055814,-0.040592654374393085,0.9977743730678356));
#8516=DIRECTION('',(0.793352350513708,0.6087627189097362,0));
#8517=DIRECTION('',(0,0,-1));
#8518=FACE_SURFACE('',(#8523),#8519,.T.);
#8519=PLANE('',#8520);
#8520=AXIS2_PLACEMENT_3D('',#530,#8521,#8522);
#8521=DIRECTION('',(-0.7933523505136998,0.608762718909747,0));
#8522=DIRECTION('',(0,0,1));
#8523=FACE_BOUND('',#8524,.T.);
#8524=EDGE_LOOP('',(#8525,#8526,#8527));
#8525=ORIENTED_EDGE('',*,*,#8528,.T.);
#8526=ORIENTED_EDGE('',*,*,#8529,.T.);
#8527=ORIENTED_EDGE('',*,*,#8530,.T.);
#8528=EDGE_CURVE('',#531,#533,#8531,.F.);
#8529=EDGE_CURVE('',#533,#535,#8532,.T.);
#8530=EDGE_CURVE('',#535,#531,#8533,.T.);
#8531=LINE('',#530,#8534);
#8532=LINE('',#532,#8535);
#8533=LINE('',#534,#8536);
#8534=VECTOR('',#8537,1.0);
#8535=VECTOR('',#8538,1.0);
#8536=VECTOR('',#8539,1.0);
#8537=DIRECTION('',(0,0,1));
#8538=DIRECTION('',(0.040592654374394216,0.05290119904055814,-0.9977743730678356));
#8539=DIRECTION('',(-0.608762718909747,-0.7933523505136998,0));
#8540=FACE_SURFACE('',(#8545),#8541,.T.);
#8541=PLANE('',#8542);
#8542=AXIS2_PLACEMENT_3D('',#534,#8543,#8544);
#8543=DIRECTION('',(-0.7933523505136998,0.608762718909747,0));
#8544=DIRECTION('',(-0.040592654374394216,-0.05290119904055814,0.9977743730678356));
#8545=FACE_BOUND('',#8546,.T.);
#8546=EDGE_LOOP('',(#8547,#8548,#8549));
#8547=ORIENTED_EDGE('',*,*,#8550,.T.);
#8548=ORIENTED_EDGE('',*,*,#8551,.T.);
#8549=ORIENTED_EDGE('',*,*,#8552,.T.);
#8550=EDGE_CURVE('',#535,#533,#8553,.F.);
#8551=EDGE_CURVE('',#533,#537,#8554,.T.);
#8552=EDGE_CURVE('',#537,#535,#8555,.T.);
#8553=LINE('',#534,#8556);
#8554=LINE('',#532,#8557);
#8555=LINE('',#536,#8558);
#8556=VECTOR('',#8559,1.0);
#8557=VECTOR('',#8560,1.0);
#8558=VECTOR('',#8561,1.0);
#8559=DIRECTION('',(-0.040592654374394216,-0.05290119904055814,0.9977743730678356));
#8560=DIRECTION('',(0.608762718909747,0.7933523505136998,0));
#8561=DIRECTION('',(0,0,-1));
#8562=FACE_SURFACE('',(#8567),#8563,.T.);
#8563=PLANE('',#8564);
#8564=AXIS2_PLACEMENT_3D('',#534,#8565,#8566);
#8565=DIRECTION('',(-0.9238802702719445,0.3826816512484479,0));
#8566=DIRECTION('',(0,0,1));
#8567=FACE_BOUND('',#8568,.T.);
#8568=EDGE_LOOP('',(#8569,#8570,#8571));
#8569=ORIENTED_EDGE('',*,*,#8572,.T.);
#8570=ORIENTED_EDGE('',*,*,#8573,.T.);
#8571=ORIENTED_EDGE('',*,*,#8574,.T.);
#8572=EDGE_CURVE('',#535,#537,#8575,.F.);
#8573=EDGE_CURVE('',#537,#539,#8576,.T.);
#8574=EDGE_CURVE('',#539,#535,#8577,.T.);
#8575=LINE('',#534,#8578);
#8576=LINE('',#536,#8579);
#8577=LINE('',#538,#8580);
#8578=VECTOR('',#8581,1.0);
#8579=VECTOR('',#8582,1.0);
#8580=VECTOR('',#8583,1.0);
#8581=DIRECTION('',(0,0,1));
#8582=DIRECTION('',(0.025517480728913598,0.0616049839744791,-0.9977743653385538));
#8583=DIRECTION('',(-0.3826816512484479,-0.9238802702719445,0));
#8584=FACE_SURFACE('',(#8589),#8585,.T.);
#8585=PLANE('',#8586);
#8586=AXIS2_PLACEMENT_3D('',#538,#8587,#8588);
#8587=DIRECTION('',(-0.9238802702719445,0.3826816512484479,0));
#8588=DIRECTION('',(-0.025517480728913598,-0.0616049839744791,0.9977743653385538));
#8589=FACE_BOUND('',#8590,.T.);
#8590=EDGE_LOOP('',(#8591,#8592,#8593));
#8591=ORIENTED_EDGE('',*,*,#8594,.T.);
#8592=ORIENTED_EDGE('',*,*,#8595,.T.);
#8593=ORIENTED_EDGE('',*,*,#8596,.T.);
#8594=EDGE_CURVE('',#539,#537,#8597,.F.);
#8595=EDGE_CURVE('',#537,#541,#8598,.T.);
#8596=EDGE_CURVE('',#541,#539,#8599,.T.);
#8597=LINE('',#538,#8600);
#8598=LINE('',#536,#8601);
#8599=LINE('',#540,#8602);
#8600=VECTOR('',#8603,1.0);
#8601=VECTOR('',#8604,1.0);
#8602=VECTOR('',#8605,1.0);
#8603=DIRECTION('',(-0.025517480728913598,-0.0616049839744791,0.9977743653385538));
#8604=DIRECTION('',(0.3826816512484479,0.9238802702719445,0));
#8605=DIRECTION('',(0,0,-1));
#8606=FACE_SURFACE('',(#8611),#8607,.T.);
#8607=PLANE('',#8608);
#8608=AXIS2_PLACEMENT_3D('',#538,#8609,#8610);
#8609=DIRECTION('',(-0.9914444324988245,0.1305294498076343,0));
#8610=DIRECTION('',(0,0,1));
#8611=FACE_BOUND('',#8612,.T.);
#8612=EDGE_LOOP('',(#8613,#8614,#8615));
#8613=ORIENTED_EDGE('',*,*,#8616,.T.);
#8614=ORIENTED_EDGE('',*,*,#8617,.T.);
#8615=ORIENTED_EDGE('',*,*,#8618,.T.);
#8616=EDGE_CURVE('',#539,#541,#8619,.F.);
#8617=EDGE_CURVE('',#541,#543,#8620,.T.);
#8618=EDGE_CURVE('',#543,#539,#8621,.T.);
#8619=LINE('',#538,#8622);
#8620=LINE('',#540,#8623);
#8621=LINE('',#542,#8624);
#8622=VECTOR('',#8625,1.0);
#8623=VECTOR('',#8626,1.0);
#8624=VECTOR('',#8627,1.0);
#8625=DIRECTION('',(0,0,1));
#8626=DIRECTION('',(0.008703785387554714,0.06611013512179104,-0.9977743703634133));
#8627=DIRECTION('',(-0.1305294498076343,-0.9914444324988245,0));
#8628=FACE_SURFACE('',(#8633),#8629,.T.);
#8629=PLANE('',#8630);
#8630=AXIS2_PLACEMENT_3D('',#542,#8631,#8632);
#8631=DIRECTION('',(-0.9914444324988245,0.1305294498076343,0));
#8632=DIRECTION('',(-0.008703785387554714,-0.06611013512179104,0.9977743703634133));
#8633=FACE_BOUND('',#8634,.T.);
#8634=EDGE_LOOP('',(#8635,#8636,#8637));
#8635=ORIENTED_EDGE('',*,*,#8638,.T.);
#8636=ORIENTED_EDGE('',*,*,#8639,.T.);
#8637=ORIENTED_EDGE('',*,*,#8640,.T.);
#8638=EDGE_CURVE('',#543,#541,#8641,.F.);
#8639=EDGE_CURVE('',#541,#545,#8642,.T.);
#8640=EDGE_CURVE('',#545,#543,#8643,.T.);
#8641=LINE('',#542,#8644);
#8642=LINE('',#540,#8645);
#8643=LINE('',#544,#8646);
#8644=VECTOR('',#8647,1.0);
#8645=VECTOR('',#8648,1.0);
#8646=VECTOR('',#8649,1.0);
#8647=DIRECTION('',(-0.008703785387554714,-0.06611013512179104,0.9977743703634133));
#8648=DIRECTION('',(0.1305294498076343,0.9914444324988245,0));
#8649=DIRECTION('',(0,0,-1));
#8650=FACE_SURFACE('',(#8655),#8651,.T.);
#8651=PLANE('',#8652);
#8652=AXIS2_PLACEMENT_3D('',#542,#8653,#8654);
#8653=DIRECTION('',(-0.9914444324988245,-0.1305294498076343,0));
#8654=DIRECTION('',(0,0,1));
#8655=FACE_BOUND('',#8656,.T.);
#8656=EDGE_LOOP('',(#8657,#8658,#8659));
#8657=ORIENTED_EDGE('',*,*,#8660,.T.);
#8658=ORIENTED_EDGE('',*,*,#8661,.T.);
#8659=ORIENTED_EDGE('',*,*,#8662,.T.);
#8660=EDGE_CURVE('',#543,#545,#8663,.F.);
#8661=EDGE_CURVE('',#545,#547,#8664,.T.);
#8662=EDGE_CURVE('',#547,#543,#8665,.T.);
#8663=LINE('',#542,#8666);
#8664=LINE('',#544,#8667);
#8665=LINE('',#546,#8668);
#8666=VECTOR('',#8669,1.0);
#8667=VECTOR('',#8670,1.0);
#8668=VECTOR('',#8671,1.0);
#8669=DIRECTION('',(0,0,1));
#8670=DIRECTION('',(-0.008703785387554714,0.06611013512179104,-0.9977743703634133));
#8671=DIRECTION('',(0.1305294498076343,-0.9914444324988245,0));
#8672=FACE_SURFACE('',(#8677),#8673,.T.);
#8673=PLANE('',#8674);
#8674=AXIS2_PLACEMENT_3D('',#546,#8675,#8676);
#8675=DIRECTION('',(-0.9914444324988245,-0.1305294498076343,0));
#8676=DIRECTION('',(0.008703785387554714,-0.06611013512179104,0.9977743703634133));
#8677=FACE_BOUND('',#8678,.T.);
#8678=EDGE_LOOP('',(#8679,#8680,#8681));
#8679=ORIENTED_EDGE('',*,*,#8682,.T.);
#8680=ORIENTED_EDGE('',*,*,#8683,.T.);
#8681=ORIENTED_EDGE('',*,*,#8684,.T.);
#8682=EDGE_CURVE('',#547,#545,#8685,.F.);
#8683=EDGE_CURVE('',#545,#549,#8686,.T.);
#8684=EDGE_CURVE('',#549,#547,#8687,.T.);
#8685=LINE('',#546,#8688);
#8686=LINE('',#544,#8689);
#8687=LINE('',#548,#8690);
#8688=VECTOR('',#8691,1.0);
#8689=VECTOR('',#8692,1.0);
#8690=VECTOR('',#8693,1.0);
#8691=DIRECTION('',(0.008703785387554714,-0.06611013512179104,0.9977743703634133));
#8692=DIRECTION('',(-0.1305294498076343,0.9914444324988245,0));
#8693=DIRECTION('',(0,0,-1));
#8694=FACE_SURFACE('',(#8699),#8695,.T.);
#8695=PLANE('',#8696);
#8696=AXIS2_PLACEMENT_3D('',#546,#8697,#8698);
#8697=DIRECTION('',(-0.9238802702719445,-0.3826816512484479,0));
#8698=DIRECTION('',(0,0,1));
#8699=FACE_BOUND('',#8700,.T.);
#8700=EDGE_LOOP('',(#8701,#8702,#8703));
#8701=ORIENTED_EDGE('',*,*,#8704,.T.);
#8702=ORIENTED_EDGE('',*,*,#8705,.T.);
#8703=ORIENTED_EDGE('',*,*,#8706,.T.);
#8704=EDGE_CURVE('',#547,#549,#8707,.F.);
#8705=EDGE_CURVE('',#549,#551,#8708,.T.);
#8706=EDGE_CURVE('',#551,#547,#8709,.T.);
#8707=LINE('',#546,#8710);
#8708=LINE('',#548,#8711);
#8709=LINE('',#550,#8712);
#8710=VECTOR('',#8713,1.0);
#8711=VECTOR('',#8714,1.0);
#8712=VECTOR('',#8715,1.0);
#8713=DIRECTION('',(0,0,1));
#8714=DIRECTION('',(-0.025517480728913598,0.0616049839744791,-0.9977743653385538));
#8715=DIRECTION('',(0.3826816512484479,-0.9238802702719445,0));
#8716=FACE_SURFACE('',(#8721),#8717,.T.);
#8717=PLANE('',#8718);
#8718=AXIS2_PLACEMENT_3D('',#550,#8719,#8720);
#8719=DIRECTION('',(-0.9238802702719445,-0.3826816512484479,0));
#8720=DIRECTION('',(0.025517480728913598,-0.0616049839744791,0.9977743653385538));
#8721=FACE_BOUND('',#8722,.T.);
#8722=EDGE_LOOP('',(#8723,#8724,#8725));
#8723=ORIENTED_EDGE('',*,*,#8726,.T.);
#8724=ORIENTED_EDGE('',*,*,#8727,.T.);
#8725=ORIENTED_EDGE('',*,*,#8728,.T.);
#8726=EDGE_CURVE('',#551,#549,#8729,.F.);
#8727=EDGE_CURVE('',#549,#553,#8730,.T.);
#8728=EDGE_CURVE('',#553,#551,#8731,.T.);
#8729=LINE('',#550,#8732);
#8730=LINE('',#548,#8733);
#8731=LINE('',#552,#8734);
#8732=VECTOR('',#8735,1.0);
#8733=VECTOR('',#8736,1.0);
#8734=VECTOR('',#8737,1.0);
#8735=DIRECTION('',(0.025517480728913598,-0.0616049839744791,0.9977743653385538));
#8736=DIRECTION('',(-0.3826816512484479,0.9238802702719445,0));
#8737=DIRECTION('',(0,0,-1));
#8738=FACE_SURFACE('',(#8743),#8739,.T.);
#8739=PLANE('',#8740);
#8740=AXIS2_PLACEMENT_3D('',#550,#8741,#8742);
#8741=DIRECTION('',(-0.7933523505136998,-0.608762718909747,0));
#8742=DIRECTION('',(0,0,1));
#8743=FACE_BOUND('',#8744,.T.);
#8744=EDGE_LOOP('',(#8745,#8746,#8747));
#8745=ORIENTED_EDGE('',*,*,#8748,.T.);
#8746=ORIENTED_EDGE('',*,*,#8749,.T.);
#8747=ORIENTED_EDGE('',*,*,#8750,.T.);
#8748=EDGE_CURVE('',#551,#553,#8751,.F.);
#8749=EDGE_CURVE('',#553,#555,#8752,.T.);
#8750=EDGE_CURVE('',#555,#551,#8753,.T.);
#8751=LINE('',#550,#8754);
#8752=LINE('',#552,#8755);
#8753=LINE('',#554,#8756);
#8754=VECTOR('',#8757,1.0);
#8755=VECTOR('',#8758,1.0);
#8756=VECTOR('',#8759,1.0);
#8757=DIRECTION('',(0,0,1));
#8758=DIRECTION('',(-0.040592654374394216,0.05290119904055814,-0.9977743730678356));
#8759=DIRECTION('',(0.608762718909747,-0.7933523505136998,0));
#8760=FACE_SURFACE('',(#8765),#8761,.T.);
#8761=PLANE('',#8762);
#8762=AXIS2_PLACEMENT_3D('',#554,#8763,#8764);
#8763=DIRECTION('',(-0.7933523505136998,-0.608762718909747,0));
#8764=DIRECTION('',(0.040592654374394216,-0.05290119904055814,0.9977743730678356));
#8765=FACE_BOUND('',#8766,.T.);
#8766=EDGE_LOOP('',(#8767,#8768,#8769));
#8767=ORIENTED_EDGE('',*,*,#8770,.T.);
#8768=ORIENTED_EDGE('',*,*,#8771,.T.);
#8769=ORIENTED_EDGE('',*,*,#8772,.T.);
#8770=EDGE_CURVE('',#555,#553,#8773,.F.);
#8771=EDGE_CURVE('',#553,#557,#8774,.T.);
#8772=EDGE_CURVE('',#557,#555,#8775,.T.);
#8773=LINE('',#554,#8776);
#8774=LINE('',#552,#8777);
#8775=LINE('',#556,#8778);
#8776=VECTOR('',#8779,1.0);
#8777=VECTOR('',#8780,1.0);
#8778=VECTOR('',#8781,1.0);
#8779=DIRECTION('',(0.040592654374394216,-0.05290119904055814,0.9977743730678356));
#8780=DIRECTION('',(-0.608762718909747,0.7933523505136998,0));
#8781=DIRECTION('',(0,0,-1));
#8782=FACE_SURFACE('',(#8787),#8783,.T.);
#8783=PLANE('',#8784);
#8784=AXIS2_PLACEMENT_3D('',#554,#8785,#8786);
#8785=DIRECTION('',(-0.6087627189097362,-0.793352350513708,0));
#8786=DIRECTION('',(0,0,1));
#8787=FACE_BOUND('',#8788,.T.);
#8788=EDGE_LOOP('',(#8789,#8790,#8791));
#8789=ORIENTED_EDGE('',*,*,#8792,.T.);
#8790=ORIENTED_EDGE('',*,*,#8793,.T.);
#8791=ORIENTED_EDGE('',*,*,#8794,.T.);
#8792=EDGE_CURVE('',#555,#557,#8795,.F.);
#8793=EDGE_CURVE('',#557,#559,#8796,.T.);
#8794=EDGE_CURVE('',#559,#555,#8797,.T.);
#8795=LINE('',#554,#8798);
#8796=LINE('',#556,#8799);
#8797=LINE('',#558,#8800);
#8798=VECTOR('',#8801,1.0);
#8799=VECTOR('',#8802,1.0);
#8800=VECTOR('',#8803,1.0);
#8801=DIRECTION('',(0,0,1));
#8802=DIRECTION('',(-0.05290119904055814,0.040592654374393085,-0.9977743730678356));
#8803=DIRECTION('',(0.793352350513708,-0.6087627189097362,0));
#8804=FACE_SURFACE('',(#8809),#8805,.T.);
#8805=PLANE('',#8806);
#8806=AXIS2_PLACEMENT_3D('',#558,#8807,#8808);
#8807=DIRECTION('',(-0.6087627189097362,-0.793352350513708,0));
#8808=DIRECTION('',(0.05290119904055814,-0.040592654374393085,0.9977743730678356));
#8809=FACE_BOUND('',#8810,.T.);
#8810=EDGE_LOOP('',(#8811,#8812,#8813));
#8811=ORIENTED_EDGE('',*,*,#8814,.T.);
#8812=ORIENTED_EDGE('',*,*,#8815,.T.);
#8813=ORIENTED_EDGE('',*,*,#8816,.T.);
#8814=EDGE_CURVE('',#559,#557,#8817,.F.);
#8815=EDGE_CURVE('',#557,#561,#8818,.T.);
#8816=EDGE_CURVE('',#561,#559,#8819,.T.);
#8817=LINE('',#558,#8820);
#8818=LINE('',#556,#8821);
#8819=LINE('',#560,#8822);
#8820=VECTOR('',#8823,1.0);
#8821=VECTOR('',#8824,1.0);
#8822=VECTOR('',#8825,1.0);
#8823=DIRECTION('',(0.05290119904055814,-0.040592654374393085,0.9977743730678356));
#8824=DIRECTION('',(-0.793352350513708,0.6087627189097362,0));
#8825=DIRECTION('',(0,0,-1));
#8826=FACE_SURFACE('',(#8831),#8827,.T.);
#8827=PLANE('',#8828);
#8828=AXIS2_PLACEMENT_3D('',#558,#8829,#8830);
#8829=DIRECTION('',(-0.3826816512484654,-0.9238802702719373,0));
#8830=DIRECTION('',(0,0,1));
#8831=FACE_BOUND('',#8832,.T.);
#8832=EDGE_LOOP('',(#8833,#8834,#8835));
#8833=ORIENTED_EDGE('',*,*,#8836,.T.);
#8834=ORIENTED_EDGE('',*,*,#8837,.T.);
#8835=ORIENTED_EDGE('',*,*,#8838,.T.);
#8836=EDGE_CURVE('',#559,#561,#8839,.F.);
#8837=EDGE_CURVE('',#561,#563,#8840,.T.);
#8838=EDGE_CURVE('',#563,#559,#8841,.T.);
#8839=LINE('',#558,#8842);
#8840=LINE('',#560,#8843);
#8841=LINE('',#562,#8844);
#8842=VECTOR('',#8845,1.0);
#8843=VECTOR('',#8846,1.0);
#8844=VECTOR('',#8847,1.0);
#8845=DIRECTION('',(0,0,1));
#8846=DIRECTION('',(-0.061604983974478535,0.025517480728914733,-0.9977743653385538));
#8847=DIRECTION('',(0.9238802702719372,-0.38268165124846537,0));
#8848=FACE_SURFACE('',(#8853),#8849,.T.);
#8849=PLANE('',#8850);
#8850=AXIS2_PLACEMENT_3D('',#562,#8851,#8852);
#8851=DIRECTION('',(-0.3826816512484654,-0.9238802702719373,0));
#8852=DIRECTION('',(0.061604983974478535,-0.025517480728914733,0.9977743653385538));
#8853=FACE_BOUND('',#8854,.T.);
#8854=EDGE_LOOP('',(#8855,#8856,#8857));
#8855=ORIENTED_EDGE('',*,*,#8858,.T.);
#8856=ORIENTED_EDGE('',*,*,#8859,.T.);
#8857=ORIENTED_EDGE('',*,*,#8860,.T.);
#8858=EDGE_CURVE('',#563,#561,#8861,.F.);
#8859=EDGE_CURVE('',#561,#565,#8862,.T.);
#8860=EDGE_CURVE('',#565,#563,#8863,.T.);
#8861=LINE('',#562,#8864);
#8862=LINE('',#560,#8865);
#8863=LINE('',#564,#8866);
#8864=VECTOR('',#8867,1.0);
#8865=VECTOR('',#8868,1.0);
#8866=VECTOR('',#8869,1.0);
#8867=DIRECTION('',(0.061604983974478535,-0.025517480728914733,0.9977743653385538));
#8868=DIRECTION('',(-0.9238802702719372,0.38268165124846537,0));
#8869=DIRECTION('',(0,0,-1));
#8870=FACE_SURFACE('',(#8875),#8871,.T.);
#8871=PLANE('',#8872);
#8872=AXIS2_PLACEMENT_3D('',#562,#8873,#8874);
#8873=DIRECTION('',(-0.13052944980762596,-0.9914444324988257,0));
#8874=DIRECTION('',(0,0,1));
#8875=FACE_BOUND('',#8876,.T.);
#8876=EDGE_LOOP('',(#8877,#8878,#8879));
#8877=ORIENTED_EDGE('',*,*,#8880,.T.);
#8878=ORIENTED_EDGE('',*,*,#8881,.T.);
#8879=ORIENTED_EDGE('',*,*,#8882,.T.);
#8880=EDGE_CURVE('',#563,#565,#8883,.F.);
#8881=EDGE_CURVE('',#565,#567,#8884,.T.);
#8882=EDGE_CURVE('',#567,#563,#8885,.T.);
#8883=LINE('',#562,#8886);
#8884=LINE('',#564,#8887);
#8885=LINE('',#566,#8888);
#8886=VECTOR('',#8889,1.0);
#8887=VECTOR('',#8890,1.0);
#8888=VECTOR('',#8891,1.0);
#8889=DIRECTION('',(0,0,1));
#8890=DIRECTION('',(-0.06611013512179104,0.008703785387554147,-0.9977743703634133));
#8891=DIRECTION('',(0.9914444324988257,-0.13052944980762596,0));
#8892=FACE_SURFACE('',(#8897),#8893,.T.);
#8893=PLANE('',#8894);
#8894=AXIS2_PLACEMENT_3D('',#566,#8895,#8896);
#8895=DIRECTION('',(-0.13052944980762596,-0.9914444324988257,0));
#8896=DIRECTION('',(0.06611013512179104,-0.008703785387554147,0.9977743703634133));
#8897=FACE_BOUND('',#8898,.T.);
#8898=EDGE_LOOP('',(#8899,#8900,#8901));
#8899=ORIENTED_EDGE('',*,*,#8902,.T.);
#8900=ORIENTED_EDGE('',*,*,#8903,.T.);
#8901=ORIENTED_EDGE('',*,*,#8904,.T.);
#8902=EDGE_CURVE('',#567,#565,#8905,.F.);
#8903=EDGE_CURVE('',#565,#569,#8906,.T.);
#8904=EDGE_CURVE('',#569,#567,#8907,.T.);
#8905=LINE('',#566,#8908);
#8906=LINE('',#564,#8909);
#8907=LINE('',#568,#8910);
#8908=VECTOR('',#8911,1.0);
#8909=VECTOR('',#8912,1.0);
#8910=VECTOR('',#8913,1.0);
#8911=DIRECTION('',(0.06611013512179104,-0.008703785387554147,0.9977743703634133));
#8912=DIRECTION('',(-0.9914444324988257,0.13052944980762596,0));
#8913=DIRECTION('',(0,0,-1));
#8914=FACE_SURFACE('',(#8919),#8915,.T.);
#8915=PLANE('',#8916);
#8916=AXIS2_PLACEMENT_3D('',#566,#8917,#8918);
#8917=DIRECTION('',(0.13052944980762596,-0.9914444324988257,0));
#8918=DIRECTION('',(0,0,1));
#8919=FACE_BOUND('',#8920,.T.);
#8920=EDGE_LOOP('',(#8921,#8922,#8923));
#8921=ORIENTED_EDGE('',*,*,#8924,.T.);
#8922=ORIENTED_EDGE('',*,*,#8925,.T.);
#8923=ORIENTED_EDGE('',*,*,#8926,.T.);
#8924=EDGE_CURVE('',#567,#569,#8927,.F.);
#8925=EDGE_CURVE('',#569,#571,#8928,.T.);
#8926=EDGE_CURVE('',#571,#567,#8929,.T.);
#8927=LINE('',#566,#8930);
#8928=LINE('',#568,#8931);
#8929=LINE('',#570,#8932);
#8930=VECTOR('',#8933,1.0);
#8931=VECTOR('',#8934,1.0);
#8932=VECTOR('',#8935,1.0);
#8933=DIRECTION('',(0,0,1));
#8934=DIRECTION('',(-0.06611013512179104,-0.008703785387554147,-0.9977743703634133));
#8935=DIRECTION('',(0.9914444324988257,0.13052944980762596,0));
#8936=FACE_SURFACE('',(#8941),#8937,.T.);
#8937=PLANE('',#8938);
#8938=AXIS2_PLACEMENT_3D('',#570,#8939,#8940);
#8939=DIRECTION('',(0.13052944980762596,-0.9914444324988257,0));
#8940=DIRECTION('',(0.06611013512179104,0.008703785387554147,0.9977743703634133));
#8941=FACE_BOUND('',#8942,.T.);
#8942=EDGE_LOOP('',(#8943,#8944,#8945));
#8943=ORIENTED_EDGE('',*,*,#8946,.T.);
#8944=ORIENTED_EDGE('',*,*,#8947,.T.);
#8945=ORIENTED_EDGE('',*,*,#8948,.T.);
#8946=EDGE_CURVE('',#571,#569,#8949,.F.);
#8947=EDGE_CURVE('',#569,#573,#8950,.T.);
#8948=EDGE_CURVE('',#573,#571,#8951,.T.);
#8949=LINE('',#570,#8952);
#8950=LINE('',#568,#8953);
#8951=LINE('',#572,#8954);
#8952=VECTOR('',#8955,1.0);
#8953=VECTOR('',#8956,1.0);
#8954=VECTOR('',#8957,1.0);
#8955=DIRECTION('',(0.06611013512179104,0.008703785387554147,0.9977743703634133));
#8956=DIRECTION('',(-0.9914444324988257,-0.13052944980762596,0));
#8957=DIRECTION('',(0,0,-1));
#8958=FACE_SURFACE('',(#8963),#8959,.T.);
#8959=PLANE('',#8960);
#8960=AXIS2_PLACEMENT_3D('',#570,#8961,#8962);
#8961=DIRECTION('',(0.3826816512484654,-0.9238802702719373,0));
#8962=DIRECTION('',(0,0,1));
#8963=FACE_BOUND('',#8964,.T.);
#8964=EDGE_LOOP('',(#8965,#8966,#8967));
#8965=ORIENTED_EDGE('',*,*,#8968,.T.);
#8966=ORIENTED_EDGE('',*,*,#8969,.T.);
#8967=ORIENTED_EDGE('',*,*,#8970,.T.);
#8968=EDGE_CURVE('',#571,#573,#8971,.F.);
#8969=EDGE_CURVE('',#573,#575,#8972,.T.);
#8970=EDGE_CURVE('',#575,#571,#8973,.T.);
#8971=LINE('',#570,#8974);
#8972=LINE('',#572,#8975);
#8973=LINE('',#574,#8976);
#8974=VECTOR('',#8977,1.0);
#8975=VECTOR('',#8978,1.0);
#8976=VECTOR('',#8979,1.0);
#8977=DIRECTION('',(0,0,1));
#8978=DIRECTION('',(-0.061604983974478535,-0.025517480728914733,-0.9977743653385538));
#8979=DIRECTION('',(0.9238802702719372,0.38268165124846537,0));
#8980=FACE_SURFACE('',(#8985),#8981,.T.);
#8981=PLANE('',#8982);
#8982=AXIS2_PLACEMENT_3D('',#574,#8983,#8984);
#8983=DIRECTION('',(0.3826816512484654,-0.9238802702719373,0));
#8984=DIRECTION('',(0.061604983974478535,0.025517480728914733,0.9977743653385538));
#8985=FACE_BOUND('',#8986,.T.);
#8986=EDGE_LOOP('',(#8987,#8988,#8989));
#8987=ORIENTED_EDGE('',*,*,#8990,.T.);
#8988=ORIENTED_EDGE('',*,*,#8991,.T.);
#8989=ORIENTED_EDGE('',*,*,#8992,.T.);
#8990=EDGE_CURVE('',#575,#573,#8993,.F.);
#8991=EDGE_CURVE('',#573,#577,#8994,.T.);
#8992=EDGE_CURVE('',#577,#575,#8995,.T.);
#8993=LINE('',#574,#8996);
#8994=LINE('',#572,#8997);
#8995=LINE('',#576,#8998);
#8996=VECTOR('',#8999,1.0);
#8997=VECTOR('',#9000,1.0);
#8998=VECTOR('',#9001,1.0);
#8999=DIRECTION('',(0.061604983974478535,0.025517480728914733,0.9977743653385538));
#9000=DIRECTION('',(-0.9238802702719372,-0.38268165124846537,0));
#9001=DIRECTION('',(0,0,-1));
#9002=FACE_SURFACE('',(#9007),#9003,.T.);
#9003=PLANE('',#9004);
#9004=AXIS2_PLACEMENT_3D('',#574,#9005,#9006);
#9005=DIRECTION('',(0.6087627189097362,-0.793352350513708,0));
#9006=DIRECTION('',(0,0,1));
#9007=FACE_BOUND('',#9008,.T.);
#9008=EDGE_LOOP('',(#9009,#9010,#9011));
#9009=ORIENTED_EDGE('',*,*,#9012,.T.);
#9010=ORIENTED_EDGE('',*,*,#9013,.T.);
#9011=ORIENTED_EDGE('',*,*,#9014,.T.);
#9012=EDGE_CURVE('',#575,#577,#9015,.F.);
#9013=EDGE_CURVE('',#577,#579,#9016,.T.);
#9014=EDGE_CURVE('',#579,#575,#9017,.T.);
#9015=LINE('',#574,#9018);
#9016=LINE('',#576,#9019);
#9017=LINE('',#578,#9020);
#9018=VECTOR('',#9021,1.0);
#9019=VECTOR('',#9022,1.0);
#9020=VECTOR('',#9023,1.0);
#9021=DIRECTION('',(0,0,1));
#9022=DIRECTION('',(-0.05290119904055814,-0.040592654374393085,-0.9977743730678356));
#9023=DIRECTION('',(0.793352350513708,0.6087627189097362,0));
#9024=FACE_SURFACE('',(#9029),#9025,.T.);
#9025=PLANE('',#9026);
#9026=AXIS2_PLACEMENT_3D('',#578,#9027,#9028);
#9027=DIRECTION('',(0.6087627189097362,-0.793352350513708,0));
#9028=DIRECTION('',(0.05290119904055814,0.040592654374393085,0.9977743730678356));
#9029=FACE_BOUND('',#9030,.T.);
#9030=EDGE_LOOP('',(#9031,#9032,#9033));
#9031=ORIENTED_EDGE('',*,*,#9034,.T.);
#9032=ORIENTED_EDGE('',*,*,#9035,.T.);
#9033=ORIENTED_EDGE('',*,*,#9036,.T.);
#9034=EDGE_CURVE('',#579,#577,#9037,.F.);
#9035=EDGE_CURVE('',#577,#581,#9038,.T.);
#9036=EDGE_CURVE('',#581,#579,#9039,.T.);
#9037=LINE('',#578,#9040);
#9038=LINE('',#576,#9041);
#9039=LINE('',#580,#9042);
#9040=VECTOR('',#9043,1.0);
#9041=VECTOR('',#9044,1.0);
#9042=VECTOR('',#9045,1.0);
#9043=DIRECTION('',(0.05290119904055814,0.040592654374393085,0.9977743730678356));
#9044=DIRECTION('',(-0.793352350513708,-0.6087627189097362,0));
#9045=DIRECTION('',(0,0,-1));
#9046=FACE_SURFACE('',(#9051),#9047,.T.);
#9047=PLANE('',#9048);
#9048=AXIS2_PLACEMENT_3D('',#578,#9049,#9050);
#9049=DIRECTION('',(0.7933523505136998,-0.608762718909747,0));
#9050=DIRECTION('',(0,0,1));
#9051=FACE_BOUND('',#9052,.T.);
#9052=EDGE_LOOP('',(#9053,#9054,#9055));
#9053=ORIENTED_EDGE('',*,*,#9056,.T.);
#9054=ORIENTED_EDGE('',*,*,#9057,.T.);
#9055=ORIENTED_EDGE('',*,*,#9058,.T.);
#9056=EDGE_CURVE('',#579,#581,#9059,.F.);
#9057=EDGE_CURVE('',#581,#583,#9060,.T.);
#9058=EDGE_CURVE('',#583,#579,#9061,.T.);
#9059=LINE('',#578,#9062);
#9060=LINE('',#580,#9063);
#9061=LINE('',#582,#9064);
#9062=VECTOR('',#9065,1.0);
#9063=VECTOR('',#9066,1.0);
#9064=VECTOR('',#9067,1.0);
#9065=DIRECTION('',(0,0,1));
#9066=DIRECTION('',(-0.040592654374394216,-0.05290119904055814,-0.9977743730678356));
#9067=DIRECTION('',(0.608762718909747,0.7933523505136998,0));
#9068=FACE_SURFACE('',(#9073),#9069,.T.);
#9069=PLANE('',#9070);
#9070=AXIS2_PLACEMENT_3D('',#582,#9071,#9072);
#9071=DIRECTION('',(0.7933523505136998,-0.608762718909747,0));
#9072=DIRECTION('',(0.040592654374394216,0.05290119904055814,0.9977743730678356));
#9073=FACE_BOUND('',#9074,.T.);
#9074=EDGE_LOOP('',(#9075,#9076,#9077));
#9075=ORIENTED_EDGE('',*,*,#9078,.T.);
#9076=ORIENTED_EDGE('',*,*,#9079,.T.);
#9077=ORIENTED_EDGE('',*,*,#9080,.T.);
#9078=EDGE_CURVE('',#583,#581,#9081,.F.);
#9079=EDGE_CURVE('',#581,#585,#9082,.T.);
#9080=EDGE_CURVE('',#585,#583,#9083,.T.);
#9081=LINE('',#582,#9084);
#9082=LINE('',#580,#9085);
#9083=LINE('',#584,#9086);
#9084=VECTOR('',#9087,1.0);
#9085=VECTOR('',#9088,1.0);
#9086=VECTOR('',#9089,1.0);
#9087=DIRECTION('',(0.040592654374394216,0.05290119904055814,0.9977743730678356));
#9088=DIRECTION('',(-0.608762718909747,-0.7933523505136998,0));
#9089=DIRECTION('',(0,0,-1));
#9090=FACE_SURFACE('',(#9095),#9091,.T.);
#9091=PLANE('',#9092);
#9092=AXIS2_PLACEMENT_3D('',#582,#9093,#9094);
#9093=DIRECTION('',(0.9238802702719445,-0.3826816512484479,0));
#9094=DIRECTION('',(0,0,1));
#9095=FACE_BOUND('',#9096,.T.);
#9096=EDGE_LOOP('',(#9097,#9098,#9099));
#9097=ORIENTED_EDGE('',*,*,#9100,.T.);
#9098=ORIENTED_EDGE('',*,*,#9101,.T.);
#9099=ORIENTED_EDGE('',*,*,#9102,.T.);
#9100=EDGE_CURVE('',#583,#585,#9103,.F.);
#9101=EDGE_CURVE('',#585,#491,#9104,.T.);
#9102=EDGE_CURVE('',#491,#583,#9105,.T.);
#9103=LINE('',#582,#9106);
#9104=LINE('',#584,#9107);
#9105=LINE('',#490,#9108);
#9106=VECTOR('',#9109,1.0);
#9107=VECTOR('',#9110,1.0);
#9108=VECTOR('',#9111,1.0);
#9109=DIRECTION('',(0,0,1));
#9110=DIRECTION('',(-0.025517480728913598,-0.0616049839744791,-0.9977743653385538));
#9111=DIRECTION('',(0.3826816512484479,0.9238802702719445,0));
#9112=FACE_SURFACE('',(#9117),#9113,.T.);
#9113=PLANE('',#9114);
#9114=AXIS2_PLACEMENT_3D('',#490,#9115,#9116);
#9115=DIRECTION('',(0.9238802702719445,-0.3826816512484479,0));
#9116=DIRECTION('',(0.025517480728913598,0.0616049839744791,0.9977743653385538));
#9117=FACE_BOUND('',#9118,.T.);
#9118=EDGE_LOOP('',(#9119,#9120,#9121));
#9119=ORIENTED_EDGE('',*,*,#9122,.T.);
#9120=ORIENTED_EDGE('',*,*,#9123,.T.);
#9121=ORIENTED_EDGE('',*,*,#9124,.T.);
#9122=EDGE_CURVE('',#491,#585,#9125,.F.);
#9123=EDGE_CURVE('',#585,#493,#9126,.T.);
#9124=EDGE_CURVE('',#493,#491,#9127,.T.);
#9125=LINE('',#490,#9128);
#9126=LINE('',#584,#9129);
#9127=LINE('',#492,#9130);
#9128=VECTOR('',#9131,1.0);
#9129=VECTOR('',#9132,1.0);
#9130=VECTOR('',#9133,1.0);
#9131=DIRECTION('',(0.025517480728913598,0.0616049839744791,0.9977743653385538));
#9132=DIRECTION('',(-0.3826816512484479,-0.9238802702719445,0));
#9133=DIRECTION('',(0,0,-1));
#9134=FACE_SURFACE('',(#9139),#9135,.T.);
#9135=PLANE('',#9136);
#9136=AXIS2_PLACEMENT_3D('',#212,#9137,#9138);
#9137=DIRECTION('',(0.9914444324988245,0.1305294498076343,0));
#9138=DIRECTION('',(0,0,-1));
#9139=FACE_BOUND('',#9140,.T.);
#9140=EDGE_LOOP('',(#9141,#9142,#9143));
#9141=ORIENTED_EDGE('',*,*,#9144,.T.);
#9142=ORIENTED_EDGE('',*,*,#9145,.T.);
#9143=ORIENTED_EDGE('',*,*,#9146,.T.);
#9144=EDGE_CURVE('',#213,#501,#9147,.F.);
#9145=EDGE_CURVE('',#501,#215,#9148,.T.);
#9146=EDGE_CURVE('',#215,#213,#9149,.T.);
#9147=LINE('',#212,#9150);
#9148=LINE('',#500,#9151);
#9149=LINE('',#214,#9152);
#9150=VECTOR('',#9153,1.0);
#9151=VECTOR('',#9154,1.0);
#9152=VECTOR('',#9155,1.0);
#9153=DIRECTION('',(0,0,-1));
#9154=DIRECTION('',(-0.008703785387554714,0.06611013512179104,0.9977743703634133));
#9155=DIRECTION('',(0.1305294498076343,-0.9914444324988245,0));
#9156=FACE_SURFACE('',(#9161),#9157,.T.);
#9157=PLANE('',#9158);
#9158=AXIS2_PLACEMENT_3D('',#214,#9159,#9160);
#9159=DIRECTION('',(0.9914444324988245,0.1305294498076343,0));
#9160=DIRECTION('',(0.008703785387554714,-0.06611013512179104,-0.9977743703634133));
#9161=FACE_BOUND('',#9162,.T.);
#9162=EDGE_LOOP('',(#9163,#9164,#9165));
#9163=ORIENTED_EDGE('',*,*,#9166,.T.);
#9164=ORIENTED_EDGE('',*,*,#9167,.T.);
#9165=ORIENTED_EDGE('',*,*,#9168,.T.);
#9166=EDGE_CURVE('',#215,#501,#9169,.F.);
#9167=EDGE_CURVE('',#501,#497,#9170,.T.);
#9168=EDGE_CURVE('',#497,#215,#9171,.T.);
#9169=LINE('',#214,#9172);
#9170=LINE('',#500,#9173);
#9171=LINE('',#496,#9174);
#9172=VECTOR('',#9175,1.0);
#9173=VECTOR('',#9176,1.0);
#9174=VECTOR('',#9177,1.0);
#9175=DIRECTION('',(0.008703785387554714,-0.06611013512179104,-0.9977743703634133));
#9176=DIRECTION('',(-0.1305294498076343,0.9914444324988245,0));
#9177=DIRECTION('',(0,0,1));
#9178=FACE_SURFACE('',(#9183),#9179,.T.);
#9179=PLANE('',#9180);
#9180=AXIS2_PLACEMENT_3D('',#214,#9181,#9182);
#9181=DIRECTION('',(0.9914444324988245,-0.1305294498076343,0));
#9182=DIRECTION('',(0,0,-1));
#9183=FACE_BOUND('',#9184,.T.);
#9184=EDGE_LOOP('',(#9185,#9186,#9187));
#9185=ORIENTED_EDGE('',*,*,#9188,.T.);
#9186=ORIENTED_EDGE('',*,*,#9189,.T.);
#9187=ORIENTED_EDGE('',*,*,#9190,.T.);
#9188=EDGE_CURVE('',#215,#497,#9191,.F.);
#9189=EDGE_CURVE('',#497,#217,#9192,.T.);
#9190=EDGE_CURVE('',#217,#215,#9193,.T.);
#9191=LINE('',#214,#9194);
#9192=LINE('',#496,#9195);
#9193=LINE('',#216,#9196);
#9194=VECTOR('',#9197,1.0);
#9195=VECTOR('',#9198,1.0);
#9196=VECTOR('',#9199,1.0);
#9197=DIRECTION('',(0,0,-1));
#9198=DIRECTION('',(0.008703785387554714,0.06611013512179104,0.9977743703634133));
#9199=DIRECTION('',(-0.1305294498076343,-0.9914444324988245,0));
#9200=FACE_SURFACE('',(#9205),#9201,.T.);
#9201=PLANE('',#9202);
#9202=AXIS2_PLACEMENT_3D('',#216,#9203,#9204);
#9203=DIRECTION('',(0.9914444324988245,-0.1305294498076343,0));
#9204=DIRECTION('',(-0.008703785387554714,-0.06611013512179104,-0.9977743703634133));
#9205=FACE_BOUND('',#9206,.T.);
#9206=EDGE_LOOP('',(#9207,#9208,#9209));
#9207=ORIENTED_EDGE('',*,*,#9210,.T.);
#9208=ORIENTED_EDGE('',*,*,#9211,.T.);
#9209=ORIENTED_EDGE('',*,*,#9212,.T.);
#9210=EDGE_CURVE('',#217,#497,#9213,.F.);
#9211=EDGE_CURVE('',#497,#493,#9214,.T.);
#9212=EDGE_CURVE('',#493,#217,#9215,.T.);
#9213=LINE('',#216,#9216);
#9214=LINE('',#496,#9217);
#9215=LINE('',#492,#9218);
#9216=VECTOR('',#9219,1.0);
#9217=VECTOR('',#9220,1.0);
#9218=VECTOR('',#9221,1.0);
#9219=DIRECTION('',(-0.008703785387554714,-0.06611013512179104,-0.9977743703634133));
#9220=DIRECTION('',(0.1305294498076343,0.9914444324988245,0));
#9221=DIRECTION('',(0,0,1));
#9222=FACE_SURFACE('',(#9227),#9223,.T.);
#9223=PLANE('',#9224);
#9224=AXIS2_PLACEMENT_3D('',#216,#9225,#9226);
#9225=DIRECTION('',(0.9238802702719445,-0.3826816512484479,0));
#9226=DIRECTION('',(0,0,-1));
#9227=FACE_BOUND('',#9228,.T.);
#9228=EDGE_LOOP('',(#9229,#9230,#9231));
#9229=ORIENTED_EDGE('',*,*,#9232,.T.);
#9230=ORIENTED_EDGE('',*,*,#9233,.T.);
#9231=ORIENTED_EDGE('',*,*,#9234,.T.);
#9232=EDGE_CURVE('',#217,#493,#9235,.F.);
#9233=EDGE_CURVE('',#493,#219,#9236,.T.);
#9234=EDGE_CURVE('',#219,#217,#9237,.T.);
#9235=LINE('',#216,#9238);
#9236=LINE('',#492,#9239);
#9237=LINE('',#218,#9240);
#9238=VECTOR('',#9241,1.0);
#9239=VECTOR('',#9242,1.0);
#9240=VECTOR('',#9243,1.0);
#9241=DIRECTION('',(0,0,-1));
#9242=DIRECTION('',(0.025517480728913598,0.0616049839744791,0.9977743653385538));
#9243=DIRECTION('',(-0.3826816512484479,-0.9238802702719445,0));
#9244=FACE_SURFACE('',(#9249),#9245,.T.);
#9245=PLANE('',#9246);
#9246=AXIS2_PLACEMENT_3D('',#218,#9247,#9248);
#9247=DIRECTION('',(0.9238802702719445,-0.3826816512484479,0));
#9248=DIRECTION('',(-0.025517480728913598,-0.0616049839744791,-0.9977743653385538));
#9249=FACE_BOUND('',#9250,.T.);
#9250=EDGE_LOOP('',(#9251,#9252,#9253));
#9251=ORIENTED_EDGE('',*,*,#9254,.T.);
#9252=ORIENTED_EDGE('',*,*,#9255,.T.);
#9253=ORIENTED_EDGE('',*,*,#9256,.T.);
#9254=EDGE_CURVE('',#219,#493,#9257,.F.);
#9255=EDGE_CURVE('',#493,#585,#9258,.T.);
#9256=EDGE_CURVE('',#585,#219,#9259,.T.);
#9257=LINE('',#218,#9260);
#9258=LINE('',#492,#9261);
#9259=LINE('',#584,#9262);
#9260=VECTOR('',#9263,1.0);
#9261=VECTOR('',#9264,1.0);
#9262=VECTOR('',#9265,1.0);
#9263=DIRECTION('',(-0.025517480728913598,-0.0616049839744791,-0.9977743653385538));
#9264=DIRECTION('',(0.3826816512484479,0.9238802702719445,0));
#9265=DIRECTION('',(0,0,1));
#9266=FACE_SURFACE('',(#9271),#9267,.T.);
#9267=PLANE('',#9268);
#9268=AXIS2_PLACEMENT_3D('',#218,#9269,#9270);
#9269=DIRECTION('',(0.7933523505136998,-0.608762718909747,0));
#9270=DIRECTION('',(0,0,-1));
#9271=FACE_BOUND('',#9272,.T.);
#9272=EDGE_LOOP('',(#9273,#9274,#9275));
#9273=ORIENTED_EDGE('',*,*,#9276,.T.);
#9274=ORIENTED_EDGE('',*,*,#9277,.T.);
#9275=ORIENTED_EDGE('',*,*,#9278,.T.);
#9276=EDGE_CURVE('',#219,#585,#9279,.F.);
#9277=EDGE_CURVE('',#585,#221,#9280,.T.);
#9278=EDGE_CURVE('',#221,#219,#9281,.T.);
#9279=LINE('',#218,#9282);
#9280=LINE('',#584,#9283);
#9281=LINE('',#220,#9284);
#9282=VECTOR('',#9285,1.0);
#9283=VECTOR('',#9286,1.0);
#9284=VECTOR('',#9287,1.0);
#9285=DIRECTION('',(0,0,-1));
#9286=DIRECTION('',(0.040592654374394216,0.05290119904055814,0.9977743730678356));
#9287=DIRECTION('',(-0.608762718909747,-0.7933523505136998,0));
#9288=FACE_SURFACE('',(#9293),#9289,.T.);
#9289=PLANE('',#9290);
#9290=AXIS2_PLACEMENT_3D('',#220,#9291,#9292);
#9291=DIRECTION('',(0.7933523505136998,-0.608762718909747,0));
#9292=DIRECTION('',(-0.040592654374394216,-0.05290119904055814,-0.9977743730678356));
#9293=FACE_BOUND('',#9294,.T.);
#9294=EDGE_LOOP('',(#9295,#9296,#9297));
#9295=ORIENTED_EDGE('',*,*,#9298,.T.);
#9296=ORIENTED_EDGE('',*,*,#9299,.T.);
#9297=ORIENTED_EDGE('',*,*,#9300,.T.);
#9298=EDGE_CURVE('',#221,#585,#9301,.F.);
#9299=EDGE_CURVE('',#585,#581,#9302,.T.);
#9300=EDGE_CURVE('',#581,#221,#9303,.T.);
#9301=LINE('',#220,#9304);
#9302=LINE('',#584,#9305);
#9303=LINE('',#580,#9306);
#9304=VECTOR('',#9307,1.0);
#9305=VECTOR('',#9308,1.0);
#9306=VECTOR('',#9309,1.0);
#9307=DIRECTION('',(-0.040592654374394216,-0.05290119904055814,-0.9977743730678356));
#9308=DIRECTION('',(0.608762718909747,0.7933523505136998,0));
#9309=DIRECTION('',(0,0,1));
#9310=FACE_SURFACE('',(#9315),#9311,.T.);
#9311=PLANE('',#9312);
#9312=AXIS2_PLACEMENT_3D('',#220,#9313,#9314);
#9313=DIRECTION('',(0.6087627189097362,-0.793352350513708,0));
#9314=DIRECTION('',(0,0,-1));
#9315=FACE_BOUND('',#9316,.T.);
#9316=EDGE_LOOP('',(#9317,#9318,#9319));
#9317=ORIENTED_EDGE('',*,*,#9320,.T.);
#9318=ORIENTED_EDGE('',*,*,#9321,.T.);
#9319=ORIENTED_EDGE('',*,*,#9322,.T.);
#9320=EDGE_CURVE('',#221,#581,#9323,.F.);
#9321=EDGE_CURVE('',#581,#223,#9324,.T.);
#9322=EDGE_CURVE('',#223,#221,#9325,.T.);
#9323=LINE('',#220,#9326);
#9324=LINE('',#580,#9327);
#9325=LINE('',#222,#9328);
#9326=VECTOR('',#9329,1.0);
#9327=VECTOR('',#9330,1.0);
#9328=VECTOR('',#9331,1.0);
#9329=DIRECTION('',(0,0,-1));
#9330=DIRECTION('',(0.05290119904055814,0.040592654374393085,0.9977743730678356));
#9331=DIRECTION('',(-0.793352350513708,-0.6087627189097362,0));
#9332=FACE_SURFACE('',(#9337),#9333,.T.);
#9333=PLANE('',#9334);
#9334=AXIS2_PLACEMENT_3D('',#222,#9335,#9336);
#9335=DIRECTION('',(0.6087627189097362,-0.793352350513708,0));
#9336=DIRECTION('',(-0.05290119904055814,-0.040592654374393085,-0.9977743730678356));
#9337=FACE_BOUND('',#9338,.T.);
#9338=EDGE_LOOP('',(#9339,#9340,#9341));
#9339=ORIENTED_EDGE('',*,*,#9342,.T.);
#9340=ORIENTED_EDGE('',*,*,#9343,.T.);
#9341=ORIENTED_EDGE('',*,*,#9344,.T.);
#9342=EDGE_CURVE('',#223,#581,#9345,.F.);
#9343=EDGE_CURVE('',#581,#577,#9346,.T.);
#9344=EDGE_CURVE('',#577,#223,#9347,.T.);
#9345=LINE('',#222,#9348);
#9346=LINE('',#580,#9349);
#9347=LINE('',#576,#9350);
#9348=VECTOR('',#9351,1.0);
#9349=VECTOR('',#9352,1.0);
#9350=VECTOR('',#9353,1.0);
#9351=DIRECTION('',(-0.05290119904055814,-0.040592654374393085,-0.9977743730678356));
#9352=DIRECTION('',(0.793352350513708,0.6087627189097362,0));
#9353=DIRECTION('',(0,0,1));
#9354=FACE_SURFACE('',(#9359),#9355,.T.);
#9355=PLANE('',#9356);
#9356=AXIS2_PLACEMENT_3D('',#222,#9357,#9358);
#9357=DIRECTION('',(0.3826816512484654,-0.9238802702719373,0));
#9358=DIRECTION('',(0,0,-1));
#9359=FACE_BOUND('',#9360,.T.);
#9360=EDGE_LOOP('',(#9361,#9362,#9363));
#9361=ORIENTED_EDGE('',*,*,#9364,.T.);
#9362=ORIENTED_EDGE('',*,*,#9365,.T.);
#9363=ORIENTED_EDGE('',*,*,#9366,.T.);
#9364=EDGE_CURVE('',#223,#577,#9367,.F.);
#9365=EDGE_CURVE('',#577,#225,#9368,.T.);
#9366=EDGE_CURVE('',#225,#223,#9369,.T.);
#9367=LINE('',#222,#9370);
#9368=LINE('',#576,#9371);
#9369=LINE('',#224,#9372);
#9370=VECTOR('',#9373,1.0);
#9371=VECTOR('',#9374,1.0);
#9372=VECTOR('',#9375,1.0);
#9373=DIRECTION('',(0,0,-1));
#9374=DIRECTION('',(0.061604983974478535,0.025517480728914733,0.9977743653385538));
#9375=DIRECTION('',(-0.9238802702719372,-0.38268165124846537,0));
#9376=FACE_SURFACE('',(#9381),#9377,.T.);
#9377=PLANE('',#9378);
#9378=AXIS2_PLACEMENT_3D('',#224,#9379,#9380);
#9379=DIRECTION('',(0.3826816512484654,-0.9238802702719373,0));
#9380=DIRECTION('',(-0.061604983974478535,-0.025517480728914733,-0.9977743653385538));
#9381=FACE_BOUND('',#9382,.T.);
#9382=EDGE_LOOP('',(#9383,#9384,#9385));
#9383=ORIENTED_EDGE('',*,*,#9386,.T.);
#9384=ORIENTED_EDGE('',*,*,#9387,.T.);
#9385=ORIENTED_EDGE('',*,*,#9388,.T.);
#9386=EDGE_CURVE('',#225,#577,#9389,.F.);
#9387=EDGE_CURVE('',#577,#573,#9390,.T.);
#9388=EDGE_CURVE('',#573,#225,#9391,.T.);
#9389=LINE('',#224,#9392);
#9390=LINE('',#576,#9393);
#9391=LINE('',#572,#9394);
#9392=VECTOR('',#9395,1.0);
#9393=VECTOR('',#9396,1.0);
#9394=VECTOR('',#9397,1.0);
#9395=DIRECTION('',(-0.061604983974478535,-0.025517480728914733,-0.9977743653385538));
#9396=DIRECTION('',(0.9238802702719372,0.38268165124846537,0));
#9397=DIRECTION('',(0,0,1));
#9398=FACE_SURFACE('',(#9403),#9399,.T.);
#9399=PLANE('',#9400);
#9400=AXIS2_PLACEMENT_3D('',#224,#9401,#9402);
#9401=DIRECTION('',(0.13052944980762596,-0.9914444324988257,0));
#9402=DIRECTION('',(0,0,-1));
#9403=FACE_BOUND('',#9404,.T.);
#9404=EDGE_LOOP('',(#9405,#9406,#9407));
#9405=ORIENTED_EDGE('',*,*,#9408,.T.);
#9406=ORIENTED_EDGE('',*,*,#9409,.T.);
#9407=ORIENTED_EDGE('',*,*,#9410,.T.);
#9408=EDGE_CURVE('',#225,#573,#9411,.F.);
#9409=EDGE_CURVE('',#573,#227,#9412,.T.);
#9410=EDGE_CURVE('',#227,#225,#9413,.T.);
#9411=LINE('',#224,#9414);
#9412=LINE('',#572,#9415);
#9413=LINE('',#226,#9416);
#9414=VECTOR('',#9417,1.0);
#9415=VECTOR('',#9418,1.0);
#9416=VECTOR('',#9419,1.0);
#9417=DIRECTION('',(0,0,-1));
#9418=DIRECTION('',(0.06611013512179104,0.008703785387554147,0.9977743703634133));
#9419=DIRECTION('',(-0.9914444324988257,-0.13052944980762596,0));
#9420=FACE_SURFACE('',(#9425),#9421,.T.);
#9421=PLANE('',#9422);
#9422=AXIS2_PLACEMENT_3D('',#226,#9423,#9424);
#9423=DIRECTION('',(0.13052944980762596,-0.9914444324988257,0));
#9424=DIRECTION('',(-0.06611013512179104,-0.008703785387554147,-0.9977743703634133));
#9425=FACE_BOUND('',#9426,.T.);
#9426=EDGE_LOOP('',(#9427,#9428,#9429));
#9427=ORIENTED_EDGE('',*,*,#9430,.T.);
#9428=ORIENTED_EDGE('',*,*,#9431,.T.);
#9429=ORIENTED_EDGE('',*,*,#9432,.T.);
#9430=EDGE_CURVE('',#227,#573,#9433,.F.);
#9431=EDGE_CURVE('',#573,#569,#9434,.T.);
#9432=EDGE_CURVE('',#569,#227,#9435,.T.);
#9433=LINE('',#226,#9436);
#9434=LINE('',#572,#9437);
#9435=LINE('',#568,#9438);
#9436=VECTOR('',#9439,1.0);
#9437=VECTOR('',#9440,1.0);
#9438=VECTOR('',#9441,1.0);
#9439=DIRECTION('',(-0.06611013512179104,-0.008703785387554147,-0.9977743703634133));
#9440=DIRECTION('',(0.9914444324988257,0.13052944980762596,0));
#9441=DIRECTION('',(0,0,1));
#9442=FACE_SURFACE('',(#9447),#9443,.T.);
#9443=PLANE('',#9444);
#9444=AXIS2_PLACEMENT_3D('',#226,#9445,#9446);
#9445=DIRECTION('',(-0.13052944980762596,-0.9914444324988257,-0));
#9446=DIRECTION('',(0,0,-1));
#9447=FACE_BOUND('',#9448,.T.);
#9448=EDGE_LOOP('',(#9449,#9450,#9451));
#9449=ORIENTED_EDGE('',*,*,#9452,.T.);
#9450=ORIENTED_EDGE('',*,*,#9453,.T.);
#9451=ORIENTED_EDGE('',*,*,#9454,.T.);
#9452=EDGE_CURVE('',#227,#569,#9455,.F.);
#9453=EDGE_CURVE('',#569,#229,#9456,.T.);
#9454=EDGE_CURVE('',#229,#227,#9457,.T.);
#9455=LINE('',#226,#9458);
#9456=LINE('',#568,#9459);
#9457=LINE('',#228,#9460);
#9458=VECTOR('',#9461,1.0);
#9459=VECTOR('',#9462,1.0);
#9460=VECTOR('',#9463,1.0);
#9461=DIRECTION('',(0,0,-1));
#9462=DIRECTION('',(0.06611013512179104,-0.008703785387554147,0.9977743703634133));
#9463=DIRECTION('',(-0.9914444324988257,0.13052944980762596,0));
#9464=FACE_SURFACE('',(#9469),#9465,.T.);
#9465=PLANE('',#9466);
#9466=AXIS2_PLACEMENT_3D('',#228,#9467,#9468);
#9467=DIRECTION('',(-0.13052944980762596,-0.9914444324988257,-0));
#9468=DIRECTION('',(-0.06611013512179104,0.008703785387554147,-0.9977743703634133));
#9469=FACE_BOUND('',#9470,.T.);
#9470=EDGE_LOOP('',(#9471,#9472,#9473));
#9471=ORIENTED_EDGE('',*,*,#9474,.T.);
#9472=ORIENTED_EDGE('',*,*,#9475,.T.);
#9473=ORIENTED_EDGE('',*,*,#9476,.T.);
#9474=EDGE_CURVE('',#229,#569,#9477,.F.);
#9475=EDGE_CURVE('',#569,#565,#9478,.T.);
#9476=EDGE_CURVE('',#565,#229,#9479,.T.);
#9477=LINE('',#228,#9480);
#9478=LINE('',#568,#9481);
#9479=LINE('',#564,#9482);
#9480=VECTOR('',#9483,1.0);
#9481=VECTOR('',#9484,1.0);
#9482=VECTOR('',#9485,1.0);
#9483=DIRECTION('',(-0.06611013512179104,0.008703785387554147,-0.9977743703634133));
#9484=DIRECTION('',(0.9914444324988257,-0.13052944980762596,0));
#9485=DIRECTION('',(0,0,1));
#9486=FACE_SURFACE('',(#9491),#9487,.T.);
#9487=PLANE('',#9488);
#9488=AXIS2_PLACEMENT_3D('',#228,#9489,#9490);
#9489=DIRECTION('',(-0.3826816512484654,-0.9238802702719373,-0));
#9490=DIRECTION('',(0,0,-1));
#9491=FACE_BOUND('',#9492,.T.);
#9492=EDGE_LOOP('',(#9493,#9494,#9495));
#9493=ORIENTED_EDGE('',*,*,#9496,.T.);
#9494=ORIENTED_EDGE('',*,*,#9497,.T.);
#9495=ORIENTED_EDGE('',*,*,#9498,.T.);
#9496=EDGE_CURVE('',#229,#565,#9499,.F.);
#9497=EDGE_CURVE('',#565,#231,#9500,.T.);
#9498=EDGE_CURVE('',#231,#229,#9501,.T.);
#9499=LINE('',#228,#9502);
#9500=LINE('',#564,#9503);
#9501=LINE('',#230,#9504);
#9502=VECTOR('',#9505,1.0);
#9503=VECTOR('',#9506,1.0);
#9504=VECTOR('',#9507,1.0);
#9505=DIRECTION('',(0,0,-1));
#9506=DIRECTION('',(0.061604983974478535,-0.025517480728914733,0.9977743653385538));
#9507=DIRECTION('',(-0.9238802702719372,0.38268165124846537,0));
#9508=FACE_SURFACE('',(#9513),#9509,.T.);
#9509=PLANE('',#9510);
#9510=AXIS2_PLACEMENT_3D('',#230,#9511,#9512);
#9511=DIRECTION('',(-0.3826816512484654,-0.9238802702719373,-0));
#9512=DIRECTION('',(-0.061604983974478535,0.025517480728914733,-0.9977743653385538));
#9513=FACE_BOUND('',#9514,.T.);
#9514=EDGE_LOOP('',(#9515,#9516,#9517));
#9515=ORIENTED_EDGE('',*,*,#9518,.T.);
#9516=ORIENTED_EDGE('',*,*,#9519,.T.);
#9517=ORIENTED_EDGE('',*,*,#9520,.T.);
#9518=EDGE_CURVE('',#231,#565,#9521,.F.);
#9519=EDGE_CURVE('',#565,#561,#9522,.T.);
#9520=EDGE_CURVE('',#561,#231,#9523,.T.);
#9521=LINE('',#230,#9524);
#9522=LINE('',#564,#9525);
#9523=LINE('',#560,#9526);
#9524=VECTOR('',#9527,1.0);
#9525=VECTOR('',#9528,1.0);
#9526=VECTOR('',#9529,1.0);
#9527=DIRECTION('',(-0.061604983974478535,0.025517480728914733,-0.9977743653385538));
#9528=DIRECTION('',(0.9238802702719372,-0.38268165124846537,0));
#9529=DIRECTION('',(0,0,1));
#9530=FACE_SURFACE('',(#9535),#9531,.T.);
#9531=PLANE('',#9532);
#9532=AXIS2_PLACEMENT_3D('',#230,#9533,#9534);
#9533=DIRECTION('',(-0.6087627189097362,-0.793352350513708,-0));
#9534=DIRECTION('',(0,0,-1));
#9535=FACE_BOUND('',#9536,.T.);
#9536=EDGE_LOOP('',(#9537,#9538,#9539));
#9537=ORIENTED_EDGE('',*,*,#9540,.T.);
#9538=ORIENTED_EDGE('',*,*,#9541,.T.);
#9539=ORIENTED_EDGE('',*,*,#9542,.T.);
#9540=EDGE_CURVE('',#231,#561,#9543,.F.);
#9541=EDGE_CURVE('',#561,#139,#9544,.T.);
#9542=EDGE_CURVE('',#139,#231,#9545,.T.);
#9543=LINE('',#230,#9546);
#9544=LINE('',#560,#9547);
#9545=LINE('',#138,#9548);
#9546=VECTOR('',#9549,1.0);
#9547=VECTOR('',#9550,1.0);
#9548=VECTOR('',#9551,1.0);
#9549=DIRECTION('',(0,0,-1));
#9550=DIRECTION('',(0.05290119904055814,-0.040592654374393085,0.9977743730678356));
#9551=DIRECTION('',(-0.793352350513708,0.6087627189097362,0));
#9552=FACE_SURFACE('',(#9557),#9553,.T.);
#9553=PLANE('',#9554);
#9554=AXIS2_PLACEMENT_3D('',#138,#9555,#9556);
#9555=DIRECTION('',(-0.6087627189097362,-0.793352350513708,-0));
#9556=DIRECTION('',(-0.05290119904055814,0.040592654374393085,-0.9977743730678356));
#9557=FACE_BOUND('',#9558,.T.);
#9558=EDGE_LOOP('',(#9559,#9560,#9561));
#9559=ORIENTED_EDGE('',*,*,#9562,.T.);
#9560=ORIENTED_EDGE('',*,*,#9563,.T.);
#9561=ORIENTED_EDGE('',*,*,#9564,.T.);
#9562=EDGE_CURVE('',#139,#561,#9565,.F.);
#9563=EDGE_CURVE('',#561,#557,#9566,.T.);
#9564=EDGE_CURVE('',#557,#139,#9567,.T.);
#9565=LINE('',#138,#9568);
#9566=LINE('',#560,#9569);
#9567=LINE('',#556,#9570);
#9568=VECTOR('',#9571,1.0);
#9569=VECTOR('',#9572,1.0);
#9570=VECTOR('',#9573,1.0);
#9571=DIRECTION('',(-0.05290119904055814,0.040592654374393085,-0.9977743730678356));
#9572=DIRECTION('',(0.793352350513708,-0.6087627189097362,0));
#9573=DIRECTION('',(0,0,1));
#9574=FACE_SURFACE('',(#9579),#9575,.T.);
#9575=PLANE('',#9576);
#9576=AXIS2_PLACEMENT_3D('',#138,#9577,#9578);
#9577=DIRECTION('',(-0.7933523505136998,-0.608762718909747,-0));
#9578=DIRECTION('',(0,0,-1));
#9579=FACE_BOUND('',#9580,.T.);
#9580=EDGE_LOOP('',(#9581,#9582,#9583));
#9581=ORIENTED_EDGE('',*,*,#9584,.T.);
#9582=ORIENTED_EDGE('',*,*,#9585,.T.);
#9583=ORIENTED_EDGE('',*,*,#9586,.T.);
#9584=EDGE_CURVE('',#139,#557,#9587,.F.);
#9585=EDGE_CURVE('',#557,#135,#9588,.T.);
#9586=EDGE_CURVE('',#135,#139,#9589,.T.);
#9587=LINE('',#138,#9590);
#9588=LINE('',#556,#9591);
#9589=LINE('',#134,#9592);
#9590=VECTOR('',#9593,1.0);
#9591=VECTOR('',#9594,1.0);
#9592=VECTOR('',#9595,1.0);
#9593=DIRECTION('',(0,0,-1));
#9594=DIRECTION('',(0.040592654374394216,-0.05290119904055814,0.9977743730678356));
#9595=DIRECTION('',(-0.608762718909747,0.7933523505136998,0));
#9596=FACE_SURFACE('',(#9601),#9597,.T.);
#9597=PLANE('',#9598);
#9598=AXIS2_PLACEMENT_3D('',#134,#9599,#9600);
#9599=DIRECTION('',(-0.7933523505136998,-0.608762718909747,-0));
#9600=DIRECTION('',(-0.040592654374394216,0.05290119904055814,-0.9977743730678356));
#9601=FACE_BOUND('',#9602,.T.);
#9602=EDGE_LOOP('',(#9603,#9604,#9605));
#9603=ORIENTED_EDGE('',*,*,#9606,.T.);
#9604=ORIENTED_EDGE('',*,*,#9607,.T.);
#9605=ORIENTED_EDGE('',*,*,#9608,.T.);
#9606=EDGE_CURVE('',#135,#557,#9609,.F.);
#9607=EDGE_CURVE('',#557,#553,#9610,.T.);
#9608=EDGE_CURVE('',#553,#135,#9611,.T.);
#9609=LINE('',#134,#9612);
#9610=LINE('',#556,#9613);
#9611=LINE('',#552,#9614);
#9612=VECTOR('',#9615,1.0);
#9613=VECTOR('',#9616,1.0);
#9614=VECTOR('',#9617,1.0);
#9615=DIRECTION('',(-0.040592654374394216,0.05290119904055814,-0.9977743730678356));
#9616=DIRECTION('',(0.608762718909747,-0.7933523505136998,0));
#9617=DIRECTION('',(0,0,1));
#9618=FACE_SURFACE('',(#9623),#9619,.T.);
#9619=PLANE('',#9620);
#9620=AXIS2_PLACEMENT_3D('',#134,#9621,#9622);
#9621=DIRECTION('',(-0.9238802702719445,-0.3826816512484479,-0));
#9622=DIRECTION('',(0,0,-1));
#9623=FACE_BOUND('',#9624,.T.);
#9624=EDGE_LOOP('',(#9625,#9626,#9627));
#9625=ORIENTED_EDGE('',*,*,#9628,.T.);
#9626=ORIENTED_EDGE('',*,*,#9629,.T.);
#9627=ORIENTED_EDGE('',*,*,#9630,.T.);
#9628=EDGE_CURVE('',#135,#553,#9631,.F.);
#9629=EDGE_CURVE('',#553,#131,#9632,.T.);
#9630=EDGE_CURVE('',#131,#135,#9633,.T.);
#9631=LINE('',#134,#9634);
#9632=LINE('',#552,#9635);
#9633=LINE('',#130,#9636);
#9634=VECTOR('',#9637,1.0);
#9635=VECTOR('',#9638,1.0);
#9636=VECTOR('',#9639,1.0);
#9637=DIRECTION('',(0,0,-1));
#9638=DIRECTION('',(0.025517480728913598,-0.0616049839744791,0.9977743653385538));
#9639=DIRECTION('',(-0.3826816512484479,0.9238802702719445,0));
#9640=FACE_SURFACE('',(#9645),#9641,.T.);
#9641=PLANE('',#9642);
#9642=AXIS2_PLACEMENT_3D('',#130,#9643,#9644);
#9643=DIRECTION('',(-0.9238802702719445,-0.3826816512484479,-0));
#9644=DIRECTION('',(-0.025517480728913598,0.0616049839744791,-0.9977743653385538));
#9645=FACE_BOUND('',#9646,.T.);
#9646=EDGE_LOOP('',(#9647,#9648,#9649));
#9647=ORIENTED_EDGE('',*,*,#9650,.T.);
#9648=ORIENTED_EDGE('',*,*,#9651,.T.);
#9649=ORIENTED_EDGE('',*,*,#9652,.T.);
#9650=EDGE_CURVE('',#131,#553,#9653,.F.);
#9651=EDGE_CURVE('',#553,#549,#9654,.T.);
#9652=EDGE_CURVE('',#549,#131,#9655,.T.);
#9653=LINE('',#130,#9656);
#9654=LINE('',#552,#9657);
#9655=LINE('',#548,#9658);
#9656=VECTOR('',#9659,1.0);
#9657=VECTOR('',#9660,1.0);
#9658=VECTOR('',#9661,1.0);
#9659=DIRECTION('',(-0.025517480728913598,0.0616049839744791,-0.9977743653385538));
#9660=DIRECTION('',(0.3826816512484479,-0.9238802702719445,0));
#9661=DIRECTION('',(0,0,1));
#9662=FACE_SURFACE('',(#9667),#9663,.T.);
#9663=PLANE('',#9664);
#9664=AXIS2_PLACEMENT_3D('',#130,#9665,#9666);
#9665=DIRECTION('',(-0.9914444324988245,-0.1305294498076343,-0));
#9666=DIRECTION('',(0,0,-1));
#9667=FACE_BOUND('',#9668,.T.);
#9668=EDGE_LOOP('',(#9669,#9670,#9671));
#9669=ORIENTED_EDGE('',*,*,#9672,.T.);
#9670=ORIENTED_EDGE('',*,*,#9673,.T.);
#9671=ORIENTED_EDGE('',*,*,#9674,.T.);
#9672=EDGE_CURVE('',#131,#549,#9675,.F.);
#9673=EDGE_CURVE('',#549,#127,#9676,.T.);
#9674=EDGE_CURVE('',#127,#131,#9677,.T.);
#9675=LINE('',#130,#9678);
#9676=LINE('',#548,#9679);
#9677=LINE('',#126,#9680);
#9678=VECTOR('',#9681,1.0);
#9679=VECTOR('',#9682,1.0);
#9680=VECTOR('',#9683,1.0);
#9681=DIRECTION('',(0,0,-1));
#9682=DIRECTION('',(0.008703785387554714,-0.06611013512179104,0.9977743703634133));
#9683=DIRECTION('',(-0.1305294498076343,0.9914444324988245,0));
#9684=FACE_SURFACE('',(#9689),#9685,.T.);
#9685=PLANE('',#9686);
#9686=AXIS2_PLACEMENT_3D('',#126,#9687,#9688);
#9687=DIRECTION('',(-0.9914444324988245,-0.1305294498076343,-0));
#9688=DIRECTION('',(-0.008703785387554714,0.06611013512179104,-0.9977743703634133));
#9689=FACE_BOUND('',#9690,.T.);
#9690=EDGE_LOOP('',(#9691,#9692,#9693));
#9691=ORIENTED_EDGE('',*,*,#9694,.T.);
#9692=ORIENTED_EDGE('',*,*,#9695,.T.);
#9693=ORIENTED_EDGE('',*,*,#9696,.T.);
#9694=EDGE_CURVE('',#127,#549,#9697,.F.);
#9695=EDGE_CURVE('',#549,#545,#9698,.T.);
#9696=EDGE_CURVE('',#545,#127,#9699,.T.);
#9697=LINE('',#126,#9700);
#9698=LINE('',#548,#9701);
#9699=LINE('',#544,#9702);
#9700=VECTOR('',#9703,1.0);
#9701=VECTOR('',#9704,1.0);
#9702=VECTOR('',#9705,1.0);
#9703=DIRECTION('',(-0.008703785387554714,0.06611013512179104,-0.9977743703634133));
#9704=DIRECTION('',(0.1305294498076343,-0.9914444324988245,0));
#9705=DIRECTION('',(0,0,1));
#9706=FACE_SURFACE('',(#9711),#9707,.T.);
#9707=PLANE('',#9708);
#9708=AXIS2_PLACEMENT_3D('',#126,#9709,#9710);
#9709=DIRECTION('',(-0.9914444324988245,0.1305294498076343,0));
#9710=DIRECTION('',(0,0,-1));
#9711=FACE_BOUND('',#9712,.T.);
#9712=EDGE_LOOP('',(#9713,#9714,#9715));
#9713=ORIENTED_EDGE('',*,*,#9716,.T.);
#9714=ORIENTED_EDGE('',*,*,#9717,.T.);
#9715=ORIENTED_EDGE('',*,*,#9718,.T.);
#9716=EDGE_CURVE('',#127,#545,#9719,.F.);
#9717=EDGE_CURVE('',#545,#123,#9720,.T.);
#9718=EDGE_CURVE('',#123,#127,#9721,.T.);
#9719=LINE('',#126,#9722);
#9720=LINE('',#544,#9723);
#9721=LINE('',#122,#9724);
#9722=VECTOR('',#9725,1.0);
#9723=VECTOR('',#9726,1.0);
#9724=VECTOR('',#9727,1.0);
#9725=DIRECTION('',(0,0,-1));
#9726=DIRECTION('',(-0.008703785387554714,-0.06611013512179104,0.9977743703634133));
#9727=DIRECTION('',(0.1305294498076343,0.9914444324988245,0));
#9728=FACE_SURFACE('',(#9733),#9729,.T.);
#9729=PLANE('',#9730);
#9730=AXIS2_PLACEMENT_3D('',#122,#9731,#9732);
#9731=DIRECTION('',(-0.9914444324988245,0.1305294498076343,0));
#9732=DIRECTION('',(0.008703785387554714,0.06611013512179104,-0.9977743703634133));
#9733=FACE_BOUND('',#9734,.T.);
#9734=EDGE_LOOP('',(#9735,#9736,#9737));
#9735=ORIENTED_EDGE('',*,*,#9738,.T.);
#9736=ORIENTED_EDGE('',*,*,#9739,.T.);
#9737=ORIENTED_EDGE('',*,*,#9740,.T.);
#9738=EDGE_CURVE('',#123,#545,#9741,.F.);
#9739=EDGE_CURVE('',#545,#541,#9742,.T.);
#9740=EDGE_CURVE('',#541,#123,#9743,.T.);
#9741=LINE('',#122,#9744);
#9742=LINE('',#544,#9745);
#9743=LINE('',#540,#9746);
#9744=VECTOR('',#9747,1.0);
#9745=VECTOR('',#9748,1.0);
#9746=VECTOR('',#9749,1.0);
#9747=DIRECTION('',(0.008703785387554714,0.06611013512179104,-0.9977743703634133));
#9748=DIRECTION('',(-0.1305294498076343,-0.9914444324988245,0));
#9749=DIRECTION('',(0,0,1));
#9750=FACE_SURFACE('',(#9755),#9751,.T.);
#9751=PLANE('',#9752);
#9752=AXIS2_PLACEMENT_3D('',#122,#9753,#9754);
#9753=DIRECTION('',(-0.9238802702719445,0.3826816512484479,0));
#9754=DIRECTION('',(0,0,-1));
#9755=FACE_BOUND('',#9756,.T.);
#9756=EDGE_LOOP('',(#9757,#9758,#9759));
#9757=ORIENTED_EDGE('',*,*,#9760,.T.);
#9758=ORIENTED_EDGE('',*,*,#9761,.T.);
#9759=ORIENTED_EDGE('',*,*,#9762,.T.);
#9760=EDGE_CURVE('',#123,#541,#9763,.F.);
#9761=EDGE_CURVE('',#541,#119,#9764,.T.);
#9762=EDGE_CURVE('',#119,#123,#9765,.T.);
#9763=LINE('',#122,#9766);
#9764=LINE('',#540,#9767);
#9765=LINE('',#118,#9768);
#9766=VECTOR('',#9769,1.0);
#9767=VECTOR('',#9770,1.0);
#9768=VECTOR('',#9771,1.0);
#9769=DIRECTION('',(0,0,-1));
#9770=DIRECTION('',(-0.025517480728913598,-0.0616049839744791,0.9977743653385538));
#9771=DIRECTION('',(0.3826816512484479,0.9238802702719445,0));
#9772=FACE_SURFACE('',(#9777),#9773,.T.);
#9773=PLANE('',#9774);
#9774=AXIS2_PLACEMENT_3D('',#118,#9775,#9776);
#9775=DIRECTION('',(-0.9238802702719445,0.3826816512484479,0));
#9776=DIRECTION('',(0.025517480728913598,0.0616049839744791,-0.9977743653385538));
#9777=FACE_BOUND('',#9778,.T.);
#9778=EDGE_LOOP('',(#9779,#9780,#9781));
#9779=ORIENTED_EDGE('',*,*,#9782,.T.);
#9780=ORIENTED_EDGE('',*,*,#9783,.T.);
#9781=ORIENTED_EDGE('',*,*,#9784,.T.);
#9782=EDGE_CURVE('',#119,#541,#9785,.F.);
#9783=EDGE_CURVE('',#541,#537,#9786,.T.);
#9784=EDGE_CURVE('',#537,#119,#9787,.T.);
#9785=LINE('',#118,#9788);
#9786=LINE('',#540,#9789);
#9787=LINE('',#536,#9790);
#9788=VECTOR('',#9791,1.0);
#9789=VECTOR('',#9792,1.0);
#9790=VECTOR('',#9793,1.0);
#9791=DIRECTION('',(0.025517480728913598,0.0616049839744791,-0.9977743653385538));
#9792=DIRECTION('',(-0.3826816512484479,-0.9238802702719445,0));
#9793=DIRECTION('',(0,0,1));
#9794=FACE_SURFACE('',(#9799),#9795,.T.);
#9795=PLANE('',#9796);
#9796=AXIS2_PLACEMENT_3D('',#118,#9797,#9798);
#9797=DIRECTION('',(-0.7933523505136998,0.608762718909747,0));
#9798=DIRECTION('',(0,0,-1));
#9799=FACE_BOUND('',#9800,.T.);
#9800=EDGE_LOOP('',(#9801,#9802,#9803));
#9801=ORIENTED_EDGE('',*,*,#9804,.T.);
#9802=ORIENTED_EDGE('',*,*,#9805,.T.);
#9803=ORIENTED_EDGE('',*,*,#9806,.T.);
#9804=EDGE_CURVE('',#119,#537,#9807,.F.);
#9805=EDGE_CURVE('',#537,#115,#9808,.T.);
#9806=EDGE_CURVE('',#115,#119,#9809,.T.);
#9807=LINE('',#118,#9810);
#9808=LINE('',#536,#9811);
#9809=LINE('',#114,#9812);
#9810=VECTOR('',#9813,1.0);
#9811=VECTOR('',#9814,1.0);
#9812=VECTOR('',#9815,1.0);
#9813=DIRECTION('',(0,0,-1));
#9814=DIRECTION('',(-0.040592654374394216,-0.05290119904055814,0.9977743730678356));
#9815=DIRECTION('',(0.608762718909747,0.7933523505136998,0));
#9816=FACE_SURFACE('',(#9821),#9817,.T.);
#9817=PLANE('',#9818);
#9818=AXIS2_PLACEMENT_3D('',#114,#9819,#9820);
#9819=DIRECTION('',(-0.7933523505136998,0.608762718909747,0));
#9820=DIRECTION('',(0.040592654374394216,0.05290119904055814,-0.9977743730678356));
#9821=FACE_BOUND('',#9822,.T.);
#9822=EDGE_LOOP('',(#9823,#9824,#9825));
#9823=ORIENTED_EDGE('',*,*,#9826,.T.);
#9824=ORIENTED_EDGE('',*,*,#9827,.T.);
#9825=ORIENTED_EDGE('',*,*,#9828,.T.);
#9826=EDGE_CURVE('',#115,#537,#9829,.F.);
#9827=EDGE_CURVE('',#537,#533,#9830,.T.);
#9828=EDGE_CURVE('',#533,#115,#9831,.T.);
#9829=LINE('',#114,#9832);
#9830=LINE('',#536,#9833);
#9831=LINE('',#532,#9834);
#9832=VECTOR('',#9835,1.0);
#9833=VECTOR('',#9836,1.0);
#9834=VECTOR('',#9837,1.0);
#9835=DIRECTION('',(0.040592654374394216,0.05290119904055814,-0.9977743730678356));
#9836=DIRECTION('',(-0.608762718909747,-0.7933523505136998,0));
#9837=DIRECTION('',(0,0,1));
#9838=FACE_SURFACE('',(#9843),#9839,.T.);
#9839=PLANE('',#9840);
#9840=AXIS2_PLACEMENT_3D('',#114,#9841,#9842);
#9841=DIRECTION('',(-0.6087627189097362,0.793352350513708,0));
#9842=DIRECTION('',(0,0,-1));
#9843=FACE_BOUND('',#9844,.T.);
#9844=EDGE_LOOP('',(#9845,#9846,#9847));
#9845=ORIENTED_EDGE('',*,*,#9848,.T.);
#9846=ORIENTED_EDGE('',*,*,#9849,.T.);
#9847=ORIENTED_EDGE('',*,*,#9850,.T.);
#9848=EDGE_CURVE('',#115,#533,#9851,.F.);
#9849=EDGE_CURVE('',#533,#233,#9852,.T.);
#9850=EDGE_CURVE('',#233,#115,#9853,.T.);
#9851=LINE('',#114,#9854);
#9852=LINE('',#532,#9855);
#9853=LINE('',#232,#9856);
#9854=VECTOR('',#9857,1.0);
#9855=VECTOR('',#9858,1.0);
#9856=VECTOR('',#9859,1.0);
#9857=DIRECTION('',(0,0,-1));
#9858=DIRECTION('',(-0.05290119904055814,-0.040592654374393085,0.9977743730678356));
#9859=DIRECTION('',(0.793352350513708,0.6087627189097362,0));
#9860=FACE_SURFACE('',(#9865),#9861,.T.);
#9861=PLANE('',#9862);
#9862=AXIS2_PLACEMENT_3D('',#232,#9863,#9864);
#9863=DIRECTION('',(-0.6087627189097362,0.793352350513708,0));
#9864=DIRECTION('',(0.05290119904055814,0.040592654374393085,-0.9977743730678356));
#9865=FACE_BOUND('',#9866,.T.);
#9866=EDGE_LOOP('',(#9867,#9868,#9869));
#9867=ORIENTED_EDGE('',*,*,#9870,.T.);
#9868=ORIENTED_EDGE('',*,*,#9871,.T.);
#9869=ORIENTED_EDGE('',*,*,#9872,.T.);
#9870=EDGE_CURVE('',#233,#533,#9873,.F.);
#9871=EDGE_CURVE('',#533,#529,#9874,.T.);
#9872=EDGE_CURVE('',#529,#233,#9875,.T.);
#9873=LINE('',#232,#9876);
#9874=LINE('',#532,#9877);
#9875=LINE('',#528,#9878);
#9876=VECTOR('',#9879,1.0);
#9877=VECTOR('',#9880,1.0);
#9878=VECTOR('',#9881,1.0);
#9879=DIRECTION('',(0.05290119904055814,0.040592654374393085,-0.9977743730678356));
#9880=DIRECTION('',(-0.793352350513708,-0.6087627189097362,0));
#9881=DIRECTION('',(0,0,1));
#9882=FACE_SURFACE('',(#9887),#9883,.T.);
#9883=PLANE('',#9884);
#9884=AXIS2_PLACEMENT_3D('',#232,#9885,#9886);
#9885=DIRECTION('',(-0.3826816512484654,0.9238802702719373,0));
#9886=DIRECTION('',(0,0,-1));
#9887=FACE_BOUND('',#9888,.T.);
#9888=EDGE_LOOP('',(#9889,#9890,#9891));
#9889=ORIENTED_EDGE('',*,*,#9892,.T.);
#9890=ORIENTED_EDGE('',*,*,#9893,.T.);
#9891=ORIENTED_EDGE('',*,*,#9894,.T.);
#9892=EDGE_CURVE('',#233,#529,#9895,.F.);
#9893=EDGE_CURVE('',#529,#237,#9896,.T.);
#9894=EDGE_CURVE('',#237,#233,#9897,.T.);
#9895=LINE('',#232,#9898);
#9896=LINE('',#528,#9899);
#9897=LINE('',#236,#9900);
#9898=VECTOR('',#9901,1.0);
#9899=VECTOR('',#9902,1.0);
#9900=VECTOR('',#9903,1.0);
#9901=DIRECTION('',(0,0,-1));
#9902=DIRECTION('',(-0.061604983974478535,-0.025517480728914733,0.9977743653385538));
#9903=DIRECTION('',(0.9238802702719372,0.38268165124846537,0));
#9904=FACE_SURFACE('',(#9909),#9905,.T.);
#9905=PLANE('',#9906);
#9906=AXIS2_PLACEMENT_3D('',#236,#9907,#9908);
#9907=DIRECTION('',(-0.3826816512484654,0.9238802702719373,0));
#9908=DIRECTION('',(0.061604983974478535,0.025517480728914733,-0.9977743653385538));
#9909=FACE_BOUND('',#9910,.T.);
#9910=EDGE_LOOP('',(#9911,#9912,#9913));
#9911=ORIENTED_EDGE('',*,*,#9914,.T.);
#9912=ORIENTED_EDGE('',*,*,#9915,.T.);
#9913=ORIENTED_EDGE('',*,*,#9916,.T.);
#9914=EDGE_CURVE('',#237,#529,#9917,.F.);
#9915=EDGE_CURVE('',#529,#525,#9918,.T.);
#9916=EDGE_CURVE('',#525,#237,#9919,.T.);
#9917=LINE('',#236,#9920);
#9918=LINE('',#528,#9921);
#9919=LINE('',#524,#9922);
#9920=VECTOR('',#9923,1.0);
#9921=VECTOR('',#9924,1.0);
#9922=VECTOR('',#9925,1.0);
#9923=DIRECTION('',(0.061604983974478535,0.025517480728914733,-0.9977743653385538));
#9924=DIRECTION('',(-0.9238802702719372,-0.38268165124846537,0));
#9925=DIRECTION('',(0,0,1));
#9926=FACE_SURFACE('',(#9931),#9927,.T.);
#9927=PLANE('',#9928);
#9928=AXIS2_PLACEMENT_3D('',#236,#9929,#9930);
#9929=DIRECTION('',(-0.13052944980762596,0.9914444324988257,0));
#9930=DIRECTION('',(0,0,-1));
#9931=FACE_BOUND('',#9932,.T.);
#9932=EDGE_LOOP('',(#9933,#9934,#9935));
#9933=ORIENTED_EDGE('',*,*,#9936,.T.);
#9934=ORIENTED_EDGE('',*,*,#9937,.T.);
#9935=ORIENTED_EDGE('',*,*,#9938,.T.);
#9936=EDGE_CURVE('',#237,#525,#9939,.F.);
#9937=EDGE_CURVE('',#525,#241,#9940,.T.);
#9938=EDGE_CURVE('',#241,#237,#9941,.T.);
#9939=LINE('',#236,#9942);
#9940=LINE('',#524,#9943);
#9941=LINE('',#240,#9944);
#9942=VECTOR('',#9945,1.0);
#9943=VECTOR('',#9946,1.0);
#9944=VECTOR('',#9947,1.0);
#9945=DIRECTION('',(0,0,-1));
#9946=DIRECTION('',(-0.06611013512179104,-0.008703785387554147,0.9977743703634133));
#9947=DIRECTION('',(0.9914444324988257,0.13052944980762596,0));
#9948=FACE_SURFACE('',(#9953),#9949,.T.);
#9949=PLANE('',#9950);
#9950=AXIS2_PLACEMENT_3D('',#240,#9951,#9952);
#9951=DIRECTION('',(-0.13052944980762596,0.9914444324988257,0));
#9952=DIRECTION('',(0.06611013512179104,0.008703785387554147,-0.9977743703634133));
#9953=FACE_BOUND('',#9954,.T.);
#9954=EDGE_LOOP('',(#9955,#9956,#9957));
#9955=ORIENTED_EDGE('',*,*,#9958,.T.);
#9956=ORIENTED_EDGE('',*,*,#9959,.T.);
#9957=ORIENTED_EDGE('',*,*,#9960,.T.);
#9958=EDGE_CURVE('',#241,#525,#9961,.F.);
#9959=EDGE_CURVE('',#525,#521,#9962,.T.);
#9960=EDGE_CURVE('',#521,#241,#9963,.T.);
#9961=LINE('',#240,#9964);
#9962=LINE('',#524,#9965);
#9963=LINE('',#520,#9966);
#9964=VECTOR('',#9967,1.0);
#9965=VECTOR('',#9968,1.0);
#9966=VECTOR('',#9969,1.0);
#9967=DIRECTION('',(0.06611013512179104,0.008703785387554147,-0.9977743703634133));
#9968=DIRECTION('',(-0.9914444324988257,-0.13052944980762596,0));
#9969=DIRECTION('',(0,0,1));
#9970=FACE_SURFACE('',(#9975),#9971,.T.);
#9971=PLANE('',#9972);
#9972=AXIS2_PLACEMENT_3D('',#240,#9973,#9974);
#9973=DIRECTION('',(0.13052944980762596,0.9914444324988257,0));
#9974=DIRECTION('',(0,0,-1));
#9975=FACE_BOUND('',#9976,.T.);
#9976=EDGE_LOOP('',(#9977,#9978,#9979));
#9977=ORIENTED_EDGE('',*,*,#9980,.T.);
#9978=ORIENTED_EDGE('',*,*,#9981,.T.);
#9979=ORIENTED_EDGE('',*,*,#9982,.T.);
#9980=EDGE_CURVE('',#241,#521,#9983,.F.);
#9981=EDGE_CURVE('',#521,#247,#9984,.T.);
#9982=EDGE_CURVE('',#247,#241,#9985,.T.);
#9983=LINE('',#240,#9986);
#9984=LINE('',#520,#9987);
#9985=LINE('',#246,#9988);
#9986=VECTOR('',#9989,1.0);
#9987=VECTOR('',#9990,1.0);
#9988=VECTOR('',#9991,1.0);
#9989=DIRECTION('',(0,0,-1));
#9990=DIRECTION('',(-0.06611013512179104,0.008703785387554147,0.9977743703634133));
#9991=DIRECTION('',(0.9914444324988257,-0.13052944980762596,0));
#9992=FACE_SURFACE('',(#9997),#9993,.T.);
#9993=PLANE('',#9994);
#9994=AXIS2_PLACEMENT_3D('',#246,#9995,#9996);
#9995=DIRECTION('',(0.13052944980762596,0.9914444324988257,0));
#9996=DIRECTION('',(0.06611013512179104,-0.008703785387554147,-0.9977743703634133));
#9997=FACE_BOUND('',#9998,.T.);
#9998=EDGE_LOOP('',(#9999,#10000,#10001));
#9999=ORIENTED_EDGE('',*,*,#10002,.T.);
#10000=ORIENTED_EDGE('',*,*,#10003,.T.);
#10001=ORIENTED_EDGE('',*,*,#10004,.T.);
#10002=EDGE_CURVE('',#247,#521,#10005,.F.);
#10003=EDGE_CURVE('',#521,#517,#10006,.T.);
#10004=EDGE_CURVE('',#517,#247,#10007,.T.);
#10005=LINE('',#246,#10008);
#10006=LINE('',#520,#10009);
#10007=LINE('',#516,#10010);
#10008=VECTOR('',#10011,1.0);
#10009=VECTOR('',#10012,1.0);
#10010=VECTOR('',#10013,1.0);
#10011=DIRECTION('',(0.06611013512179104,-0.008703785387554147,-0.9977743703634133));
#10012=DIRECTION('',(-0.9914444324988257,0.13052944980762596,0));
#10013=DIRECTION('',(0,0,1));
#10014=FACE_SURFACE('',(#10019),#10015,.T.);
#10015=PLANE('',#10016);
#10016=AXIS2_PLACEMENT_3D('',#246,#10017,#10018);
#10017=DIRECTION('',(0.3826816512484654,0.9238802702719373,0));
#10018=DIRECTION('',(0,0,-1));
#10019=FACE_BOUND('',#10020,.T.);
#10020=EDGE_LOOP('',(#10021,#10022,#10023));
#10021=ORIENTED_EDGE('',*,*,#10024,.T.);
#10022=ORIENTED_EDGE('',*,*,#10025,.T.);
#10023=ORIENTED_EDGE('',*,*,#10026,.T.);
#10024=EDGE_CURVE('',#247,#517,#10027,.F.);
#10025=EDGE_CURVE('',#517,#251,#10028,.T.);
#10026=EDGE_CURVE('',#251,#247,#10029,.T.);
#10027=LINE('',#246,#10030);
#10028=LINE('',#516,#10031);
#10029=LINE('',#250,#10032);
#10030=VECTOR('',#10033,1.0);
#10031=VECTOR('',#10034,1.0);
#10032=VECTOR('',#10035,1.0);
#10033=DIRECTION('',(0,0,-1));
#10034=DIRECTION('',(-0.061604983974478535,0.025517480728914733,0.9977743653385538));
#10035=DIRECTION('',(0.9238802702719372,-0.38268165124846537,0));
#10036=FACE_SURFACE('',(#10041),#10037,.T.);
#10037=PLANE('',#10038);
#10038=AXIS2_PLACEMENT_3D('',#250,#10039,#10040);
#10039=DIRECTION('',(0.3826816512484654,0.9238802702719373,0));
#10040=DIRECTION('',(0.061604983974478535,-0.025517480728914733,-0.9977743653385538));
#10041=FACE_BOUND('',#10042,.T.);
#10042=EDGE_LOOP('',(#10043,#10044,#10045));
#10043=ORIENTED_EDGE('',*,*,#10046,.T.);
#10044=ORIENTED_EDGE('',*,*,#10047,.T.);
#10045=ORIENTED_EDGE('',*,*,#10048,.T.);
#10046=EDGE_CURVE('',#251,#517,#10049,.F.);
#10047=EDGE_CURVE('',#517,#513,#10050,.T.);
#10048=EDGE_CURVE('',#513,#251,#10051,.T.);
#10049=LINE('',#250,#10052);
#10050=LINE('',#516,#10053);
#10051=LINE('',#512,#10054);
#10052=VECTOR('',#10055,1.0);
#10053=VECTOR('',#10056,1.0);
#10054=VECTOR('',#10057,1.0);
#10055=DIRECTION('',(0.061604983974478535,-0.025517480728914733,-0.9977743653385538));
#10056=DIRECTION('',(-0.9238802702719372,0.38268165124846537,0));
#10057=DIRECTION('',(0,0,1));
#10058=FACE_SURFACE('',(#10063),#10059,.T.);
#10059=PLANE('',#10060);
#10060=AXIS2_PLACEMENT_3D('',#250,#10061,#10062);
#10061=DIRECTION('',(0.6087627189097362,0.793352350513708,0));
#10062=DIRECTION('',(0,0,-1));
#10063=FACE_BOUND('',#10064,.T.);
#10064=EDGE_LOOP('',(#10065,#10066,#10067));
#10065=ORIENTED_EDGE('',*,*,#10068,.T.);
#10066=ORIENTED_EDGE('',*,*,#10069,.T.);
#10067=ORIENTED_EDGE('',*,*,#10070,.T.);
#10068=EDGE_CURVE('',#251,#513,#10071,.F.);
#10069=EDGE_CURVE('',#513,#255,#10072,.T.);
#10070=EDGE_CURVE('',#255,#251,#10073,.T.);
#10071=LINE('',#250,#10074);
#10072=LINE('',#512,#10075);
#10073=LINE('',#254,#10076);
#10074=VECTOR('',#10077,1.0);
#10075=VECTOR('',#10078,1.0);
#10076=VECTOR('',#10079,1.0);
#10077=DIRECTION('',(0,0,-1));
#10078=DIRECTION('',(-0.05290119904055814,0.040592654374393085,0.9977743730678356));
#10079=DIRECTION('',(0.793352350513708,-0.6087627189097362,0));
#10080=FACE_SURFACE('',(#10085),#10081,.T.);
#10081=PLANE('',#10082);
#10082=AXIS2_PLACEMENT_3D('',#254,#10083,#10084);
#10083=DIRECTION('',(0.6087627189097362,0.793352350513708,0));
#10084=DIRECTION('',(0.05290119904055814,-0.040592654374393085,-0.9977743730678356));
#10085=FACE_BOUND('',#10086,.T.);
#10086=EDGE_LOOP('',(#10087,#10088,#10089));
#10087=ORIENTED_EDGE('',*,*,#10090,.T.);
#10088=ORIENTED_EDGE('',*,*,#10091,.T.);
#10089=ORIENTED_EDGE('',*,*,#10092,.T.);
#10090=EDGE_CURVE('',#255,#513,#10093,.F.);
#10091=EDGE_CURVE('',#513,#509,#10094,.T.);
#10092=EDGE_CURVE('',#509,#255,#10095,.T.);
#10093=LINE('',#254,#10096);
#10094=LINE('',#512,#10097);
#10095=LINE('',#508,#10098);
#10096=VECTOR('',#10099,1.0);
#10097=VECTOR('',#10100,1.0);
#10098=VECTOR('',#10101,1.0);
#10099=DIRECTION('',(0.05290119904055814,-0.040592654374393085,-0.9977743730678356));
#10100=DIRECTION('',(-0.793352350513708,0.6087627189097362,0));
#10101=DIRECTION('',(0,0,1));
#10102=FACE_SURFACE('',(#10107),#10103,.T.);
#10103=PLANE('',#10104);
#10104=AXIS2_PLACEMENT_3D('',#254,#10105,#10106);
#10105=DIRECTION('',(0.7933523505136998,0.608762718909747,0));
#10106=DIRECTION('',(0,0,-1));
#10107=FACE_BOUND('',#10108,.T.);
#10108=EDGE_LOOP('',(#10109,#10110,#10111));
#10109=ORIENTED_EDGE('',*,*,#10112,.T.);
#10110=ORIENTED_EDGE('',*,*,#10113,.T.);
#10111=ORIENTED_EDGE('',*,*,#10114,.T.);
#10112=EDGE_CURVE('',#255,#509,#10115,.F.);
#10113=EDGE_CURVE('',#509,#257,#10116,.T.);
#10114=EDGE_CURVE('',#257,#255,#10117,.T.);
#10115=LINE('',#254,#10118);
#10116=LINE('',#508,#10119);
#10117=LINE('',#256,#10120);
#10118=VECTOR('',#10121,1.0);
#10119=VECTOR('',#10122,1.0);
#10120=VECTOR('',#10123,1.0);
#10121=DIRECTION('',(0,0,-1));
#10122=DIRECTION('',(-0.040592654374394216,0.05290119904055814,0.9977743730678356));
#10123=DIRECTION('',(0.608762718909747,-0.7933523505136998,0));
#10124=FACE_SURFACE('',(#10129),#10125,.T.);
#10125=PLANE('',#10126);
#10126=AXIS2_PLACEMENT_3D('',#256,#10127,#10128);
#10127=DIRECTION('',(0.7933523505136998,0.608762718909747,0));
#10128=DIRECTION('',(0.040592654374394216,-0.05290119904055814,-0.9977743730678356));
#10129=FACE_BOUND('',#10130,.T.);
#10130=EDGE_LOOP('',(#10131,#10132,#10133));
#10131=ORIENTED_EDGE('',*,*,#10134,.T.);
#10132=ORIENTED_EDGE('',*,*,#10135,.T.);
#10133=ORIENTED_EDGE('',*,*,#10136,.T.);
#10134=EDGE_CURVE('',#257,#509,#10137,.F.);
#10135=EDGE_CURVE('',#509,#505,#10138,.T.);
#10136=EDGE_CURVE('',#505,#257,#10139,.T.);
#10137=LINE('',#256,#10140);
#10138=LINE('',#508,#10141);
#10139=LINE('',#504,#10142);
#10140=VECTOR('',#10143,1.0);
#10141=VECTOR('',#10144,1.0);
#10142=VECTOR('',#10145,1.0);
#10143=DIRECTION('',(0.040592654374394216,-0.05290119904055814,-0.9977743730678356));
#10144=DIRECTION('',(-0.608762718909747,0.7933523505136998,0));
#10145=DIRECTION('',(0,0,1));
#10146=FACE_SURFACE('',(#10151),#10147,.T.);
#10147=PLANE('',#10148);
#10148=AXIS2_PLACEMENT_3D('',#256,#10149,#10150);
#10149=DIRECTION('',(0.9238802702719445,0.3826816512484479,0));
#10150=DIRECTION('',(0,0,-1));
#10151=FACE_BOUND('',#10152,.T.);
#10152=EDGE_LOOP('',(#10153,#10154,#10155));
#10153=ORIENTED_EDGE('',*,*,#10156,.T.);
#10154=ORIENTED_EDGE('',*,*,#10157,.T.);
#10155=ORIENTED_EDGE('',*,*,#10158,.T.);
#10156=EDGE_CURVE('',#257,#505,#10159,.F.);
#10157=EDGE_CURVE('',#505,#213,#10160,.T.);
#10158=EDGE_CURVE('',#213,#257,#10161,.T.);
#10159=LINE('',#256,#10162);
#10160=LINE('',#504,#10163);
#10161=LINE('',#212,#10164);
#10162=VECTOR('',#10165,1.0);
#10163=VECTOR('',#10166,1.0);
#10164=VECTOR('',#10167,1.0);
#10165=DIRECTION('',(0,0,-1));
#10166=DIRECTION('',(-0.025517480728913598,0.0616049839744791,0.9977743653385538));
#10167=DIRECTION('',(0.3826816512484479,-0.9238802702719445,0));
#10168=FACE_SURFACE('',(#10173),#10169,.T.);
#10169=PLANE('',#10170);
#10170=AXIS2_PLACEMENT_3D('',#212,#10171,#10172);
#10171=DIRECTION('',(0.9238802702719445,0.3826816512484479,0));
#10172=DIRECTION('',(0.025517480728913598,-0.0616049839744791,-0.9977743653385538));
#10173=FACE_BOUND('',#10174,.T.);
#10174=EDGE_LOOP('',(#10175,#10176,#10177));
#10175=ORIENTED_EDGE('',*,*,#10178,.T.);
#10176=ORIENTED_EDGE('',*,*,#10179,.T.);
#10177=ORIENTED_EDGE('',*,*,#10180,.T.);
#10178=EDGE_CURVE('',#213,#505,#10181,.F.);
#10179=EDGE_CURVE('',#505,#501,#10182,.T.);
#10180=EDGE_CURVE('',#501,#213,#10183,.T.);
#10181=LINE('',#212,#10184);
#10182=LINE('',#504,#10185);
#10183=LINE('',#500,#10186);
#10184=VECTOR('',#10187,1.0);
#10185=VECTOR('',#10188,1.0);
#10186=VECTOR('',#10189,1.0);
#10187=DIRECTION('',(0.025517480728913598,-0.0616049839744791,-0.9977743653385538));
#10188=DIRECTION('',(-0.3826816512484479,0.9238802702719445,0));
#10189=DIRECTION('',(0,0,1));
#10190=FACE_SURFACE('',(#10195),#10191,.T.);
#10191=PLANE('',#10192);
#10192=AXIS2_PLACEMENT_3D('',#586,#10193,#10194);
#10193=DIRECTION('',(0.9914444324988245,-0.1305294498076343,0));
#10194=DIRECTION('',(0,0,1));
#10195=FACE_BOUND('',#10196,.T.);
#10196=EDGE_LOOP('',(#10197,#10198,#10199));
#10197=ORIENTED_EDGE('',*,*,#10200,.T.);
#10198=ORIENTED_EDGE('',*,*,#10201,.T.);
#10199=ORIENTED_EDGE('',*,*,#10202,.T.);
#10200=EDGE_CURVE('',#587,#589,#10203,.F.);
#10201=EDGE_CURVE('',#589,#591,#10204,.T.);
#10202=EDGE_CURVE('',#591,#587,#10205,.T.);
#10203=LINE('',#586,#10206);
#10204=LINE('',#588,#10207);
#10205=LINE('',#590,#10208);
#10206=VECTOR('',#10209,1.0);
#10207=VECTOR('',#10210,1.0);
#10208=VECTOR('',#10211,1.0);
#10209=DIRECTION('',(0,0,1));
#10210=DIRECTION('',(-0.008703785387554714,-0.06611013512179104,-0.9977743703634133));
#10211=DIRECTION('',(0.1305294498076343,0.9914444324988245,0));
#10212=FACE_SURFACE('',(#10217),#10213,.T.);
#10213=PLANE('',#10214);
#10214=AXIS2_PLACEMENT_3D('',#590,#10215,#10216);
#10215=DIRECTION('',(0.9914444324988245,-0.1305294498076343,0));
#10216=DIRECTION('',(0.008703785387554714,0.06611013512179104,0.9977743703634133));
#10217=FACE_BOUND('',#10218,.T.);
#10218=EDGE_LOOP('',(#10219,#10220,#10221));
#10219=ORIENTED_EDGE('',*,*,#10222,.T.);
#10220=ORIENTED_EDGE('',*,*,#10223,.T.);
#10221=ORIENTED_EDGE('',*,*,#10224,.T.);
#10222=EDGE_CURVE('',#591,#589,#10225,.F.);
#10223=EDGE_CURVE('',#589,#593,#10226,.T.);
#10224=EDGE_CURVE('',#593,#591,#10227,.T.);
#10225=LINE('',#590,#10228);
#10226=LINE('',#588,#10229);
#10227=LINE('',#592,#10230);
#10228=VECTOR('',#10231,1.0);
#10229=VECTOR('',#10232,1.0);
#10230=VECTOR('',#10233,1.0);
#10231=DIRECTION('',(0.008703785387554714,0.06611013512179104,0.9977743703634133));
#10232=DIRECTION('',(-0.1305294498076343,-0.9914444324988245,0));
#10233=DIRECTION('',(0,0,-1));
#10234=FACE_SURFACE('',(#10239),#10235,.T.);
#10235=PLANE('',#10236);
#10236=AXIS2_PLACEMENT_3D('',#590,#10237,#10238);
#10237=DIRECTION('',(0.9914444324988245,0.1305294498076343,-0));
#10238=DIRECTION('',(0,0,1));
#10239=FACE_BOUND('',#10240,.T.);
#10240=EDGE_LOOP('',(#10241,#10242,#10243));
#10241=ORIENTED_EDGE('',*,*,#10244,.T.);
#10242=ORIENTED_EDGE('',*,*,#10245,.T.);
#10243=ORIENTED_EDGE('',*,*,#10246,.T.);
#10244=EDGE_CURVE('',#591,#593,#10247,.F.);
#10245=EDGE_CURVE('',#593,#595,#10248,.T.);
#10246=EDGE_CURVE('',#595,#591,#10249,.T.);
#10247=LINE('',#590,#10250);
#10248=LINE('',#592,#10251);
#10249=LINE('',#594,#10252);
#10250=VECTOR('',#10253,1.0);
#10251=VECTOR('',#10254,1.0);
#10252=VECTOR('',#10255,1.0);
#10253=DIRECTION('',(0,0,1));
#10254=DIRECTION('',(0.008703785387554714,-0.06611013512179104,-0.9977743703634133));
#10255=DIRECTION('',(-0.1305294498076343,0.9914444324988245,0));
#10256=FACE_SURFACE('',(#10261),#10257,.T.);
#10257=PLANE('',#10258);
#10258=AXIS2_PLACEMENT_3D('',#594,#10259,#10260);
#10259=DIRECTION('',(0.9914444324988245,0.1305294498076343,-0));
#10260=DIRECTION('',(-0.008703785387554714,0.06611013512179104,0.9977743703634133));
#10261=FACE_BOUND('',#10262,.T.);
#10262=EDGE_LOOP('',(#10263,#10264,#10265));
#10263=ORIENTED_EDGE('',*,*,#10266,.T.);
#10264=ORIENTED_EDGE('',*,*,#10267,.T.);
#10265=ORIENTED_EDGE('',*,*,#10268,.T.);
#10266=EDGE_CURVE('',#595,#593,#10269,.F.);
#10267=EDGE_CURVE('',#593,#597,#10270,.T.);
#10268=EDGE_CURVE('',#597,#595,#10271,.T.);
#10269=LINE('',#594,#10272);
#10270=LINE('',#592,#10273);
#10271=LINE('',#596,#10274);
#10272=VECTOR('',#10275,1.0);
#10273=VECTOR('',#10276,1.0);
#10274=VECTOR('',#10277,1.0);
#10275=DIRECTION('',(-0.008703785387554714,0.06611013512179104,0.9977743703634133));
#10276=DIRECTION('',(0.1305294498076343,-0.9914444324988245,0));
#10277=DIRECTION('',(0,0,-1));
#10278=FACE_SURFACE('',(#10283),#10279,.T.);
#10279=PLANE('',#10280);
#10280=AXIS2_PLACEMENT_3D('',#594,#10281,#10282);
#10281=DIRECTION('',(0.9238802702719445,0.3826816512484479,-0));
#10282=DIRECTION('',(0,0,1));
#10283=FACE_BOUND('',#10284,.T.);
#10284=EDGE_LOOP('',(#10285,#10286,#10287));
#10285=ORIENTED_EDGE('',*,*,#10288,.T.);
#10286=ORIENTED_EDGE('',*,*,#10289,.T.);
#10287=ORIENTED_EDGE('',*,*,#10290,.T.);
#10288=EDGE_CURVE('',#595,#597,#10291,.F.);
#10289=EDGE_CURVE('',#597,#599,#10292,.T.);
#10290=EDGE_CURVE('',#599,#595,#10293,.T.);
#10291=LINE('',#594,#10294);
#10292=LINE('',#596,#10295);
#10293=LINE('',#598,#10296);
#10294=VECTOR('',#10297,1.0);
#10295=VECTOR('',#10298,1.0);
#10296=VECTOR('',#10299,1.0);
#10297=DIRECTION('',(0,0,1));
#10298=DIRECTION('',(0.025517480728913598,-0.0616049839744791,-0.9977743653385538));
#10299=DIRECTION('',(-0.3826816512484479,0.9238802702719445,0));
#10300=FACE_SURFACE('',(#10305),#10301,.T.);
#10301=PLANE('',#10302);
#10302=AXIS2_PLACEMENT_3D('',#598,#10303,#10304);
#10303=DIRECTION('',(0.9238802702719445,0.3826816512484479,-0));
#10304=DIRECTION('',(-0.025517480728913598,0.0616049839744791,0.9977743653385538));
#10305=FACE_BOUND('',#10306,.T.);
#10306=EDGE_LOOP('',(#10307,#10308,#10309));
#10307=ORIENTED_EDGE('',*,*,#10310,.T.);
#10308=ORIENTED_EDGE('',*,*,#10311,.T.);
#10309=ORIENTED_EDGE('',*,*,#10312,.T.);
#10310=EDGE_CURVE('',#599,#597,#10313,.F.);
#10311=EDGE_CURVE('',#597,#601,#10314,.T.);
#10312=EDGE_CURVE('',#601,#599,#10315,.T.);
#10313=LINE('',#598,#10316);
#10314=LINE('',#596,#10317);
#10315=LINE('',#600,#10318);
#10316=VECTOR('',#10319,1.0);
#10317=VECTOR('',#10320,1.0);
#10318=VECTOR('',#10321,1.0);
#10319=DIRECTION('',(-0.025517480728913598,0.0616049839744791,0.9977743653385538));
#10320=DIRECTION('',(0.3826816512484479,-0.9238802702719445,0));
#10321=DIRECTION('',(0,0,-1));
#10322=FACE_SURFACE('',(#10327),#10323,.T.);
#10323=PLANE('',#10324);
#10324=AXIS2_PLACEMENT_3D('',#598,#10325,#10326);
#10325=DIRECTION('',(0.7933523505136998,0.608762718909747,-0));
#10326=DIRECTION('',(0,0,1));
#10327=FACE_BOUND('',#10328,.T.);
#10328=EDGE_LOOP('',(#10329,#10330,#10331));
#10329=ORIENTED_EDGE('',*,*,#10332,.T.);
#10330=ORIENTED_EDGE('',*,*,#10333,.T.);
#10331=ORIENTED_EDGE('',*,*,#10334,.T.);
#10332=EDGE_CURVE('',#599,#601,#10335,.F.);
#10333=EDGE_CURVE('',#601,#603,#10336,.T.);
#10334=EDGE_CURVE('',#603,#599,#10337,.T.);
#10335=LINE('',#598,#10338);
#10336=LINE('',#600,#10339);
#10337=LINE('',#602,#10340);
#10338=VECTOR('',#10341,1.0);
#10339=VECTOR('',#10342,1.0);
#10340=VECTOR('',#10343,1.0);
#10341=DIRECTION('',(0,0,1));
#10342=DIRECTION('',(0.040592654374394216,-0.05290119904055814,-0.9977743730678356));
#10343=DIRECTION('',(-0.608762718909747,0.7933523505136998,0));
#10344=FACE_SURFACE('',(#10349),#10345,.T.);
#10345=PLANE('',#10346);
#10346=AXIS2_PLACEMENT_3D('',#602,#10347,#10348);
#10347=DIRECTION('',(0.7933523505136998,0.608762718909747,-0));
#10348=DIRECTION('',(-0.040592654374394216,0.05290119904055814,0.9977743730678356));
#10349=FACE_BOUND('',#10350,.T.);
#10350=EDGE_LOOP('',(#10351,#10352,#10353));
#10351=ORIENTED_EDGE('',*,*,#10354,.T.);
#10352=ORIENTED_EDGE('',*,*,#10355,.T.);
#10353=ORIENTED_EDGE('',*,*,#10356,.T.);
#10354=EDGE_CURVE('',#603,#601,#10357,.F.);
#10355=EDGE_CURVE('',#601,#605,#10358,.T.);
#10356=EDGE_CURVE('',#605,#603,#10359,.T.);
#10357=LINE('',#602,#10360);
#10358=LINE('',#600,#10361);
#10359=LINE('',#604,#10362);
#10360=VECTOR('',#10363,1.0);
#10361=VECTOR('',#10364,1.0);
#10362=VECTOR('',#10365,1.0);
#10363=DIRECTION('',(-0.040592654374394216,0.05290119904055814,0.9977743730678356));
#10364=DIRECTION('',(0.608762718909747,-0.7933523505136998,0));
#10365=DIRECTION('',(0,0,-1));
#10366=FACE_SURFACE('',(#10371),#10367,.T.);
#10367=PLANE('',#10368);
#10368=AXIS2_PLACEMENT_3D('',#602,#10369,#10370);
#10369=DIRECTION('',(0.6087627189097362,0.793352350513708,-0));
#10370=DIRECTION('',(0,0,1));
#10371=FACE_BOUND('',#10372,.T.);
#10372=EDGE_LOOP('',(#10373,#10374,#10375));
#10373=ORIENTED_EDGE('',*,*,#10376,.T.);
#10374=ORIENTED_EDGE('',*,*,#10377,.T.);
#10375=ORIENTED_EDGE('',*,*,#10378,.T.);
#10376=EDGE_CURVE('',#603,#605,#10379,.F.);
#10377=EDGE_CURVE('',#605,#607,#10380,.T.);
#10378=EDGE_CURVE('',#607,#603,#10381,.T.);
#10379=LINE('',#602,#10382);
#10380=LINE('',#604,#10383);
#10381=LINE('',#606,#10384);
#10382=VECTOR('',#10385,1.0);
#10383=VECTOR('',#10386,1.0);
#10384=VECTOR('',#10387,1.0);
#10385=DIRECTION('',(0,0,1));
#10386=DIRECTION('',(0.05290119904055814,-0.040592654374393085,-0.9977743730678356));
#10387=DIRECTION('',(-0.793352350513708,0.6087627189097362,0));
#10388=FACE_SURFACE('',(#10393),#10389,.T.);
#10389=PLANE('',#10390);
#10390=AXIS2_PLACEMENT_3D('',#606,#10391,#10392);
#10391=DIRECTION('',(0.6087627189097362,0.793352350513708,-0));
#10392=DIRECTION('',(-0.05290119904055814,0.040592654374393085,0.9977743730678356));
#10393=FACE_BOUND('',#10394,.T.);
#10394=EDGE_LOOP('',(#10395,#10396,#10397));
#10395=ORIENTED_EDGE('',*,*,#10398,.T.);
#10396=ORIENTED_EDGE('',*,*,#10399,.T.);
#10397=ORIENTED_EDGE('',*,*,#10400,.T.);
#10398=EDGE_CURVE('',#607,#605,#10401,.F.);
#10399=EDGE_CURVE('',#605,#609,#10402,.T.);
#10400=EDGE_CURVE('',#609,#607,#10403,.T.);
#10401=LINE('',#606,#10404);
#10402=LINE('',#604,#10405);
#10403=LINE('',#608,#10406);
#10404=VECTOR('',#10407,1.0);
#10405=VECTOR('',#10408,1.0);
#10406=VECTOR('',#10409,1.0);
#10407=DIRECTION('',(-0.05290119904055814,0.040592654374393085,0.9977743730678356));
#10408=DIRECTION('',(0.793352350513708,-0.6087627189097362,0));
#10409=DIRECTION('',(0,0,-1));
#10410=FACE_SURFACE('',(#10415),#10411,.T.);
#10411=PLANE('',#10412);
#10412=AXIS2_PLACEMENT_3D('',#606,#10413,#10414);
#10413=DIRECTION('',(0.3826816512484654,0.9238802702719373,-0));
#10414=DIRECTION('',(0,0,1));
#10415=FACE_BOUND('',#10416,.T.);
#10416=EDGE_LOOP('',(#10417,#10418,#10419));
#10417=ORIENTED_EDGE('',*,*,#10420,.T.);
#10418=ORIENTED_EDGE('',*,*,#10421,.T.);
#10419=ORIENTED_EDGE('',*,*,#10422,.T.);
#10420=EDGE_CURVE('',#607,#609,#10423,.F.);
#10421=EDGE_CURVE('',#609,#611,#10424,.T.);
#10422=EDGE_CURVE('',#611,#607,#10425,.T.);
#10423=LINE('',#606,#10426);
#10424=LINE('',#608,#10427);
#10425=LINE('',#610,#10428);
#10426=VECTOR('',#10429,1.0);
#10427=VECTOR('',#10430,1.0);
#10428=VECTOR('',#10431,1.0);
#10429=DIRECTION('',(0,0,1));
#10430=DIRECTION('',(0.061604983974478535,-0.025517480728914733,-0.9977743653385538));
#10431=DIRECTION('',(-0.9238802702719372,0.38268165124846537,0));
#10432=FACE_SURFACE('',(#10437),#10433,.T.);
#10433=PLANE('',#10434);
#10434=AXIS2_PLACEMENT_3D('',#610,#10435,#10436);
#10435=DIRECTION('',(0.3826816512484654,0.9238802702719373,-0));
#10436=DIRECTION('',(-0.061604983974478535,0.025517480728914733,0.9977743653385538));
#10437=FACE_BOUND('',#10438,.T.);
#10438=EDGE_LOOP('',(#10439,#10440,#10441));
#10439=ORIENTED_EDGE('',*,*,#10442,.T.);
#10440=ORIENTED_EDGE('',*,*,#10443,.T.);
#10441=ORIENTED_EDGE('',*,*,#10444,.T.);
#10442=EDGE_CURVE('',#611,#609,#10445,.F.);
#10443=EDGE_CURVE('',#609,#613,#10446,.T.);
#10444=EDGE_CURVE('',#613,#611,#10447,.T.);
#10445=LINE('',#610,#10448);
#10446=LINE('',#608,#10449);
#10447=LINE('',#612,#10450);
#10448=VECTOR('',#10451,1.0);
#10449=VECTOR('',#10452,1.0);
#10450=VECTOR('',#10453,1.0);
#10451=DIRECTION('',(-0.061604983974478535,0.025517480728914733,0.9977743653385538));
#10452=DIRECTION('',(0.9238802702719372,-0.38268165124846537,0));
#10453=DIRECTION('',(0,0,-1));
#10454=FACE_SURFACE('',(#10459),#10455,.T.);
#10455=PLANE('',#10456);
#10456=AXIS2_PLACEMENT_3D('',#610,#10457,#10458);
#10457=DIRECTION('',(0.13052944980762596,0.9914444324988257,-0));
#10458=DIRECTION('',(0,0,1));
#10459=FACE_BOUND('',#10460,.T.);
#10460=EDGE_LOOP('',(#10461,#10462,#10463));
#10461=ORIENTED_EDGE('',*,*,#10464,.T.);
#10462=ORIENTED_EDGE('',*,*,#10465,.T.);
#10463=ORIENTED_EDGE('',*,*,#10466,.T.);
#10464=EDGE_CURVE('',#611,#613,#10467,.F.);
#10465=EDGE_CURVE('',#613,#615,#10468,.T.);
#10466=EDGE_CURVE('',#615,#611,#10469,.T.);
#10467=LINE('',#610,#10470);
#10468=LINE('',#612,#10471);
#10469=LINE('',#614,#10472);
#10470=VECTOR('',#10473,1.0);
#10471=VECTOR('',#10474,1.0);
#10472=VECTOR('',#10475,1.0);
#10473=DIRECTION('',(0,0,1));
#10474=DIRECTION('',(0.06611013512179104,-0.008703785387554147,-0.9977743703634133));
#10475=DIRECTION('',(-0.9914444324988257,0.13052944980762596,0));
#10476=FACE_SURFACE('',(#10481),#10477,.T.);
#10477=PLANE('',#10478);
#10478=AXIS2_PLACEMENT_3D('',#614,#10479,#10480);
#10479=DIRECTION('',(0.13052944980762596,0.9914444324988257,-0));
#10480=DIRECTION('',(-0.06611013512179104,0.008703785387554147,0.9977743703634133));
#10481=FACE_BOUND('',#10482,.T.);
#10482=EDGE_LOOP('',(#10483,#10484,#10485));
#10483=ORIENTED_EDGE('',*,*,#10486,.T.);
#10484=ORIENTED_EDGE('',*,*,#10487,.T.);
#10485=ORIENTED_EDGE('',*,*,#10488,.T.);
#10486=EDGE_CURVE('',#615,#613,#10489,.F.);
#10487=EDGE_CURVE('',#613,#617,#10490,.T.);
#10488=EDGE_CURVE('',#617,#615,#10491,.T.);
#10489=LINE('',#614,#10492);
#10490=LINE('',#612,#10493);
#10491=LINE('',#616,#10494);
#10492=VECTOR('',#10495,1.0);
#10493=VECTOR('',#10496,1.0);
#10494=VECTOR('',#10497,1.0);
#10495=DIRECTION('',(-0.06611013512179104,0.008703785387554147,0.9977743703634133));
#10496=DIRECTION('',(0.9914444324988257,-0.13052944980762596,0));
#10497=DIRECTION('',(0,0,-1));
#10498=FACE_SURFACE('',(#10503),#10499,.T.);
#10499=PLANE('',#10500);
#10500=AXIS2_PLACEMENT_3D('',#614,#10501,#10502);
#10501=DIRECTION('',(-0.13052944980762596,0.9914444324988257,0));
#10502=DIRECTION('',(0,0,1));
#10503=FACE_BOUND('',#10504,.T.);
#10504=EDGE_LOOP('',(#10505,#10506,#10507));
#10505=ORIENTED_EDGE('',*,*,#10508,.T.);
#10506=ORIENTED_EDGE('',*,*,#10509,.T.);
#10507=ORIENTED_EDGE('',*,*,#10510,.T.);
#10508=EDGE_CURVE('',#615,#617,#10511,.F.);
#10509=EDGE_CURVE('',#617,#619,#10512,.T.);
#10510=EDGE_CURVE('',#619,#615,#10513,.T.);
#10511=LINE('',#614,#10514);
#10512=LINE('',#616,#10515);
#10513=LINE('',#618,#10516);
#10514=VECTOR('',#10517,1.0);
#10515=VECTOR('',#10518,1.0);
#10516=VECTOR('',#10519,1.0);
#10517=DIRECTION('',(0,0,1));
#10518=DIRECTION('',(0.06611013512179104,0.008703785387554147,-0.9977743703634133));
#10519=DIRECTION('',(-0.9914444324988257,-0.13052944980762596,0));
#10520=FACE_SURFACE('',(#10525),#10521,.T.);
#10521=PLANE('',#10522);
#10522=AXIS2_PLACEMENT_3D('',#618,#10523,#10524);
#10523=DIRECTION('',(-0.13052944980762596,0.9914444324988257,0));
#10524=DIRECTION('',(-0.06611013512179104,-0.008703785387554147,0.9977743703634133));
#10525=FACE_BOUND('',#10526,.T.);
#10526=EDGE_LOOP('',(#10527,#10528,#10529));
#10527=ORIENTED_EDGE('',*,*,#10530,.T.);
#10528=ORIENTED_EDGE('',*,*,#10531,.T.);
#10529=ORIENTED_EDGE('',*,*,#10532,.T.);
#10530=EDGE_CURVE('',#619,#617,#10533,.F.);
#10531=EDGE_CURVE('',#617,#621,#10534,.T.);
#10532=EDGE_CURVE('',#621,#619,#10535,.T.);
#10533=LINE('',#618,#10536);
#10534=LINE('',#616,#10537);
#10535=LINE('',#620,#10538);
#10536=VECTOR('',#10539,1.0);
#10537=VECTOR('',#10540,1.0);
#10538=VECTOR('',#10541,1.0);
#10539=DIRECTION('',(-0.06611013512179104,-0.008703785387554147,0.9977743703634133));
#10540=DIRECTION('',(0.9914444324988257,0.13052944980762596,0));
#10541=DIRECTION('',(0,0,-1));
#10542=FACE_SURFACE('',(#10547),#10543,.T.);
#10543=PLANE('',#10544);
#10544=AXIS2_PLACEMENT_3D('',#618,#10545,#10546);
#10545=DIRECTION('',(-0.3826816512484654,0.9238802702719373,0));
#10546=DIRECTION('',(0,0,1));
#10547=FACE_BOUND('',#10548,.T.);
#10548=EDGE_LOOP('',(#10549,#10550,#10551));
#10549=ORIENTED_EDGE('',*,*,#10552,.T.);
#10550=ORIENTED_EDGE('',*,*,#10553,.T.);
#10551=ORIENTED_EDGE('',*,*,#10554,.T.);
#10552=EDGE_CURVE('',#619,#621,#10555,.F.);
#10553=EDGE_CURVE('',#621,#623,#10556,.T.);
#10554=EDGE_CURVE('',#623,#619,#10557,.T.);
#10555=LINE('',#618,#10558);
#10556=LINE('',#620,#10559);
#10557=LINE('',#622,#10560);
#10558=VECTOR('',#10561,1.0);
#10559=VECTOR('',#10562,1.0);
#10560=VECTOR('',#10563,1.0);
#10561=DIRECTION('',(0,0,1));
#10562=DIRECTION('',(0.061604983974478535,0.025517480728914733,-0.9977743653385538));
#10563=DIRECTION('',(-0.9238802702719372,-0.38268165124846537,0));
#10564=FACE_SURFACE('',(#10569),#10565,.T.);
#10565=PLANE('',#10566);
#10566=AXIS2_PLACEMENT_3D('',#622,#10567,#10568);
#10567=DIRECTION('',(-0.3826816512484654,0.9238802702719373,0));
#10568=DIRECTION('',(-0.061604983974478535,-0.025517480728914733,0.9977743653385538));
#10569=FACE_BOUND('',#10570,.T.);
#10570=EDGE_LOOP('',(#10571,#10572,#10573));
#10571=ORIENTED_EDGE('',*,*,#10574,.T.);
#10572=ORIENTED_EDGE('',*,*,#10575,.T.);
#10573=ORIENTED_EDGE('',*,*,#10576,.T.);
#10574=EDGE_CURVE('',#623,#621,#10577,.F.);
#10575=EDGE_CURVE('',#621,#625,#10578,.T.);
#10576=EDGE_CURVE('',#625,#623,#10579,.T.);
#10577=LINE('',#622,#10580);
#10578=LINE('',#620,#10581);
#10579=LINE('',#624,#10582);
#10580=VECTOR('',#10583,1.0);
#10581=VECTOR('',#10584,1.0);
#10582=VECTOR('',#10585,1.0);
#10583=DIRECTION('',(-0.061604983974478535,-0.025517480728914733,0.9977743653385538));
#10584=DIRECTION('',(0.9238802702719372,0.38268165124846537,0));
#10585=DIRECTION('',(0,0,-1));
#10586=FACE_SURFACE('',(#10591),#10587,.T.);
#10587=PLANE('',#10588);
#10588=AXIS2_PLACEMENT_3D('',#622,#10589,#10590);
#10589=DIRECTION('',(-0.6087627189097362,0.793352350513708,0));
#10590=DIRECTION('',(0,0,1));
#10591=FACE_BOUND('',#10592,.T.);
#10592=EDGE_LOOP('',(#10593,#10594,#10595));
#10593=ORIENTED_EDGE('',*,*,#10596,.T.);
#10594=ORIENTED_EDGE('',*,*,#10597,.T.);
#10595=ORIENTED_EDGE('',*,*,#10598,.T.);
#10596=EDGE_CURVE('',#623,#625,#10599,.F.);
#10597=EDGE_CURVE('',#625,#627,#10600,.T.);
#10598=EDGE_CURVE('',#627,#623,#10601,.T.);
#10599=LINE('',#622,#10602);
#10600=LINE('',#624,#10603);
#10601=LINE('',#626,#10604);
#10602=VECTOR('',#10605,1.0);
#10603=VECTOR('',#10606,1.0);
#10604=VECTOR('',#10607,1.0);
#10605=DIRECTION('',(0,0,1));
#10606=DIRECTION('',(0.05290119904055814,0.040592654374393085,-0.9977743730678356));
#10607=DIRECTION('',(-0.793352350513708,-0.6087627189097362,0));
#10608=FACE_SURFACE('',(#10613),#10609,.T.);
#10609=PLANE('',#10610);
#10610=AXIS2_PLACEMENT_3D('',#626,#10611,#10612);
#10611=DIRECTION('',(-0.6087627189097362,0.793352350513708,0));
#10612=DIRECTION('',(-0.05290119904055814,-0.040592654374393085,0.9977743730678356));
#10613=FACE_BOUND('',#10614,.T.);
#10614=EDGE_LOOP('',(#10615,#10616,#10617));
#10615=ORIENTED_EDGE('',*,*,#10618,.T.);
#10616=ORIENTED_EDGE('',*,*,#10619,.T.);
#10617=ORIENTED_EDGE('',*,*,#10620,.T.);
#10618=EDGE_CURVE('',#627,#625,#10621,.F.);
#10619=EDGE_CURVE('',#625,#629,#10622,.T.);
#10620=EDGE_CURVE('',#629,#627,#10623,.T.);
#10621=LINE('',#626,#10624);
#10622=LINE('',#624,#10625);
#10623=LINE('',#628,#10626);
#10624=VECTOR('',#10627,1.0);
#10625=VECTOR('',#10628,1.0);
#10626=VECTOR('',#10629,1.0);
#10627=DIRECTION('',(-0.05290119904055814,-0.040592654374393085,0.9977743730678356));
#10628=DIRECTION('',(0.793352350513708,0.6087627189097362,0));
#10629=DIRECTION('',(0,0,-1));
#10630=FACE_SURFACE('',(#10635),#10631,.T.);
#10631=PLANE('',#10632);
#10632=AXIS2_PLACEMENT_3D('',#626,#10633,#10634);
#10633=DIRECTION('',(-0.7933523505136998,0.608762718909747,0));
#10634=DIRECTION('',(0,0,1));
#10635=FACE_BOUND('',#10636,.T.);
#10636=EDGE_LOOP('',(#10637,#10638,#10639));
#10637=ORIENTED_EDGE('',*,*,#10640,.T.);
#10638=ORIENTED_EDGE('',*,*,#10641,.T.);
#10639=ORIENTED_EDGE('',*,*,#10642,.T.);
#10640=EDGE_CURVE('',#627,#629,#10643,.F.);
#10641=EDGE_CURVE('',#629,#631,#10644,.T.);
#10642=EDGE_CURVE('',#631,#627,#10645,.T.);
#10643=LINE('',#626,#10646);
#10644=LINE('',#628,#10647);
#10645=LINE('',#630,#10648);
#10646=VECTOR('',#10649,1.0);
#10647=VECTOR('',#10650,1.0);
#10648=VECTOR('',#10651,1.0);
#10649=DIRECTION('',(0,0,1));
#10650=DIRECTION('',(0.040592654374394216,0.05290119904055814,-0.9977743730678356));
#10651=DIRECTION('',(-0.608762718909747,-0.7933523505136998,0));
#10652=FACE_SURFACE('',(#10657),#10653,.T.);
#10653=PLANE('',#10654);
#10654=AXIS2_PLACEMENT_3D('',#630,#10655,#10656);
#10655=DIRECTION('',(-0.7933523505136998,0.608762718909747,0));
#10656=DIRECTION('',(-0.040592654374394216,-0.05290119904055814,0.9977743730678356));
#10657=FACE_BOUND('',#10658,.T.);
#10658=EDGE_LOOP('',(#10659,#10660,#10661));
#10659=ORIENTED_EDGE('',*,*,#10662,.T.);
#10660=ORIENTED_EDGE('',*,*,#10663,.T.);
#10661=ORIENTED_EDGE('',*,*,#10664,.T.);
#10662=EDGE_CURVE('',#631,#629,#10665,.F.);
#10663=EDGE_CURVE('',#629,#633,#10666,.T.);
#10664=EDGE_CURVE('',#633,#631,#10667,.T.);
#10665=LINE('',#630,#10668);
#10666=LINE('',#628,#10669);
#10667=LINE('',#632,#10670);
#10668=VECTOR('',#10671,1.0);
#10669=VECTOR('',#10672,1.0);
#10670=VECTOR('',#10673,1.0);
#10671=DIRECTION('',(-0.040592654374394216,-0.05290119904055814,0.9977743730678356));
#10672=DIRECTION('',(0.608762718909747,0.7933523505136998,0));
#10673=DIRECTION('',(0,0,-1));
#10674=FACE_SURFACE('',(#10679),#10675,.T.);
#10675=PLANE('',#10676);
#10676=AXIS2_PLACEMENT_3D('',#630,#10677,#10678);
#10677=DIRECTION('',(-0.9238802702719445,0.3826816512484479,0));
#10678=DIRECTION('',(0,0,1));
#10679=FACE_BOUND('',#10680,.T.);
#10680=EDGE_LOOP('',(#10681,#10682,#10683));
#10681=ORIENTED_EDGE('',*,*,#10684,.T.);
#10682=ORIENTED_EDGE('',*,*,#10685,.T.);
#10683=ORIENTED_EDGE('',*,*,#10686,.T.);
#10684=EDGE_CURVE('',#631,#633,#10687,.F.);
#10685=EDGE_CURVE('',#633,#635,#10688,.T.);
#10686=EDGE_CURVE('',#635,#631,#10689,.T.);
#10687=LINE('',#630,#10690);
#10688=LINE('',#632,#10691);
#10689=LINE('',#634,#10692);
#10690=VECTOR('',#10693,1.0);
#10691=VECTOR('',#10694,1.0);
#10692=VECTOR('',#10695,1.0);
#10693=DIRECTION('',(0,0,1));
#10694=DIRECTION('',(0.025517480728913598,0.0616049839744791,-0.9977743653385538));
#10695=DIRECTION('',(-0.3826816512484479,-0.9238802702719445,0));
#10696=FACE_SURFACE('',(#10701),#10697,.T.);
#10697=PLANE('',#10698);
#10698=AXIS2_PLACEMENT_3D('',#634,#10699,#10700);
#10699=DIRECTION('',(-0.9238802702719445,0.3826816512484479,0));
#10700=DIRECTION('',(-0.025517480728913598,-0.0616049839744791,0.9977743653385538));
#10701=FACE_BOUND('',#10702,.T.);
#10702=EDGE_LOOP('',(#10703,#10704,#10705));
#10703=ORIENTED_EDGE('',*,*,#10706,.T.);
#10704=ORIENTED_EDGE('',*,*,#10707,.T.);
#10705=ORIENTED_EDGE('',*,*,#10708,.T.);
#10706=EDGE_CURVE('',#635,#633,#10709,.F.);
#10707=EDGE_CURVE('',#633,#637,#10710,.T.);
#10708=EDGE_CURVE('',#637,#635,#10711,.T.);
#10709=LINE('',#634,#10712);
#10710=LINE('',#632,#10713);
#10711=LINE('',#636,#10714);
#10712=VECTOR('',#10715,1.0);
#10713=VECTOR('',#10716,1.0);
#10714=VECTOR('',#10717,1.0);
#10715=DIRECTION('',(-0.025517480728913598,-0.0616049839744791,0.9977743653385538));
#10716=DIRECTION('',(0.3826816512484479,0.9238802702719445,0));
#10717=DIRECTION('',(0,0,-1));
#10718=FACE_SURFACE('',(#10723),#10719,.T.);
#10719=PLANE('',#10720);
#10720=AXIS2_PLACEMENT_3D('',#634,#10721,#10722);
#10721=DIRECTION('',(-0.9914444324988245,0.1305294498076343,0));
#10722=DIRECTION('',(0,0,1));
#10723=FACE_BOUND('',#10724,.T.);
#10724=EDGE_LOOP('',(#10725,#10726,#10727));
#10725=ORIENTED_EDGE('',*,*,#10728,.T.);
#10726=ORIENTED_EDGE('',*,*,#10729,.T.);
#10727=ORIENTED_EDGE('',*,*,#10730,.T.);
#10728=EDGE_CURVE('',#635,#637,#10731,.F.);
#10729=EDGE_CURVE('',#637,#639,#10732,.T.);
#10730=EDGE_CURVE('',#639,#635,#10733,.T.);
#10731=LINE('',#634,#10734);
#10732=LINE('',#636,#10735);
#10733=LINE('',#638,#10736);
#10734=VECTOR('',#10737,1.0);
#10735=VECTOR('',#10738,1.0);
#10736=VECTOR('',#10739,1.0);
#10737=DIRECTION('',(0,0,1));
#10738=DIRECTION('',(0.008703785387554714,0.06611013512179104,-0.9977743703634133));
#10739=DIRECTION('',(-0.1305294498076343,-0.9914444324988245,0));
#10740=FACE_SURFACE('',(#10745),#10741,.T.);
#10741=PLANE('',#10742);
#10742=AXIS2_PLACEMENT_3D('',#638,#10743,#10744);
#10743=DIRECTION('',(-0.9914444324988245,0.1305294498076343,0));
#10744=DIRECTION('',(-0.008703785387554714,-0.06611013512179104,0.9977743703634133));
#10745=FACE_BOUND('',#10746,.T.);
#10746=EDGE_LOOP('',(#10747,#10748,#10749));
#10747=ORIENTED_EDGE('',*,*,#10750,.T.);
#10748=ORIENTED_EDGE('',*,*,#10751,.T.);
#10749=ORIENTED_EDGE('',*,*,#10752,.T.);
#10750=EDGE_CURVE('',#639,#637,#10753,.F.);
#10751=EDGE_CURVE('',#637,#641,#10754,.T.);
#10752=EDGE_CURVE('',#641,#639,#10755,.T.);
#10753=LINE('',#638,#10756);
#10754=LINE('',#636,#10757);
#10755=LINE('',#640,#10758);
#10756=VECTOR('',#10759,1.0);
#10757=VECTOR('',#10760,1.0);
#10758=VECTOR('',#10761,1.0);
#10759=DIRECTION('',(-0.008703785387554714,-0.06611013512179104,0.9977743703634133));
#10760=DIRECTION('',(0.1305294498076343,0.9914444324988245,0));
#10761=DIRECTION('',(0,0,-1));
#10762=FACE_SURFACE('',(#10767),#10763,.T.);
#10763=PLANE('',#10764);
#10764=AXIS2_PLACEMENT_3D('',#638,#10765,#10766);
#10765=DIRECTION('',(-0.9914444324988245,-0.1305294498076343,0));
#10766=DIRECTION('',(0,0,1));
#10767=FACE_BOUND('',#10768,.T.);
#10768=EDGE_LOOP('',(#10769,#10770,#10771));
#10769=ORIENTED_EDGE('',*,*,#10772,.T.);
#10770=ORIENTED_EDGE('',*,*,#10773,.T.);
#10771=ORIENTED_EDGE('',*,*,#10774,.T.);
#10772=EDGE_CURVE('',#639,#641,#10775,.F.);
#10773=EDGE_CURVE('',#641,#643,#10776,.T.);
#10774=EDGE_CURVE('',#643,#639,#10777,.T.);
#10775=LINE('',#638,#10778);
#10776=LINE('',#640,#10779);
#10777=LINE('',#642,#10780);
#10778=VECTOR('',#10781,1.0);
#10779=VECTOR('',#10782,1.0);
#10780=VECTOR('',#10783,1.0);
#10781=DIRECTION('',(0,0,1));
#10782=DIRECTION('',(-0.008703785387554714,0.06611013512179104,-0.9977743703634133));
#10783=DIRECTION('',(0.1305294498076343,-0.9914444324988245,0));
#10784=FACE_SURFACE('',(#10789),#10785,.T.);
#10785=PLANE('',#10786);
#10786=AXIS2_PLACEMENT_3D('',#642,#10787,#10788);
#10787=DIRECTION('',(-0.9914444324988245,-0.1305294498076343,0));
#10788=DIRECTION('',(0.008703785387554714,-0.06611013512179104,0.9977743703634133));
#10789=FACE_BOUND('',#10790,.T.);
#10790=EDGE_LOOP('',(#10791,#10792,#10793));
#10791=ORIENTED_EDGE('',*,*,#10794,.T.);
#10792=ORIENTED_EDGE('',*,*,#10795,.T.);
#10793=ORIENTED_EDGE('',*,*,#10796,.T.);
#10794=EDGE_CURVE('',#643,#641,#10797,.F.);
#10795=EDGE_CURVE('',#641,#645,#10798,.T.);
#10796=EDGE_CURVE('',#645,#643,#10799,.T.);
#10797=LINE('',#642,#10800);
#10798=LINE('',#640,#10801);
#10799=LINE('',#644,#10802);
#10800=VECTOR('',#10803,1.0);
#10801=VECTOR('',#10804,1.0);
#10802=VECTOR('',#10805,1.0);
#10803=DIRECTION('',(0.008703785387554714,-0.06611013512179104,0.9977743703634133));
#10804=DIRECTION('',(-0.1305294498076343,0.9914444324988245,0));
#10805=DIRECTION('',(0,0,-1));
#10806=FACE_SURFACE('',(#10811),#10807,.T.);
#10807=PLANE('',#10808);
#10808=AXIS2_PLACEMENT_3D('',#642,#10809,#10810);
#10809=DIRECTION('',(-0.9238802702719445,-0.3826816512484479,0));
#10810=DIRECTION('',(0,0,1));
#10811=FACE_BOUND('',#10812,.T.);
#10812=EDGE_LOOP('',(#10813,#10814,#10815));
#10813=ORIENTED_EDGE('',*,*,#10816,.T.);
#10814=ORIENTED_EDGE('',*,*,#10817,.T.);
#10815=ORIENTED_EDGE('',*,*,#10818,.T.);
#10816=EDGE_CURVE('',#643,#645,#10819,.F.);
#10817=EDGE_CURVE('',#645,#647,#10820,.T.);
#10818=EDGE_CURVE('',#647,#643,#10821,.T.);
#10819=LINE('',#642,#10822);
#10820=LINE('',#644,#10823);
#10821=LINE('',#646,#10824);
#10822=VECTOR('',#10825,1.0);
#10823=VECTOR('',#10826,1.0);
#10824=VECTOR('',#10827,1.0);
#10825=DIRECTION('',(0,0,1));
#10826=DIRECTION('',(-0.025517480728913598,0.0616049839744791,-0.9977743653385538));
#10827=DIRECTION('',(0.3826816512484479,-0.9238802702719445,0));
#10828=FACE_SURFACE('',(#10833),#10829,.T.);
#10829=PLANE('',#10830);
#10830=AXIS2_PLACEMENT_3D('',#646,#10831,#10832);
#10831=DIRECTION('',(-0.9238802702719445,-0.3826816512484479,0));
#10832=DIRECTION('',(0.025517480728913598,-0.0616049839744791,0.9977743653385538));
#10833=FACE_BOUND('',#10834,.T.);
#10834=EDGE_LOOP('',(#10835,#10836,#10837));
#10835=ORIENTED_EDGE('',*,*,#10838,.T.);
#10836=ORIENTED_EDGE('',*,*,#10839,.T.);
#10837=ORIENTED_EDGE('',*,*,#10840,.T.);
#10838=EDGE_CURVE('',#647,#645,#10841,.F.);
#10839=EDGE_CURVE('',#645,#649,#10842,.T.);
#10840=EDGE_CURVE('',#649,#647,#10843,.T.);
#10841=LINE('',#646,#10844);
#10842=LINE('',#644,#10845);
#10843=LINE('',#648,#10846);
#10844=VECTOR('',#10847,1.0);
#10845=VECTOR('',#10848,1.0);
#10846=VECTOR('',#10849,1.0);
#10847=DIRECTION('',(0.025517480728913598,-0.0616049839744791,0.9977743653385538));
#10848=DIRECTION('',(-0.3826816512484479,0.9238802702719445,0));
#10849=DIRECTION('',(0,0,-1));
#10850=FACE_SURFACE('',(#10855),#10851,.T.);
#10851=PLANE('',#10852);
#10852=AXIS2_PLACEMENT_3D('',#646,#10853,#10854);
#10853=DIRECTION('',(-0.7933523505136998,-0.608762718909747,0));
#10854=DIRECTION('',(0,0,1));
#10855=FACE_BOUND('',#10856,.T.);
#10856=EDGE_LOOP('',(#10857,#10858,#10859));
#10857=ORIENTED_EDGE('',*,*,#10860,.T.);
#10858=ORIENTED_EDGE('',*,*,#10861,.T.);
#10859=ORIENTED_EDGE('',*,*,#10862,.T.);
#10860=EDGE_CURVE('',#647,#649,#10863,.F.);
#10861=EDGE_CURVE('',#649,#651,#10864,.T.);
#10862=EDGE_CURVE('',#651,#647,#10865,.T.);
#10863=LINE('',#646,#10866);
#10864=LINE('',#648,#10867);
#10865=LINE('',#650,#10868);
#10866=VECTOR('',#10869,1.0);
#10867=VECTOR('',#10870,1.0);
#10868=VECTOR('',#10871,1.0);
#10869=DIRECTION('',(0,0,1));
#10870=DIRECTION('',(-0.040592654374394216,0.05290119904055814,-0.9977743730678356));
#10871=DIRECTION('',(0.608762718909747,-0.7933523505136998,0));
#10872=FACE_SURFACE('',(#10877),#10873,.T.);
#10873=PLANE('',#10874);
#10874=AXIS2_PLACEMENT_3D('',#650,#10875,#10876);
#10875=DIRECTION('',(-0.7933523505136998,-0.608762718909747,0));
#10876=DIRECTION('',(0.040592654374394216,-0.05290119904055814,0.9977743730678356));
#10877=FACE_BOUND('',#10878,.T.);
#10878=EDGE_LOOP('',(#10879,#10880,#10881));
#10879=ORIENTED_EDGE('',*,*,#10882,.T.);
#10880=ORIENTED_EDGE('',*,*,#10883,.T.);
#10881=ORIENTED_EDGE('',*,*,#10884,.T.);
#10882=EDGE_CURVE('',#651,#649,#10885,.F.);
#10883=EDGE_CURVE('',#649,#653,#10886,.T.);
#10884=EDGE_CURVE('',#653,#651,#10887,.T.);
#10885=LINE('',#650,#10888);
#10886=LINE('',#648,#10889);
#10887=LINE('',#652,#10890);
#10888=VECTOR('',#10891,1.0);
#10889=VECTOR('',#10892,1.0);
#10890=VECTOR('',#10893,1.0);
#10891=DIRECTION('',(0.040592654374394216,-0.05290119904055814,0.9977743730678356));
#10892=DIRECTION('',(-0.608762718909747,0.7933523505136998,0));
#10893=DIRECTION('',(0,0,-1));
#10894=FACE_SURFACE('',(#10899),#10895,.T.);
#10895=PLANE('',#10896);
#10896=AXIS2_PLACEMENT_3D('',#650,#10897,#10898);
#10897=DIRECTION('',(-0.6087627189097362,-0.793352350513708,0));
#10898=DIRECTION('',(0,0,1));
#10899=FACE_BOUND('',#10900,.T.);
#10900=EDGE_LOOP('',(#10901,#10902,#10903));
#10901=ORIENTED_EDGE('',*,*,#10904,.T.);
#10902=ORIENTED_EDGE('',*,*,#10905,.T.);
#10903=ORIENTED_EDGE('',*,*,#10906,.T.);
#10904=EDGE_CURVE('',#651,#653,#10907,.F.);
#10905=EDGE_CURVE('',#653,#655,#10908,.T.);
#10906=EDGE_CURVE('',#655,#651,#10909,.T.);
#10907=LINE('',#650,#10910);
#10908=LINE('',#652,#10911);
#10909=LINE('',#654,#10912);
#10910=VECTOR('',#10913,1.0);
#10911=VECTOR('',#10914,1.0);
#10912=VECTOR('',#10915,1.0);
#10913=DIRECTION('',(0,0,1));
#10914=DIRECTION('',(-0.05290119904055814,0.040592654374393085,-0.9977743730678356));
#10915=DIRECTION('',(0.793352350513708,-0.6087627189097362,0));
#10916=FACE_SURFACE('',(#10921),#10917,.T.);
#10917=PLANE('',#10918);
#10918=AXIS2_PLACEMENT_3D('',#654,#10919,#10920);
#10919=DIRECTION('',(-0.6087627189097362,-0.793352350513708,0));
#10920=DIRECTION('',(0.05290119904055814,-0.040592654374393085,0.9977743730678356));
#10921=FACE_BOUND('',#10922,.T.);
#10922=EDGE_LOOP('',(#10923,#10924,#10925));
#10923=ORIENTED_EDGE('',*,*,#10926,.T.);
#10924=ORIENTED_EDGE('',*,*,#10927,.T.);
#10925=ORIENTED_EDGE('',*,*,#10928,.T.);
#10926=EDGE_CURVE('',#655,#653,#10929,.F.);
#10927=EDGE_CURVE('',#653,#657,#10930,.T.);
#10928=EDGE_CURVE('',#657,#655,#10931,.T.);
#10929=LINE('',#654,#10932);
#10930=LINE('',#652,#10933);
#10931=LINE('',#656,#10934);
#10932=VECTOR('',#10935,1.0);
#10933=VECTOR('',#10936,1.0);
#10934=VECTOR('',#10937,1.0);
#10935=DIRECTION('',(0.05290119904055814,-0.040592654374393085,0.9977743730678356));
#10936=DIRECTION('',(-0.793352350513708,0.6087627189097362,0));
#10937=DIRECTION('',(0,0,-1));
#10938=FACE_SURFACE('',(#10943),#10939,.T.);
#10939=PLANE('',#10940);
#10940=AXIS2_PLACEMENT_3D('',#654,#10941,#10942);
#10941=DIRECTION('',(-0.3826816512484654,-0.9238802702719373,0));
#10942=DIRECTION('',(0,0,1));
#10943=FACE_BOUND('',#10944,.T.);
#10944=EDGE_LOOP('',(#10945,#10946,#10947));
#10945=ORIENTED_EDGE('',*,*,#10948,.T.);
#10946=ORIENTED_EDGE('',*,*,#10949,.T.);
#10947=ORIENTED_EDGE('',*,*,#10950,.T.);
#10948=EDGE_CURVE('',#655,#657,#10951,.F.);
#10949=EDGE_CURVE('',#657,#659,#10952,.T.);
#10950=EDGE_CURVE('',#659,#655,#10953,.T.);
#10951=LINE('',#654,#10954);
#10952=LINE('',#656,#10955);
#10953=LINE('',#658,#10956);
#10954=VECTOR('',#10957,1.0);
#10955=VECTOR('',#10958,1.0);
#10956=VECTOR('',#10959,1.0);
#10957=DIRECTION('',(0,0,1));
#10958=DIRECTION('',(-0.061604983974478535,0.025517480728914733,-0.9977743653385538));
#10959=DIRECTION('',(0.9238802702719372,-0.38268165124846537,0));
#10960=FACE_SURFACE('',(#10965),#10961,.T.);
#10961=PLANE('',#10962);
#10962=AXIS2_PLACEMENT_3D('',#658,#10963,#10964);
#10963=DIRECTION('',(-0.3826816512484654,-0.9238802702719373,0));
#10964=DIRECTION('',(0.061604983974478535,-0.025517480728914733,0.9977743653385538));
#10965=FACE_BOUND('',#10966,.T.);
#10966=EDGE_LOOP('',(#10967,#10968,#10969));
#10967=ORIENTED_EDGE('',*,*,#10970,.T.);
#10968=ORIENTED_EDGE('',*,*,#10971,.T.);
#10969=ORIENTED_EDGE('',*,*,#10972,.T.);
#10970=EDGE_CURVE('',#659,#657,#10973,.F.);
#10971=EDGE_CURVE('',#657,#661,#10974,.T.);
#10972=EDGE_CURVE('',#661,#659,#10975,.T.);
#10973=LINE('',#658,#10976);
#10974=LINE('',#656,#10977);
#10975=LINE('',#660,#10978);
#10976=VECTOR('',#10979,1.0);
#10977=VECTOR('',#10980,1.0);
#10978=VECTOR('',#10981,1.0);
#10979=DIRECTION('',(0.061604983974478535,-0.025517480728914733,0.9977743653385538));
#10980=DIRECTION('',(-0.9238802702719372,0.38268165124846537,0));
#10981=DIRECTION('',(0,0,-1));
#10982=FACE_SURFACE('',(#10987),#10983,.T.);
#10983=PLANE('',#10984);
#10984=AXIS2_PLACEMENT_3D('',#658,#10985,#10986);
#10985=DIRECTION('',(-0.13052944980762596,-0.9914444324988257,0));
#10986=DIRECTION('',(0,0,1));
#10987=FACE_BOUND('',#10988,.T.);
#10988=EDGE_LOOP('',(#10989,#10990,#10991));
#10989=ORIENTED_EDGE('',*,*,#10992,.T.);
#10990=ORIENTED_EDGE('',*,*,#10993,.T.);
#10991=ORIENTED_EDGE('',*,*,#10994,.T.);
#10992=EDGE_CURVE('',#659,#661,#10995,.F.);
#10993=EDGE_CURVE('',#661,#663,#10996,.T.);
#10994=EDGE_CURVE('',#663,#659,#10997,.T.);
#10995=LINE('',#658,#10998);
#10996=LINE('',#660,#10999);
#10997=LINE('',#662,#11000);
#10998=VECTOR('',#11001,1.0);
#10999=VECTOR('',#11002,1.0);
#11000=VECTOR('',#11003,1.0);
#11001=DIRECTION('',(0,0,1));
#11002=DIRECTION('',(-0.06611013512179104,0.008703785387554147,-0.9977743703634133));
#11003=DIRECTION('',(0.9914444324988257,-0.13052944980762596,0));
#11004=FACE_SURFACE('',(#11009),#11005,.T.);
#11005=PLANE('',#11006);
#11006=AXIS2_PLACEMENT_3D('',#662,#11007,#11008);
#11007=DIRECTION('',(-0.13052944980762596,-0.9914444324988257,0));
#11008=DIRECTION('',(0.06611013512179104,-0.008703785387554147,0.9977743703634133));
#11009=FACE_BOUND('',#11010,.T.);
#11010=EDGE_LOOP('',(#11011,#11012,#11013));
#11011=ORIENTED_EDGE('',*,*,#11014,.T.);
#11012=ORIENTED_EDGE('',*,*,#11015,.T.);
#11013=ORIENTED_EDGE('',*,*,#11016,.T.);
#11014=EDGE_CURVE('',#663,#661,#11017,.F.);
#11015=EDGE_CURVE('',#661,#665,#11018,.T.);
#11016=EDGE_CURVE('',#665,#663,#11019,.T.);
#11017=LINE('',#662,#11020);
#11018=LINE('',#660,#11021);
#11019=LINE('',#664,#11022);
#11020=VECTOR('',#11023,1.0);
#11021=VECTOR('',#11024,1.0);
#11022=VECTOR('',#11025,1.0);
#11023=DIRECTION('',(0.06611013512179104,-0.008703785387554147,0.9977743703634133));
#11024=DIRECTION('',(-0.9914444324988257,0.13052944980762596,0));
#11025=DIRECTION('',(0,0,-1));
#11026=FACE_SURFACE('',(#11031),#11027,.T.);
#11027=PLANE('',#11028);
#11028=AXIS2_PLACEMENT_3D('',#662,#11029,#11030);
#11029=DIRECTION('',(0.13052944980762596,-0.9914444324988257,0));
#11030=DIRECTION('',(0,0,1));
#11031=FACE_BOUND('',#11032,.T.);
#11032=EDGE_LOOP('',(#11033,#11034,#11035));
#11033=ORIENTED_EDGE('',*,*,#11036,.T.);
#11034=ORIENTED_EDGE('',*,*,#11037,.T.);
#11035=ORIENTED_EDGE('',*,*,#11038,.T.);
#11036=EDGE_CURVE('',#663,#665,#11039,.F.);
#11037=EDGE_CURVE('',#665,#667,#11040,.T.);
#11038=EDGE_CURVE('',#667,#663,#11041,.T.);
#11039=LINE('',#662,#11042);
#11040=LINE('',#664,#11043);
#11041=LINE('',#666,#11044);
#11042=VECTOR('',#11045,1.0);
#11043=VECTOR('',#11046,1.0);
#11044=VECTOR('',#11047,1.0);
#11045=DIRECTION('',(0,0,1));
#11046=DIRECTION('',(-0.06611013512179104,-0.008703785387554147,-0.9977743703634133));
#11047=DIRECTION('',(0.9914444324988257,0.13052944980762596,0));
#11048=FACE_SURFACE('',(#11053),#11049,.T.);
#11049=PLANE('',#11050);
#11050=AXIS2_PLACEMENT_3D('',#666,#11051,#11052);
#11051=DIRECTION('',(0.13052944980762596,-0.9914444324988257,0));
#11052=DIRECTION('',(0.06611013512179104,0.008703785387554147,0.9977743703634133));
#11053=FACE_BOUND('',#11054,.T.);
#11054=EDGE_LOOP('',(#11055,#11056,#11057));
#11055=ORIENTED_EDGE('',*,*,#11058,.T.);
#11056=ORIENTED_EDGE('',*,*,#11059,.T.);
#11057=ORIENTED_EDGE('',*,*,#11060,.T.);
#11058=EDGE_CURVE('',#667,#665,#11061,.F.);
#11059=EDGE_CURVE('',#665,#669,#11062,.T.);
#11060=EDGE_CURVE('',#669,#667,#11063,.T.);
#11061=LINE('',#666,#11064);
#11062=LINE('',#664,#11065);
#11063=LINE('',#668,#11066);
#11064=VECTOR('',#11067,1.0);
#11065=VECTOR('',#11068,1.0);
#11066=VECTOR('',#11069,1.0);
#11067=DIRECTION('',(0.06611013512179104,0.008703785387554147,0.9977743703634133));
#11068=DIRECTION('',(-0.9914444324988257,-0.13052944980762596,0));
#11069=DIRECTION('',(0,0,-1));
#11070=FACE_SURFACE('',(#11075),#11071,.T.);
#11071=PLANE('',#11072);
#11072=AXIS2_PLACEMENT_3D('',#666,#11073,#11074);
#11073=DIRECTION('',(0.3826816512484654,-0.9238802702719373,0));
#11074=DIRECTION('',(0,0,1));
#11075=FACE_BOUND('',#11076,.T.);
#11076=EDGE_LOOP('',(#11077,#11078,#11079));
#11077=ORIENTED_EDGE('',*,*,#11080,.T.);
#11078=ORIENTED_EDGE('',*,*,#11081,.T.);
#11079=ORIENTED_EDGE('',*,*,#11082,.T.);
#11080=EDGE_CURVE('',#667,#669,#11083,.F.);
#11081=EDGE_CURVE('',#669,#671,#11084,.T.);
#11082=EDGE_CURVE('',#671,#667,#11085,.T.);
#11083=LINE('',#666,#11086);
#11084=LINE('',#668,#11087);
#11085=LINE('',#670,#11088);
#11086=VECTOR('',#11089,1.0);
#11087=VECTOR('',#11090,1.0);
#11088=VECTOR('',#11091,1.0);
#11089=DIRECTION('',(0,0,1));
#11090=DIRECTION('',(-0.061604983974478535,-0.025517480728914733,-0.9977743653385538));
#11091=DIRECTION('',(0.9238802702719372,0.38268165124846537,0));
#11092=FACE_SURFACE('',(#11097),#11093,.T.);
#11093=PLANE('',#11094);
#11094=AXIS2_PLACEMENT_3D('',#670,#11095,#11096);
#11095=DIRECTION('',(0.3826816512484654,-0.9238802702719373,0));
#11096=DIRECTION('',(0.061604983974478535,0.025517480728914733,0.9977743653385538));
#11097=FACE_BOUND('',#11098,.T.);
#11098=EDGE_LOOP('',(#11099,#11100,#11101));
#11099=ORIENTED_EDGE('',*,*,#11102,.T.);
#11100=ORIENTED_EDGE('',*,*,#11103,.T.);
#11101=ORIENTED_EDGE('',*,*,#11104,.T.);
#11102=EDGE_CURVE('',#671,#669,#11105,.F.);
#11103=EDGE_CURVE('',#669,#673,#11106,.T.);
#11104=EDGE_CURVE('',#673,#671,#11107,.T.);
#11105=LINE('',#670,#11108);
#11106=LINE('',#668,#11109);
#11107=LINE('',#672,#11110);
#11108=VECTOR('',#11111,1.0);
#11109=VECTOR('',#11112,1.0);
#11110=VECTOR('',#11113,1.0);
#11111=DIRECTION('',(0.061604983974478535,0.025517480728914733,0.9977743653385538));
#11112=DIRECTION('',(-0.9238802702719372,-0.38268165124846537,0));
#11113=DIRECTION('',(0,0,-1));
#11114=FACE_SURFACE('',(#11119),#11115,.T.);
#11115=PLANE('',#11116);
#11116=AXIS2_PLACEMENT_3D('',#670,#11117,#11118);
#11117=DIRECTION('',(0.6087627189097362,-0.793352350513708,0));
#11118=DIRECTION('',(0,0,1));
#11119=FACE_BOUND('',#11120,.T.);
#11120=EDGE_LOOP('',(#11121,#11122,#11123));
#11121=ORIENTED_EDGE('',*,*,#11124,.T.);
#11122=ORIENTED_EDGE('',*,*,#11125,.T.);
#11123=ORIENTED_EDGE('',*,*,#11126,.T.);
#11124=EDGE_CURVE('',#671,#673,#11127,.F.);
#11125=EDGE_CURVE('',#673,#675,#11128,.T.);
#11126=EDGE_CURVE('',#675,#671,#11129,.T.);
#11127=LINE('',#670,#11130);
#11128=LINE('',#672,#11131);
#11129=LINE('',#674,#11132);
#11130=VECTOR('',#11133,1.0);
#11131=VECTOR('',#11134,1.0);
#11132=VECTOR('',#11135,1.0);
#11133=DIRECTION('',(0,0,1));
#11134=DIRECTION('',(-0.05290119904055814,-0.040592654374393085,-0.9977743730678356));
#11135=DIRECTION('',(0.793352350513708,0.6087627189097362,0));
#11136=FACE_SURFACE('',(#11141),#11137,.T.);
#11137=PLANE('',#11138);
#11138=AXIS2_PLACEMENT_3D('',#674,#11139,#11140);
#11139=DIRECTION('',(0.6087627189097362,-0.793352350513708,0));
#11140=DIRECTION('',(0.05290119904055814,0.040592654374393085,0.9977743730678356));
#11141=FACE_BOUND('',#11142,.T.);
#11142=EDGE_LOOP('',(#11143,#11144,#11145));
#11143=ORIENTED_EDGE('',*,*,#11146,.T.);
#11144=ORIENTED_EDGE('',*,*,#11147,.T.);
#11145=ORIENTED_EDGE('',*,*,#11148,.T.);
#11146=EDGE_CURVE('',#675,#673,#11149,.F.);
#11147=EDGE_CURVE('',#673,#677,#11150,.T.);
#11148=EDGE_CURVE('',#677,#675,#11151,.T.);
#11149=LINE('',#674,#11152);
#11150=LINE('',#672,#11153);
#11151=LINE('',#676,#11154);
#11152=VECTOR('',#11155,1.0);
#11153=VECTOR('',#11156,1.0);
#11154=VECTOR('',#11157,1.0);
#11155=DIRECTION('',(0.05290119904055814,0.040592654374393085,0.9977743730678356));
#11156=DIRECTION('',(-0.793352350513708,-0.6087627189097362,0));
#11157=DIRECTION('',(0,0,-1));
#11158=FACE_SURFACE('',(#11163),#11159,.T.);
#11159=PLANE('',#11160);
#11160=AXIS2_PLACEMENT_3D('',#674,#11161,#11162);
#11161=DIRECTION('',(0.7933523505136998,-0.608762718909747,0));
#11162=DIRECTION('',(0,0,1));
#11163=FACE_BOUND('',#11164,.T.);
#11164=EDGE_LOOP('',(#11165,#11166,#11167));
#11165=ORIENTED_EDGE('',*,*,#11168,.T.);
#11166=ORIENTED_EDGE('',*,*,#11169,.T.);
#11167=ORIENTED_EDGE('',*,*,#11170,.T.);
#11168=EDGE_CURVE('',#675,#677,#11171,.F.);
#11169=EDGE_CURVE('',#677,#679,#11172,.T.);
#11170=EDGE_CURVE('',#679,#675,#11173,.T.);
#11171=LINE('',#674,#11174);
#11172=LINE('',#676,#11175);
#11173=LINE('',#678,#11176);
#11174=VECTOR('',#11177,1.0);
#11175=VECTOR('',#11178,1.0);
#11176=VECTOR('',#11179,1.0);
#11177=DIRECTION('',(0,0,1));
#11178=DIRECTION('',(-0.040592654374394216,-0.05290119904055814,-0.9977743730678356));
#11179=DIRECTION('',(0.608762718909747,0.7933523505136998,0));
#11180=FACE_SURFACE('',(#11185),#11181,.T.);
#11181=PLANE('',#11182);
#11182=AXIS2_PLACEMENT_3D('',#678,#11183,#11184);
#11183=DIRECTION('',(0.7933523505136998,-0.608762718909747,0));
#11184=DIRECTION('',(0.040592654374394216,0.05290119904055814,0.9977743730678356));
#11185=FACE_BOUND('',#11186,.T.);
#11186=EDGE_LOOP('',(#11187,#11188,#11189));
#11187=ORIENTED_EDGE('',*,*,#11190,.T.);
#11188=ORIENTED_EDGE('',*,*,#11191,.T.);
#11189=ORIENTED_EDGE('',*,*,#11192,.T.);
#11190=EDGE_CURVE('',#679,#677,#11193,.F.);
#11191=EDGE_CURVE('',#677,#681,#11194,.T.);
#11192=EDGE_CURVE('',#681,#679,#11195,.T.);
#11193=LINE('',#678,#11196);
#11194=LINE('',#676,#11197);
#11195=LINE('',#680,#11198);
#11196=VECTOR('',#11199,1.0);
#11197=VECTOR('',#11200,1.0);
#11198=VECTOR('',#11201,1.0);
#11199=DIRECTION('',(0.040592654374394216,0.05290119904055814,0.9977743730678356));
#11200=DIRECTION('',(-0.608762718909747,-0.7933523505136998,0));
#11201=DIRECTION('',(0,0,-1));
#11202=FACE_SURFACE('',(#11207),#11203,.T.);
#11203=PLANE('',#11204);
#11204=AXIS2_PLACEMENT_3D('',#678,#11205,#11206);
#11205=DIRECTION('',(0.9238802702719445,-0.3826816512484479,0));
#11206=DIRECTION('',(0,0,1));
#11207=FACE_BOUND('',#11208,.T.);
#11208=EDGE_LOOP('',(#11209,#11210,#11211));
#11209=ORIENTED_EDGE('',*,*,#11212,.T.);
#11210=ORIENTED_EDGE('',*,*,#11213,.T.);
#11211=ORIENTED_EDGE('',*,*,#11214,.T.);
#11212=EDGE_CURVE('',#679,#681,#11215,.F.);
#11213=EDGE_CURVE('',#681,#587,#11216,.T.);
#11214=EDGE_CURVE('',#587,#679,#11217,.T.);
#11215=LINE('',#678,#11218);
#11216=LINE('',#680,#11219);
#11217=LINE('',#586,#11220);
#11218=VECTOR('',#11221,1.0);
#11219=VECTOR('',#11222,1.0);
#11220=VECTOR('',#11223,1.0);
#11221=DIRECTION('',(0,0,1));
#11222=DIRECTION('',(-0.025517480728913598,-0.0616049839744791,-0.9977743653385538));
#11223=DIRECTION('',(0.3826816512484479,0.9238802702719445,0));
#11224=FACE_SURFACE('',(#11229),#11225,.T.);
#11225=PLANE('',#11226);
#11226=AXIS2_PLACEMENT_3D('',#586,#11227,#11228);
#11227=DIRECTION('',(0.9238802702719445,-0.3826816512484479,0));
#11228=DIRECTION('',(0.025517480728913598,0.0616049839744791,0.9977743653385538));
#11229=FACE_BOUND('',#11230,.T.);
#11230=EDGE_LOOP('',(#11231,#11232,#11233));
#11231=ORIENTED_EDGE('',*,*,#11234,.T.);
#11232=ORIENTED_EDGE('',*,*,#11235,.T.);
#11233=ORIENTED_EDGE('',*,*,#11236,.T.);
#11234=EDGE_CURVE('',#587,#681,#11237,.F.);
#11235=EDGE_CURVE('',#681,#589,#11238,.T.);
#11236=EDGE_CURVE('',#589,#587,#11239,.T.);
#11237=LINE('',#586,#11240);
#11238=LINE('',#680,#11241);
#11239=LINE('',#588,#11242);
#11240=VECTOR('',#11243,1.0);
#11241=VECTOR('',#11244,1.0);
#11242=VECTOR('',#11245,1.0);
#11243=DIRECTION('',(0.025517480728913598,0.0616049839744791,0.9977743653385538));
#11244=DIRECTION('',(-0.3826816512484479,-0.9238802702719445,0));
#11245=DIRECTION('',(0,0,-1));
#11246=FACE_SURFACE('',(#11251),#11247,.T.);
#11247=PLANE('',#11248);
#11248=AXIS2_PLACEMENT_3D('',#124,#11249,#11250);
#11249=DIRECTION('',(0.9914444324988245,0.1305294498076343,0));
#11250=DIRECTION('',(0,0,-1));
#11251=FACE_BOUND('',#11252,.T.);
#11252=EDGE_LOOP('',(#11253,#11254,#11255));
#11253=ORIENTED_EDGE('',*,*,#11256,.T.);
#11254=ORIENTED_EDGE('',*,*,#11257,.T.);
#11255=ORIENTED_EDGE('',*,*,#11258,.T.);
#11256=EDGE_CURVE('',#125,#597,#11259,.F.);
#11257=EDGE_CURVE('',#597,#129,#11260,.T.);
#11258=EDGE_CURVE('',#129,#125,#11261,.T.);
#11259=LINE('',#124,#11262);
#11260=LINE('',#596,#11263);
#11261=LINE('',#128,#11264);
#11262=VECTOR('',#11265,1.0);
#11263=VECTOR('',#11266,1.0);
#11264=VECTOR('',#11267,1.0);
#11265=DIRECTION('',(0,0,-1));
#11266=DIRECTION('',(-0.008703785387554714,0.06611013512179104,0.9977743703634133));
#11267=DIRECTION('',(0.1305294498076343,-0.9914444324988245,0));
#11268=FACE_SURFACE('',(#11273),#11269,.T.);
#11269=PLANE('',#11270);
#11270=AXIS2_PLACEMENT_3D('',#128,#11271,#11272);
#11271=DIRECTION('',(0.9914444324988245,0.1305294498076343,0));
#11272=DIRECTION('',(0.008703785387554714,-0.06611013512179104,-0.9977743703634133));
#11273=FACE_BOUND('',#11274,.T.);
#11274=EDGE_LOOP('',(#11275,#11276,#11277));
#11275=ORIENTED_EDGE('',*,*,#11278,.T.);
#11276=ORIENTED_EDGE('',*,*,#11279,.T.);
#11277=ORIENTED_EDGE('',*,*,#11280,.T.);
#11278=EDGE_CURVE('',#129,#597,#11281,.F.);
#11279=EDGE_CURVE('',#597,#593,#11282,.T.);
#11280=EDGE_CURVE('',#593,#129,#11283,.T.);
#11281=LINE('',#128,#11284);
#11282=LINE('',#596,#11285);
#11283=LINE('',#592,#11286);
#11284=VECTOR('',#11287,1.0);
#11285=VECTOR('',#11288,1.0);
#11286=VECTOR('',#11289,1.0);
#11287=DIRECTION('',(0.008703785387554714,-0.06611013512179104,-0.9977743703634133));
#11288=DIRECTION('',(-0.1305294498076343,0.9914444324988245,0));
#11289=DIRECTION('',(0,0,1));
#11290=FACE_SURFACE('',(#11295),#11291,.T.);
#11291=PLANE('',#11292);
#11292=AXIS2_PLACEMENT_3D('',#128,#11293,#11294);
#11293=DIRECTION('',(0.9914444324988245,-0.1305294498076343,0));
#11294=DIRECTION('',(0,0,-1));
#11295=FACE_BOUND('',#11296,.T.);
#11296=EDGE_LOOP('',(#11297,#11298,#11299));
#11297=ORIENTED_EDGE('',*,*,#11300,.T.);
#11298=ORIENTED_EDGE('',*,*,#11301,.T.);
#11299=ORIENTED_EDGE('',*,*,#11302,.T.);
#11300=EDGE_CURVE('',#129,#593,#11303,.F.);
#11301=EDGE_CURVE('',#593,#133,#11304,.T.);
#11302=EDGE_CURVE('',#133,#129,#11305,.T.);
#11303=LINE('',#128,#11306);
#11304=LINE('',#592,#11307);
#11305=LINE('',#132,#11308);
#11306=VECTOR('',#11309,1.0);
#11307=VECTOR('',#11310,1.0);
#11308=VECTOR('',#11311,1.0);
#11309=DIRECTION('',(0,0,-1));
#11310=DIRECTION('',(0.008703785387554714,0.06611013512179104,0.9977743703634133));
#11311=DIRECTION('',(-0.1305294498076343,-0.9914444324988245,0));
#11312=FACE_SURFACE('',(#11317),#11313,.T.);
#11313=PLANE('',#11314);
#11314=AXIS2_PLACEMENT_3D('',#132,#11315,#11316);
#11315=DIRECTION('',(0.9914444324988245,-0.1305294498076343,0));
#11316=DIRECTION('',(-0.008703785387554714,-0.06611013512179104,-0.9977743703634133));
#11317=FACE_BOUND('',#11318,.T.);
#11318=EDGE_LOOP('',(#11319,#11320,#11321));
#11319=ORIENTED_EDGE('',*,*,#11322,.T.);
#11320=ORIENTED_EDGE('',*,*,#11323,.T.);
#11321=ORIENTED_EDGE('',*,*,#11324,.T.);
#11322=EDGE_CURVE('',#133,#593,#11325,.F.);
#11323=EDGE_CURVE('',#593,#589,#11326,.T.);
#11324=EDGE_CURVE('',#589,#133,#11327,.T.);
#11325=LINE('',#132,#11328);
#11326=LINE('',#592,#11329);
#11327=LINE('',#588,#11330);
#11328=VECTOR('',#11331,1.0);
#11329=VECTOR('',#11332,1.0);
#11330=VECTOR('',#11333,1.0);
#11331=DIRECTION('',(-0.008703785387554714,-0.06611013512179104,-0.9977743703634133));
#11332=DIRECTION('',(0.1305294498076343,0.9914444324988245,0));
#11333=DIRECTION('',(0,0,1));
#11334=FACE_SURFACE('',(#11339),#11335,.T.);
#11335=PLANE('',#11336);
#11336=AXIS2_PLACEMENT_3D('',#132,#11337,#11338);
#11337=DIRECTION('',(0.9238802702719445,-0.3826816512484479,0));
#11338=DIRECTION('',(0,0,-1));
#11339=FACE_BOUND('',#11340,.T.);
#11340=EDGE_LOOP('',(#11341,#11342,#11343));
#11341=ORIENTED_EDGE('',*,*,#11344,.T.);
#11342=ORIENTED_EDGE('',*,*,#11345,.T.);
#11343=ORIENTED_EDGE('',*,*,#11346,.T.);
#11344=EDGE_CURVE('',#133,#589,#11347,.F.);
#11345=EDGE_CURVE('',#589,#137,#11348,.T.);
#11346=EDGE_CURVE('',#137,#133,#11349,.T.);
#11347=LINE('',#132,#11350);
#11348=LINE('',#588,#11351);
#11349=LINE('',#136,#11352);
#11350=VECTOR('',#11353,1.0);
#11351=VECTOR('',#11354,1.0);
#11352=VECTOR('',#11355,1.0);
#11353=DIRECTION('',(0,0,-1));
#11354=DIRECTION('',(0.025517480728913598,0.0616049839744791,0.9977743653385538));
#11355=DIRECTION('',(-0.3826816512484479,-0.9238802702719445,0));
#11356=FACE_SURFACE('',(#11361),#11357,.T.);
#11357=PLANE('',#11358);
#11358=AXIS2_PLACEMENT_3D('',#136,#11359,#11360);
#11359=DIRECTION('',(0.9238802702719445,-0.3826816512484479,0));
#11360=DIRECTION('',(-0.025517480728913598,-0.0616049839744791,-0.9977743653385538));
#11361=FACE_BOUND('',#11362,.T.);
#11362=EDGE_LOOP('',(#11363,#11364,#11365));
#11363=ORIENTED_EDGE('',*,*,#11366,.T.);
#11364=ORIENTED_EDGE('',*,*,#11367,.T.);
#11365=ORIENTED_EDGE('',*,*,#11368,.T.);
#11366=EDGE_CURVE('',#137,#589,#11369,.F.);
#11367=EDGE_CURVE('',#589,#681,#11370,.T.);
#11368=EDGE_CURVE('',#681,#137,#11371,.T.);
#11369=LINE('',#136,#11372);
#11370=LINE('',#588,#11373);
#11371=LINE('',#680,#11374);
#11372=VECTOR('',#11375,1.0);
#11373=VECTOR('',#11376,1.0);
#11374=VECTOR('',#11377,1.0);
#11375=DIRECTION('',(-0.025517480728913598,-0.0616049839744791,-0.9977743653385538));
#11376=DIRECTION('',(0.3826816512484479,0.9238802702719445,0));
#11377=DIRECTION('',(0,0,1));
#11378=FACE_SURFACE('',(#11383),#11379,.T.);
#11379=PLANE('',#11380);
#11380=AXIS2_PLACEMENT_3D('',#136,#11381,#11382);
#11381=DIRECTION('',(0.7933523505136998,-0.608762718909747,0));
#11382=DIRECTION('',(0,0,-1));
#11383=FACE_BOUND('',#11384,.T.);
#11384=EDGE_LOOP('',(#11385,#11386,#11387));
#11385=ORIENTED_EDGE('',*,*,#11388,.T.);
#11386=ORIENTED_EDGE('',*,*,#11389,.T.);
#11387=ORIENTED_EDGE('',*,*,#11390,.T.);
#11388=EDGE_CURVE('',#137,#681,#11391,.F.);
#11389=EDGE_CURVE('',#681,#141,#11392,.T.);
#11390=EDGE_CURVE('',#141,#137,#11393,.T.);
#11391=LINE('',#136,#11394);
#11392=LINE('',#680,#11395);
#11393=LINE('',#140,#11396);
#11394=VECTOR('',#11397,1.0);
#11395=VECTOR('',#11398,1.0);
#11396=VECTOR('',#11399,1.0);
#11397=DIRECTION('',(0,0,-1));
#11398=DIRECTION('',(0.040592654374394216,0.05290119904055814,0.9977743730678356));
#11399=DIRECTION('',(-0.608762718909747,-0.7933523505136998,0));
#11400=FACE_SURFACE('',(#11405),#11401,.T.);
#11401=PLANE('',#11402);
#11402=AXIS2_PLACEMENT_3D('',#140,#11403,#11404);
#11403=DIRECTION('',(0.7933523505136998,-0.608762718909747,0));
#11404=DIRECTION('',(-0.040592654374394216,-0.05290119904055814,-0.9977743730678356));
#11405=FACE_BOUND('',#11406,.T.);
#11406=EDGE_LOOP('',(#11407,#11408,#11409));
#11407=ORIENTED_EDGE('',*,*,#11410,.T.);
#11408=ORIENTED_EDGE('',*,*,#11411,.T.);
#11409=ORIENTED_EDGE('',*,*,#11412,.T.);
#11410=EDGE_CURVE('',#141,#681,#11413,.F.);
#11411=EDGE_CURVE('',#681,#677,#11414,.T.);
#11412=EDGE_CURVE('',#677,#141,#11415,.T.);
#11413=LINE('',#140,#11416);
#11414=LINE('',#680,#11417);
#11415=LINE('',#676,#11418);
#11416=VECTOR('',#11419,1.0);
#11417=VECTOR('',#11420,1.0);
#11418=VECTOR('',#11421,1.0);
#11419=DIRECTION('',(-0.040592654374394216,-0.05290119904055814,-0.9977743730678356));
#11420=DIRECTION('',(0.608762718909747,0.7933523505136998,0));
#11421=DIRECTION('',(0,0,1));
#11422=FACE_SURFACE('',(#11427),#11423,.T.);
#11423=PLANE('',#11424);
#11424=AXIS2_PLACEMENT_3D('',#140,#11425,#11426);
#11425=DIRECTION('',(0.6087627189097362,-0.793352350513708,0));
#11426=DIRECTION('',(0,0,-1));
#11427=FACE_BOUND('',#11428,.T.);
#11428=EDGE_LOOP('',(#11429,#11430,#11431));
#11429=ORIENTED_EDGE('',*,*,#11432,.T.);
#11430=ORIENTED_EDGE('',*,*,#11433,.T.);
#11431=ORIENTED_EDGE('',*,*,#11434,.T.);
#11432=EDGE_CURVE('',#141,#677,#11435,.F.);
#11433=EDGE_CURVE('',#677,#147,#11436,.T.);
#11434=EDGE_CURVE('',#147,#141,#11437,.T.);
#11435=LINE('',#140,#11438);
#11436=LINE('',#676,#11439);
#11437=LINE('',#146,#11440);
#11438=VECTOR('',#11441,1.0);
#11439=VECTOR('',#11442,1.0);
#11440=VECTOR('',#11443,1.0);
#11441=DIRECTION('',(0,0,-1));
#11442=DIRECTION('',(0.05290119904055814,0.040592654374393085,0.9977743730678356));
#11443=DIRECTION('',(-0.793352350513708,-0.6087627189097362,0));
#11444=FACE_SURFACE('',(#11449),#11445,.T.);
#11445=PLANE('',#11446);
#11446=AXIS2_PLACEMENT_3D('',#146,#11447,#11448);
#11447=DIRECTION('',(0.6087627189097362,-0.793352350513708,0));
#11448=DIRECTION('',(-0.05290119904055814,-0.040592654374393085,-0.9977743730678356));
#11449=FACE_BOUND('',#11450,.T.);
#11450=EDGE_LOOP('',(#11451,#11452,#11453));
#11451=ORIENTED_EDGE('',*,*,#11454,.T.);
#11452=ORIENTED_EDGE('',*,*,#11455,.T.);
#11453=ORIENTED_EDGE('',*,*,#11456,.T.);
#11454=EDGE_CURVE('',#147,#677,#11457,.F.);
#11455=EDGE_CURVE('',#677,#673,#11458,.T.);
#11456=EDGE_CURVE('',#673,#147,#11459,.T.);
#11457=LINE('',#146,#11460);
#11458=LINE('',#676,#11461);
#11459=LINE('',#672,#11462);
#11460=VECTOR('',#11463,1.0);
#11461=VECTOR('',#11464,1.0);
#11462=VECTOR('',#11465,1.0);
#11463=DIRECTION('',(-0.05290119904055814,-0.040592654374393085,-0.9977743730678356));
#11464=DIRECTION('',(0.793352350513708,0.6087627189097362,0));
#11465=DIRECTION('',(0,0,1));
#11466=FACE_SURFACE('',(#11471),#11467,.T.);
#11467=PLANE('',#11468);
#11468=AXIS2_PLACEMENT_3D('',#146,#11469,#11470);
#11469=DIRECTION('',(0.3826816512484654,-0.9238802702719373,0));
#11470=DIRECTION('',(0,0,-1));
#11471=FACE_BOUND('',#11472,.T.);
#11472=EDGE_LOOP('',(#11473,#11474,#11475));
#11473=ORIENTED_EDGE('',*,*,#11476,.T.);
#11474=ORIENTED_EDGE('',*,*,#11477,.T.);
#11475=ORIENTED_EDGE('',*,*,#11478,.T.);
#11476=EDGE_CURVE('',#147,#673,#11479,.F.);
#11477=EDGE_CURVE('',#673,#149,#11480,.T.);
#11478=EDGE_CURVE('',#149,#147,#11481,.T.);
#11479=LINE('',#146,#11482);
#11480=LINE('',#672,#11483);
#11481=LINE('',#148,#11484);
#11482=VECTOR('',#11485,1.0);
#11483=VECTOR('',#11486,1.0);
#11484=VECTOR('',#11487,1.0);
#11485=DIRECTION('',(0,0,-1));
#11486=DIRECTION('',(0.061604983974478535,0.025517480728914733,0.9977743653385538));
#11487=DIRECTION('',(-0.9238802702719372,-0.38268165124846537,0));
#11488=FACE_SURFACE('',(#11493),#11489,.T.);
#11489=PLANE('',#11490);
#11490=AXIS2_PLACEMENT_3D('',#148,#11491,#11492);
#11491=DIRECTION('',(0.3826816512484654,-0.9238802702719373,0));
#11492=DIRECTION('',(-0.061604983974478535,-0.025517480728914733,-0.9977743653385538));
#11493=FACE_BOUND('',#11494,.T.);
#11494=EDGE_LOOP('',(#11495,#11496,#11497));
#11495=ORIENTED_EDGE('',*,*,#11498,.T.);
#11496=ORIENTED_EDGE('',*,*,#11499,.T.);
#11497=ORIENTED_EDGE('',*,*,#11500,.T.);
#11498=EDGE_CURVE('',#149,#673,#11501,.F.);
#11499=EDGE_CURVE('',#673,#669,#11502,.T.);
#11500=EDGE_CURVE('',#669,#149,#11503,.T.);
#11501=LINE('',#148,#11504);
#11502=LINE('',#672,#11505);
#11503=LINE('',#668,#11506);
#11504=VECTOR('',#11507,1.0);
#11505=VECTOR('',#11508,1.0);
#11506=VECTOR('',#11509,1.0);
#11507=DIRECTION('',(-0.061604983974478535,-0.025517480728914733,-0.9977743653385538));
#11508=DIRECTION('',(0.9238802702719372,0.38268165124846537,0));
#11509=DIRECTION('',(0,0,1));
#11510=FACE_SURFACE('',(#11515),#11511,.T.);
#11511=PLANE('',#11512);
#11512=AXIS2_PLACEMENT_3D('',#148,#11513,#11514);
#11513=DIRECTION('',(0.13052944980762596,-0.9914444324988257,0));
#11514=DIRECTION('',(0,0,-1));
#11515=FACE_BOUND('',#11516,.T.);
#11516=EDGE_LOOP('',(#11517,#11518,#11519));
#11517=ORIENTED_EDGE('',*,*,#11520,.T.);
#11518=ORIENTED_EDGE('',*,*,#11521,.T.);
#11519=ORIENTED_EDGE('',*,*,#11522,.T.);
#11520=EDGE_CURVE('',#149,#669,#11523,.F.);
#11521=EDGE_CURVE('',#669,#259,#11524,.T.);
#11522=EDGE_CURVE('',#259,#149,#11525,.T.);
#11523=LINE('',#148,#11526);
#11524=LINE('',#668,#11527);
#11525=LINE('',#258,#11528);
#11526=VECTOR('',#11529,1.0);
#11527=VECTOR('',#11530,1.0);
#11528=VECTOR('',#11531,1.0);
#11529=DIRECTION('',(0,0,-1));
#11530=DIRECTION('',(0.06611013512179104,0.008703785387554147,0.9977743703634133));
#11531=DIRECTION('',(-0.9914444324988257,-0.13052944980762596,0));
#11532=FACE_SURFACE('',(#11537),#11533,.T.);
#11533=PLANE('',#11534);
#11534=AXIS2_PLACEMENT_3D('',#258,#11535,#11536);
#11535=DIRECTION('',(0.13052944980762596,-0.9914444324988257,0));
#11536=DIRECTION('',(-0.06611013512179104,-0.008703785387554147,-0.9977743703634133));
#11537=FACE_BOUND('',#11538,.T.);
#11538=EDGE_LOOP('',(#11539,#11540,#11541));
#11539=ORIENTED_EDGE('',*,*,#11542,.T.);
#11540=ORIENTED_EDGE('',*,*,#11543,.T.);
#11541=ORIENTED_EDGE('',*,*,#11544,.T.);
#11542=EDGE_CURVE('',#259,#669,#11545,.F.);
#11543=EDGE_CURVE('',#669,#665,#11546,.T.);
#11544=EDGE_CURVE('',#665,#259,#11547,.T.);
#11545=LINE('',#258,#11548);
#11546=LINE('',#668,#11549);
#11547=LINE('',#664,#11550);
#11548=VECTOR('',#11551,1.0);
#11549=VECTOR('',#11552,1.0);
#11550=VECTOR('',#11553,1.0);
#11551=DIRECTION('',(-0.06611013512179104,-0.008703785387554147,-0.9977743703634133));
#11552=DIRECTION('',(0.9914444324988257,0.13052944980762596,0));
#11553=DIRECTION('',(0,0,1));
#11554=FACE_SURFACE('',(#11559),#11555,.T.);
#11555=PLANE('',#11556);
#11556=AXIS2_PLACEMENT_3D('',#258,#11557,#11558);
#11557=DIRECTION('',(-0.13052944980762596,-0.9914444324988257,-0));
#11558=DIRECTION('',(0,0,-1));
#11559=FACE_BOUND('',#11560,.T.);
#11560=EDGE_LOOP('',(#11561,#11562,#11563));
#11561=ORIENTED_EDGE('',*,*,#11564,.T.);
#11562=ORIENTED_EDGE('',*,*,#11565,.T.);
#11563=ORIENTED_EDGE('',*,*,#11566,.T.);
#11564=EDGE_CURVE('',#259,#665,#11567,.F.);
#11565=EDGE_CURVE('',#665,#261,#11568,.T.);
#11566=EDGE_CURVE('',#261,#259,#11569,.T.);
#11567=LINE('',#258,#11570);
#11568=LINE('',#664,#11571);
#11569=LINE('',#260,#11572);
#11570=VECTOR('',#11573,1.0);
#11571=VECTOR('',#11574,1.0);
#11572=VECTOR('',#11575,1.0);
#11573=DIRECTION('',(0,0,-1));
#11574=DIRECTION('',(0.06611013512179104,-0.008703785387554147,0.9977743703634133));
#11575=DIRECTION('',(-0.9914444324988257,0.13052944980762596,0));
#11576=FACE_SURFACE('',(#11581),#11577,.T.);
#11577=PLANE('',#11578);
#11578=AXIS2_PLACEMENT_3D('',#260,#11579,#11580);
#11579=DIRECTION('',(-0.13052944980762596,-0.9914444324988257,-0));
#11580=DIRECTION('',(-0.06611013512179104,0.008703785387554147,-0.9977743703634133));
#11581=FACE_BOUND('',#11582,.T.);
#11582=EDGE_LOOP('',(#11583,#11584,#11585));
#11583=ORIENTED_EDGE('',*,*,#11586,.T.);
#11584=ORIENTED_EDGE('',*,*,#11587,.T.);
#11585=ORIENTED_EDGE('',*,*,#11588,.T.);
#11586=EDGE_CURVE('',#261,#665,#11589,.F.);
#11587=EDGE_CURVE('',#665,#661,#11590,.T.);
#11588=EDGE_CURVE('',#661,#261,#11591,.T.);
#11589=LINE('',#260,#11592);
#11590=LINE('',#664,#11593);
#11591=LINE('',#660,#11594);
#11592=VECTOR('',#11595,1.0);
#11593=VECTOR('',#11596,1.0);
#11594=VECTOR('',#11597,1.0);
#11595=DIRECTION('',(-0.06611013512179104,0.008703785387554147,-0.9977743703634133));
#11596=DIRECTION('',(0.9914444324988257,-0.13052944980762596,0));
#11597=DIRECTION('',(0,0,1));
#11598=FACE_SURFACE('',(#11603),#11599,.T.);
#11599=PLANE('',#11600);
#11600=AXIS2_PLACEMENT_3D('',#260,#11601,#11602);
#11601=DIRECTION('',(-0.3826816512484654,-0.9238802702719373,-0));
#11602=DIRECTION('',(0,0,-1));
#11603=FACE_BOUND('',#11604,.T.);
#11604=EDGE_LOOP('',(#11605,#11606,#11607));
#11605=ORIENTED_EDGE('',*,*,#11608,.T.);
#11606=ORIENTED_EDGE('',*,*,#11609,.T.);
#11607=ORIENTED_EDGE('',*,*,#11610,.T.);
#11608=EDGE_CURVE('',#261,#661,#11611,.F.);
#11609=EDGE_CURVE('',#661,#263,#11612,.T.);
#11610=EDGE_CURVE('',#263,#261,#11613,.T.);
#11611=LINE('',#260,#11614);
#11612=LINE('',#660,#11615);
#11613=LINE('',#262,#11616);
#11614=VECTOR('',#11617,1.0);
#11615=VECTOR('',#11618,1.0);
#11616=VECTOR('',#11619,1.0);
#11617=DIRECTION('',(0,0,-1));
#11618=DIRECTION('',(0.061604983974478535,-0.025517480728914733,0.9977743653385538));
#11619=DIRECTION('',(-0.9238802702719372,0.38268165124846537,0));
#11620=FACE_SURFACE('',(#11625),#11621,.T.);
#11621=PLANE('',#11622);
#11622=AXIS2_PLACEMENT_3D('',#262,#11623,#11624);
#11623=DIRECTION('',(-0.3826816512484654,-0.9238802702719373,-0));
#11624=DIRECTION('',(-0.061604983974478535,0.025517480728914733,-0.9977743653385538));
#11625=FACE_BOUND('',#11626,.T.);
#11626=EDGE_LOOP('',(#11627,#11628,#11629));
#11627=ORIENTED_EDGE('',*,*,#11630,.T.);
#11628=ORIENTED_EDGE('',*,*,#11631,.T.);
#11629=ORIENTED_EDGE('',*,*,#11632,.T.);
#11630=EDGE_CURVE('',#263,#661,#11633,.F.);
#11631=EDGE_CURVE('',#661,#657,#11634,.T.);
#11632=EDGE_CURVE('',#657,#263,#11635,.T.);
#11633=LINE('',#262,#11636);
#11634=LINE('',#660,#11637);
#11635=LINE('',#656,#11638);
#11636=VECTOR('',#11639,1.0);
#11637=VECTOR('',#11640,1.0);
#11638=VECTOR('',#11641,1.0);
#11639=DIRECTION('',(-0.061604983974478535,0.025517480728914733,-0.9977743653385538));
#11640=DIRECTION('',(0.9238802702719372,-0.38268165124846537,0));
#11641=DIRECTION('',(0,0,1));
#11642=FACE_SURFACE('',(#11647),#11643,.T.);
#11643=PLANE('',#11644);
#11644=AXIS2_PLACEMENT_3D('',#262,#11645,#11646);
#11645=DIRECTION('',(-0.6087627189097362,-0.793352350513708,-0));
#11646=DIRECTION('',(0,0,-1));
#11647=FACE_BOUND('',#11648,.T.);
#11648=EDGE_LOOP('',(#11649,#11650,#11651));
#11649=ORIENTED_EDGE('',*,*,#11652,.T.);
#11650=ORIENTED_EDGE('',*,*,#11653,.T.);
#11651=ORIENTED_EDGE('',*,*,#11654,.T.);
#11652=EDGE_CURVE('',#263,#657,#11655,.F.);
#11653=EDGE_CURVE('',#657,#265,#11656,.T.);
#11654=EDGE_CURVE('',#265,#263,#11657,.T.);
#11655=LINE('',#262,#11658);
#11656=LINE('',#656,#11659);
#11657=LINE('',#264,#11660);
#11658=VECTOR('',#11661,1.0);
#11659=VECTOR('',#11662,1.0);
#11660=VECTOR('',#11663,1.0);
#11661=DIRECTION('',(0,0,-1));
#11662=DIRECTION('',(0.05290119904055814,-0.040592654374393085,0.9977743730678356));
#11663=DIRECTION('',(-0.793352350513708,0.6087627189097362,0));
#11664=FACE_SURFACE('',(#11669),#11665,.T.);
#11665=PLANE('',#11666);
#11666=AXIS2_PLACEMENT_3D('',#264,#11667,#11668);
#11667=DIRECTION('',(-0.6087627189097362,-0.793352350513708,-0));
#11668=DIRECTION('',(-0.05290119904055814,0.040592654374393085,-0.9977743730678356));
#11669=FACE_BOUND('',#11670,.T.);
#11670=EDGE_LOOP('',(#11671,#11672,#11673));
#11671=ORIENTED_EDGE('',*,*,#11674,.T.);
#11672=ORIENTED_EDGE('',*,*,#11675,.T.);
#11673=ORIENTED_EDGE('',*,*,#11676,.T.);
#11674=EDGE_CURVE('',#265,#657,#11677,.F.);
#11675=EDGE_CURVE('',#657,#653,#11678,.T.);
#11676=EDGE_CURVE('',#653,#265,#11679,.T.);
#11677=LINE('',#264,#11680);
#11678=LINE('',#656,#11681);
#11679=LINE('',#652,#11682);
#11680=VECTOR('',#11683,1.0);
#11681=VECTOR('',#11684,1.0);
#11682=VECTOR('',#11685,1.0);
#11683=DIRECTION('',(-0.05290119904055814,0.040592654374393085,-0.9977743730678356));
#11684=DIRECTION('',(0.793352350513708,-0.6087627189097362,0));
#11685=DIRECTION('',(0,0,1));
#11686=FACE_SURFACE('',(#11691),#11687,.T.);
#11687=PLANE('',#11688);
#11688=AXIS2_PLACEMENT_3D('',#264,#11689,#11690);
#11689=DIRECTION('',(-0.7933523505136998,-0.608762718909747,-0));
#11690=DIRECTION('',(0,0,-1));
#11691=FACE_BOUND('',#11692,.T.);
#11692=EDGE_LOOP('',(#11693,#11694,#11695));
#11693=ORIENTED_EDGE('',*,*,#11696,.T.);
#11694=ORIENTED_EDGE('',*,*,#11697,.T.);
#11695=ORIENTED_EDGE('',*,*,#11698,.T.);
#11696=EDGE_CURVE('',#265,#653,#11699,.F.);
#11697=EDGE_CURVE('',#653,#267,#11700,.T.);
#11698=EDGE_CURVE('',#267,#265,#11701,.T.);
#11699=LINE('',#264,#11702);
#11700=LINE('',#652,#11703);
#11701=LINE('',#266,#11704);
#11702=VECTOR('',#11705,1.0);
#11703=VECTOR('',#11706,1.0);
#11704=VECTOR('',#11707,1.0);
#11705=DIRECTION('',(0,0,-1));
#11706=DIRECTION('',(0.040592654374394216,-0.05290119904055814,0.9977743730678356));
#11707=DIRECTION('',(-0.608762718909747,0.7933523505136998,0));
#11708=FACE_SURFACE('',(#11713),#11709,.T.);
#11709=PLANE('',#11710);
#11710=AXIS2_PLACEMENT_3D('',#266,#11711,#11712);
#11711=DIRECTION('',(-0.7933523505136998,-0.608762718909747,-0));
#11712=DIRECTION('',(-0.040592654374394216,0.05290119904055814,-0.9977743730678356));
#11713=FACE_BOUND('',#11714,.T.);
#11714=EDGE_LOOP('',(#11715,#11716,#11717));
#11715=ORIENTED_EDGE('',*,*,#11718,.T.);
#11716=ORIENTED_EDGE('',*,*,#11719,.T.);
#11717=ORIENTED_EDGE('',*,*,#11720,.T.);
#11718=EDGE_CURVE('',#267,#653,#11721,.F.);
#11719=EDGE_CURVE('',#653,#649,#11722,.T.);
#11720=EDGE_CURVE('',#649,#267,#11723,.T.);
#11721=LINE('',#266,#11724);
#11722=LINE('',#652,#11725);
#11723=LINE('',#648,#11726);
#11724=VECTOR('',#11727,1.0);
#11725=VECTOR('',#11728,1.0);
#11726=VECTOR('',#11729,1.0);
#11727=DIRECTION('',(-0.040592654374394216,0.05290119904055814,-0.9977743730678356));
#11728=DIRECTION('',(0.608762718909747,-0.7933523505136998,0));
#11729=DIRECTION('',(0,0,1));
#11730=FACE_SURFACE('',(#11735),#11731,.T.);
#11731=PLANE('',#11732);
#11732=AXIS2_PLACEMENT_3D('',#266,#11733,#11734);
#11733=DIRECTION('',(-0.9238802702719445,-0.3826816512484479,-0));
#11734=DIRECTION('',(0,0,-1));
#11735=FACE_BOUND('',#11736,.T.);
#11736=EDGE_LOOP('',(#11737,#11738,#11739));
#11737=ORIENTED_EDGE('',*,*,#11740,.T.);
#11738=ORIENTED_EDGE('',*,*,#11741,.T.);
#11739=ORIENTED_EDGE('',*,*,#11742,.T.);
#11740=EDGE_CURVE('',#267,#649,#11743,.F.);
#11741=EDGE_CURVE('',#649,#269,#11744,.T.);
#11742=EDGE_CURVE('',#269,#267,#11745,.T.);
#11743=LINE('',#266,#11746);
#11744=LINE('',#648,#11747);
#11745=LINE('',#268,#11748);
#11746=VECTOR('',#11749,1.0);
#11747=VECTOR('',#11750,1.0);
#11748=VECTOR('',#11751,1.0);
#11749=DIRECTION('',(0,0,-1));
#11750=DIRECTION('',(0.025517480728913598,-0.0616049839744791,0.9977743653385538));
#11751=DIRECTION('',(-0.3826816512484479,0.9238802702719445,0));
#11752=FACE_SURFACE('',(#11757),#11753,.T.);
#11753=PLANE('',#11754);
#11754=AXIS2_PLACEMENT_3D('',#268,#11755,#11756);
#11755=DIRECTION('',(-0.9238802702719445,-0.3826816512484479,-0));
#11756=DIRECTION('',(-0.025517480728913598,0.0616049839744791,-0.9977743653385538));
#11757=FACE_BOUND('',#11758,.T.);
#11758=EDGE_LOOP('',(#11759,#11760,#11761));
#11759=ORIENTED_EDGE('',*,*,#11762,.T.);
#11760=ORIENTED_EDGE('',*,*,#11763,.T.);
#11761=ORIENTED_EDGE('',*,*,#11764,.T.);
#11762=EDGE_CURVE('',#269,#649,#11765,.F.);
#11763=EDGE_CURVE('',#649,#645,#11766,.T.);
#11764=EDGE_CURVE('',#645,#269,#11767,.T.);
#11765=LINE('',#268,#11768);
#11766=LINE('',#648,#11769);
#11767=LINE('',#644,#11770);
#11768=VECTOR('',#11771,1.0);
#11769=VECTOR('',#11772,1.0);
#11770=VECTOR('',#11773,1.0);
#11771=DIRECTION('',(-0.025517480728913598,0.0616049839744791,-0.9977743653385538));
#11772=DIRECTION('',(0.3826816512484479,-0.9238802702719445,0));
#11773=DIRECTION('',(0,0,1));
#11774=FACE_SURFACE('',(#11779),#11775,.T.);
#11775=PLANE('',#11776);
#11776=AXIS2_PLACEMENT_3D('',#268,#11777,#11778);
#11777=DIRECTION('',(-0.9914444324988245,-0.1305294498076343,-0));
#11778=DIRECTION('',(0,0,-1));
#11779=FACE_BOUND('',#11780,.T.);
#11780=EDGE_LOOP('',(#11781,#11782,#11783));
#11781=ORIENTED_EDGE('',*,*,#11784,.T.);
#11782=ORIENTED_EDGE('',*,*,#11785,.T.);
#11783=ORIENTED_EDGE('',*,*,#11786,.T.);
#11784=EDGE_CURVE('',#269,#645,#11787,.F.);
#11785=EDGE_CURVE('',#645,#271,#11788,.T.);
#11786=EDGE_CURVE('',#271,#269,#11789,.T.);
#11787=LINE('',#268,#11790);
#11788=LINE('',#644,#11791);
#11789=LINE('',#270,#11792);
#11790=VECTOR('',#11793,1.0);
#11791=VECTOR('',#11794,1.0);
#11792=VECTOR('',#11795,1.0);
#11793=DIRECTION('',(0,0,-1));
#11794=DIRECTION('',(0.008703785387554714,-0.06611013512179104,0.9977743703634133));
#11795=DIRECTION('',(-0.1305294498076343,0.9914444324988245,0));
#11796=FACE_SURFACE('',(#11801),#11797,.T.);
#11797=PLANE('',#11798);
#11798=AXIS2_PLACEMENT_3D('',#270,#11799,#11800);
#11799=DIRECTION('',(-0.9914444324988245,-0.1305294498076343,-0));
#11800=DIRECTION('',(-0.008703785387554714,0.06611013512179104,-0.9977743703634133));
#11801=FACE_BOUND('',#11802,.T.);
#11802=EDGE_LOOP('',(#11803,#11804,#11805));
#11803=ORIENTED_EDGE('',*,*,#11806,.T.);
#11804=ORIENTED_EDGE('',*,*,#11807,.T.);
#11805=ORIENTED_EDGE('',*,*,#11808,.T.);
#11806=EDGE_CURVE('',#271,#645,#11809,.F.);
#11807=EDGE_CURVE('',#645,#641,#11810,.T.);
#11808=EDGE_CURVE('',#641,#271,#11811,.T.);
#11809=LINE('',#270,#11812);
#11810=LINE('',#644,#11813);
#11811=LINE('',#640,#11814);
#11812=VECTOR('',#11815,1.0);
#11813=VECTOR('',#11816,1.0);
#11814=VECTOR('',#11817,1.0);
#11815=DIRECTION('',(-0.008703785387554714,0.06611013512179104,-0.9977743703634133));
#11816=DIRECTION('',(0.1305294498076343,-0.9914444324988245,0));
#11817=DIRECTION('',(0,0,1));
#11818=FACE_SURFACE('',(#11823),#11819,.T.);
#11819=PLANE('',#11820);
#11820=AXIS2_PLACEMENT_3D('',#270,#11821,#11822);
#11821=DIRECTION('',(-0.9914444324988245,0.1305294498076343,0));
#11822=DIRECTION('',(0,0,-1));
#11823=FACE_BOUND('',#11824,.T.);
#11824=EDGE_LOOP('',(#11825,#11826,#11827));
#11825=ORIENTED_EDGE('',*,*,#11828,.T.);
#11826=ORIENTED_EDGE('',*,*,#11829,.T.);
#11827=ORIENTED_EDGE('',*,*,#11830,.T.);
#11828=EDGE_CURVE('',#271,#641,#11831,.F.);
#11829=EDGE_CURVE('',#641,#273,#11832,.T.);
#11830=EDGE_CURVE('',#273,#271,#11833,.T.);
#11831=LINE('',#270,#11834);
#11832=LINE('',#640,#11835);
#11833=LINE('',#272,#11836);
#11834=VECTOR('',#11837,1.0);
#11835=VECTOR('',#11838,1.0);
#11836=VECTOR('',#11839,1.0);
#11837=DIRECTION('',(0,0,-1));
#11838=DIRECTION('',(-0.008703785387554714,-0.06611013512179104,0.9977743703634133));
#11839=DIRECTION('',(0.1305294498076343,0.9914444324988245,0));
#11840=FACE_SURFACE('',(#11845),#11841,.T.);
#11841=PLANE('',#11842);
#11842=AXIS2_PLACEMENT_3D('',#272,#11843,#11844);
#11843=DIRECTION('',(-0.9914444324988245,0.1305294498076343,0));
#11844=DIRECTION('',(0.008703785387554714,0.06611013512179104,-0.9977743703634133));
#11845=FACE_BOUND('',#11846,.T.);
#11846=EDGE_LOOP('',(#11847,#11848,#11849));
#11847=ORIENTED_EDGE('',*,*,#11850,.T.);
#11848=ORIENTED_EDGE('',*,*,#11851,.T.);
#11849=ORIENTED_EDGE('',*,*,#11852,.T.);
#11850=EDGE_CURVE('',#273,#641,#11853,.F.);
#11851=EDGE_CURVE('',#641,#637,#11854,.T.);
#11852=EDGE_CURVE('',#637,#273,#11855,.T.);
#11853=LINE('',#272,#11856);
#11854=LINE('',#640,#11857);
#11855=LINE('',#636,#11858);
#11856=VECTOR('',#11859,1.0);
#11857=VECTOR('',#11860,1.0);
#11858=VECTOR('',#11861,1.0);
#11859=DIRECTION('',(0.008703785387554714,0.06611013512179104,-0.9977743703634133));
#11860=DIRECTION('',(-0.1305294498076343,-0.9914444324988245,0));
#11861=DIRECTION('',(0,0,1));
#11862=FACE_SURFACE('',(#11867),#11863,.T.);
#11863=PLANE('',#11864);
#11864=AXIS2_PLACEMENT_3D('',#272,#11865,#11866);
#11865=DIRECTION('',(-0.9238802702719445,0.3826816512484479,0));
#11866=DIRECTION('',(0,0,-1));
#11867=FACE_BOUND('',#11868,.T.);
#11868=EDGE_LOOP('',(#11869,#11870,#11871));
#11869=ORIENTED_EDGE('',*,*,#11872,.T.);
#11870=ORIENTED_EDGE('',*,*,#11873,.T.);
#11871=ORIENTED_EDGE('',*,*,#11874,.T.);
#11872=EDGE_CURVE('',#273,#637,#11875,.F.);
#11873=EDGE_CURVE('',#637,#275,#11876,.T.);
#11874=EDGE_CURVE('',#275,#273,#11877,.T.);
#11875=LINE('',#272,#11878);
#11876=LINE('',#636,#11879);
#11877=LINE('',#274,#11880);
#11878=VECTOR('',#11881,1.0);
#11879=VECTOR('',#11882,1.0);
#11880=VECTOR('',#11883,1.0);
#11881=DIRECTION('',(0,0,-1));
#11882=DIRECTION('',(-0.025517480728913598,-0.0616049839744791,0.9977743653385538));
#11883=DIRECTION('',(0.3826816512484479,0.9238802702719445,0));
#11884=FACE_SURFACE('',(#11889),#11885,.T.);
#11885=PLANE('',#11886);
#11886=AXIS2_PLACEMENT_3D('',#274,#11887,#11888);
#11887=DIRECTION('',(-0.9238802702719445,0.3826816512484479,0));
#11888=DIRECTION('',(0.025517480728913598,0.0616049839744791,-0.9977743653385538));
#11889=FACE_BOUND('',#11890,.T.);
#11890=EDGE_LOOP('',(#11891,#11892,#11893));
#11891=ORIENTED_EDGE('',*,*,#11894,.T.);
#11892=ORIENTED_EDGE('',*,*,#11895,.T.);
#11893=ORIENTED_EDGE('',*,*,#11896,.T.);
#11894=EDGE_CURVE('',#275,#637,#11897,.F.);
#11895=EDGE_CURVE('',#637,#633,#11898,.T.);
#11896=EDGE_CURVE('',#633,#275,#11899,.T.);
#11897=LINE('',#274,#11900);
#11898=LINE('',#636,#11901);
#11899=LINE('',#632,#11902);
#11900=VECTOR('',#11903,1.0);
#11901=VECTOR('',#11904,1.0);
#11902=VECTOR('',#11905,1.0);
#11903=DIRECTION('',(0.025517480728913598,0.0616049839744791,-0.9977743653385538));
#11904=DIRECTION('',(-0.3826816512484479,-0.9238802702719445,0));
#11905=DIRECTION('',(0,0,1));
#11906=FACE_SURFACE('',(#11911),#11907,.T.);
#11907=PLANE('',#11908);
#11908=AXIS2_PLACEMENT_3D('',#274,#11909,#11910);
#11909=DIRECTION('',(-0.7933523505136998,0.608762718909747,0));
#11910=DIRECTION('',(0,0,-1));
#11911=FACE_BOUND('',#11912,.T.);
#11912=EDGE_LOOP('',(#11913,#11914,#11915));
#11913=ORIENTED_EDGE('',*,*,#11916,.T.);
#11914=ORIENTED_EDGE('',*,*,#11917,.T.);
#11915=ORIENTED_EDGE('',*,*,#11918,.T.);
#11916=EDGE_CURVE('',#275,#633,#11919,.F.);
#11917=EDGE_CURVE('',#633,#173,#11920,.T.);
#11918=EDGE_CURVE('',#173,#275,#11921,.T.);
#11919=LINE('',#274,#11922);
#11920=LINE('',#632,#11923);
#11921=LINE('',#172,#11924);
#11922=VECTOR('',#11925,1.0);
#11923=VECTOR('',#11926,1.0);
#11924=VECTOR('',#11927,1.0);
#11925=DIRECTION('',(0,0,-1));
#11926=DIRECTION('',(-0.040592654374394216,-0.05290119904055814,0.9977743730678356));
#11927=DIRECTION('',(0.608762718909747,0.7933523505136998,0));
#11928=FACE_SURFACE('',(#11933),#11929,.T.);
#11929=PLANE('',#11930);
#11930=AXIS2_PLACEMENT_3D('',#172,#11931,#11932);
#11931=DIRECTION('',(-0.7933523505136998,0.608762718909747,0));
#11932=DIRECTION('',(0.040592654374394216,0.05290119904055814,-0.9977743730678356));
#11933=FACE_BOUND('',#11934,.T.);
#11934=EDGE_LOOP('',(#11935,#11936,#11937));
#11935=ORIENTED_EDGE('',*,*,#11938,.T.);
#11936=ORIENTED_EDGE('',*,*,#11939,.T.);
#11937=ORIENTED_EDGE('',*,*,#11940,.T.);
#11938=EDGE_CURVE('',#173,#633,#11941,.F.);
#11939=EDGE_CURVE('',#633,#629,#11942,.T.);
#11940=EDGE_CURVE('',#629,#173,#11943,.T.);
#11941=LINE('',#172,#11944);
#11942=LINE('',#632,#11945);
#11943=LINE('',#628,#11946);
#11944=VECTOR('',#11947,1.0);
#11945=VECTOR('',#11948,1.0);
#11946=VECTOR('',#11949,1.0);
#11947=DIRECTION('',(0.040592654374394216,0.05290119904055814,-0.9977743730678356));
#11948=DIRECTION('',(-0.608762718909747,-0.7933523505136998,0));
#11949=DIRECTION('',(0,0,1));
#11950=FACE_SURFACE('',(#11955),#11951,.T.);
#11951=PLANE('',#11952);
#11952=AXIS2_PLACEMENT_3D('',#172,#11953,#11954);
#11953=DIRECTION('',(-0.6087627189097362,0.793352350513708,0));
#11954=DIRECTION('',(0,0,-1));
#11955=FACE_BOUND('',#11956,.T.);
#11956=EDGE_LOOP('',(#11957,#11958,#11959));
#11957=ORIENTED_EDGE('',*,*,#11960,.T.);
#11958=ORIENTED_EDGE('',*,*,#11961,.T.);
#11959=ORIENTED_EDGE('',*,*,#11962,.T.);
#11960=EDGE_CURVE('',#173,#629,#11963,.F.);
#11961=EDGE_CURVE('',#629,#169,#11964,.T.);
#11962=EDGE_CURVE('',#169,#173,#11965,.T.);
#11963=LINE('',#172,#11966);
#11964=LINE('',#628,#11967);
#11965=LINE('',#168,#11968);
#11966=VECTOR('',#11969,1.0);
#11967=VECTOR('',#11970,1.0);
#11968=VECTOR('',#11971,1.0);
#11969=DIRECTION('',(0,0,-1));
#11970=DIRECTION('',(-0.05290119904055814,-0.040592654374393085,0.9977743730678356));
#11971=DIRECTION('',(0.793352350513708,0.6087627189097362,0));
#11972=FACE_SURFACE('',(#11977),#11973,.T.);
#11973=PLANE('',#11974);
#11974=AXIS2_PLACEMENT_3D('',#168,#11975,#11976);
#11975=DIRECTION('',(-0.6087627189097362,0.793352350513708,0));
#11976=DIRECTION('',(0.05290119904055814,0.040592654374393085,-0.9977743730678356));
#11977=FACE_BOUND('',#11978,.T.);
#11978=EDGE_LOOP('',(#11979,#11980,#11981));
#11979=ORIENTED_EDGE('',*,*,#11982,.T.);
#11980=ORIENTED_EDGE('',*,*,#11983,.T.);
#11981=ORIENTED_EDGE('',*,*,#11984,.T.);
#11982=EDGE_CURVE('',#169,#629,#11985,.F.);
#11983=EDGE_CURVE('',#629,#625,#11986,.T.);
#11984=EDGE_CURVE('',#625,#169,#11987,.T.);
#11985=LINE('',#168,#11988);
#11986=LINE('',#628,#11989);
#11987=LINE('',#624,#11990);
#11988=VECTOR('',#11991,1.0);
#11989=VECTOR('',#11992,1.0);
#11990=VECTOR('',#11993,1.0);
#11991=DIRECTION('',(0.05290119904055814,0.040592654374393085,-0.9977743730678356));
#11992=DIRECTION('',(-0.793352350513708,-0.6087627189097362,0));
#11993=DIRECTION('',(0,0,1));
#11994=FACE_SURFACE('',(#11999),#11995,.T.);
#11995=PLANE('',#11996);
#11996=AXIS2_PLACEMENT_3D('',#168,#11997,#11998);
#11997=DIRECTION('',(-0.3826816512484654,0.9238802702719373,0));
#11998=DIRECTION('',(0,0,-1));
#11999=FACE_BOUND('',#12000,.T.);
#12000=EDGE_LOOP('',(#12001,#12002,#12003));
#12001=ORIENTED_EDGE('',*,*,#12004,.T.);
#12002=ORIENTED_EDGE('',*,*,#12005,.T.);
#12003=ORIENTED_EDGE('',*,*,#12006,.T.);
#12004=EDGE_CURVE('',#169,#625,#12007,.F.);
#12005=EDGE_CURVE('',#625,#165,#12008,.T.);
#12006=EDGE_CURVE('',#165,#169,#12009,.T.);
#12007=LINE('',#168,#12010);
#12008=LINE('',#624,#12011);
#12009=LINE('',#164,#12012);
#12010=VECTOR('',#12013,1.0);
#12011=VECTOR('',#12014,1.0);
#12012=VECTOR('',#12015,1.0);
#12013=DIRECTION('',(0,0,-1));
#12014=DIRECTION('',(-0.061604983974478535,-0.025517480728914733,0.9977743653385538));
#12015=DIRECTION('',(0.9238802702719372,0.38268165124846537,0));
#12016=FACE_SURFACE('',(#12021),#12017,.T.);
#12017=PLANE('',#12018);
#12018=AXIS2_PLACEMENT_3D('',#164,#12019,#12020);
#12019=DIRECTION('',(-0.3826816512484654,0.9238802702719373,0));
#12020=DIRECTION('',(0.061604983974478535,0.025517480728914733,-0.9977743653385538));
#12021=FACE_BOUND('',#12022,.T.);
#12022=EDGE_LOOP('',(#12023,#12024,#12025));
#12023=ORIENTED_EDGE('',*,*,#12026,.T.);
#12024=ORIENTED_EDGE('',*,*,#12027,.T.);
#12025=ORIENTED_EDGE('',*,*,#12028,.T.);
#12026=EDGE_CURVE('',#165,#625,#12029,.F.);
#12027=EDGE_CURVE('',#625,#621,#12030,.T.);
#12028=EDGE_CURVE('',#621,#165,#12031,.T.);
#12029=LINE('',#164,#12032);
#12030=LINE('',#624,#12033);
#12031=LINE('',#620,#12034);
#12032=VECTOR('',#12035,1.0);
#12033=VECTOR('',#12036,1.0);
#12034=VECTOR('',#12037,1.0);
#12035=DIRECTION('',(0.061604983974478535,0.025517480728914733,-0.9977743653385538));
#12036=DIRECTION('',(-0.9238802702719372,-0.38268165124846537,0));
#12037=DIRECTION('',(0,0,1));
#12038=FACE_SURFACE('',(#12043),#12039,.T.);
#12039=PLANE('',#12040);
#12040=AXIS2_PLACEMENT_3D('',#164,#12041,#12042);
#12041=DIRECTION('',(-0.13052944980762596,0.9914444324988257,0));
#12042=DIRECTION('',(0,0,-1));
#12043=FACE_BOUND('',#12044,.T.);
#12044=EDGE_LOOP('',(#12045,#12046,#12047));
#12045=ORIENTED_EDGE('',*,*,#12048,.T.);
#12046=ORIENTED_EDGE('',*,*,#12049,.T.);
#12047=ORIENTED_EDGE('',*,*,#12050,.T.);
#12048=EDGE_CURVE('',#165,#621,#12051,.F.);
#12049=EDGE_CURVE('',#621,#159,#12052,.T.);
#12050=EDGE_CURVE('',#159,#165,#12053,.T.);
#12051=LINE('',#164,#12054);
#12052=LINE('',#620,#12055);
#12053=LINE('',#158,#12056);
#12054=VECTOR('',#12057,1.0);
#12055=VECTOR('',#12058,1.0);
#12056=VECTOR('',#12059,1.0);
#12057=DIRECTION('',(0,0,-1));
#12058=DIRECTION('',(-0.06611013512179104,-0.008703785387554147,0.9977743703634133));
#12059=DIRECTION('',(0.9914444324988257,0.13052944980762596,0));
#12060=FACE_SURFACE('',(#12065),#12061,.T.);
#12061=PLANE('',#12062);
#12062=AXIS2_PLACEMENT_3D('',#158,#12063,#12064);
#12063=DIRECTION('',(-0.13052944980762596,0.9914444324988257,0));
#12064=DIRECTION('',(0.06611013512179104,0.008703785387554147,-0.9977743703634133));
#12065=FACE_BOUND('',#12066,.T.);
#12066=EDGE_LOOP('',(#12067,#12068,#12069));
#12067=ORIENTED_EDGE('',*,*,#12070,.T.);
#12068=ORIENTED_EDGE('',*,*,#12071,.T.);
#12069=ORIENTED_EDGE('',*,*,#12072,.T.);
#12070=EDGE_CURVE('',#159,#621,#12073,.F.);
#12071=EDGE_CURVE('',#621,#617,#12074,.T.);
#12072=EDGE_CURVE('',#617,#159,#12075,.T.);
#12073=LINE('',#158,#12076);
#12074=LINE('',#620,#12077);
#12075=LINE('',#616,#12078);
#12076=VECTOR('',#12079,1.0);
#12077=VECTOR('',#12080,1.0);
#12078=VECTOR('',#12081,1.0);
#12079=DIRECTION('',(0.06611013512179104,0.008703785387554147,-0.9977743703634133));
#12080=DIRECTION('',(-0.9914444324988257,-0.13052944980762596,0));
#12081=DIRECTION('',(0,0,1));
#12082=FACE_SURFACE('',(#12087),#12083,.T.);
#12083=PLANE('',#12084);
#12084=AXIS2_PLACEMENT_3D('',#158,#12085,#12086);
#12085=DIRECTION('',(0.13052944980762596,0.9914444324988257,0));
#12086=DIRECTION('',(0,0,-1));
#12087=FACE_BOUND('',#12088,.T.);
#12088=EDGE_LOOP('',(#12089,#12090,#12091));
#12089=ORIENTED_EDGE('',*,*,#12092,.T.);
#12090=ORIENTED_EDGE('',*,*,#12093,.T.);
#12091=ORIENTED_EDGE('',*,*,#12094,.T.);
#12092=EDGE_CURVE('',#159,#617,#12095,.F.);
#12093=EDGE_CURVE('',#617,#155,#12096,.T.);
#12094=EDGE_CURVE('',#155,#159,#12097,.T.);
#12095=LINE('',#158,#12098);
#12096=LINE('',#616,#12099);
#12097=LINE('',#154,#12100);
#12098=VECTOR('',#12101,1.0);
#12099=VECTOR('',#12102,1.0);
#12100=VECTOR('',#12103,1.0);
#12101=DIRECTION('',(0,0,-1));
#12102=DIRECTION('',(-0.06611013512179104,0.008703785387554147,0.9977743703634133));
#12103=DIRECTION('',(0.9914444324988257,-0.13052944980762596,0));
#12104=FACE_SURFACE('',(#12109),#12105,.T.);
#12105=PLANE('',#12106);
#12106=AXIS2_PLACEMENT_3D('',#154,#12107,#12108);
#12107=DIRECTION('',(0.13052944980762596,0.9914444324988257,0));
#12108=DIRECTION('',(0.06611013512179104,-0.008703785387554147,-0.9977743703634133));
#12109=FACE_BOUND('',#12110,.T.);
#12110=EDGE_LOOP('',(#12111,#12112,#12113));
#12111=ORIENTED_EDGE('',*,*,#12114,.T.);
#12112=ORIENTED_EDGE('',*,*,#12115,.T.);
#12113=ORIENTED_EDGE('',*,*,#12116,.T.);
#12114=EDGE_CURVE('',#155,#617,#12117,.F.);
#12115=EDGE_CURVE('',#617,#613,#12118,.T.);
#12116=EDGE_CURVE('',#613,#155,#12119,.T.);
#12117=LINE('',#154,#12120);
#12118=LINE('',#616,#12121);
#12119=LINE('',#612,#12122);
#12120=VECTOR('',#12123,1.0);
#12121=VECTOR('',#12124,1.0);
#12122=VECTOR('',#12125,1.0);
#12123=DIRECTION('',(0.06611013512179104,-0.008703785387554147,-0.9977743703634133));
#12124=DIRECTION('',(-0.9914444324988257,0.13052944980762596,0));
#12125=DIRECTION('',(0,0,1));
#12126=FACE_SURFACE('',(#12131),#12127,.T.);
#12127=PLANE('',#12128);
#12128=AXIS2_PLACEMENT_3D('',#154,#12129,#12130);
#12129=DIRECTION('',(0.3826816512484654,0.9238802702719373,0));
#12130=DIRECTION('',(0,0,-1));
#12131=FACE_BOUND('',#12132,.T.);
#12132=EDGE_LOOP('',(#12133,#12134,#12135));
#12133=ORIENTED_EDGE('',*,*,#12136,.T.);
#12134=ORIENTED_EDGE('',*,*,#12137,.T.);
#12135=ORIENTED_EDGE('',*,*,#12138,.T.);
#12136=EDGE_CURVE('',#155,#613,#12139,.F.);
#12137=EDGE_CURVE('',#613,#151,#12140,.T.);
#12138=EDGE_CURVE('',#151,#155,#12141,.T.);
#12139=LINE('',#154,#12142);
#12140=LINE('',#612,#12143);
#12141=LINE('',#150,#12144);
#12142=VECTOR('',#12145,1.0);
#12143=VECTOR('',#12146,1.0);
#12144=VECTOR('',#12147,1.0);
#12145=DIRECTION('',(0,0,-1));
#12146=DIRECTION('',(-0.061604983974478535,0.025517480728914733,0.9977743653385538));
#12147=DIRECTION('',(0.9238802702719372,-0.38268165124846537,0));
#12148=FACE_SURFACE('',(#12153),#12149,.T.);
#12149=PLANE('',#12150);
#12150=AXIS2_PLACEMENT_3D('',#150,#12151,#12152);
#12151=DIRECTION('',(0.3826816512484654,0.9238802702719373,0));
#12152=DIRECTION('',(0.061604983974478535,-0.025517480728914733,-0.9977743653385538));
#12153=FACE_BOUND('',#12154,.T.);
#12154=EDGE_LOOP('',(#12155,#12156,#12157));
#12155=ORIENTED_EDGE('',*,*,#12158,.T.);
#12156=ORIENTED_EDGE('',*,*,#12159,.T.);
#12157=ORIENTED_EDGE('',*,*,#12160,.T.);
#12158=EDGE_CURVE('',#151,#613,#12161,.F.);
#12159=EDGE_CURVE('',#613,#609,#12162,.T.);
#12160=EDGE_CURVE('',#609,#151,#12163,.T.);
#12161=LINE('',#150,#12164);
#12162=LINE('',#612,#12165);
#12163=LINE('',#608,#12166);
#12164=VECTOR('',#12167,1.0);
#12165=VECTOR('',#12168,1.0);
#12166=VECTOR('',#12169,1.0);
#12167=DIRECTION('',(0.061604983974478535,-0.025517480728914733,-0.9977743653385538));
#12168=DIRECTION('',(-0.9238802702719372,0.38268165124846537,0));
#12169=DIRECTION('',(0,0,1));
#12170=FACE_SURFACE('',(#12175),#12171,.T.);
#12171=PLANE('',#12172);
#12172=AXIS2_PLACEMENT_3D('',#150,#12173,#12174);
#12173=DIRECTION('',(0.6087627189097362,0.793352350513708,0));
#12174=DIRECTION('',(0,0,-1));
#12175=FACE_BOUND('',#12176,.T.);
#12176=EDGE_LOOP('',(#12177,#12178,#12179));
#12177=ORIENTED_EDGE('',*,*,#12180,.T.);
#12178=ORIENTED_EDGE('',*,*,#12181,.T.);
#12179=ORIENTED_EDGE('',*,*,#12182,.T.);
#12180=EDGE_CURVE('',#151,#609,#12183,.F.);
#12181=EDGE_CURVE('',#609,#117,#12184,.T.);
#12182=EDGE_CURVE('',#117,#151,#12185,.T.);
#12183=LINE('',#150,#12186);
#12184=LINE('',#608,#12187);
#12185=LINE('',#116,#12188);
#12186=VECTOR('',#12189,1.0);
#12187=VECTOR('',#12190,1.0);
#12188=VECTOR('',#12191,1.0);
#12189=DIRECTION('',(0,0,-1));
#12190=DIRECTION('',(-0.05290119904055814,0.040592654374393085,0.9977743730678356));
#12191=DIRECTION('',(0.793352350513708,-0.6087627189097362,0));
#12192=FACE_SURFACE('',(#12197),#12193,.T.);
#12193=PLANE('',#12194);
#12194=AXIS2_PLACEMENT_3D('',#116,#12195,#12196);
#12195=DIRECTION('',(0.6087627189097362,0.793352350513708,0));
#12196=DIRECTION('',(0.05290119904055814,-0.040592654374393085,-0.9977743730678356));
#12197=FACE_BOUND('',#12198,.T.);
#12198=EDGE_LOOP('',(#12199,#12200,#12201));
#12199=ORIENTED_EDGE('',*,*,#12202,.T.);
#12200=ORIENTED_EDGE('',*,*,#12203,.T.);
#12201=ORIENTED_EDGE('',*,*,#12204,.T.);
#12202=EDGE_CURVE('',#117,#609,#12205,.F.);
#12203=EDGE_CURVE('',#609,#605,#12206,.T.);
#12204=EDGE_CURVE('',#605,#117,#12207,.T.);
#12205=LINE('',#116,#12208);
#12206=LINE('',#608,#12209);
#12207=LINE('',#604,#12210);
#12208=VECTOR('',#12211,1.0);
#12209=VECTOR('',#12212,1.0);
#12210=VECTOR('',#12213,1.0);
#12211=DIRECTION('',(0.05290119904055814,-0.040592654374393085,-0.9977743730678356));
#12212=DIRECTION('',(-0.793352350513708,0.6087627189097362,0));
#12213=DIRECTION('',(0,0,1));
#12214=FACE_SURFACE('',(#12219),#12215,.T.);
#12215=PLANE('',#12216);
#12216=AXIS2_PLACEMENT_3D('',#116,#12217,#12218);
#12217=DIRECTION('',(0.7933523505136998,0.608762718909747,0));
#12218=DIRECTION('',(0,0,-1));
#12219=FACE_BOUND('',#12220,.T.);
#12220=EDGE_LOOP('',(#12221,#12222,#12223));
#12221=ORIENTED_EDGE('',*,*,#12224,.T.);
#12222=ORIENTED_EDGE('',*,*,#12225,.T.);
#12223=ORIENTED_EDGE('',*,*,#12226,.T.);
#12224=EDGE_CURVE('',#117,#605,#12227,.F.);
#12225=EDGE_CURVE('',#605,#121,#12228,.T.);
#12226=EDGE_CURVE('',#121,#117,#12229,.T.);
#12227=LINE('',#116,#12230);
#12228=LINE('',#604,#12231);
#12229=LINE('',#120,#12232);
#12230=VECTOR('',#12233,1.0);
#12231=VECTOR('',#12234,1.0);
#12232=VECTOR('',#12235,1.0);
#12233=DIRECTION('',(0,0,-1));
#12234=DIRECTION('',(-0.040592654374394216,0.05290119904055814,0.9977743730678356));
#12235=DIRECTION('',(0.608762718909747,-0.7933523505136998,0));
#12236=FACE_SURFACE('',(#12241),#12237,.T.);
#12237=PLANE('',#12238);
#12238=AXIS2_PLACEMENT_3D('',#120,#12239,#12240);
#12239=DIRECTION('',(0.7933523505136998,0.608762718909747,0));
#12240=DIRECTION('',(0.040592654374394216,-0.05290119904055814,-0.9977743730678356));
#12241=FACE_BOUND('',#12242,.T.);
#12242=EDGE_LOOP('',(#12243,#12244,#12245));
#12243=ORIENTED_EDGE('',*,*,#12246,.T.);
#12244=ORIENTED_EDGE('',*,*,#12247,.T.);
#12245=ORIENTED_EDGE('',*,*,#12248,.T.);
#12246=EDGE_CURVE('',#121,#605,#12249,.F.);
#12247=EDGE_CURVE('',#605,#601,#12250,.T.);
#12248=EDGE_CURVE('',#601,#121,#12251,.T.);
#12249=LINE('',#120,#12252);
#12250=LINE('',#604,#12253);
#12251=LINE('',#600,#12254);
#12252=VECTOR('',#12255,1.0);
#12253=VECTOR('',#12256,1.0);
#12254=VECTOR('',#12257,1.0);
#12255=DIRECTION('',(0.040592654374394216,-0.05290119904055814,-0.9977743730678356));
#12256=DIRECTION('',(-0.608762718909747,0.7933523505136998,0));
#12257=DIRECTION('',(0,0,1));
#12258=FACE_SURFACE('',(#12263),#12259,.T.);
#12259=PLANE('',#12260);
#12260=AXIS2_PLACEMENT_3D('',#120,#12261,#12262);
#12261=DIRECTION('',(0.9238802702719445,0.3826816512484479,0));
#12262=DIRECTION('',(0,0,-1));
#12263=FACE_BOUND('',#12264,.T.);
#12264=EDGE_LOOP('',(#12265,#12266,#12267));
#12265=ORIENTED_EDGE('',*,*,#12268,.T.);
#12266=ORIENTED_EDGE('',*,*,#12269,.T.);
#12267=ORIENTED_EDGE('',*,*,#12270,.T.);
#12268=EDGE_CURVE('',#121,#601,#12271,.F.);
#12269=EDGE_CURVE('',#601,#125,#12272,.T.);
#12270=EDGE_CURVE('',#125,#121,#12273,.T.);
#12271=LINE('',#120,#12274);
#12272=LINE('',#600,#12275);
#12273=LINE('',#124,#12276);
#12274=VECTOR('',#12277,1.0);
#12275=VECTOR('',#12278,1.0);
#12276=VECTOR('',#12279,1.0);
#12277=DIRECTION('',(0,0,-1));
#12278=DIRECTION('',(-0.025517480728913598,0.0616049839744791,0.9977743653385538));
#12279=DIRECTION('',(0.3826816512484479,-0.9238802702719445,0));
#12280=FACE_SURFACE('',(#12285),#12281,.T.);
#12281=PLANE('',#12282);
#12282=AXIS2_PLACEMENT_3D('',#124,#12283,#12284);
#12283=DIRECTION('',(0.9238802702719445,0.3826816512484479,0));
#12284=DIRECTION('',(0.025517480728913598,-0.0616049839744791,-0.9977743653385538));
#12285=FACE_BOUND('',#12286,.T.);
#12286=EDGE_LOOP('',(#12287,#12288,#12289));
#12287=ORIENTED_EDGE('',*,*,#12290,.T.);
#12288=ORIENTED_EDGE('',*,*,#12291,.T.);
#12289=ORIENTED_EDGE('',*,*,#12292,.T.);
#12290=EDGE_CURVE('',#125,#601,#12293,.F.);
#12291=EDGE_CURVE('',#601,#597,#12294,.T.);
#12292=EDGE_CURVE('',#597,#125,#12295,.T.);
#12293=LINE('',#124,#12296);
#12294=LINE('',#600,#12297);
#12295=LINE('',#596,#12298);
#12296=VECTOR('',#12299,1.0);
#12297=VECTOR('',#12300,1.0);
#12298=VECTOR('',#12301,1.0);
#12299=DIRECTION('',(0.025517480728913598,-0.0616049839744791,-0.9977743653385538));
#12300=DIRECTION('',(-0.3826816512484479,0.9238802702719445,0));
#12301=DIRECTION('',(0,0,1));
#12302=FACE_SURFACE('',(#12307),#12303,.T.);
#12303=PLANE('',#12304);
#12304=AXIS2_PLACEMENT_3D('',#682,#12305,#12306);
#12305=DIRECTION('',(0.9914444324988245,-0.1305294498076343,0));
#12306=DIRECTION('',(0,0,1));
#12307=FACE_BOUND('',#12308,.T.);
#12308=EDGE_LOOP('',(#12309,#12310,#12311));
#12309=ORIENTED_EDGE('',*,*,#12312,.T.);
#12310=ORIENTED_EDGE('',*,*,#12313,.T.);
#12311=ORIENTED_EDGE('',*,*,#12314,.T.);
#12312=EDGE_CURVE('',#683,#685,#12315,.F.);
#12313=EDGE_CURVE('',#685,#687,#12316,.T.);
#12314=EDGE_CURVE('',#687,#683,#12317,.T.);
#12315=LINE('',#682,#12318);
#12316=LINE('',#684,#12319);
#12317=LINE('',#686,#12320);
#12318=VECTOR('',#12321,1.0);
#12319=VECTOR('',#12322,1.0);
#12320=VECTOR('',#12323,1.0);
#12321=DIRECTION('',(0,0,1));
#12322=DIRECTION('',(-0.008703785387554714,-0.06611013512179104,-0.9977743703634133));
#12323=DIRECTION('',(0.1305294498076343,0.9914444324988245,0));
#12324=FACE_SURFACE('',(#12329),#12325,.T.);
#12325=PLANE('',#12326);
#12326=AXIS2_PLACEMENT_3D('',#686,#12327,#12328);
#12327=DIRECTION('',(0.9914444324988245,-0.1305294498076343,0));
#12328=DIRECTION('',(0.008703785387554714,0.06611013512179104,0.9977743703634133));
#12329=FACE_BOUND('',#12330,.T.);
#12330=EDGE_LOOP('',(#12331,#12332,#12333));
#12331=ORIENTED_EDGE('',*,*,#12334,.T.);
#12332=ORIENTED_EDGE('',*,*,#12335,.T.);
#12333=ORIENTED_EDGE('',*,*,#12336,.T.);
#12334=EDGE_CURVE('',#687,#685,#12337,.F.);
#12335=EDGE_CURVE('',#685,#689,#12338,.T.);
#12336=EDGE_CURVE('',#689,#687,#12339,.T.);
#12337=LINE('',#686,#12340);
#12338=LINE('',#684,#12341);
#12339=LINE('',#688,#12342);
#12340=VECTOR('',#12343,1.0);
#12341=VECTOR('',#12344,1.0);
#12342=VECTOR('',#12345,1.0);
#12343=DIRECTION('',(0.008703785387554714,0.06611013512179104,0.9977743703634133));
#12344=DIRECTION('',(-0.1305294498076343,-0.9914444324988245,0));
#12345=DIRECTION('',(0,0,-1));
#12346=FACE_SURFACE('',(#12351),#12347,.T.);
#12347=PLANE('',#12348);
#12348=AXIS2_PLACEMENT_3D('',#686,#12349,#12350);
#12349=DIRECTION('',(0.9914444324988245,0.1305294498076343,-0));
#12350=DIRECTION('',(0,0,1));
#12351=FACE_BOUND('',#12352,.T.);
#12352=EDGE_LOOP('',(#12353,#12354,#12355));
#12353=ORIENTED_EDGE('',*,*,#12356,.T.);
#12354=ORIENTED_EDGE('',*,*,#12357,.T.);
#12355=ORIENTED_EDGE('',*,*,#12358,.T.);
#12356=EDGE_CURVE('',#687,#689,#12359,.F.);
#12357=EDGE_CURVE('',#689,#691,#12360,.T.);
#12358=EDGE_CURVE('',#691,#687,#12361,.T.);
#12359=LINE('',#686,#12362);
#12360=LINE('',#688,#12363);
#12361=LINE('',#690,#12364);
#12362=VECTOR('',#12365,1.0);
#12363=VECTOR('',#12366,1.0);
#12364=VECTOR('',#12367,1.0);
#12365=DIRECTION('',(0,0,1));
#12366=DIRECTION('',(0.008703785387554714,-0.06611013512179104,-0.9977743703634133));
#12367=DIRECTION('',(-0.1305294498076343,0.9914444324988245,0));
#12368=FACE_SURFACE('',(#12373),#12369,.T.);
#12369=PLANE('',#12370);
#12370=AXIS2_PLACEMENT_3D('',#690,#12371,#12372);
#12371=DIRECTION('',(0.9914444324988245,0.1305294498076343,-0));
#12372=DIRECTION('',(-0.008703785387554714,0.06611013512179104,0.9977743703634133));
#12373=FACE_BOUND('',#12374,.T.);
#12374=EDGE_LOOP('',(#12375,#12376,#12377));
#12375=ORIENTED_EDGE('',*,*,#12378,.T.);
#12376=ORIENTED_EDGE('',*,*,#12379,.T.);
#12377=ORIENTED_EDGE('',*,*,#12380,.T.);
#12378=EDGE_CURVE('',#691,#689,#12381,.F.);
#12379=EDGE_CURVE('',#689,#693,#12382,.T.);
#12380=EDGE_CURVE('',#693,#691,#12383,.T.);
#12381=LINE('',#690,#12384);
#12382=LINE('',#688,#12385);
#12383=LINE('',#692,#12386);
#12384=VECTOR('',#12387,1.0);
#12385=VECTOR('',#12388,1.0);
#12386=VECTOR('',#12389,1.0);
#12387=DIRECTION('',(-0.008703785387554714,0.06611013512179104,0.9977743703634133));
#12388=DIRECTION('',(0.1305294498076343,-0.9914444324988245,0));
#12389=DIRECTION('',(0,0,-1));
#12390=FACE_SURFACE('',(#12395),#12391,.T.);
#12391=PLANE('',#12392);
#12392=AXIS2_PLACEMENT_3D('',#690,#12393,#12394);
#12393=DIRECTION('',(0.9238802702719445,0.3826816512484479,-0));
#12394=DIRECTION('',(0,0,1));
#12395=FACE_BOUND('',#12396,.T.);
#12396=EDGE_LOOP('',(#12397,#12398,#12399));
#12397=ORIENTED_EDGE('',*,*,#12400,.T.);
#12398=ORIENTED_EDGE('',*,*,#12401,.T.);
#12399=ORIENTED_EDGE('',*,*,#12402,.T.);
#12400=EDGE_CURVE('',#691,#693,#12403,.F.);
#12401=EDGE_CURVE('',#693,#695,#12404,.T.);
#12402=EDGE_CURVE('',#695,#691,#12405,.T.);
#12403=LINE('',#690,#12406);
#12404=LINE('',#692,#12407);
#12405=LINE('',#694,#12408);
#12406=VECTOR('',#12409,1.0);
#12407=VECTOR('',#12410,1.0);
#12408=VECTOR('',#12411,1.0);
#12409=DIRECTION('',(0,0,1));
#12410=DIRECTION('',(0.025517480728913598,-0.0616049839744791,-0.9977743653385538));
#12411=DIRECTION('',(-0.3826816512484479,0.9238802702719445,0));
#12412=FACE_SURFACE('',(#12417),#12413,.T.);
#12413=PLANE('',#12414);
#12414=AXIS2_PLACEMENT_3D('',#694,#12415,#12416);
#12415=DIRECTION('',(0.9238802702719445,0.3826816512484479,-0));
#12416=DIRECTION('',(-0.025517480728913598,0.0616049839744791,0.9977743653385538));
#12417=FACE_BOUND('',#12418,.T.);
#12418=EDGE_LOOP('',(#12419,#12420,#12421));
#12419=ORIENTED_EDGE('',*,*,#12422,.T.);
#12420=ORIENTED_EDGE('',*,*,#12423,.T.);
#12421=ORIENTED_EDGE('',*,*,#12424,.T.);
#12422=EDGE_CURVE('',#695,#693,#12425,.F.);
#12423=EDGE_CURVE('',#693,#697,#12426,.T.);
#12424=EDGE_CURVE('',#697,#695,#12427,.T.);
#12425=LINE('',#694,#12428);
#12426=LINE('',#692,#12429);
#12427=LINE('',#696,#12430);
#12428=VECTOR('',#12431,1.0);
#12429=VECTOR('',#12432,1.0);
#12430=VECTOR('',#12433,1.0);
#12431=DIRECTION('',(-0.025517480728913598,0.0616049839744791,0.9977743653385538));
#12432=DIRECTION('',(0.3826816512484479,-0.9238802702719445,0));
#12433=DIRECTION('',(0,0,-1));
#12434=FACE_SURFACE('',(#12439),#12435,.T.);
#12435=PLANE('',#12436);
#12436=AXIS2_PLACEMENT_3D('',#694,#12437,#12438);
#12437=DIRECTION('',(0.7933523505136998,0.608762718909747,-0));
#12438=DIRECTION('',(0,0,1));
#12439=FACE_BOUND('',#12440,.T.);
#12440=EDGE_LOOP('',(#12441,#12442,#12443));
#12441=ORIENTED_EDGE('',*,*,#12444,.T.);
#12442=ORIENTED_EDGE('',*,*,#12445,.T.);
#12443=ORIENTED_EDGE('',*,*,#12446,.T.);
#12444=EDGE_CURVE('',#695,#697,#12447,.F.);
#12445=EDGE_CURVE('',#697,#699,#12448,.T.);
#12446=EDGE_CURVE('',#699,#695,#12449,.T.);
#12447=LINE('',#694,#12450);
#12448=LINE('',#696,#12451);
#12449=LINE('',#698,#12452);
#12450=VECTOR('',#12453,1.0);
#12451=VECTOR('',#12454,1.0);
#12452=VECTOR('',#12455,1.0);
#12453=DIRECTION('',(0,0,1));
#12454=DIRECTION('',(0.040592654374394216,-0.05290119904055814,-0.9977743730678356));
#12455=DIRECTION('',(-0.608762718909747,0.7933523505136998,0));
#12456=FACE_SURFACE('',(#12461),#12457,.T.);
#12457=PLANE('',#12458);
#12458=AXIS2_PLACEMENT_3D('',#698,#12459,#12460);
#12459=DIRECTION('',(0.7933523505136998,0.608762718909747,-0));
#12460=DIRECTION('',(-0.040592654374394216,0.05290119904055814,0.9977743730678356));
#12461=FACE_BOUND('',#12462,.T.);
#12462=EDGE_LOOP('',(#12463,#12464,#12465));
#12463=ORIENTED_EDGE('',*,*,#12466,.T.);
#12464=ORIENTED_EDGE('',*,*,#12467,.T.);
#12465=ORIENTED_EDGE('',*,*,#12468,.T.);
#12466=EDGE_CURVE('',#699,#697,#12469,.F.);
#12467=EDGE_CURVE('',#697,#701,#12470,.T.);
#12468=EDGE_CURVE('',#701,#699,#12471,.T.);
#12469=LINE('',#698,#12472);
#12470=LINE('',#696,#12473);
#12471=LINE('',#700,#12474);
#12472=VECTOR('',#12475,1.0);
#12473=VECTOR('',#12476,1.0);
#12474=VECTOR('',#12477,1.0);
#12475=DIRECTION('',(-0.040592654374394216,0.05290119904055814,0.9977743730678356));
#12476=DIRECTION('',(0.608762718909747,-0.7933523505136998,0));
#12477=DIRECTION('',(0,0,-1));
#12478=FACE_SURFACE('',(#12483),#12479,.T.);
#12479=PLANE('',#12480);
#12480=AXIS2_PLACEMENT_3D('',#698,#12481,#12482);
#12481=DIRECTION('',(0.6087627189097362,0.793352350513708,-0));
#12482=DIRECTION('',(0,0,1));
#12483=FACE_BOUND('',#12484,.T.);
#12484=EDGE_LOOP('',(#12485,#12486,#12487));
#12485=ORIENTED_EDGE('',*,*,#12488,.T.);
#12486=ORIENTED_EDGE('',*,*,#12489,.T.);
#12487=ORIENTED_EDGE('',*,*,#12490,.T.);
#12488=EDGE_CURVE('',#699,#701,#12491,.F.);
#12489=EDGE_CURVE('',#701,#703,#12492,.T.);
#12490=EDGE_CURVE('',#703,#699,#12493,.T.);
#12491=LINE('',#698,#12494);
#12492=LINE('',#700,#12495);
#12493=LINE('',#702,#12496);
#12494=VECTOR('',#12497,1.0);
#12495=VECTOR('',#12498,1.0);
#12496=VECTOR('',#12499,1.0);
#12497=DIRECTION('',(0,0,1));
#12498=DIRECTION('',(0.05290119904055814,-0.040592654374393085,-0.9977743730678356));
#12499=DIRECTION('',(-0.793352350513708,0.6087627189097362,0));
#12500=FACE_SURFACE('',(#12505),#12501,.T.);
#12501=PLANE('',#12502);
#12502=AXIS2_PLACEMENT_3D('',#702,#12503,#12504);
#12503=DIRECTION('',(0.6087627189097362,0.793352350513708,-0));
#12504=DIRECTION('',(-0.05290119904055814,0.040592654374393085,0.9977743730678356));
#12505=FACE_BOUND('',#12506,.T.);
#12506=EDGE_LOOP('',(#12507,#12508,#12509));
#12507=ORIENTED_EDGE('',*,*,#12510,.T.);
#12508=ORIENTED_EDGE('',*,*,#12511,.T.);
#12509=ORIENTED_EDGE('',*,*,#12512,.T.);
#12510=EDGE_CURVE('',#703,#701,#12513,.F.);
#12511=EDGE_CURVE('',#701,#705,#12514,.T.);
#12512=EDGE_CURVE('',#705,#703,#12515,.T.);
#12513=LINE('',#702,#12516);
#12514=LINE('',#700,#12517);
#12515=LINE('',#704,#12518);
#12516=VECTOR('',#12519,1.0);
#12517=VECTOR('',#12520,1.0);
#12518=VECTOR('',#12521,1.0);
#12519=DIRECTION('',(-0.05290119904055814,0.040592654374393085,0.9977743730678356));
#12520=DIRECTION('',(0.793352350513708,-0.6087627189097362,0));
#12521=DIRECTION('',(0,0,-1));
#12522=FACE_SURFACE('',(#12527),#12523,.T.);
#12523=PLANE('',#12524);
#12524=AXIS2_PLACEMENT_3D('',#702,#12525,#12526);
#12525=DIRECTION('',(0.3826816512484654,0.9238802702719373,-0));
#12526=DIRECTION('',(0,0,1));
#12527=FACE_BOUND('',#12528,.T.);
#12528=EDGE_LOOP('',(#12529,#12530,#12531));
#12529=ORIENTED_EDGE('',*,*,#12532,.T.);
#12530=ORIENTED_EDGE('',*,*,#12533,.T.);
#12531=ORIENTED_EDGE('',*,*,#12534,.T.);
#12532=EDGE_CURVE('',#703,#705,#12535,.F.);
#12533=EDGE_CURVE('',#705,#707,#12536,.T.);
#12534=EDGE_CURVE('',#707,#703,#12537,.T.);
#12535=LINE('',#702,#12538);
#12536=LINE('',#704,#12539);
#12537=LINE('',#706,#12540);
#12538=VECTOR('',#12541,1.0);
#12539=VECTOR('',#12542,1.0);
#12540=VECTOR('',#12543,1.0);
#12541=DIRECTION('',(0,0,1));
#12542=DIRECTION('',(0.061604983974478535,-0.025517480728914733,-0.9977743653385538));
#12543=DIRECTION('',(-0.9238802702719372,0.38268165124846537,0));
#12544=FACE_SURFACE('',(#12549),#12545,.T.);
#12545=PLANE('',#12546);
#12546=AXIS2_PLACEMENT_3D('',#706,#12547,#12548);
#12547=DIRECTION('',(0.3826816512484654,0.9238802702719373,-0));
#12548=DIRECTION('',(-0.061604983974478535,0.025517480728914733,0.9977743653385538));
#12549=FACE_BOUND('',#12550,.T.);
#12550=EDGE_LOOP('',(#12551,#12552,#12553));
#12551=ORIENTED_EDGE('',*,*,#12554,.T.);
#12552=ORIENTED_EDGE('',*,*,#12555,.T.);
#12553=ORIENTED_EDGE('',*,*,#12556,.T.);
#12554=EDGE_CURVE('',#707,#705,#12557,.F.);
#12555=EDGE_CURVE('',#705,#709,#12558,.T.);
#12556=EDGE_CURVE('',#709,#707,#12559,.T.);
#12557=LINE('',#706,#12560);
#12558=LINE('',#704,#12561);
#12559=LINE('',#708,#12562);
#12560=VECTOR('',#12563,1.0);
#12561=VECTOR('',#12564,1.0);
#12562=VECTOR('',#12565,1.0);
#12563=DIRECTION('',(-0.061604983974478535,0.025517480728914733,0.9977743653385538));
#12564=DIRECTION('',(0.9238802702719372,-0.38268165124846537,0));
#12565=DIRECTION('',(0,0,-1));
#12566=FACE_SURFACE('',(#12571),#12567,.T.);
#12567=PLANE('',#12568);
#12568=AXIS2_PLACEMENT_3D('',#706,#12569,#12570);
#12569=DIRECTION('',(0.13052944980762596,0.9914444324988257,-0));
#12570=DIRECTION('',(0,0,1));
#12571=FACE_BOUND('',#12572,.T.);
#12572=EDGE_LOOP('',(#12573,#12574,#12575));
#12573=ORIENTED_EDGE('',*,*,#12576,.T.);
#12574=ORIENTED_EDGE('',*,*,#12577,.T.);
#12575=ORIENTED_EDGE('',*,*,#12578,.T.);
#12576=EDGE_CURVE('',#707,#709,#12579,.F.);
#12577=EDGE_CURVE('',#709,#711,#12580,.T.);
#12578=EDGE_CURVE('',#711,#707,#12581,.T.);
#12579=LINE('',#706,#12582);
#12580=LINE('',#708,#12583);
#12581=LINE('',#710,#12584);
#12582=VECTOR('',#12585,1.0);
#12583=VECTOR('',#12586,1.0);
#12584=VECTOR('',#12587,1.0);
#12585=DIRECTION('',(0,0,1));
#12586=DIRECTION('',(0.06611013512179104,-0.008703785387554147,-0.9977743703634133));
#12587=DIRECTION('',(-0.9914444324988257,0.13052944980762596,0));
#12588=FACE_SURFACE('',(#12593),#12589,.T.);
#12589=PLANE('',#12590);
#12590=AXIS2_PLACEMENT_3D('',#710,#12591,#12592);
#12591=DIRECTION('',(0.13052944980762596,0.9914444324988257,-0));
#12592=DIRECTION('',(-0.06611013512179104,0.008703785387554147,0.9977743703634133));
#12593=FACE_BOUND('',#12594,.T.);
#12594=EDGE_LOOP('',(#12595,#12596,#12597));
#12595=ORIENTED_EDGE('',*,*,#12598,.T.);
#12596=ORIENTED_EDGE('',*,*,#12599,.T.);
#12597=ORIENTED_EDGE('',*,*,#12600,.T.);
#12598=EDGE_CURVE('',#711,#709,#12601,.F.);
#12599=EDGE_CURVE('',#709,#713,#12602,.T.);
#12600=EDGE_CURVE('',#713,#711,#12603,.T.);
#12601=LINE('',#710,#12604);
#12602=LINE('',#708,#12605);
#12603=LINE('',#712,#12606);
#12604=VECTOR('',#12607,1.0);
#12605=VECTOR('',#12608,1.0);
#12606=VECTOR('',#12609,1.0);
#12607=DIRECTION('',(-0.06611013512179104,0.008703785387554147,0.9977743703634133));
#12608=DIRECTION('',(0.9914444324988257,-0.13052944980762596,0));
#12609=DIRECTION('',(0,0,-1));
#12610=FACE_SURFACE('',(#12615),#12611,.T.);
#12611=PLANE('',#12612);
#12612=AXIS2_PLACEMENT_3D('',#710,#12613,#12614);
#12613=DIRECTION('',(-0.13052944980762596,0.9914444324988257,0));
#12614=DIRECTION('',(0,0,1));
#12615=FACE_BOUND('',#12616,.T.);
#12616=EDGE_LOOP('',(#12617,#12618,#12619));
#12617=ORIENTED_EDGE('',*,*,#12620,.T.);
#12618=ORIENTED_EDGE('',*,*,#12621,.T.);
#12619=ORIENTED_EDGE('',*,*,#12622,.T.);
#12620=EDGE_CURVE('',#711,#713,#12623,.F.);
#12621=EDGE_CURVE('',#713,#715,#12624,.T.);
#12622=EDGE_CURVE('',#715,#711,#12625,.T.);
#12623=LINE('',#710,#12626);
#12624=LINE('',#712,#12627);
#12625=LINE('',#714,#12628);
#12626=VECTOR('',#12629,1.0);
#12627=VECTOR('',#12630,1.0);
#12628=VECTOR('',#12631,1.0);
#12629=DIRECTION('',(0,0,1));
#12630=DIRECTION('',(0.06611013512179104,0.008703785387554147,-0.9977743703634133));
#12631=DIRECTION('',(-0.9914444324988257,-0.13052944980762596,0));
#12632=FACE_SURFACE('',(#12637),#12633,.T.);
#12633=PLANE('',#12634);
#12634=AXIS2_PLACEMENT_3D('',#714,#12635,#12636);
#12635=DIRECTION('',(-0.13052944980762596,0.9914444324988257,0));
#12636=DIRECTION('',(-0.06611013512179104,-0.008703785387554147,0.9977743703634133));
#12637=FACE_BOUND('',#12638,.T.);
#12638=EDGE_LOOP('',(#12639,#12640,#12641));
#12639=ORIENTED_EDGE('',*,*,#12642,.T.);
#12640=ORIENTED_EDGE('',*,*,#12643,.T.);
#12641=ORIENTED_EDGE('',*,*,#12644,.T.);
#12642=EDGE_CURVE('',#715,#713,#12645,.F.);
#12643=EDGE_CURVE('',#713,#717,#12646,.T.);
#12644=EDGE_CURVE('',#717,#715,#12647,.T.);
#12645=LINE('',#714,#12648);
#12646=LINE('',#712,#12649);
#12647=LINE('',#716,#12650);
#12648=VECTOR('',#12651,1.0);
#12649=VECTOR('',#12652,1.0);
#12650=VECTOR('',#12653,1.0);
#12651=DIRECTION('',(-0.06611013512179104,-0.008703785387554147,0.9977743703634133));
#12652=DIRECTION('',(0.9914444324988257,0.13052944980762596,0));
#12653=DIRECTION('',(0,0,-1));
#12654=FACE_SURFACE('',(#12659),#12655,.T.);
#12655=PLANE('',#12656);
#12656=AXIS2_PLACEMENT_3D('',#714,#12657,#12658);
#12657=DIRECTION('',(-0.3826816512484654,0.9238802702719373,0));
#12658=DIRECTION('',(0,0,1));
#12659=FACE_BOUND('',#12660,.T.);
#12660=EDGE_LOOP('',(#12661,#12662,#12663));
#12661=ORIENTED_EDGE('',*,*,#12664,.T.);
#12662=ORIENTED_EDGE('',*,*,#12665,.T.);
#12663=ORIENTED_EDGE('',*,*,#12666,.T.);
#12664=EDGE_CURVE('',#715,#717,#12667,.F.);
#12665=EDGE_CURVE('',#717,#719,#12668,.T.);
#12666=EDGE_CURVE('',#719,#715,#12669,.T.);
#12667=LINE('',#714,#12670);
#12668=LINE('',#716,#12671);
#12669=LINE('',#718,#12672);
#12670=VECTOR('',#12673,1.0);
#12671=VECTOR('',#12674,1.0);
#12672=VECTOR('',#12675,1.0);
#12673=DIRECTION('',(0,0,1));
#12674=DIRECTION('',(0.061604983974478535,0.025517480728914733,-0.9977743653385538));
#12675=DIRECTION('',(-0.9238802702719372,-0.38268165124846537,0));
#12676=FACE_SURFACE('',(#12681),#12677,.T.);
#12677=PLANE('',#12678);
#12678=AXIS2_PLACEMENT_3D('',#718,#12679,#12680);
#12679=DIRECTION('',(-0.3826816512484654,0.9238802702719373,0));
#12680=DIRECTION('',(-0.061604983974478535,-0.025517480728914733,0.9977743653385538));
#12681=FACE_BOUND('',#12682,.T.);
#12682=EDGE_LOOP('',(#12683,#12684,#12685));
#12683=ORIENTED_EDGE('',*,*,#12686,.T.);
#12684=ORIENTED_EDGE('',*,*,#12687,.T.);
#12685=ORIENTED_EDGE('',*,*,#12688,.T.);
#12686=EDGE_CURVE('',#719,#717,#12689,.F.);
#12687=EDGE_CURVE('',#717,#721,#12690,.T.);
#12688=EDGE_CURVE('',#721,#719,#12691,.T.);
#12689=LINE('',#718,#12692);
#12690=LINE('',#716,#12693);
#12691=LINE('',#720,#12694);
#12692=VECTOR('',#12695,1.0);
#12693=VECTOR('',#12696,1.0);
#12694=VECTOR('',#12697,1.0);
#12695=DIRECTION('',(-0.061604983974478535,-0.025517480728914733,0.9977743653385538));
#12696=DIRECTION('',(0.9238802702719372,0.38268165124846537,0));
#12697=DIRECTION('',(0,0,-1));
#12698=FACE_SURFACE('',(#12703),#12699,.T.);
#12699=PLANE('',#12700);
#12700=AXIS2_PLACEMENT_3D('',#718,#12701,#12702);
#12701=DIRECTION('',(-0.6087627189097362,0.793352350513708,0));
#12702=DIRECTION('',(0,0,1));
#12703=FACE_BOUND('',#12704,.T.);
#12704=EDGE_LOOP('',(#12705,#12706,#12707));
#12705=ORIENTED_EDGE('',*,*,#12708,.T.);
#12706=ORIENTED_EDGE('',*,*,#12709,.T.);
#12707=ORIENTED_EDGE('',*,*,#12710,.T.);
#12708=EDGE_CURVE('',#719,#721,#12711,.F.);
#12709=EDGE_CURVE('',#721,#723,#12712,.T.);
#12710=EDGE_CURVE('',#723,#719,#12713,.T.);
#12711=LINE('',#718,#12714);
#12712=LINE('',#720,#12715);
#12713=LINE('',#722,#12716);
#12714=VECTOR('',#12717,1.0);
#12715=VECTOR('',#12718,1.0);
#12716=VECTOR('',#12719,1.0);
#12717=DIRECTION('',(0,0,1));
#12718=DIRECTION('',(0.05290119904055814,0.040592654374393085,-0.9977743730678356));
#12719=DIRECTION('',(-0.793352350513708,-0.6087627189097362,0));
#12720=FACE_SURFACE('',(#12725),#12721,.T.);
#12721=PLANE('',#12722);
#12722=AXIS2_PLACEMENT_3D('',#722,#12723,#12724);
#12723=DIRECTION('',(-0.6087627189097362,0.793352350513708,0));
#12724=DIRECTION('',(-0.05290119904055814,-0.040592654374393085,0.9977743730678356));
#12725=FACE_BOUND('',#12726,.T.);
#12726=EDGE_LOOP('',(#12727,#12728,#12729));
#12727=ORIENTED_EDGE('',*,*,#12730,.T.);
#12728=ORIENTED_EDGE('',*,*,#12731,.T.);
#12729=ORIENTED_EDGE('',*,*,#12732,.T.);
#12730=EDGE_CURVE('',#723,#721,#12733,.F.);
#12731=EDGE_CURVE('',#721,#725,#12734,.T.);
#12732=EDGE_CURVE('',#725,#723,#12735,.T.);
#12733=LINE('',#722,#12736);
#12734=LINE('',#720,#12737);
#12735=LINE('',#724,#12738);
#12736=VECTOR('',#12739,1.0);
#12737=VECTOR('',#12740,1.0);
#12738=VECTOR('',#12741,1.0);
#12739=DIRECTION('',(-0.05290119904055814,-0.040592654374393085,0.9977743730678356));
#12740=DIRECTION('',(0.793352350513708,0.6087627189097362,0));
#12741=DIRECTION('',(0,0,-1));
#12742=FACE_SURFACE('',(#12747),#12743,.T.);
#12743=PLANE('',#12744);
#12744=AXIS2_PLACEMENT_3D('',#722,#12745,#12746);
#12745=DIRECTION('',(-0.7933523505136998,0.608762718909747,0));
#12746=DIRECTION('',(0,0,1));
#12747=FACE_BOUND('',#12748,.T.);
#12748=EDGE_LOOP('',(#12749,#12750,#12751));
#12749=ORIENTED_EDGE('',*,*,#12752,.T.);
#12750=ORIENTED_EDGE('',*,*,#12753,.T.);
#12751=ORIENTED_EDGE('',*,*,#12754,.T.);
#12752=EDGE_CURVE('',#723,#725,#12755,.F.);
#12753=EDGE_CURVE('',#725,#727,#12756,.T.);
#12754=EDGE_CURVE('',#727,#723,#12757,.T.);
#12755=LINE('',#722,#12758);
#12756=LINE('',#724,#12759);
#12757=LINE('',#726,#12760);
#12758=VECTOR('',#12761,1.0);
#12759=VECTOR('',#12762,1.0);
#12760=VECTOR('',#12763,1.0);
#12761=DIRECTION('',(0,0,1));
#12762=DIRECTION('',(0.040592654374394216,0.05290119904055814,-0.9977743730678356));
#12763=DIRECTION('',(-0.608762718909747,-0.7933523505136998,0));
#12764=FACE_SURFACE('',(#12769),#12765,.T.);
#12765=PLANE('',#12766);
#12766=AXIS2_PLACEMENT_3D('',#726,#12767,#12768);
#12767=DIRECTION('',(-0.7933523505136998,0.608762718909747,0));
#12768=DIRECTION('',(-0.040592654374394216,-0.05290119904055814,0.9977743730678356));
#12769=FACE_BOUND('',#12770,.T.);
#12770=EDGE_LOOP('',(#12771,#12772,#12773));
#12771=ORIENTED_EDGE('',*,*,#12774,.T.);
#12772=ORIENTED_EDGE('',*,*,#12775,.T.);
#12773=ORIENTED_EDGE('',*,*,#12776,.T.);
#12774=EDGE_CURVE('',#727,#725,#12777,.F.);
#12775=EDGE_CURVE('',#725,#729,#12778,.T.);
#12776=EDGE_CURVE('',#729,#727,#12779,.T.);
#12777=LINE('',#726,#12780);
#12778=LINE('',#724,#12781);
#12779=LINE('',#728,#12782);
#12780=VECTOR('',#12783,1.0);
#12781=VECTOR('',#12784,1.0);
#12782=VECTOR('',#12785,1.0);
#12783=DIRECTION('',(-0.040592654374394216,-0.05290119904055814,0.9977743730678356));
#12784=DIRECTION('',(0.608762718909747,0.7933523505136998,0));
#12785=DIRECTION('',(0,0,-1));
#12786=FACE_SURFACE('',(#12791),#12787,.T.);
#12787=PLANE('',#12788);
#12788=AXIS2_PLACEMENT_3D('',#726,#12789,#12790);
#12789=DIRECTION('',(-0.9238802702719445,0.3826816512484479,0));
#12790=DIRECTION('',(0,0,1));
#12791=FACE_BOUND('',#12792,.T.);
#12792=EDGE_LOOP('',(#12793,#12794,#12795));
#12793=ORIENTED_EDGE('',*,*,#12796,.T.);
#12794=ORIENTED_EDGE('',*,*,#12797,.T.);
#12795=ORIENTED_EDGE('',*,*,#12798,.T.);
#12796=EDGE_CURVE('',#727,#729,#12799,.F.);
#12797=EDGE_CURVE('',#729,#731,#12800,.T.);
#12798=EDGE_CURVE('',#731,#727,#12801,.T.);
#12799=LINE('',#726,#12802);
#12800=LINE('',#728,#12803);
#12801=LINE('',#730,#12804);
#12802=VECTOR('',#12805,1.0);
#12803=VECTOR('',#12806,1.0);
#12804=VECTOR('',#12807,1.0);
#12805=DIRECTION('',(0,0,1));
#12806=DIRECTION('',(0.025517480728913598,0.0616049839744791,-0.9977743653385538));
#12807=DIRECTION('',(-0.3826816512484479,-0.9238802702719445,0));
#12808=FACE_SURFACE('',(#12813),#12809,.T.);
#12809=PLANE('',#12810);
#12810=AXIS2_PLACEMENT_3D('',#730,#12811,#12812);
#12811=DIRECTION('',(-0.9238802702719445,0.3826816512484479,0));
#12812=DIRECTION('',(-0.025517480728913598,-0.0616049839744791,0.9977743653385538));
#12813=FACE_BOUND('',#12814,.T.);
#12814=EDGE_LOOP('',(#12815,#12816,#12817));
#12815=ORIENTED_EDGE('',*,*,#12818,.T.);
#12816=ORIENTED_EDGE('',*,*,#12819,.T.);
#12817=ORIENTED_EDGE('',*,*,#12820,.T.);
#12818=EDGE_CURVE('',#731,#729,#12821,.F.);
#12819=EDGE_CURVE('',#729,#733,#12822,.T.);
#12820=EDGE_CURVE('',#733,#731,#12823,.T.);
#12821=LINE('',#730,#12824);
#12822=LINE('',#728,#12825);
#12823=LINE('',#732,#12826);
#12824=VECTOR('',#12827,1.0);
#12825=VECTOR('',#12828,1.0);
#12826=VECTOR('',#12829,1.0);
#12827=DIRECTION('',(-0.025517480728913598,-0.0616049839744791,0.9977743653385538));
#12828=DIRECTION('',(0.3826816512484479,0.9238802702719445,0));
#12829=DIRECTION('',(0,0,-1));
#12830=FACE_SURFACE('',(#12835),#12831,.T.);
#12831=PLANE('',#12832);
#12832=AXIS2_PLACEMENT_3D('',#730,#12833,#12834);
#12833=DIRECTION('',(-0.9914444324988245,0.1305294498076343,0));
#12834=DIRECTION('',(0,0,1));
#12835=FACE_BOUND('',#12836,.T.);
#12836=EDGE_LOOP('',(#12837,#12838,#12839));
#12837=ORIENTED_EDGE('',*,*,#12840,.T.);
#12838=ORIENTED_EDGE('',*,*,#12841,.T.);
#12839=ORIENTED_EDGE('',*,*,#12842,.T.);
#12840=EDGE_CURVE('',#731,#733,#12843,.F.);
#12841=EDGE_CURVE('',#733,#735,#12844,.T.);
#12842=EDGE_CURVE('',#735,#731,#12845,.T.);
#12843=LINE('',#730,#12846);
#12844=LINE('',#732,#12847);
#12845=LINE('',#734,#12848);
#12846=VECTOR('',#12849,1.0);
#12847=VECTOR('',#12850,1.0);
#12848=VECTOR('',#12851,1.0);
#12849=DIRECTION('',(0,0,1));
#12850=DIRECTION('',(0.008703785387554714,0.06611013512179104,-0.9977743703634133));
#12851=DIRECTION('',(-0.1305294498076343,-0.9914444324988245,0));
#12852=FACE_SURFACE('',(#12857),#12853,.T.);
#12853=PLANE('',#12854);
#12854=AXIS2_PLACEMENT_3D('',#734,#12855,#12856);
#12855=DIRECTION('',(-0.9914444324988245,0.1305294498076343,0));
#12856=DIRECTION('',(-0.008703785387554714,-0.06611013512179104,0.9977743703634133));
#12857=FACE_BOUND('',#12858,.T.);
#12858=EDGE_LOOP('',(#12859,#12860,#12861));
#12859=ORIENTED_EDGE('',*,*,#12862,.T.);
#12860=ORIENTED_EDGE('',*,*,#12863,.T.);
#12861=ORIENTED_EDGE('',*,*,#12864,.T.);
#12862=EDGE_CURVE('',#735,#733,#12865,.F.);
#12863=EDGE_CURVE('',#733,#737,#12866,.T.);
#12864=EDGE_CURVE('',#737,#735,#12867,.T.);
#12865=LINE('',#734,#12868);
#12866=LINE('',#732,#12869);
#12867=LINE('',#736,#12870);
#12868=VECTOR('',#12871,1.0);
#12869=VECTOR('',#12872,1.0);
#12870=VECTOR('',#12873,1.0);
#12871=DIRECTION('',(-0.008703785387554714,-0.06611013512179104,0.9977743703634133));
#12872=DIRECTION('',(0.1305294498076343,0.9914444324988245,0));
#12873=DIRECTION('',(0,0,-1));
#12874=FACE_SURFACE('',(#12879),#12875,.T.);
#12875=PLANE('',#12876);
#12876=AXIS2_PLACEMENT_3D('',#734,#12877,#12878);
#12877=DIRECTION('',(-0.9914444324988245,-0.1305294498076343,0));
#12878=DIRECTION('',(0,0,1));
#12879=FACE_BOUND('',#12880,.T.);
#12880=EDGE_LOOP('',(#12881,#12882,#12883));
#12881=ORIENTED_EDGE('',*,*,#12884,.T.);
#12882=ORIENTED_EDGE('',*,*,#12885,.T.);
#12883=ORIENTED_EDGE('',*,*,#12886,.T.);
#12884=EDGE_CURVE('',#735,#737,#12887,.F.);
#12885=EDGE_CURVE('',#737,#739,#12888,.T.);
#12886=EDGE_CURVE('',#739,#735,#12889,.T.);
#12887=LINE('',#734,#12890);
#12888=LINE('',#736,#12891);
#12889=LINE('',#738,#12892);
#12890=VECTOR('',#12893,1.0);
#12891=VECTOR('',#12894,1.0);
#12892=VECTOR('',#12895,1.0);
#12893=DIRECTION('',(0,0,1));
#12894=DIRECTION('',(-0.008703785387554714,0.06611013512179104,-0.9977743703634133));
#12895=DIRECTION('',(0.1305294498076343,-0.9914444324988245,0));
#12896=FACE_SURFACE('',(#12901),#12897,.T.);
#12897=PLANE('',#12898);
#12898=AXIS2_PLACEMENT_3D('',#738,#12899,#12900);
#12899=DIRECTION('',(-0.9914444324988245,-0.1305294498076343,0));
#12900=DIRECTION('',(0.008703785387554714,-0.06611013512179104,0.9977743703634133));
#12901=FACE_BOUND('',#12902,.T.);
#12902=EDGE_LOOP('',(#12903,#12904,#12905));
#12903=ORIENTED_EDGE('',*,*,#12906,.T.);
#12904=ORIENTED_EDGE('',*,*,#12907,.T.);
#12905=ORIENTED_EDGE('',*,*,#12908,.T.);
#12906=EDGE_CURVE('',#739,#737,#12909,.F.);
#12907=EDGE_CURVE('',#737,#741,#12910,.T.);
#12908=EDGE_CURVE('',#741,#739,#12911,.T.);
#12909=LINE('',#738,#12912);
#12910=LINE('',#736,#12913);
#12911=LINE('',#740,#12914);
#12912=VECTOR('',#12915,1.0);
#12913=VECTOR('',#12916,1.0);
#12914=VECTOR('',#12917,1.0);
#12915=DIRECTION('',(0.008703785387554714,-0.06611013512179104,0.9977743703634133));
#12916=DIRECTION('',(-0.1305294498076343,0.9914444324988245,0));
#12917=DIRECTION('',(0,0,-1));
#12918=FACE_SURFACE('',(#12923),#12919,.T.);
#12919=PLANE('',#12920);
#12920=AXIS2_PLACEMENT_3D('',#738,#12921,#12922);
#12921=DIRECTION('',(-0.9238802702719445,-0.3826816512484479,0));
#12922=DIRECTION('',(0,0,1));
#12923=FACE_BOUND('',#12924,.T.);
#12924=EDGE_LOOP('',(#12925,#12926,#12927));
#12925=ORIENTED_EDGE('',*,*,#12928,.T.);
#12926=ORIENTED_EDGE('',*,*,#12929,.T.);
#12927=ORIENTED_EDGE('',*,*,#12930,.T.);
#12928=EDGE_CURVE('',#739,#741,#12931,.F.);
#12929=EDGE_CURVE('',#741,#743,#12932,.T.);
#12930=EDGE_CURVE('',#743,#739,#12933,.T.);
#12931=LINE('',#738,#12934);
#12932=LINE('',#740,#12935);
#12933=LINE('',#742,#12936);
#12934=VECTOR('',#12937,1.0);
#12935=VECTOR('',#12938,1.0);
#12936=VECTOR('',#12939,1.0);
#12937=DIRECTION('',(0,0,1));
#12938=DIRECTION('',(-0.025517480728913598,0.0616049839744791,-0.9977743653385538));
#12939=DIRECTION('',(0.3826816512484479,-0.9238802702719445,0));
#12940=FACE_SURFACE('',(#12945),#12941,.T.);
#12941=PLANE('',#12942);
#12942=AXIS2_PLACEMENT_3D('',#742,#12943,#12944);
#12943=DIRECTION('',(-0.9238802702719445,-0.3826816512484479,0));
#12944=DIRECTION('',(0.025517480728913598,-0.0616049839744791,0.9977743653385538));
#12945=FACE_BOUND('',#12946,.T.);
#12946=EDGE_LOOP('',(#12947,#12948,#12949));
#12947=ORIENTED_EDGE('',*,*,#12950,.T.);
#12948=ORIENTED_EDGE('',*,*,#12951,.T.);
#12949=ORIENTED_EDGE('',*,*,#12952,.T.);
#12950=EDGE_CURVE('',#743,#741,#12953,.F.);
#12951=EDGE_CURVE('',#741,#745,#12954,.T.);
#12952=EDGE_CURVE('',#745,#743,#12955,.T.);
#12953=LINE('',#742,#12956);
#12954=LINE('',#740,#12957);
#12955=LINE('',#744,#12958);
#12956=VECTOR('',#12959,1.0);
#12957=VECTOR('',#12960,1.0);
#12958=VECTOR('',#12961,1.0);
#12959=DIRECTION('',(0.025517480728913598,-0.0616049839744791,0.9977743653385538));
#12960=DIRECTION('',(-0.3826816512484479,0.9238802702719445,0));
#12961=DIRECTION('',(0,0,-1));
#12962=FACE_SURFACE('',(#12967),#12963,.T.);
#12963=PLANE('',#12964);
#12964=AXIS2_PLACEMENT_3D('',#742,#12965,#12966);
#12965=DIRECTION('',(-0.7933523505136998,-0.608762718909747,0));
#12966=DIRECTION('',(0,0,1));
#12967=FACE_BOUND('',#12968,.T.);
#12968=EDGE_LOOP('',(#12969,#12970,#12971));
#12969=ORIENTED_EDGE('',*,*,#12972,.T.);
#12970=ORIENTED_EDGE('',*,*,#12973,.T.);
#12971=ORIENTED_EDGE('',*,*,#12974,.T.);
#12972=EDGE_CURVE('',#743,#745,#12975,.F.);
#12973=EDGE_CURVE('',#745,#747,#12976,.T.);
#12974=EDGE_CURVE('',#747,#743,#12977,.T.);
#12975=LINE('',#742,#12978);
#12976=LINE('',#744,#12979);
#12977=LINE('',#746,#12980);
#12978=VECTOR('',#12981,1.0);
#12979=VECTOR('',#12982,1.0);
#12980=VECTOR('',#12983,1.0);
#12981=DIRECTION('',(0,0,1));
#12982=DIRECTION('',(-0.040592654374394216,0.05290119904055814,-0.9977743730678356));
#12983=DIRECTION('',(0.608762718909747,-0.7933523505136998,0));
#12984=FACE_SURFACE('',(#12989),#12985,.T.);
#12985=PLANE('',#12986);
#12986=AXIS2_PLACEMENT_3D('',#746,#12987,#12988);
#12987=DIRECTION('',(-0.7933523505136998,-0.608762718909747,0));
#12988=DIRECTION('',(0.040592654374394216,-0.05290119904055814,0.9977743730678356));
#12989=FACE_BOUND('',#12990,.T.);
#12990=EDGE_LOOP('',(#12991,#12992,#12993));
#12991=ORIENTED_EDGE('',*,*,#12994,.T.);
#12992=ORIENTED_EDGE('',*,*,#12995,.T.);
#12993=ORIENTED_EDGE('',*,*,#12996,.T.);
#12994=EDGE_CURVE('',#747,#745,#12997,.F.);
#12995=EDGE_CURVE('',#745,#749,#12998,.T.);
#12996=EDGE_CURVE('',#749,#747,#12999,.T.);
#12997=LINE('',#746,#13000);
#12998=LINE('',#744,#13001);
#12999=LINE('',#748,#13002);
#13000=VECTOR('',#13003,1.0);
#13001=VECTOR('',#13004,1.0);
#13002=VECTOR('',#13005,1.0);
#13003=DIRECTION('',(0.040592654374394216,-0.05290119904055814,0.9977743730678356));
#13004=DIRECTION('',(-0.608762718909747,0.7933523505136998,0));
#13005=DIRECTION('',(0,0,-1));
#13006=FACE_SURFACE('',(#13011),#13007,.T.);
#13007=PLANE('',#13008);
#13008=AXIS2_PLACEMENT_3D('',#746,#13009,#13010);
#13009=DIRECTION('',(-0.6087627189097362,-0.793352350513708,0));
#13010=DIRECTION('',(0,0,1));
#13011=FACE_BOUND('',#13012,.T.);
#13012=EDGE_LOOP('',(#13013,#13014,#13015));
#13013=ORIENTED_EDGE('',*,*,#13016,.T.);
#13014=ORIENTED_EDGE('',*,*,#13017,.T.);
#13015=ORIENTED_EDGE('',*,*,#13018,.T.);
#13016=EDGE_CURVE('',#747,#749,#13019,.F.);
#13017=EDGE_CURVE('',#749,#751,#13020,.T.);
#13018=EDGE_CURVE('',#751,#747,#13021,.T.);
#13019=LINE('',#746,#13022);
#13020=LINE('',#748,#13023);
#13021=LINE('',#750,#13024);
#13022=VECTOR('',#13025,1.0);
#13023=VECTOR('',#13026,1.0);
#13024=VECTOR('',#13027,1.0);
#13025=DIRECTION('',(0,0,1));
#13026=DIRECTION('',(-0.05290119904055814,0.040592654374393085,-0.9977743730678356));
#13027=DIRECTION('',(0.793352350513708,-0.6087627189097362,0));
#13028=FACE_SURFACE('',(#13033),#13029,.T.);
#13029=PLANE('',#13030);
#13030=AXIS2_PLACEMENT_3D('',#750,#13031,#13032);
#13031=DIRECTION('',(-0.6087627189097362,-0.793352350513708,0));
#13032=DIRECTION('',(0.05290119904055814,-0.040592654374393085,0.9977743730678356));
#13033=FACE_BOUND('',#13034,.T.);
#13034=EDGE_LOOP('',(#13035,#13036,#13037));
#13035=ORIENTED_EDGE('',*,*,#13038,.T.);
#13036=ORIENTED_EDGE('',*,*,#13039,.T.);
#13037=ORIENTED_EDGE('',*,*,#13040,.T.);
#13038=EDGE_CURVE('',#751,#749,#13041,.F.);
#13039=EDGE_CURVE('',#749,#753,#13042,.T.);
#13040=EDGE_CURVE('',#753,#751,#13043,.T.);
#13041=LINE('',#750,#13044);
#13042=LINE('',#748,#13045);
#13043=LINE('',#752,#13046);
#13044=VECTOR('',#13047,1.0);
#13045=VECTOR('',#13048,1.0);
#13046=VECTOR('',#13049,1.0);
#13047=DIRECTION('',(0.05290119904055814,-0.040592654374393085,0.9977743730678356));
#13048=DIRECTION('',(-0.793352350513708,0.6087627189097362,0));
#13049=DIRECTION('',(0,0,-1));
#13050=FACE_SURFACE('',(#13055),#13051,.T.);
#13051=PLANE('',#13052);
#13052=AXIS2_PLACEMENT_3D('',#750,#13053,#13054);
#13053=DIRECTION('',(-0.3826816512484654,-0.9238802702719373,0));
#13054=DIRECTION('',(0,0,1));
#13055=FACE_BOUND('',#13056,.T.);
#13056=EDGE_LOOP('',(#13057,#13058,#13059));
#13057=ORIENTED_EDGE('',*,*,#13060,.T.);
#13058=ORIENTED_EDGE('',*,*,#13061,.T.);
#13059=ORIENTED_EDGE('',*,*,#13062,.T.);
#13060=EDGE_CURVE('',#751,#753,#13063,.F.);
#13061=EDGE_CURVE('',#753,#755,#13064,.T.);
#13062=EDGE_CURVE('',#755,#751,#13065,.T.);
#13063=LINE('',#750,#13066);
#13064=LINE('',#752,#13067);
#13065=LINE('',#754,#13068);
#13066=VECTOR('',#13069,1.0);
#13067=VECTOR('',#13070,1.0);
#13068=VECTOR('',#13071,1.0);
#13069=DIRECTION('',(0,0,1));
#13070=DIRECTION('',(-0.061604983974478535,0.025517480728914733,-0.9977743653385538));
#13071=DIRECTION('',(0.9238802702719372,-0.38268165124846537,0));
#13072=FACE_SURFACE('',(#13077),#13073,.T.);
#13073=PLANE('',#13074);
#13074=AXIS2_PLACEMENT_3D('',#754,#13075,#13076);
#13075=DIRECTION('',(-0.3826816512484654,-0.9238802702719373,0));
#13076=DIRECTION('',(0.061604983974478535,-0.025517480728914733,0.9977743653385538));
#13077=FACE_BOUND('',#13078,.T.);
#13078=EDGE_LOOP('',(#13079,#13080,#13081));
#13079=ORIENTED_EDGE('',*,*,#13082,.T.);
#13080=ORIENTED_EDGE('',*,*,#13083,.T.);
#13081=ORIENTED_EDGE('',*,*,#13084,.T.);
#13082=EDGE_CURVE('',#755,#753,#13085,.F.);
#13083=EDGE_CURVE('',#753,#757,#13086,.T.);
#13084=EDGE_CURVE('',#757,#755,#13087,.T.);
#13085=LINE('',#754,#13088);
#13086=LINE('',#752,#13089);
#13087=LINE('',#756,#13090);
#13088=VECTOR('',#13091,1.0);
#13089=VECTOR('',#13092,1.0);
#13090=VECTOR('',#13093,1.0);
#13091=DIRECTION('',(0.061604983974478535,-0.025517480728914733,0.9977743653385538));
#13092=DIRECTION('',(-0.9238802702719372,0.38268165124846537,0));
#13093=DIRECTION('',(0,0,-1));
#13094=FACE_SURFACE('',(#13099),#13095,.T.);
#13095=PLANE('',#13096);
#13096=AXIS2_PLACEMENT_3D('',#754,#13097,#13098);
#13097=DIRECTION('',(-0.13052944980762596,-0.9914444324988257,0));
#13098=DIRECTION('',(0,0,1));
#13099=FACE_BOUND('',#13100,.T.);
#13100=EDGE_LOOP('',(#13101,#13102,#13103));
#13101=ORIENTED_EDGE('',*,*,#13104,.T.);
#13102=ORIENTED_EDGE('',*,*,#13105,.T.);
#13103=ORIENTED_EDGE('',*,*,#13106,.T.);
#13104=EDGE_CURVE('',#755,#757,#13107,.F.);
#13105=EDGE_CURVE('',#757,#759,#13108,.T.);
#13106=EDGE_CURVE('',#759,#755,#13109,.T.);
#13107=LINE('',#754,#13110);
#13108=LINE('',#756,#13111);
#13109=LINE('',#758,#13112);
#13110=VECTOR('',#13113,1.0);
#13111=VECTOR('',#13114,1.0);
#13112=VECTOR('',#13115,1.0);
#13113=DIRECTION('',(0,0,1));
#13114=DIRECTION('',(-0.06611013512179104,0.008703785387554147,-0.9977743703634133));
#13115=DIRECTION('',(0.9914444324988257,-0.13052944980762596,0));
#13116=FACE_SURFACE('',(#13121),#13117,.T.);
#13117=PLANE('',#13118);
#13118=AXIS2_PLACEMENT_3D('',#758,#13119,#13120);
#13119=DIRECTION('',(-0.13052944980762596,-0.9914444324988257,0));
#13120=DIRECTION('',(0.06611013512179104,-0.008703785387554147,0.9977743703634133));
#13121=FACE_BOUND('',#13122,.T.);
#13122=EDGE_LOOP('',(#13123,#13124,#13125));
#13123=ORIENTED_EDGE('',*,*,#13126,.T.);
#13124=ORIENTED_EDGE('',*,*,#13127,.T.);
#13125=ORIENTED_EDGE('',*,*,#13128,.T.);
#13126=EDGE_CURVE('',#759,#757,#13129,.F.);
#13127=EDGE_CURVE('',#757,#761,#13130,.T.);
#13128=EDGE_CURVE('',#761,#759,#13131,.T.);
#13129=LINE('',#758,#13132);
#13130=LINE('',#756,#13133);
#13131=LINE('',#760,#13134);
#13132=VECTOR('',#13135,1.0);
#13133=VECTOR('',#13136,1.0);
#13134=VECTOR('',#13137,1.0);
#13135=DIRECTION('',(0.06611013512179104,-0.008703785387554147,0.9977743703634133));
#13136=DIRECTION('',(-0.9914444324988257,0.13052944980762596,0));
#13137=DIRECTION('',(0,0,-1));
#13138=FACE_SURFACE('',(#13143),#13139,.T.);
#13139=PLANE('',#13140);
#13140=AXIS2_PLACEMENT_3D('',#758,#13141,#13142);
#13141=DIRECTION('',(0.13052944980762596,-0.9914444324988257,0));
#13142=DIRECTION('',(0,0,1));
#13143=FACE_BOUND('',#13144,.T.);
#13144=EDGE_LOOP('',(#13145,#13146,#13147));
#13145=ORIENTED_EDGE('',*,*,#13148,.T.);
#13146=ORIENTED_EDGE('',*,*,#13149,.T.);
#13147=ORIENTED_EDGE('',*,*,#13150,.T.);
#13148=EDGE_CURVE('',#759,#761,#13151,.F.);
#13149=EDGE_CURVE('',#761,#763,#13152,.T.);
#13150=EDGE_CURVE('',#763,#759,#13153,.T.);
#13151=LINE('',#758,#13154);
#13152=LINE('',#760,#13155);
#13153=LINE('',#762,#13156);
#13154=VECTOR('',#13157,1.0);
#13155=VECTOR('',#13158,1.0);
#13156=VECTOR('',#13159,1.0);
#13157=DIRECTION('',(0,0,1));
#13158=DIRECTION('',(-0.06611013512179104,-0.008703785387554147,-0.9977743703634133));
#13159=DIRECTION('',(0.9914444324988257,0.13052944980762596,0));
#13160=FACE_SURFACE('',(#13165),#13161,.T.);
#13161=PLANE('',#13162);
#13162=AXIS2_PLACEMENT_3D('',#762,#13163,#13164);
#13163=DIRECTION('',(0.13052944980762596,-0.9914444324988257,0));
#13164=DIRECTION('',(0.06611013512179104,0.008703785387554147,0.9977743703634133));
#13165=FACE_BOUND('',#13166,.T.);
#13166=EDGE_LOOP('',(#13167,#13168,#13169));
#13167=ORIENTED_EDGE('',*,*,#13170,.T.);
#13168=ORIENTED_EDGE('',*,*,#13171,.T.);
#13169=ORIENTED_EDGE('',*,*,#13172,.T.);
#13170=EDGE_CURVE('',#763,#761,#13173,.F.);
#13171=EDGE_CURVE('',#761,#765,#13174,.T.);
#13172=EDGE_CURVE('',#765,#763,#13175,.T.);
#13173=LINE('',#762,#13176);
#13174=LINE('',#760,#13177);
#13175=LINE('',#764,#13178);
#13176=VECTOR('',#13179,1.0);
#13177=VECTOR('',#13180,1.0);
#13178=VECTOR('',#13181,1.0);
#13179=DIRECTION('',(0.06611013512179104,0.008703785387554147,0.9977743703634133));
#13180=DIRECTION('',(-0.9914444324988257,-0.13052944980762596,0));
#13181=DIRECTION('',(0,0,-1));
#13182=FACE_SURFACE('',(#13187),#13183,.T.);
#13183=PLANE('',#13184);
#13184=AXIS2_PLACEMENT_3D('',#762,#13185,#13186);
#13185=DIRECTION('',(0.3826816512484654,-0.9238802702719373,0));
#13186=DIRECTION('',(0,0,1));
#13187=FACE_BOUND('',#13188,.T.);
#13188=EDGE_LOOP('',(#13189,#13190,#13191));
#13189=ORIENTED_EDGE('',*,*,#13192,.T.);
#13190=ORIENTED_EDGE('',*,*,#13193,.T.);
#13191=ORIENTED_EDGE('',*,*,#13194,.T.);
#13192=EDGE_CURVE('',#763,#765,#13195,.F.);
#13193=EDGE_CURVE('',#765,#767,#13196,.T.);
#13194=EDGE_CURVE('',#767,#763,#13197,.T.);
#13195=LINE('',#762,#13198);
#13196=LINE('',#764,#13199);
#13197=LINE('',#766,#13200);
#13198=VECTOR('',#13201,1.0);
#13199=VECTOR('',#13202,1.0);
#13200=VECTOR('',#13203,1.0);
#13201=DIRECTION('',(0,0,1));
#13202=DIRECTION('',(-0.061604983974478535,-0.025517480728914733,-0.9977743653385538));
#13203=DIRECTION('',(0.9238802702719372,0.38268165124846537,0));
#13204=FACE_SURFACE('',(#13209),#13205,.T.);
#13205=PLANE('',#13206);
#13206=AXIS2_PLACEMENT_3D('',#766,#13207,#13208);
#13207=DIRECTION('',(0.3826816512484654,-0.9238802702719373,0));
#13208=DIRECTION('',(0.061604983974478535,0.025517480728914733,0.9977743653385538));
#13209=FACE_BOUND('',#13210,.T.);
#13210=EDGE_LOOP('',(#13211,#13212,#13213));
#13211=ORIENTED_EDGE('',*,*,#13214,.T.);
#13212=ORIENTED_EDGE('',*,*,#13215,.T.);
#13213=ORIENTED_EDGE('',*,*,#13216,.T.);
#13214=EDGE_CURVE('',#767,#765,#13217,.F.);
#13215=EDGE_CURVE('',#765,#769,#13218,.T.);
#13216=EDGE_CURVE('',#769,#767,#13219,.T.);
#13217=LINE('',#766,#13220);
#13218=LINE('',#764,#13221);
#13219=LINE('',#768,#13222);
#13220=VECTOR('',#13223,1.0);
#13221=VECTOR('',#13224,1.0);
#13222=VECTOR('',#13225,1.0);
#13223=DIRECTION('',(0.061604983974478535,0.025517480728914733,0.9977743653385538));
#13224=DIRECTION('',(-0.9238802702719372,-0.38268165124846537,0));
#13225=DIRECTION('',(0,0,-1));
#13226=FACE_SURFACE('',(#13231),#13227,.T.);
#13227=PLANE('',#13228);
#13228=AXIS2_PLACEMENT_3D('',#766,#13229,#13230);
#13229=DIRECTION('',(0.6087627189097362,-0.793352350513708,0));
#13230=DIRECTION('',(0,0,1));
#13231=FACE_BOUND('',#13232,.T.);
#13232=EDGE_LOOP('',(#13233,#13234,#13235));
#13233=ORIENTED_EDGE('',*,*,#13236,.T.);
#13234=ORIENTED_EDGE('',*,*,#13237,.T.);
#13235=ORIENTED_EDGE('',*,*,#13238,.T.);
#13236=EDGE_CURVE('',#767,#769,#13239,.F.);
#13237=EDGE_CURVE('',#769,#771,#13240,.T.);
#13238=EDGE_CURVE('',#771,#767,#13241,.T.);
#13239=LINE('',#766,#13242);
#13240=LINE('',#768,#13243);
#13241=LINE('',#770,#13244);
#13242=VECTOR('',#13245,1.0);
#13243=VECTOR('',#13246,1.0);
#13244=VECTOR('',#13247,1.0);
#13245=DIRECTION('',(0,0,1));
#13246=DIRECTION('',(-0.05290119904055814,-0.040592654374393085,-0.9977743730678356));
#13247=DIRECTION('',(0.793352350513708,0.6087627189097362,0));
#13248=FACE_SURFACE('',(#13253),#13249,.T.);
#13249=PLANE('',#13250);
#13250=AXIS2_PLACEMENT_3D('',#770,#13251,#13252);
#13251=DIRECTION('',(0.6087627189097362,-0.793352350513708,0));
#13252=DIRECTION('',(0.05290119904055814,0.040592654374393085,0.9977743730678356));
#13253=FACE_BOUND('',#13254,.T.);
#13254=EDGE_LOOP('',(#13255,#13256,#13257));
#13255=ORIENTED_EDGE('',*,*,#13258,.T.);
#13256=ORIENTED_EDGE('',*,*,#13259,.T.);
#13257=ORIENTED_EDGE('',*,*,#13260,.T.);
#13258=EDGE_CURVE('',#771,#769,#13261,.F.);
#13259=EDGE_CURVE('',#769,#773,#13262,.T.);
#13260=EDGE_CURVE('',#773,#771,#13263,.T.);
#13261=LINE('',#770,#13264);
#13262=LINE('',#768,#13265);
#13263=LINE('',#772,#13266);
#13264=VECTOR('',#13267,1.0);
#13265=VECTOR('',#13268,1.0);
#13266=VECTOR('',#13269,1.0);
#13267=DIRECTION('',(0.05290119904055814,0.040592654374393085,0.9977743730678356));
#13268=DIRECTION('',(-0.793352350513708,-0.6087627189097362,0));
#13269=DIRECTION('',(0,0,-1));
#13270=FACE_SURFACE('',(#13275),#13271,.T.);
#13271=PLANE('',#13272);
#13272=AXIS2_PLACEMENT_3D('',#770,#13273,#13274);
#13273=DIRECTION('',(0.7933523505136998,-0.608762718909747,0));
#13274=DIRECTION('',(0,0,1));
#13275=FACE_BOUND('',#13276,.T.);
#13276=EDGE_LOOP('',(#13277,#13278,#13279));
#13277=ORIENTED_EDGE('',*,*,#13280,.T.);
#13278=ORIENTED_EDGE('',*,*,#13281,.T.);
#13279=ORIENTED_EDGE('',*,*,#13282,.T.);
#13280=EDGE_CURVE('',#771,#773,#13283,.F.);
#13281=EDGE_CURVE('',#773,#775,#13284,.T.);
#13282=EDGE_CURVE('',#775,#771,#13285,.T.);
#13283=LINE('',#770,#13286);
#13284=LINE('',#772,#13287);
#13285=LINE('',#774,#13288);
#13286=VECTOR('',#13289,1.0);
#13287=VECTOR('',#13290,1.0);
#13288=VECTOR('',#13291,1.0);
#13289=DIRECTION('',(0,0,1));
#13290=DIRECTION('',(-0.040592654374394216,-0.05290119904055814,-0.9977743730678356));
#13291=DIRECTION('',(0.608762718909747,0.7933523505136998,0));
#13292=FACE_SURFACE('',(#13297),#13293,.T.);
#13293=PLANE('',#13294);
#13294=AXIS2_PLACEMENT_3D('',#774,#13295,#13296);
#13295=DIRECTION('',(0.7933523505136998,-0.608762718909747,0));
#13296=DIRECTION('',(0.040592654374394216,0.05290119904055814,0.9977743730678356));
#13297=FACE_BOUND('',#13298,.T.);
#13298=EDGE_LOOP('',(#13299,#13300,#13301));
#13299=ORIENTED_EDGE('',*,*,#13302,.T.);
#13300=ORIENTED_EDGE('',*,*,#13303,.T.);
#13301=ORIENTED_EDGE('',*,*,#13304,.T.);
#13302=EDGE_CURVE('',#775,#773,#13305,.F.);
#13303=EDGE_CURVE('',#773,#777,#13306,.T.);
#13304=EDGE_CURVE('',#777,#775,#13307,.T.);
#13305=LINE('',#774,#13308);
#13306=LINE('',#772,#13309);
#13307=LINE('',#776,#13310);
#13308=VECTOR('',#13311,1.0);
#13309=VECTOR('',#13312,1.0);
#13310=VECTOR('',#13313,1.0);
#13311=DIRECTION('',(0.040592654374394216,0.05290119904055814,0.9977743730678356));
#13312=DIRECTION('',(-0.608762718909747,-0.7933523505136998,0));
#13313=DIRECTION('',(0,0,-1));
#13314=FACE_SURFACE('',(#13319),#13315,.T.);
#13315=PLANE('',#13316);
#13316=AXIS2_PLACEMENT_3D('',#774,#13317,#13318);
#13317=DIRECTION('',(0.9238802702719445,-0.3826816512484479,0));
#13318=DIRECTION('',(0,0,1));
#13319=FACE_BOUND('',#13320,.T.);
#13320=EDGE_LOOP('',(#13321,#13322,#13323));
#13321=ORIENTED_EDGE('',*,*,#13324,.T.);
#13322=ORIENTED_EDGE('',*,*,#13325,.T.);
#13323=ORIENTED_EDGE('',*,*,#13326,.T.);
#13324=EDGE_CURVE('',#775,#777,#13327,.F.);
#13325=EDGE_CURVE('',#777,#683,#13328,.T.);
#13326=EDGE_CURVE('',#683,#775,#13329,.T.);
#13327=LINE('',#774,#13330);
#13328=LINE('',#776,#13331);
#13329=LINE('',#682,#13332);
#13330=VECTOR('',#13333,1.0);
#13331=VECTOR('',#13334,1.0);
#13332=VECTOR('',#13335,1.0);
#13333=DIRECTION('',(0,0,1));
#13334=DIRECTION('',(-0.025517480728913598,-0.0616049839744791,-0.9977743653385538));
#13335=DIRECTION('',(0.3826816512484479,0.9238802702719445,0));
#13336=FACE_SURFACE('',(#13341),#13337,.T.);
#13337=PLANE('',#13338);
#13338=AXIS2_PLACEMENT_3D('',#682,#13339,#13340);
#13339=DIRECTION('',(0.9238802702719445,-0.3826816512484479,0));
#13340=DIRECTION('',(0.025517480728913598,0.0616049839744791,0.9977743653385538));
#13341=FACE_BOUND('',#13342,.T.);
#13342=EDGE_LOOP('',(#13343,#13344,#13345));
#13343=ORIENTED_EDGE('',*,*,#13346,.T.);
#13344=ORIENTED_EDGE('',*,*,#13347,.T.);
#13345=ORIENTED_EDGE('',*,*,#13348,.T.);
#13346=EDGE_CURVE('',#683,#777,#13349,.F.);
#13347=EDGE_CURVE('',#777,#685,#13350,.T.);
#13348=EDGE_CURVE('',#685,#683,#13351,.T.);
#13349=LINE('',#682,#13352);
#13350=LINE('',#776,#13353);
#13351=LINE('',#684,#13354);
#13352=VECTOR('',#13355,1.0);
#13353=VECTOR('',#13356,1.0);
#13354=VECTOR('',#13357,1.0);
#13355=DIRECTION('',(0.025517480728913598,0.0616049839744791,0.9977743653385538));
#13356=DIRECTION('',(-0.3826816512484479,-0.9238802702719445,0));
#13357=DIRECTION('',(0,0,-1));
#13358=FACE_SURFACE('',(#13363),#13359,.T.);
#13359=PLANE('',#13360);
#13360=AXIS2_PLACEMENT_3D('',#276,#13361,#13362);
#13361=DIRECTION('',(0.9914444324988245,0.1305294498076343,0));
#13362=DIRECTION('',(0,0,-1));
#13363=FACE_BOUND('',#13364,.T.);
#13364=EDGE_LOOP('',(#13365,#13366,#13367));
#13365=ORIENTED_EDGE('',*,*,#13368,.T.);
#13366=ORIENTED_EDGE('',*,*,#13369,.T.);
#13367=ORIENTED_EDGE('',*,*,#13370,.T.);
#13368=EDGE_CURVE('',#277,#693,#13371,.F.);
#13369=EDGE_CURVE('',#693,#279,#13372,.T.);
#13370=EDGE_CURVE('',#279,#277,#13373,.T.);
#13371=LINE('',#276,#13374);
#13372=LINE('',#692,#13375);
#13373=LINE('',#278,#13376);
#13374=VECTOR('',#13377,1.0);
#13375=VECTOR('',#13378,1.0);
#13376=VECTOR('',#13379,1.0);
#13377=DIRECTION('',(0,0,-1));
#13378=DIRECTION('',(-0.008703785387554714,0.06611013512179104,0.9977743703634133));
#13379=DIRECTION('',(0.1305294498076343,-0.9914444324988245,0));
#13380=FACE_SURFACE('',(#13385),#13381,.T.);
#13381=PLANE('',#13382);
#13382=AXIS2_PLACEMENT_3D('',#278,#13383,#13384);
#13383=DIRECTION('',(0.9914444324988245,0.1305294498076343,0));
#13384=DIRECTION('',(0.008703785387554714,-0.06611013512179104,-0.9977743703634133));
#13385=FACE_BOUND('',#13386,.T.);
#13386=EDGE_LOOP('',(#13387,#13388,#13389));
#13387=ORIENTED_EDGE('',*,*,#13390,.T.);
#13388=ORIENTED_EDGE('',*,*,#13391,.T.);
#13389=ORIENTED_EDGE('',*,*,#13392,.T.);
#13390=EDGE_CURVE('',#279,#693,#13393,.F.);
#13391=EDGE_CURVE('',#693,#689,#13394,.T.);
#13392=EDGE_CURVE('',#689,#279,#13395,.T.);
#13393=LINE('',#278,#13396);
#13394=LINE('',#692,#13397);
#13395=LINE('',#688,#13398);
#13396=VECTOR('',#13399,1.0);
#13397=VECTOR('',#13400,1.0);
#13398=VECTOR('',#13401,1.0);
#13399=DIRECTION('',(0.008703785387554714,-0.06611013512179104,-0.9977743703634133));
#13400=DIRECTION('',(-0.1305294498076343,0.9914444324988245,0));
#13401=DIRECTION('',(0,0,1));
#13402=FACE_SURFACE('',(#13407),#13403,.T.);
#13403=PLANE('',#13404);
#13404=AXIS2_PLACEMENT_3D('',#278,#13405,#13406);
#13405=DIRECTION('',(0.9914444324988245,-0.1305294498076343,0));
#13406=DIRECTION('',(0,0,-1));
#13407=FACE_BOUND('',#13408,.T.);
#13408=EDGE_LOOP('',(#13409,#13410,#13411));
#13409=ORIENTED_EDGE('',*,*,#13412,.T.);
#13410=ORIENTED_EDGE('',*,*,#13413,.T.);
#13411=ORIENTED_EDGE('',*,*,#13414,.T.);
#13412=EDGE_CURVE('',#279,#689,#13415,.F.);
#13413=EDGE_CURVE('',#689,#281,#13416,.T.);
#13414=EDGE_CURVE('',#281,#279,#13417,.T.);
#13415=LINE('',#278,#13418);
#13416=LINE('',#688,#13419);
#13417=LINE('',#280,#13420);
#13418=VECTOR('',#13421,1.0);
#13419=VECTOR('',#13422,1.0);
#13420=VECTOR('',#13423,1.0);
#13421=DIRECTION('',(0,0,-1));
#13422=DIRECTION('',(0.008703785387554714,0.06611013512179104,0.9977743703634133));
#13423=DIRECTION('',(-0.1305294498076343,-0.9914444324988245,0));
#13424=FACE_SURFACE('',(#13429),#13425,.T.);
#13425=PLANE('',#13426);
#13426=AXIS2_PLACEMENT_3D('',#280,#13427,#13428);
#13427=DIRECTION('',(0.9914444324988245,-0.1305294498076343,0));
#13428=DIRECTION('',(-0.008703785387554714,-0.06611013512179104,-0.9977743703634133));
#13429=FACE_BOUND('',#13430,.T.);
#13430=EDGE_LOOP('',(#13431,#13432,#13433));
#13431=ORIENTED_EDGE('',*,*,#13434,.T.);
#13432=ORIENTED_EDGE('',*,*,#13435,.T.);
#13433=ORIENTED_EDGE('',*,*,#13436,.T.);
#13434=EDGE_CURVE('',#281,#689,#13437,.F.);
#13435=EDGE_CURVE('',#689,#685,#13438,.T.);
#13436=EDGE_CURVE('',#685,#281,#13439,.T.);
#13437=LINE('',#280,#13440);
#13438=LINE('',#688,#13441);
#13439=LINE('',#684,#13442);
#13440=VECTOR('',#13443,1.0);
#13441=VECTOR('',#13444,1.0);
#13442=VECTOR('',#13445,1.0);
#13443=DIRECTION('',(-0.008703785387554714,-0.06611013512179104,-0.9977743703634133));
#13444=DIRECTION('',(0.1305294498076343,0.9914444324988245,0));
#13445=DIRECTION('',(0,0,1));
#13446=FACE_SURFACE('',(#13451),#13447,.T.);
#13447=PLANE('',#13448);
#13448=AXIS2_PLACEMENT_3D('',#280,#13449,#13450);
#13449=DIRECTION('',(0.9238802702719445,-0.3826816512484479,0));
#13450=DIRECTION('',(0,0,-1));
#13451=FACE_BOUND('',#13452,.T.);
#13452=EDGE_LOOP('',(#13453,#13454,#13455));
#13453=ORIENTED_EDGE('',*,*,#13456,.T.);
#13454=ORIENTED_EDGE('',*,*,#13457,.T.);
#13455=ORIENTED_EDGE('',*,*,#13458,.T.);
#13456=EDGE_CURVE('',#281,#685,#13459,.F.);
#13457=EDGE_CURVE('',#685,#283,#13460,.T.);
#13458=EDGE_CURVE('',#283,#281,#13461,.T.);
#13459=LINE('',#280,#13462);
#13460=LINE('',#684,#13463);
#13461=LINE('',#282,#13464);
#13462=VECTOR('',#13465,1.0);
#13463=VECTOR('',#13466,1.0);
#13464=VECTOR('',#13467,1.0);
#13465=DIRECTION('',(0,0,-1));
#13466=DIRECTION('',(0.025517480728913598,0.0616049839744791,0.9977743653385538));
#13467=DIRECTION('',(-0.3826816512484479,-0.9238802702719445,0));
#13468=FACE_SURFACE('',(#13473),#13469,.T.);
#13469=PLANE('',#13470);
#13470=AXIS2_PLACEMENT_3D('',#282,#13471,#13472);
#13471=DIRECTION('',(0.9238802702719445,-0.3826816512484479,0));
#13472=DIRECTION('',(-0.025517480728913598,-0.0616049839744791,-0.9977743653385538));
#13473=FACE_BOUND('',#13474,.T.);
#13474=EDGE_LOOP('',(#13475,#13476,#13477));
#13475=ORIENTED_EDGE('',*,*,#13478,.T.);
#13476=ORIENTED_EDGE('',*,*,#13479,.T.);
#13477=ORIENTED_EDGE('',*,*,#13480,.T.);
#13478=EDGE_CURVE('',#283,#685,#13481,.F.);
#13479=EDGE_CURVE('',#685,#777,#13482,.T.);
#13480=EDGE_CURVE('',#777,#283,#13483,.T.);
#13481=LINE('',#282,#13484);
#13482=LINE('',#684,#13485);
#13483=LINE('',#776,#13486);
#13484=VECTOR('',#13487,1.0);
#13485=VECTOR('',#13488,1.0);
#13486=VECTOR('',#13489,1.0);
#13487=DIRECTION('',(-0.025517480728913598,-0.0616049839744791,-0.9977743653385538));
#13488=DIRECTION('',(0.3826816512484479,0.9238802702719445,0));
#13489=DIRECTION('',(0,0,1));
#13490=FACE_SURFACE('',(#13495),#13491,.T.);
#13491=PLANE('',#13492);
#13492=AXIS2_PLACEMENT_3D('',#282,#13493,#13494);
#13493=DIRECTION('',(0.7933523505136998,-0.608762718909747,0));
#13494=DIRECTION('',(0,0,-1));
#13495=FACE_BOUND('',#13496,.T.);
#13496=EDGE_LOOP('',(#13497,#13498,#13499));
#13497=ORIENTED_EDGE('',*,*,#13500,.T.);
#13498=ORIENTED_EDGE('',*,*,#13501,.T.);
#13499=ORIENTED_EDGE('',*,*,#13502,.T.);
#13500=EDGE_CURVE('',#283,#777,#13503,.F.);
#13501=EDGE_CURVE('',#777,#253,#13504,.T.);
#13502=EDGE_CURVE('',#253,#283,#13505,.T.);
#13503=LINE('',#282,#13506);
#13504=LINE('',#776,#13507);
#13505=LINE('',#252,#13508);
#13506=VECTOR('',#13509,1.0);
#13507=VECTOR('',#13510,1.0);
#13508=VECTOR('',#13511,1.0);
#13509=DIRECTION('',(0,0,-1));
#13510=DIRECTION('',(0.040592654374394216,0.05290119904055814,0.9977743730678356));
#13511=DIRECTION('',(-0.608762718909747,-0.7933523505136998,0));
#13512=FACE_SURFACE('',(#13517),#13513,.T.);
#13513=PLANE('',#13514);
#13514=AXIS2_PLACEMENT_3D('',#252,#13515,#13516);
#13515=DIRECTION('',(0.7933523505136998,-0.608762718909747,0));
#13516=DIRECTION('',(-0.040592654374394216,-0.05290119904055814,-0.9977743730678356));
#13517=FACE_BOUND('',#13518,.T.);
#13518=EDGE_LOOP('',(#13519,#13520,#13521));
#13519=ORIENTED_EDGE('',*,*,#13522,.T.);
#13520=ORIENTED_EDGE('',*,*,#13523,.T.);
#13521=ORIENTED_EDGE('',*,*,#13524,.T.);
#13522=EDGE_CURVE('',#253,#777,#13525,.F.);
#13523=EDGE_CURVE('',#777,#773,#13526,.T.);
#13524=EDGE_CURVE('',#773,#253,#13527,.T.);
#13525=LINE('',#252,#13528);
#13526=LINE('',#776,#13529);
#13527=LINE('',#772,#13530);
#13528=VECTOR('',#13531,1.0);
#13529=VECTOR('',#13532,1.0);
#13530=VECTOR('',#13533,1.0);
#13531=DIRECTION('',(-0.040592654374394216,-0.05290119904055814,-0.9977743730678356));
#13532=DIRECTION('',(0.608762718909747,0.7933523505136998,0));
#13533=DIRECTION('',(0,0,1));
#13534=FACE_SURFACE('',(#13539),#13535,.T.);
#13535=PLANE('',#13536);
#13536=AXIS2_PLACEMENT_3D('',#252,#13537,#13538);
#13537=DIRECTION('',(0.6087627189097362,-0.793352350513708,0));
#13538=DIRECTION('',(0,0,-1));
#13539=FACE_BOUND('',#13540,.T.);
#13540=EDGE_LOOP('',(#13541,#13542,#13543));
#13541=ORIENTED_EDGE('',*,*,#13544,.T.);
#13542=ORIENTED_EDGE('',*,*,#13545,.T.);
#13543=ORIENTED_EDGE('',*,*,#13546,.T.);
#13544=EDGE_CURVE('',#253,#773,#13547,.F.);
#13545=EDGE_CURVE('',#773,#249,#13548,.T.);
#13546=EDGE_CURVE('',#249,#253,#13549,.T.);
#13547=LINE('',#252,#13550);
#13548=LINE('',#772,#13551);
#13549=LINE('',#248,#13552);
#13550=VECTOR('',#13553,1.0);
#13551=VECTOR('',#13554,1.0);
#13552=VECTOR('',#13555,1.0);
#13553=DIRECTION('',(0,0,-1));
#13554=DIRECTION('',(0.05290119904055814,0.040592654374393085,0.9977743730678356));
#13555=DIRECTION('',(-0.793352350513708,-0.6087627189097362,0));
#13556=FACE_SURFACE('',(#13561),#13557,.T.);
#13557=PLANE('',#13558);
#13558=AXIS2_PLACEMENT_3D('',#248,#13559,#13560);
#13559=DIRECTION('',(0.6087627189097362,-0.793352350513708,0));
#13560=DIRECTION('',(-0.05290119904055814,-0.040592654374393085,-0.9977743730678356));
#13561=FACE_BOUND('',#13562,.T.);
#13562=EDGE_LOOP('',(#13563,#13564,#13565));
#13563=ORIENTED_EDGE('',*,*,#13566,.T.);
#13564=ORIENTED_EDGE('',*,*,#13567,.T.);
#13565=ORIENTED_EDGE('',*,*,#13568,.T.);
#13566=EDGE_CURVE('',#249,#773,#13569,.F.);
#13567=EDGE_CURVE('',#773,#769,#13570,.T.);
#13568=EDGE_CURVE('',#769,#249,#13571,.T.);
#13569=LINE('',#248,#13572);
#13570=LINE('',#772,#13573);
#13571=LINE('',#768,#13574);
#13572=VECTOR('',#13575,1.0);
#13573=VECTOR('',#13576,1.0);
#13574=VECTOR('',#13577,1.0);
#13575=DIRECTION('',(-0.05290119904055814,-0.040592654374393085,-0.9977743730678356));
#13576=DIRECTION('',(0.793352350513708,0.6087627189097362,0));
#13577=DIRECTION('',(0,0,1));
#13578=FACE_SURFACE('',(#13583),#13579,.T.);
#13579=PLANE('',#13580);
#13580=AXIS2_PLACEMENT_3D('',#248,#13581,#13582);
#13581=DIRECTION('',(0.3826816512484654,-0.9238802702719373,0));
#13582=DIRECTION('',(0,0,-1));
#13583=FACE_BOUND('',#13584,.T.);
#13584=EDGE_LOOP('',(#13585,#13586,#13587));
#13585=ORIENTED_EDGE('',*,*,#13588,.T.);
#13586=ORIENTED_EDGE('',*,*,#13589,.T.);
#13587=ORIENTED_EDGE('',*,*,#13590,.T.);
#13588=EDGE_CURVE('',#249,#769,#13591,.F.);
#13589=EDGE_CURVE('',#769,#245,#13592,.T.);
#13590=EDGE_CURVE('',#245,#249,#13593,.T.);
#13591=LINE('',#248,#13594);
#13592=LINE('',#768,#13595);
#13593=LINE('',#244,#13596);
#13594=VECTOR('',#13597,1.0);
#13595=VECTOR('',#13598,1.0);
#13596=VECTOR('',#13599,1.0);
#13597=DIRECTION('',(0,0,-1));
#13598=DIRECTION('',(0.061604983974478535,0.025517480728914733,0.9977743653385538));
#13599=DIRECTION('',(-0.9238802702719372,-0.38268165124846537,0));
#13600=FACE_SURFACE('',(#13605),#13601,.T.);
#13601=PLANE('',#13602);
#13602=AXIS2_PLACEMENT_3D('',#244,#13603,#13604);
#13603=DIRECTION('',(0.3826816512484654,-0.9238802702719373,0));
#13604=DIRECTION('',(-0.061604983974478535,-0.025517480728914733,-0.9977743653385538));
#13605=FACE_BOUND('',#13606,.T.);
#13606=EDGE_LOOP('',(#13607,#13608,#13609));
#13607=ORIENTED_EDGE('',*,*,#13610,.T.);
#13608=ORIENTED_EDGE('',*,*,#13611,.T.);
#13609=ORIENTED_EDGE('',*,*,#13612,.T.);
#13610=EDGE_CURVE('',#245,#769,#13613,.F.);
#13611=EDGE_CURVE('',#769,#765,#13614,.T.);
#13612=EDGE_CURVE('',#765,#245,#13615,.T.);
#13613=LINE('',#244,#13616);
#13614=LINE('',#768,#13617);
#13615=LINE('',#764,#13618);
#13616=VECTOR('',#13619,1.0);
#13617=VECTOR('',#13620,1.0);
#13618=VECTOR('',#13621,1.0);
#13619=DIRECTION('',(-0.061604983974478535,-0.025517480728914733,-0.9977743653385538));
#13620=DIRECTION('',(0.9238802702719372,0.38268165124846537,0));
#13621=DIRECTION('',(0,0,1));
#13622=FACE_SURFACE('',(#13627),#13623,.T.);
#13623=PLANE('',#13624);
#13624=AXIS2_PLACEMENT_3D('',#244,#13625,#13626);
#13625=DIRECTION('',(0.13052944980762596,-0.9914444324988257,0));
#13626=DIRECTION('',(0,0,-1));
#13627=FACE_BOUND('',#13628,.T.);
#13628=EDGE_LOOP('',(#13629,#13630,#13631));
#13629=ORIENTED_EDGE('',*,*,#13632,.T.);
#13630=ORIENTED_EDGE('',*,*,#13633,.T.);
#13631=ORIENTED_EDGE('',*,*,#13634,.T.);
#13632=EDGE_CURVE('',#245,#765,#13635,.F.);
#13633=EDGE_CURVE('',#765,#243,#13636,.T.);
#13634=EDGE_CURVE('',#243,#245,#13637,.T.);
#13635=LINE('',#244,#13638);
#13636=LINE('',#764,#13639);
#13637=LINE('',#242,#13640);
#13638=VECTOR('',#13641,1.0);
#13639=VECTOR('',#13642,1.0);
#13640=VECTOR('',#13643,1.0);
#13641=DIRECTION('',(0,0,-1));
#13642=DIRECTION('',(0.06611013512179104,0.008703785387554147,0.9977743703634133));
#13643=DIRECTION('',(-0.9914444324988257,-0.13052944980762596,0));
#13644=FACE_SURFACE('',(#13649),#13645,.T.);
#13645=PLANE('',#13646);
#13646=AXIS2_PLACEMENT_3D('',#242,#13647,#13648);
#13647=DIRECTION('',(0.13052944980762596,-0.9914444324988257,0));
#13648=DIRECTION('',(-0.06611013512179104,-0.008703785387554147,-0.9977743703634133));
#13649=FACE_BOUND('',#13650,.T.);
#13650=EDGE_LOOP('',(#13651,#13652,#13653));
#13651=ORIENTED_EDGE('',*,*,#13654,.T.);
#13652=ORIENTED_EDGE('',*,*,#13655,.T.);
#13653=ORIENTED_EDGE('',*,*,#13656,.T.);
#13654=EDGE_CURVE('',#243,#765,#13657,.F.);
#13655=EDGE_CURVE('',#765,#761,#13658,.T.);
#13656=EDGE_CURVE('',#761,#243,#13659,.T.);
#13657=LINE('',#242,#13660);
#13658=LINE('',#764,#13661);
#13659=LINE('',#760,#13662);
#13660=VECTOR('',#13663,1.0);
#13661=VECTOR('',#13664,1.0);
#13662=VECTOR('',#13665,1.0);
#13663=DIRECTION('',(-0.06611013512179104,-0.008703785387554147,-0.9977743703634133));
#13664=DIRECTION('',(0.9914444324988257,0.13052944980762596,0));
#13665=DIRECTION('',(0,0,1));
#13666=FACE_SURFACE('',(#13671),#13667,.T.);
#13667=PLANE('',#13668);
#13668=AXIS2_PLACEMENT_3D('',#242,#13669,#13670);
#13669=DIRECTION('',(-0.13052944980762596,-0.9914444324988257,-0));
#13670=DIRECTION('',(0,0,-1));
#13671=FACE_BOUND('',#13672,.T.);
#13672=EDGE_LOOP('',(#13673,#13674,#13675));
#13673=ORIENTED_EDGE('',*,*,#13676,.T.);
#13674=ORIENTED_EDGE('',*,*,#13677,.T.);
#13675=ORIENTED_EDGE('',*,*,#13678,.T.);
#13676=EDGE_CURVE('',#243,#761,#13679,.F.);
#13677=EDGE_CURVE('',#761,#239,#13680,.T.);
#13678=EDGE_CURVE('',#239,#243,#13681,.T.);
#13679=LINE('',#242,#13682);
#13680=LINE('',#760,#13683);
#13681=LINE('',#238,#13684);
#13682=VECTOR('',#13685,1.0);
#13683=VECTOR('',#13686,1.0);
#13684=VECTOR('',#13687,1.0);
#13685=DIRECTION('',(0,0,-1));
#13686=DIRECTION('',(0.06611013512179104,-0.008703785387554147,0.9977743703634133));
#13687=DIRECTION('',(-0.9914444324988257,0.13052944980762596,0));
#13688=FACE_SURFACE('',(#13693),#13689,.T.);
#13689=PLANE('',#13690);
#13690=AXIS2_PLACEMENT_3D('',#238,#13691,#13692);
#13691=DIRECTION('',(-0.13052944980762596,-0.9914444324988257,-0));
#13692=DIRECTION('',(-0.06611013512179104,0.008703785387554147,-0.9977743703634133));
#13693=FACE_BOUND('',#13694,.T.);
#13694=EDGE_LOOP('',(#13695,#13696,#13697));
#13695=ORIENTED_EDGE('',*,*,#13698,.T.);
#13696=ORIENTED_EDGE('',*,*,#13699,.T.);
#13697=ORIENTED_EDGE('',*,*,#13700,.T.);
#13698=EDGE_CURVE('',#239,#761,#13701,.F.);
#13699=EDGE_CURVE('',#761,#757,#13702,.T.);
#13700=EDGE_CURVE('',#757,#239,#13703,.T.);
#13701=LINE('',#238,#13704);
#13702=LINE('',#760,#13705);
#13703=LINE('',#756,#13706);
#13704=VECTOR('',#13707,1.0);
#13705=VECTOR('',#13708,1.0);
#13706=VECTOR('',#13709,1.0);
#13707=DIRECTION('',(-0.06611013512179104,0.008703785387554147,-0.9977743703634133));
#13708=DIRECTION('',(0.9914444324988257,-0.13052944980762596,0));
#13709=DIRECTION('',(0,0,1));
#13710=FACE_SURFACE('',(#13715),#13711,.T.);
#13711=PLANE('',#13712);
#13712=AXIS2_PLACEMENT_3D('',#238,#13713,#13714);
#13713=DIRECTION('',(-0.3826816512484654,-0.9238802702719373,-0));
#13714=DIRECTION('',(0,0,-1));
#13715=FACE_BOUND('',#13716,.T.);
#13716=EDGE_LOOP('',(#13717,#13718,#13719));
#13717=ORIENTED_EDGE('',*,*,#13720,.T.);
#13718=ORIENTED_EDGE('',*,*,#13721,.T.);
#13719=ORIENTED_EDGE('',*,*,#13722,.T.);
#13720=EDGE_CURVE('',#239,#757,#13723,.F.);
#13721=EDGE_CURVE('',#757,#235,#13724,.T.);
#13722=EDGE_CURVE('',#235,#239,#13725,.T.);
#13723=LINE('',#238,#13726);
#13724=LINE('',#756,#13727);
#13725=LINE('',#234,#13728);
#13726=VECTOR('',#13729,1.0);
#13727=VECTOR('',#13730,1.0);
#13728=VECTOR('',#13731,1.0);
#13729=DIRECTION('',(0,0,-1));
#13730=DIRECTION('',(0.061604983974478535,-0.025517480728914733,0.9977743653385538));
#13731=DIRECTION('',(-0.9238802702719372,0.38268165124846537,0));
#13732=FACE_SURFACE('',(#13737),#13733,.T.);
#13733=PLANE('',#13734);
#13734=AXIS2_PLACEMENT_3D('',#234,#13735,#13736);
#13735=DIRECTION('',(-0.3826816512484654,-0.9238802702719373,-0));
#13736=DIRECTION('',(-0.061604983974478535,0.025517480728914733,-0.9977743653385538));
#13737=FACE_BOUND('',#13738,.T.);
#13738=EDGE_LOOP('',(#13739,#13740,#13741));
#13739=ORIENTED_EDGE('',*,*,#13742,.T.);
#13740=ORIENTED_EDGE('',*,*,#13743,.T.);
#13741=ORIENTED_EDGE('',*,*,#13744,.T.);
#13742=EDGE_CURVE('',#235,#757,#13745,.F.);
#13743=EDGE_CURVE('',#757,#753,#13746,.T.);
#13744=EDGE_CURVE('',#753,#235,#13747,.T.);
#13745=LINE('',#234,#13748);
#13746=LINE('',#756,#13749);
#13747=LINE('',#752,#13750);
#13748=VECTOR('',#13751,1.0);
#13749=VECTOR('',#13752,1.0);
#13750=VECTOR('',#13753,1.0);
#13751=DIRECTION('',(-0.061604983974478535,0.025517480728914733,-0.9977743653385538));
#13752=DIRECTION('',(0.9238802702719372,-0.38268165124846537,0));
#13753=DIRECTION('',(0,0,1));
#13754=FACE_SURFACE('',(#13759),#13755,.T.);
#13755=PLANE('',#13756);
#13756=AXIS2_PLACEMENT_3D('',#234,#13757,#13758);
#13757=DIRECTION('',(-0.6087627189097362,-0.793352350513708,-0));
#13758=DIRECTION('',(0,0,-1));
#13759=FACE_BOUND('',#13760,.T.);
#13760=EDGE_LOOP('',(#13761,#13762,#13763));
#13761=ORIENTED_EDGE('',*,*,#13764,.T.);
#13762=ORIENTED_EDGE('',*,*,#13765,.T.);
#13763=ORIENTED_EDGE('',*,*,#13766,.T.);
#13764=EDGE_CURVE('',#235,#753,#13767,.F.);
#13765=EDGE_CURVE('',#753,#111,#13768,.T.);
#13766=EDGE_CURVE('',#111,#235,#13769,.T.);
#13767=LINE('',#234,#13770);
#13768=LINE('',#752,#13771);
#13769=LINE('',#110,#13772);
#13770=VECTOR('',#13773,1.0);
#13771=VECTOR('',#13774,1.0);
#13772=VECTOR('',#13775,1.0);
#13773=DIRECTION('',(0,0,-1));
#13774=DIRECTION('',(0.05290119904055814,-0.040592654374393085,0.9977743730678356));
#13775=DIRECTION('',(-0.793352350513708,0.6087627189097362,0));
#13776=FACE_SURFACE('',(#13781),#13777,.T.);
#13777=PLANE('',#13778);
#13778=AXIS2_PLACEMENT_3D('',#110,#13779,#13780);
#13779=DIRECTION('',(-0.6087627189097362,-0.793352350513708,-0));
#13780=DIRECTION('',(-0.05290119904055814,0.040592654374393085,-0.9977743730678356));
#13781=FACE_BOUND('',#13782,.T.);
#13782=EDGE_LOOP('',(#13783,#13784,#13785));
#13783=ORIENTED_EDGE('',*,*,#13786,.T.);
#13784=ORIENTED_EDGE('',*,*,#13787,.T.);
#13785=ORIENTED_EDGE('',*,*,#13788,.T.);
#13786=EDGE_CURVE('',#111,#753,#13789,.F.);
#13787=EDGE_CURVE('',#753,#749,#13790,.T.);
#13788=EDGE_CURVE('',#749,#111,#13791,.T.);
#13789=LINE('',#110,#13792);
#13790=LINE('',#752,#13793);
#13791=LINE('',#748,#13794);
#13792=VECTOR('',#13795,1.0);
#13793=VECTOR('',#13796,1.0);
#13794=VECTOR('',#13797,1.0);
#13795=DIRECTION('',(-0.05290119904055814,0.040592654374393085,-0.9977743730678356));
#13796=DIRECTION('',(0.793352350513708,-0.6087627189097362,0));
#13797=DIRECTION('',(0,0,1));
#13798=FACE_SURFACE('',(#13803),#13799,.T.);
#13799=PLANE('',#13800);
#13800=AXIS2_PLACEMENT_3D('',#110,#13801,#13802);
#13801=DIRECTION('',(-0.7933523505136998,-0.608762718909747,-0));
#13802=DIRECTION('',(0,0,-1));
#13803=FACE_BOUND('',#13804,.T.);
#13804=EDGE_LOOP('',(#13805,#13806,#13807));
#13805=ORIENTED_EDGE('',*,*,#13808,.T.);
#13806=ORIENTED_EDGE('',*,*,#13809,.T.);
#13807=ORIENTED_EDGE('',*,*,#13810,.T.);
#13808=EDGE_CURVE('',#111,#749,#13811,.F.);
#13809=EDGE_CURVE('',#749,#107,#13812,.T.);
#13810=EDGE_CURVE('',#107,#111,#13813,.T.);
#13811=LINE('',#110,#13814);
#13812=LINE('',#748,#13815);
#13813=LINE('',#106,#13816);
#13814=VECTOR('',#13817,1.0);
#13815=VECTOR('',#13818,1.0);
#13816=VECTOR('',#13819,1.0);
#13817=DIRECTION('',(0,0,-1));
#13818=DIRECTION('',(0.040592654374394216,-0.05290119904055814,0.9977743730678356));
#13819=DIRECTION('',(-0.608762718909747,0.7933523505136998,0));
#13820=FACE_SURFACE('',(#13825),#13821,.T.);
#13821=PLANE('',#13822);
#13822=AXIS2_PLACEMENT_3D('',#106,#13823,#13824);
#13823=DIRECTION('',(-0.7933523505136998,-0.608762718909747,-0));
#13824=DIRECTION('',(-0.040592654374394216,0.05290119904055814,-0.9977743730678356));
#13825=FACE_BOUND('',#13826,.T.);
#13826=EDGE_LOOP('',(#13827,#13828,#13829));
#13827=ORIENTED_EDGE('',*,*,#13830,.T.);
#13828=ORIENTED_EDGE('',*,*,#13831,.T.);
#13829=ORIENTED_EDGE('',*,*,#13832,.T.);
#13830=EDGE_CURVE('',#107,#749,#13833,.F.);
#13831=EDGE_CURVE('',#749,#745,#13834,.T.);
#13832=EDGE_CURVE('',#745,#107,#13835,.T.);
#13833=LINE('',#106,#13836);
#13834=LINE('',#748,#13837);
#13835=LINE('',#744,#13838);
#13836=VECTOR('',#13839,1.0);
#13837=VECTOR('',#13840,1.0);
#13838=VECTOR('',#13841,1.0);
#13839=DIRECTION('',(-0.040592654374394216,0.05290119904055814,-0.9977743730678356));
#13840=DIRECTION('',(0.608762718909747,-0.7933523505136998,0));
#13841=DIRECTION('',(0,0,1));
#13842=FACE_SURFACE('',(#13847),#13843,.T.);
#13843=PLANE('',#13844);
#13844=AXIS2_PLACEMENT_3D('',#106,#13845,#13846);
#13845=DIRECTION('',(-0.9238802702719445,-0.3826816512484479,-0));
#13846=DIRECTION('',(0,0,-1));
#13847=FACE_BOUND('',#13848,.T.);
#13848=EDGE_LOOP('',(#13849,#13850,#13851));
#13849=ORIENTED_EDGE('',*,*,#13852,.T.);
#13850=ORIENTED_EDGE('',*,*,#13853,.T.);
#13851=ORIENTED_EDGE('',*,*,#13854,.T.);
#13852=EDGE_CURVE('',#107,#745,#13855,.F.);
#13853=EDGE_CURVE('',#745,#83,#13856,.T.);
#13854=EDGE_CURVE('',#83,#107,#13857,.T.);
#13855=LINE('',#106,#13858);
#13856=LINE('',#744,#13859);
#13857=LINE('',#82,#13860);
#13858=VECTOR('',#13861,1.0);
#13859=VECTOR('',#13862,1.0);
#13860=VECTOR('',#13863,1.0);
#13861=DIRECTION('',(0,0,-1));
#13862=DIRECTION('',(0.025517480728913598,-0.0616049839744791,0.9977743653385538));
#13863=DIRECTION('',(-0.3826816512484479,0.9238802702719445,0));
#13864=FACE_SURFACE('',(#13869),#13865,.T.);
#13865=PLANE('',#13866);
#13866=AXIS2_PLACEMENT_3D('',#82,#13867,#13868);
#13867=DIRECTION('',(-0.9238802702719445,-0.3826816512484479,-0));
#13868=DIRECTION('',(-0.025517480728913598,0.0616049839744791,-0.9977743653385538));
#13869=FACE_BOUND('',#13870,.T.);
#13870=EDGE_LOOP('',(#13871,#13872,#13873));
#13871=ORIENTED_EDGE('',*,*,#13874,.T.);
#13872=ORIENTED_EDGE('',*,*,#13875,.T.);
#13873=ORIENTED_EDGE('',*,*,#13876,.T.);
#13874=EDGE_CURVE('',#83,#745,#13877,.F.);
#13875=EDGE_CURVE('',#745,#741,#13878,.T.);
#13876=EDGE_CURVE('',#741,#83,#13879,.T.);
#13877=LINE('',#82,#13880);
#13878=LINE('',#744,#13881);
#13879=LINE('',#740,#13882);
#13880=VECTOR('',#13883,1.0);
#13881=VECTOR('',#13884,1.0);
#13882=VECTOR('',#13885,1.0);
#13883=DIRECTION('',(-0.025517480728913598,0.0616049839744791,-0.9977743653385538));
#13884=DIRECTION('',(0.3826816512484479,-0.9238802702719445,0));
#13885=DIRECTION('',(0,0,1));
#13886=FACE_SURFACE('',(#13891),#13887,.T.);
#13887=PLANE('',#13888);
#13888=AXIS2_PLACEMENT_3D('',#82,#13889,#13890);
#13889=DIRECTION('',(-0.9914444324988245,-0.1305294498076343,-0));
#13890=DIRECTION('',(0,0,-1));
#13891=FACE_BOUND('',#13892,.T.);
#13892=EDGE_LOOP('',(#13893,#13894,#13895));
#13893=ORIENTED_EDGE('',*,*,#13896,.T.);
#13894=ORIENTED_EDGE('',*,*,#13897,.T.);
#13895=ORIENTED_EDGE('',*,*,#13898,.T.);
#13896=EDGE_CURVE('',#83,#741,#13899,.F.);
#13897=EDGE_CURVE('',#741,#87,#13900,.T.);
#13898=EDGE_CURVE('',#87,#83,#13901,.T.);
#13899=LINE('',#82,#13902);
#13900=LINE('',#740,#13903);
#13901=LINE('',#86,#13904);
#13902=VECTOR('',#13905,1.0);
#13903=VECTOR('',#13906,1.0);
#13904=VECTOR('',#13907,1.0);
#13905=DIRECTION('',(0,0,-1));
#13906=DIRECTION('',(0.008703785387554714,-0.06611013512179104,0.9977743703634133));
#13907=DIRECTION('',(-0.1305294498076343,0.9914444324988245,0));
#13908=FACE_SURFACE('',(#13913),#13909,.T.);
#13909=PLANE('',#13910);
#13910=AXIS2_PLACEMENT_3D('',#86,#13911,#13912);
#13911=DIRECTION('',(-0.9914444324988245,-0.1305294498076343,-0));
#13912=DIRECTION('',(-0.008703785387554714,0.06611013512179104,-0.9977743703634133));
#13913=FACE_BOUND('',#13914,.T.);
#13914=EDGE_LOOP('',(#13915,#13916,#13917));
#13915=ORIENTED_EDGE('',*,*,#13918,.T.);
#13916=ORIENTED_EDGE('',*,*,#13919,.T.);
#13917=ORIENTED_EDGE('',*,*,#13920,.T.);
#13918=EDGE_CURVE('',#87,#741,#13921,.F.);
#13919=EDGE_CURVE('',#741,#737,#13922,.T.);
#13920=EDGE_CURVE('',#737,#87,#13923,.T.);
#13921=LINE('',#86,#13924);
#13922=LINE('',#740,#13925);
#13923=LINE('',#736,#13926);
#13924=VECTOR('',#13927,1.0);
#13925=VECTOR('',#13928,1.0);
#13926=VECTOR('',#13929,1.0);
#13927=DIRECTION('',(-0.008703785387554714,0.06611013512179104,-0.9977743703634133));
#13928=DIRECTION('',(0.1305294498076343,-0.9914444324988245,0));
#13929=DIRECTION('',(0,0,1));
#13930=FACE_SURFACE('',(#13935),#13931,.T.);
#13931=PLANE('',#13932);
#13932=AXIS2_PLACEMENT_3D('',#86,#13933,#13934);
#13933=DIRECTION('',(-0.9914444324988245,0.1305294498076343,0));
#13934=DIRECTION('',(0,0,-1));
#13935=FACE_BOUND('',#13936,.T.);
#13936=EDGE_LOOP('',(#13937,#13938,#13939));
#13937=ORIENTED_EDGE('',*,*,#13940,.T.);
#13938=ORIENTED_EDGE('',*,*,#13941,.T.);
#13939=ORIENTED_EDGE('',*,*,#13942,.T.);
#13940=EDGE_CURVE('',#87,#737,#13943,.F.);
#13941=EDGE_CURVE('',#737,#91,#13944,.T.);
#13942=EDGE_CURVE('',#91,#87,#13945,.T.);
#13943=LINE('',#86,#13946);
#13944=LINE('',#736,#13947);
#13945=LINE('',#90,#13948);
#13946=VECTOR('',#13949,1.0);
#13947=VECTOR('',#13950,1.0);
#13948=VECTOR('',#13951,1.0);
#13949=DIRECTION('',(0,0,-1));
#13950=DIRECTION('',(-0.008703785387554714,-0.06611013512179104,0.9977743703634133));
#13951=DIRECTION('',(0.1305294498076343,0.9914444324988245,0));
#13952=FACE_SURFACE('',(#13957),#13953,.T.);
#13953=PLANE('',#13954);
#13954=AXIS2_PLACEMENT_3D('',#90,#13955,#13956);
#13955=DIRECTION('',(-0.9914444324988245,0.1305294498076343,0));
#13956=DIRECTION('',(0.008703785387554714,0.06611013512179104,-0.9977743703634133));
#13957=FACE_BOUND('',#13958,.T.);
#13958=EDGE_LOOP('',(#13959,#13960,#13961));
#13959=ORIENTED_EDGE('',*,*,#13962,.T.);
#13960=ORIENTED_EDGE('',*,*,#13963,.T.);
#13961=ORIENTED_EDGE('',*,*,#13964,.T.);
#13962=EDGE_CURVE('',#91,#737,#13965,.F.);
#13963=EDGE_CURVE('',#737,#733,#13966,.T.);
#13964=EDGE_CURVE('',#733,#91,#13967,.T.);
#13965=LINE('',#90,#13968);
#13966=LINE('',#736,#13969);
#13967=LINE('',#732,#13970);
#13968=VECTOR('',#13971,1.0);
#13969=VECTOR('',#13972,1.0);
#13970=VECTOR('',#13973,1.0);
#13971=DIRECTION('',(0.008703785387554714,0.06611013512179104,-0.9977743703634133));
#13972=DIRECTION('',(-0.1305294498076343,-0.9914444324988245,0));
#13973=DIRECTION('',(0,0,1));
#13974=FACE_SURFACE('',(#13979),#13975,.T.);
#13975=PLANE('',#13976);
#13976=AXIS2_PLACEMENT_3D('',#90,#13977,#13978);
#13977=DIRECTION('',(-0.9238802702719445,0.3826816512484479,0));
#13978=DIRECTION('',(0,0,-1));
#13979=FACE_BOUND('',#13980,.T.);
#13980=EDGE_LOOP('',(#13981,#13982,#13983));
#13981=ORIENTED_EDGE('',*,*,#13984,.T.);
#13982=ORIENTED_EDGE('',*,*,#13985,.T.);
#13983=ORIENTED_EDGE('',*,*,#13986,.T.);
#13984=EDGE_CURVE('',#91,#733,#13987,.F.);
#13985=EDGE_CURVE('',#733,#95,#13988,.T.);
#13986=EDGE_CURVE('',#95,#91,#13989,.T.);
#13987=LINE('',#90,#13990);
#13988=LINE('',#732,#13991);
#13989=LINE('',#94,#13992);
#13990=VECTOR('',#13993,1.0);
#13991=VECTOR('',#13994,1.0);
#13992=VECTOR('',#13995,1.0);
#13993=DIRECTION('',(0,0,-1));
#13994=DIRECTION('',(-0.025517480728913598,-0.0616049839744791,0.9977743653385538));
#13995=DIRECTION('',(0.3826816512484479,0.9238802702719445,0));
#13996=FACE_SURFACE('',(#14001),#13997,.T.);
#13997=PLANE('',#13998);
#13998=AXIS2_PLACEMENT_3D('',#94,#13999,#14000);
#13999=DIRECTION('',(-0.9238802702719445,0.3826816512484479,0));
#14000=DIRECTION('',(0.025517480728913598,0.0616049839744791,-0.9977743653385538));
#14001=FACE_BOUND('',#14002,.T.);
#14002=EDGE_LOOP('',(#14003,#14004,#14005));
#14003=ORIENTED_EDGE('',*,*,#14006,.T.);
#14004=ORIENTED_EDGE('',*,*,#14007,.T.);
#14005=ORIENTED_EDGE('',*,*,#14008,.T.);
#14006=EDGE_CURVE('',#95,#733,#14009,.F.);
#14007=EDGE_CURVE('',#733,#729,#14010,.T.);
#14008=EDGE_CURVE('',#729,#95,#14011,.T.);
#14009=LINE('',#94,#14012);
#14010=LINE('',#732,#14013);
#14011=LINE('',#728,#14014);
#14012=VECTOR('',#14015,1.0);
#14013=VECTOR('',#14016,1.0);
#14014=VECTOR('',#14017,1.0);
#14015=DIRECTION('',(0.025517480728913598,0.0616049839744791,-0.9977743653385538));
#14016=DIRECTION('',(-0.3826816512484479,-0.9238802702719445,0));
#14017=DIRECTION('',(0,0,1));
#14018=FACE_SURFACE('',(#14023),#14019,.T.);
#14019=PLANE('',#14020);
#14020=AXIS2_PLACEMENT_3D('',#94,#14021,#14022);
#14021=DIRECTION('',(-0.7933523505136998,0.608762718909747,0));
#14022=DIRECTION('',(0,0,-1));
#14023=FACE_BOUND('',#14024,.T.);
#14024=EDGE_LOOP('',(#14025,#14026,#14027));
#14025=ORIENTED_EDGE('',*,*,#14028,.T.);
#14026=ORIENTED_EDGE('',*,*,#14029,.T.);
#14027=ORIENTED_EDGE('',*,*,#14030,.T.);
#14028=EDGE_CURVE('',#95,#729,#14031,.F.);
#14029=EDGE_CURVE('',#729,#99,#14032,.T.);
#14030=EDGE_CURVE('',#99,#95,#14033,.T.);
#14031=LINE('',#94,#14034);
#14032=LINE('',#728,#14035);
#14033=LINE('',#98,#14036);
#14034=VECTOR('',#14037,1.0);
#14035=VECTOR('',#14038,1.0);
#14036=VECTOR('',#14039,1.0);
#14037=DIRECTION('',(0,0,-1));
#14038=DIRECTION('',(-0.040592654374394216,-0.05290119904055814,0.9977743730678356));
#14039=DIRECTION('',(0.608762718909747,0.7933523505136998,0));
#14040=FACE_SURFACE('',(#14045),#14041,.T.);
#14041=PLANE('',#14042);
#14042=AXIS2_PLACEMENT_3D('',#98,#14043,#14044);
#14043=DIRECTION('',(-0.7933523505136998,0.608762718909747,0));
#14044=DIRECTION('',(0.040592654374394216,0.05290119904055814,-0.9977743730678356));
#14045=FACE_BOUND('',#14046,.T.);
#14046=EDGE_LOOP('',(#14047,#14048,#14049));
#14047=ORIENTED_EDGE('',*,*,#14050,.T.);
#14048=ORIENTED_EDGE('',*,*,#14051,.T.);
#14049=ORIENTED_EDGE('',*,*,#14052,.T.);
#14050=EDGE_CURVE('',#99,#729,#14053,.F.);
#14051=EDGE_CURVE('',#729,#725,#14054,.T.);
#14052=EDGE_CURVE('',#725,#99,#14055,.T.);
#14053=LINE('',#98,#14056);
#14054=LINE('',#728,#14057);
#14055=LINE('',#724,#14058);
#14056=VECTOR('',#14059,1.0);
#14057=VECTOR('',#14060,1.0);
#14058=VECTOR('',#14061,1.0);
#14059=DIRECTION('',(0.040592654374394216,0.05290119904055814,-0.9977743730678356));
#14060=DIRECTION('',(-0.608762718909747,-0.7933523505136998,0));
#14061=DIRECTION('',(0,0,1));
#14062=FACE_SURFACE('',(#14067),#14063,.T.);
#14063=PLANE('',#14064);
#14064=AXIS2_PLACEMENT_3D('',#98,#14065,#14066);
#14065=DIRECTION('',(-0.6087627189097362,0.793352350513708,0));
#14066=DIRECTION('',(0,0,-1));
#14067=FACE_BOUND('',#14068,.T.);
#14068=EDGE_LOOP('',(#14069,#14070,#14071));
#14069=ORIENTED_EDGE('',*,*,#14072,.T.);
#14070=ORIENTED_EDGE('',*,*,#14073,.T.);
#14071=ORIENTED_EDGE('',*,*,#14074,.T.);
#14072=EDGE_CURVE('',#99,#725,#14075,.F.);
#14073=EDGE_CURVE('',#725,#103,#14076,.T.);
#14074=EDGE_CURVE('',#103,#99,#14077,.T.);
#14075=LINE('',#98,#14078);
#14076=LINE('',#724,#14079);
#14077=LINE('',#102,#14080);
#14078=VECTOR('',#14081,1.0);
#14079=VECTOR('',#14082,1.0);
#14080=VECTOR('',#14083,1.0);
#14081=DIRECTION('',(0,0,-1));
#14082=DIRECTION('',(-0.05290119904055814,-0.040592654374393085,0.9977743730678356));
#14083=DIRECTION('',(0.793352350513708,0.6087627189097362,0));
#14084=FACE_SURFACE('',(#14089),#14085,.T.);
#14085=PLANE('',#14086);
#14086=AXIS2_PLACEMENT_3D('',#102,#14087,#14088);
#14087=DIRECTION('',(-0.6087627189097362,0.793352350513708,0));
#14088=DIRECTION('',(0.05290119904055814,0.040592654374393085,-0.9977743730678356));
#14089=FACE_BOUND('',#14090,.T.);
#14090=EDGE_LOOP('',(#14091,#14092,#14093));
#14091=ORIENTED_EDGE('',*,*,#14094,.T.);
#14092=ORIENTED_EDGE('',*,*,#14095,.T.);
#14093=ORIENTED_EDGE('',*,*,#14096,.T.);
#14094=EDGE_CURVE('',#103,#725,#14097,.F.);
#14095=EDGE_CURVE('',#725,#721,#14098,.T.);
#14096=EDGE_CURVE('',#721,#103,#14099,.T.);
#14097=LINE('',#102,#14100);
#14098=LINE('',#724,#14101);
#14099=LINE('',#720,#14102);
#14100=VECTOR('',#14103,1.0);
#14101=VECTOR('',#14104,1.0);
#14102=VECTOR('',#14105,1.0);
#14103=DIRECTION('',(0.05290119904055814,0.040592654374393085,-0.9977743730678356));
#14104=DIRECTION('',(-0.793352350513708,-0.6087627189097362,0));
#14105=DIRECTION('',(0,0,1));
#14106=FACE_SURFACE('',(#14111),#14107,.T.);
#14107=PLANE('',#14108);
#14108=AXIS2_PLACEMENT_3D('',#102,#14109,#14110);
#14109=DIRECTION('',(-0.3826816512484654,0.9238802702719373,0));
#14110=DIRECTION('',(0,0,-1));
#14111=FACE_BOUND('',#14112,.T.);
#14112=EDGE_LOOP('',(#14113,#14114,#14115));
#14113=ORIENTED_EDGE('',*,*,#14116,.T.);
#14114=ORIENTED_EDGE('',*,*,#14117,.T.);
#14115=ORIENTED_EDGE('',*,*,#14118,.T.);
#14116=EDGE_CURVE('',#103,#721,#14119,.F.);
#14117=EDGE_CURVE('',#721,#105,#14120,.T.);
#14118=EDGE_CURVE('',#105,#103,#14121,.T.);
#14119=LINE('',#102,#14122);
#14120=LINE('',#720,#14123);
#14121=LINE('',#104,#14124);
#14122=VECTOR('',#14125,1.0);
#14123=VECTOR('',#14126,1.0);
#14124=VECTOR('',#14127,1.0);
#14125=DIRECTION('',(0,0,-1));
#14126=DIRECTION('',(-0.061604983974478535,-0.025517480728914733,0.9977743653385538));
#14127=DIRECTION('',(0.9238802702719372,0.38268165124846537,0));
#14128=FACE_SURFACE('',(#14133),#14129,.T.);
#14129=PLANE('',#14130);
#14130=AXIS2_PLACEMENT_3D('',#104,#14131,#14132);
#14131=DIRECTION('',(-0.3826816512484654,0.9238802702719373,0));
#14132=DIRECTION('',(0.061604983974478535,0.025517480728914733,-0.9977743653385538));
#14133=FACE_BOUND('',#14134,.T.);
#14134=EDGE_LOOP('',(#14135,#14136,#14137));
#14135=ORIENTED_EDGE('',*,*,#14138,.T.);
#14136=ORIENTED_EDGE('',*,*,#14139,.T.);
#14137=ORIENTED_EDGE('',*,*,#14140,.T.);
#14138=EDGE_CURVE('',#105,#721,#14141,.F.);
#14139=EDGE_CURVE('',#721,#717,#14142,.T.);
#14140=EDGE_CURVE('',#717,#105,#14143,.T.);
#14141=LINE('',#104,#14144);
#14142=LINE('',#720,#14145);
#14143=LINE('',#716,#14146);
#14144=VECTOR('',#14147,1.0);
#14145=VECTOR('',#14148,1.0);
#14146=VECTOR('',#14149,1.0);
#14147=DIRECTION('',(0.061604983974478535,0.025517480728914733,-0.9977743653385538));
#14148=DIRECTION('',(-0.9238802702719372,-0.38268165124846537,0));
#14149=DIRECTION('',(0,0,1));
#14150=FACE_SURFACE('',(#14155),#14151,.T.);
#14151=PLANE('',#14152);
#14152=AXIS2_PLACEMENT_3D('',#104,#14153,#14154);
#14153=DIRECTION('',(-0.13052944980762596,0.9914444324988257,0));
#14154=DIRECTION('',(0,0,-1));
#14155=FACE_BOUND('',#14156,.T.);
#14156=EDGE_LOOP('',(#14157,#14158,#14159));
#14157=ORIENTED_EDGE('',*,*,#14160,.T.);
#14158=ORIENTED_EDGE('',*,*,#14161,.T.);
#14159=ORIENTED_EDGE('',*,*,#14162,.T.);
#14160=EDGE_CURVE('',#105,#717,#14163,.F.);
#14161=EDGE_CURVE('',#717,#285,#14164,.T.);
#14162=EDGE_CURVE('',#285,#105,#14165,.T.);
#14163=LINE('',#104,#14166);
#14164=LINE('',#716,#14167);
#14165=LINE('',#284,#14168);
#14166=VECTOR('',#14169,1.0);
#14167=VECTOR('',#14170,1.0);
#14168=VECTOR('',#14171,1.0);
#14169=DIRECTION('',(0,0,-1));
#14170=DIRECTION('',(-0.06611013512179104,-0.008703785387554147,0.9977743703634133));
#14171=DIRECTION('',(0.9914444324988257,0.13052944980762596,0));
#14172=FACE_SURFACE('',(#14177),#14173,.T.);
#14173=PLANE('',#14174);
#14174=AXIS2_PLACEMENT_3D('',#284,#14175,#14176);
#14175=DIRECTION('',(-0.13052944980762596,0.9914444324988257,0));
#14176=DIRECTION('',(0.06611013512179104,0.008703785387554147,-0.9977743703634133));
#14177=FACE_BOUND('',#14178,.T.);
#14178=EDGE_LOOP('',(#14179,#14180,#14181));
#14179=ORIENTED_EDGE('',*,*,#14182,.T.);
#14180=ORIENTED_EDGE('',*,*,#14183,.T.);
#14181=ORIENTED_EDGE('',*,*,#14184,.T.);
#14182=EDGE_CURVE('',#285,#717,#14185,.F.);
#14183=EDGE_CURVE('',#717,#713,#14186,.T.);
#14184=EDGE_CURVE('',#713,#285,#14187,.T.);
#14185=LINE('',#284,#14188);
#14186=LINE('',#716,#14189);
#14187=LINE('',#712,#14190);
#14188=VECTOR('',#14191,1.0);
#14189=VECTOR('',#14192,1.0);
#14190=VECTOR('',#14193,1.0);
#14191=DIRECTION('',(0.06611013512179104,0.008703785387554147,-0.9977743703634133));
#14192=DIRECTION('',(-0.9914444324988257,-0.13052944980762596,0));
#14193=DIRECTION('',(0,0,1));
#14194=FACE_SURFACE('',(#14199),#14195,.T.);
#14195=PLANE('',#14196);
#14196=AXIS2_PLACEMENT_3D('',#284,#14197,#14198);
#14197=DIRECTION('',(0.13052944980762596,0.9914444324988257,0));
#14198=DIRECTION('',(0,0,-1));
#14199=FACE_BOUND('',#14200,.T.);
#14200=EDGE_LOOP('',(#14201,#14202,#14203));
#14201=ORIENTED_EDGE('',*,*,#14204,.T.);
#14202=ORIENTED_EDGE('',*,*,#14205,.T.);
#14203=ORIENTED_EDGE('',*,*,#14206,.T.);
#14204=EDGE_CURVE('',#285,#713,#14207,.F.);
#14205=EDGE_CURVE('',#713,#287,#14208,.T.);
#14206=EDGE_CURVE('',#287,#285,#14209,.T.);
#14207=LINE('',#284,#14210);
#14208=LINE('',#712,#14211);
#14209=LINE('',#286,#14212);
#14210=VECTOR('',#14213,1.0);
#14211=VECTOR('',#14214,1.0);
#14212=VECTOR('',#14215,1.0);
#14213=DIRECTION('',(0,0,-1));
#14214=DIRECTION('',(-0.06611013512179104,0.008703785387554147,0.9977743703634133));
#14215=DIRECTION('',(0.9914444324988257,-0.13052944980762596,0));
#14216=FACE_SURFACE('',(#14221),#14217,.T.);
#14217=PLANE('',#14218);
#14218=AXIS2_PLACEMENT_3D('',#286,#14219,#14220);
#14219=DIRECTION('',(0.13052944980762596,0.9914444324988257,0));
#14220=DIRECTION('',(0.06611013512179104,-0.008703785387554147,-0.9977743703634133));
#14221=FACE_BOUND('',#14222,.T.);
#14222=EDGE_LOOP('',(#14223,#14224,#14225));
#14223=ORIENTED_EDGE('',*,*,#14226,.T.);
#14224=ORIENTED_EDGE('',*,*,#14227,.T.);
#14225=ORIENTED_EDGE('',*,*,#14228,.T.);
#14226=EDGE_CURVE('',#287,#713,#14229,.F.);
#14227=EDGE_CURVE('',#713,#709,#14230,.T.);
#14228=EDGE_CURVE('',#709,#287,#14231,.T.);
#14229=LINE('',#286,#14232);
#14230=LINE('',#712,#14233);
#14231=LINE('',#708,#14234);
#14232=VECTOR('',#14235,1.0);
#14233=VECTOR('',#14236,1.0);
#14234=VECTOR('',#14237,1.0);
#14235=DIRECTION('',(0.06611013512179104,-0.008703785387554147,-0.9977743703634133));
#14236=DIRECTION('',(-0.9914444324988257,0.13052944980762596,0));
#14237=DIRECTION('',(0,0,1));
#14238=FACE_SURFACE('',(#14243),#14239,.T.);
#14239=PLANE('',#14240);
#14240=AXIS2_PLACEMENT_3D('',#286,#14241,#14242);
#14241=DIRECTION('',(0.3826816512484654,0.9238802702719373,0));
#14242=DIRECTION('',(0,0,-1));
#14243=FACE_BOUND('',#14244,.T.);
#14244=EDGE_LOOP('',(#14245,#14246,#14247));
#14245=ORIENTED_EDGE('',*,*,#14248,.T.);
#14246=ORIENTED_EDGE('',*,*,#14249,.T.);
#14247=ORIENTED_EDGE('',*,*,#14250,.T.);
#14248=EDGE_CURVE('',#287,#709,#14251,.F.);
#14249=EDGE_CURVE('',#709,#289,#14252,.T.);
#14250=EDGE_CURVE('',#289,#287,#14253,.T.);
#14251=LINE('',#286,#14254);
#14252=LINE('',#708,#14255);
#14253=LINE('',#288,#14256);
#14254=VECTOR('',#14257,1.0);
#14255=VECTOR('',#14258,1.0);
#14256=VECTOR('',#14259,1.0);
#14257=DIRECTION('',(0,0,-1));
#14258=DIRECTION('',(-0.061604983974478535,0.025517480728914733,0.9977743653385538));
#14259=DIRECTION('',(0.9238802702719372,-0.38268165124846537,0));
#14260=FACE_SURFACE('',(#14265),#14261,.T.);
#14261=PLANE('',#14262);
#14262=AXIS2_PLACEMENT_3D('',#288,#14263,#14264);
#14263=DIRECTION('',(0.3826816512484654,0.9238802702719373,0));
#14264=DIRECTION('',(0.061604983974478535,-0.025517480728914733,-0.9977743653385538));
#14265=FACE_BOUND('',#14266,.T.);
#14266=EDGE_LOOP('',(#14267,#14268,#14269));
#14267=ORIENTED_EDGE('',*,*,#14270,.T.);
#14268=ORIENTED_EDGE('',*,*,#14271,.T.);
#14269=ORIENTED_EDGE('',*,*,#14272,.T.);
#14270=EDGE_CURVE('',#289,#709,#14273,.F.);
#14271=EDGE_CURVE('',#709,#705,#14274,.T.);
#14272=EDGE_CURVE('',#705,#289,#14275,.T.);
#14273=LINE('',#288,#14276);
#14274=LINE('',#708,#14277);
#14275=LINE('',#704,#14278);
#14276=VECTOR('',#14279,1.0);
#14277=VECTOR('',#14280,1.0);
#14278=VECTOR('',#14281,1.0);
#14279=DIRECTION('',(0.061604983974478535,-0.025517480728914733,-0.9977743653385538));
#14280=DIRECTION('',(-0.9238802702719372,0.38268165124846537,0));
#14281=DIRECTION('',(0,0,1));
#14282=FACE_SURFACE('',(#14287),#14283,.T.);
#14283=PLANE('',#14284);
#14284=AXIS2_PLACEMENT_3D('',#288,#14285,#14286);
#14285=DIRECTION('',(0.6087627189097362,0.793352350513708,0));
#14286=DIRECTION('',(0,0,-1));
#14287=FACE_BOUND('',#14288,.T.);
#14288=EDGE_LOOP('',(#14289,#14290,#14291));
#14289=ORIENTED_EDGE('',*,*,#14292,.T.);
#14290=ORIENTED_EDGE('',*,*,#14293,.T.);
#14291=ORIENTED_EDGE('',*,*,#14294,.T.);
#14292=EDGE_CURVE('',#289,#705,#14295,.F.);
#14293=EDGE_CURVE('',#705,#291,#14296,.T.);
#14294=EDGE_CURVE('',#291,#289,#14297,.T.);
#14295=LINE('',#288,#14298);
#14296=LINE('',#704,#14299);
#14297=LINE('',#290,#14300);
#14298=VECTOR('',#14301,1.0);
#14299=VECTOR('',#14302,1.0);
#14300=VECTOR('',#14303,1.0);
#14301=DIRECTION('',(0,0,-1));
#14302=DIRECTION('',(-0.05290119904055814,0.040592654374393085,0.9977743730678356));
#14303=DIRECTION('',(0.793352350513708,-0.6087627189097362,0));
#14304=FACE_SURFACE('',(#14309),#14305,.T.);
#14305=PLANE('',#14306);
#14306=AXIS2_PLACEMENT_3D('',#290,#14307,#14308);
#14307=DIRECTION('',(0.6087627189097362,0.793352350513708,0));
#14308=DIRECTION('',(0.05290119904055814,-0.040592654374393085,-0.9977743730678356));
#14309=FACE_BOUND('',#14310,.T.);
#14310=EDGE_LOOP('',(#14311,#14312,#14313));
#14311=ORIENTED_EDGE('',*,*,#14314,.T.);
#14312=ORIENTED_EDGE('',*,*,#14315,.T.);
#14313=ORIENTED_EDGE('',*,*,#14316,.T.);
#14314=EDGE_CURVE('',#291,#705,#14317,.F.);
#14315=EDGE_CURVE('',#705,#701,#14318,.T.);
#14316=EDGE_CURVE('',#701,#291,#14319,.T.);
#14317=LINE('',#290,#14320);
#14318=LINE('',#704,#14321);
#14319=LINE('',#700,#14322);
#14320=VECTOR('',#14323,1.0);
#14321=VECTOR('',#14324,1.0);
#14322=VECTOR('',#14325,1.0);
#14323=DIRECTION('',(0.05290119904055814,-0.040592654374393085,-0.9977743730678356));
#14324=DIRECTION('',(-0.793352350513708,0.6087627189097362,0));
#14325=DIRECTION('',(0,0,1));
#14326=FACE_SURFACE('',(#14331),#14327,.T.);
#14327=PLANE('',#14328);
#14328=AXIS2_PLACEMENT_3D('',#290,#14329,#14330);
#14329=DIRECTION('',(0.7933523505136998,0.608762718909747,0));
#14330=DIRECTION('',(0,0,-1));
#14331=FACE_BOUND('',#14332,.T.);
#14332=EDGE_LOOP('',(#14333,#14334,#14335));
#14333=ORIENTED_EDGE('',*,*,#14336,.T.);
#14334=ORIENTED_EDGE('',*,*,#14337,.T.);
#14335=ORIENTED_EDGE('',*,*,#14338,.T.);
#14336=EDGE_CURVE('',#291,#701,#14339,.F.);
#14337=EDGE_CURVE('',#701,#293,#14340,.T.);
#14338=EDGE_CURVE('',#293,#291,#14341,.T.);
#14339=LINE('',#290,#14342);
#14340=LINE('',#700,#14343);
#14341=LINE('',#292,#14344);
#14342=VECTOR('',#14345,1.0);
#14343=VECTOR('',#14346,1.0);
#14344=VECTOR('',#14347,1.0);
#14345=DIRECTION('',(0,0,-1));
#14346=DIRECTION('',(-0.040592654374394216,0.05290119904055814,0.9977743730678356));
#14347=DIRECTION('',(0.608762718909747,-0.7933523505136998,0));
#14348=FACE_SURFACE('',(#14353),#14349,.T.);
#14349=PLANE('',#14350);
#14350=AXIS2_PLACEMENT_3D('',#292,#14351,#14352);
#14351=DIRECTION('',(0.7933523505136998,0.608762718909747,0));
#14352=DIRECTION('',(0.040592654374394216,-0.05290119904055814,-0.9977743730678356));
#14353=FACE_BOUND('',#14354,.T.);
#14354=EDGE_LOOP('',(#14355,#14356,#14357));
#14355=ORIENTED_EDGE('',*,*,#14358,.T.);
#14356=ORIENTED_EDGE('',*,*,#14359,.T.);
#14357=ORIENTED_EDGE('',*,*,#14360,.T.);
#14358=EDGE_CURVE('',#293,#701,#14361,.F.);
#14359=EDGE_CURVE('',#701,#697,#14362,.T.);
#14360=EDGE_CURVE('',#697,#293,#14363,.T.);
#14361=LINE('',#292,#14364);
#14362=LINE('',#700,#14365);
#14363=LINE('',#696,#14366);
#14364=VECTOR('',#14367,1.0);
#14365=VECTOR('',#14368,1.0);
#14366=VECTOR('',#14369,1.0);
#14367=DIRECTION('',(0.040592654374394216,-0.05290119904055814,-0.9977743730678356));
#14368=DIRECTION('',(-0.608762718909747,0.7933523505136998,0));
#14369=DIRECTION('',(0,0,1));
#14370=FACE_SURFACE('',(#14375),#14371,.T.);
#14371=PLANE('',#14372);
#14372=AXIS2_PLACEMENT_3D('',#292,#14373,#14374);
#14373=DIRECTION('',(0.9238802702719445,0.3826816512484479,0));
#14374=DIRECTION('',(0,0,-1));
#14375=FACE_BOUND('',#14376,.T.);
#14376=EDGE_LOOP('',(#14377,#14378,#14379));
#14377=ORIENTED_EDGE('',*,*,#14380,.T.);
#14378=ORIENTED_EDGE('',*,*,#14381,.T.);
#14379=ORIENTED_EDGE('',*,*,#14382,.T.);
#14380=EDGE_CURVE('',#293,#697,#14383,.F.);
#14381=EDGE_CURVE('',#697,#277,#14384,.T.);
#14382=EDGE_CURVE('',#277,#293,#14385,.T.);
#14383=LINE('',#292,#14386);
#14384=LINE('',#696,#14387);
#14385=LINE('',#276,#14388);
#14386=VECTOR('',#14389,1.0);
#14387=VECTOR('',#14390,1.0);
#14388=VECTOR('',#14391,1.0);
#14389=DIRECTION('',(0,0,-1));
#14390=DIRECTION('',(-0.025517480728913598,0.0616049839744791,0.9977743653385538));
#14391=DIRECTION('',(0.3826816512484479,-0.9238802702719445,0));
#14392=FACE_SURFACE('',(#14397),#14393,.T.);
#14393=PLANE('',#14394);
#14394=AXIS2_PLACEMENT_3D('',#276,#14395,#14396);
#14395=DIRECTION('',(0.9238802702719445,0.3826816512484479,0));
#14396=DIRECTION('',(0.025517480728913598,-0.0616049839744791,-0.9977743653385538));
#14397=FACE_BOUND('',#14398,.T.);
#14398=EDGE_LOOP('',(#14399,#14400,#14401));
#14399=ORIENTED_EDGE('',*,*,#14402,.T.);
#14400=ORIENTED_EDGE('',*,*,#14403,.T.);
#14401=ORIENTED_EDGE('',*,*,#14404,.T.);
#14402=EDGE_CURVE('',#277,#697,#14405,.F.);
#14403=EDGE_CURVE('',#697,#693,#14406,.T.);
#14404=EDGE_CURVE('',#693,#277,#14407,.T.);
#14405=LINE('',#276,#14408);
#14406=LINE('',#696,#14409);
#14407=LINE('',#692,#14410);
#14408=VECTOR('',#14411,1.0);
#14409=VECTOR('',#14412,1.0);
#14410=VECTOR('',#14413,1.0);
#14411=DIRECTION('',(0.025517480728913598,-0.0616049839744791,-0.9977743653385538));
#14412=DIRECTION('',(-0.3826816512484479,0.9238802702719445,0));
#14413=DIRECTION('',(0,0,1));
#14414=FACE_SURFACE('',(#14419),#14415,.T.);
#14415=PLANE('',#14416);
#14416=AXIS2_PLACEMENT_3D('',#778,#14417,#14418);
#14417=DIRECTION('',(-0,-1,-0));
#14418=DIRECTION('',(-1,0,0));
#14419=FACE_BOUND('',#14420,.T.);
#14420=EDGE_LOOP('',(#14421,#14422,#14423));
#14421=ORIENTED_EDGE('',*,*,#14424,.T.);
#14422=ORIENTED_EDGE('',*,*,#14425,.T.);
#14423=ORIENTED_EDGE('',*,*,#14426,.T.);
#14424=EDGE_CURVE('',#779,#781,#14427,.F.);
#14425=EDGE_CURVE('',#781,#783,#14428,.T.);
#14426=EDGE_CURVE('',#783,#779,#14429,.T.);
#14427=LINE('',#778,#14430);
#14428=LINE('',#780,#14431);
#14429=LINE('',#782,#14432);
#14430=VECTOR('',#14433,1.0);
#14431=VECTOR('',#14434,1.0);
#14432=VECTOR('',#14435,1.0);
#14433=DIRECTION('',(-1,0,0));
#14434=DIRECTION('',(0.9995801847002223,0,-0.028973338686962963));
#14435=DIRECTION('',(0,0,1));
#14436=FACE_SURFACE('',(#14441),#14437,.T.);
#14437=PLANE('',#14438);
#14438=AXIS2_PLACEMENT_3D('',#782,#14439,#14440);
#14439=DIRECTION('',(0,-1,0));
#14440=DIRECTION('',(-0.9995801847002223,0,0.028973338686962963));
#14441=FACE_BOUND('',#14442,.T.);
#14442=EDGE_LOOP('',(#14443,#14444,#14445));
#14443=ORIENTED_EDGE('',*,*,#14446,.T.);
#14444=ORIENTED_EDGE('',*,*,#14447,.T.);
#14445=ORIENTED_EDGE('',*,*,#14448,.T.);
#14446=EDGE_CURVE('',#783,#781,#14449,.F.);
#14447=EDGE_CURVE('',#781,#785,#14450,.T.);
#14448=EDGE_CURVE('',#785,#783,#14451,.T.);
#14449=LINE('',#782,#14452);
#14450=LINE('',#780,#14453);
#14451=LINE('',#784,#14454);
#14452=VECTOR('',#14455,1.0);
#14453=VECTOR('',#14456,1.0);
#14454=VECTOR('',#14457,1.0);
#14455=DIRECTION('',(-0.9995801847002223,0,0.028973338686962963));
#14456=DIRECTION('',(0,0,-1));
#14457=DIRECTION('',(1,0,0));
#14458=FACE_SURFACE('',(#14463),#14459,.T.);
#14459=PLANE('',#14460);
#14460=AXIS2_PLACEMENT_3D('',#786,#14461,#14462);
#14461=DIRECTION('',(-1,0,0));
#14462=DIRECTION('',(0,1,0));
#14463=FACE_BOUND('',#14464,.T.);
#14464=EDGE_LOOP('',(#14465,#14466,#14467));
#14465=ORIENTED_EDGE('',*,*,#14468,.T.);
#14466=ORIENTED_EDGE('',*,*,#14469,.T.);
#14467=ORIENTED_EDGE('',*,*,#14470,.T.);
#14468=EDGE_CURVE('',#787,#779,#14471,.F.);
#14469=EDGE_CURVE('',#779,#789,#14472,.T.);
#14470=EDGE_CURVE('',#789,#787,#14473,.T.);
#14471=LINE('',#786,#14474);
#14472=LINE('',#778,#14475);
#14473=LINE('',#788,#14476);
#14474=VECTOR('',#14477,1.0);
#14475=VECTOR('',#14478,1.0);
#14476=VECTOR('',#14479,1.0);
#14477=DIRECTION('',(0,1,0));
#14478=DIRECTION('',(0,-0.9993628543475496,-0.03569153051241249));
#14479=DIRECTION('',(0,0,1));
#14480=FACE_SURFACE('',(#14485),#14481,.T.);
#14481=PLANE('',#14482);
#14482=AXIS2_PLACEMENT_3D('',#788,#14483,#14484);
#14483=DIRECTION('',(-1,0,0));
#14484=DIRECTION('',(0,0.9993628543475496,0.03569153051241249));
#14485=FACE_BOUND('',#14486,.T.);
#14486=EDGE_LOOP('',(#14487,#14488,#14489));
#14487=ORIENTED_EDGE('',*,*,#14490,.T.);
#14488=ORIENTED_EDGE('',*,*,#14491,.T.);
#14489=ORIENTED_EDGE('',*,*,#14492,.T.);
#14490=EDGE_CURVE('',#789,#779,#14493,.F.);
#14491=EDGE_CURVE('',#779,#783,#14494,.T.);
#14492=EDGE_CURVE('',#783,#789,#14495,.T.);
#14493=LINE('',#788,#14496);
#14494=LINE('',#778,#14497);
#14495=LINE('',#782,#14498);
#14496=VECTOR('',#14499,1.0);
#14497=VECTOR('',#14500,1.0);
#14498=VECTOR('',#14501,1.0);
#14499=DIRECTION('',(0,0.9993628543475496,0.03569153051241249));
#14500=DIRECTION('',(0,0,-1));
#14501=DIRECTION('',(0,-1,0));
#14502=FACE_SURFACE('',(#14507),#14503,.T.);
#14503=PLANE('',#14504);
#14504=AXIS2_PLACEMENT_3D('',#790,#14505,#14506);
#14505=DIRECTION('',(-0,1,0));
#14506=DIRECTION('',(1,0,0));
#14507=FACE_BOUND('',#14508,.T.);
#14508=EDGE_LOOP('',(#14509,#14510,#14511));
#14509=ORIENTED_EDGE('',*,*,#14512,.T.);
#14510=ORIENTED_EDGE('',*,*,#14513,.T.);
#14511=ORIENTED_EDGE('',*,*,#14514,.T.);
#14512=EDGE_CURVE('',#791,#787,#14515,.F.);
#14513=EDGE_CURVE('',#787,#793,#14516,.T.);
#14514=EDGE_CURVE('',#793,#791,#14517,.T.);
#14515=LINE('',#790,#14518);
#14516=LINE('',#786,#14519);
#14517=LINE('',#792,#14520);
#14518=VECTOR('',#14521,1.0);
#14519=VECTOR('',#14522,1.0);
#14520=VECTOR('',#14523,1.0);
#14521=DIRECTION('',(1,0,0));
#14522=DIRECTION('',(-0.9995801847002223,0,-0.028973338686962963));
#14523=DIRECTION('',(0,0,1));
#14524=FACE_SURFACE('',(#14529),#14525,.T.);
#14525=PLANE('',#14526);
#14526=AXIS2_PLACEMENT_3D('',#792,#14527,#14528);
#14527=DIRECTION('',(0,1,0));
#14528=DIRECTION('',(0.9995801847002223,0,0.028973338686962963));
#14529=FACE_BOUND('',#14530,.T.);
#14530=EDGE_LOOP('',(#14531,#14532,#14533));
#14531=ORIENTED_EDGE('',*,*,#14534,.T.);
#14532=ORIENTED_EDGE('',*,*,#14535,.T.);
#14533=ORIENTED_EDGE('',*,*,#14536,.T.);
#14534=EDGE_CURVE('',#793,#787,#14537,.F.);
#14535=EDGE_CURVE('',#787,#789,#14538,.T.);
#14536=EDGE_CURVE('',#789,#793,#14539,.T.);
#14537=LINE('',#792,#14540);
#14538=LINE('',#786,#14541);
#14539=LINE('',#788,#14542);
#14540=VECTOR('',#14543,1.0);
#14541=VECTOR('',#14544,1.0);
#14542=VECTOR('',#14545,1.0);
#14543=DIRECTION('',(0.9995801847002223,0,0.028973338686962963));
#14544=DIRECTION('',(0,0,-1));
#14545=DIRECTION('',(-1,0,0));
#14546=FACE_SURFACE('',(#14551),#14547,.T.);
#14547=PLANE('',#14548);
#14548=AXIS2_PLACEMENT_3D('',#780,#14549,#14550);
#14549=DIRECTION('',(1,0,0));
#14550=DIRECTION('',(0,-1,0));
#14551=FACE_BOUND('',#14552,.T.);
#14552=EDGE_LOOP('',(#14553,#14554,#14555));
#14553=ORIENTED_EDGE('',*,*,#14556,.T.);
#14554=ORIENTED_EDGE('',*,*,#14557,.T.);
#14555=ORIENTED_EDGE('',*,*,#14558,.T.);
#14556=EDGE_CURVE('',#781,#791,#14559,.F.);
#14557=EDGE_CURVE('',#791,#785,#14560,.T.);
#14558=EDGE_CURVE('',#785,#781,#14561,.T.);
#14559=LINE('',#780,#14562);
#14560=LINE('',#790,#14563);
#14561=LINE('',#784,#14564);
#14562=VECTOR('',#14565,1.0);
#14563=VECTOR('',#14566,1.0);
#14564=VECTOR('',#14567,1.0);
#14565=DIRECTION('',(0,-1,0));
#14566=DIRECTION('',(0,0.9993628543475496,-0.03569153051241249));
#14567=DIRECTION('',(0,0,1));
#14568=FACE_SURFACE('',(#14573),#14569,.T.);
#14569=PLANE('',#14570);
#14570=AXIS2_PLACEMENT_3D('',#784,#14571,#14572);
#14571=DIRECTION('',(1,0,0));
#14572=DIRECTION('',(0,-0.9993628543475496,0.03569153051241249));
#14573=FACE_BOUND('',#14574,.T.);
#14574=EDGE_LOOP('',(#14575,#14576,#14577));
#14575=ORIENTED_EDGE('',*,*,#14578,.T.);
#14576=ORIENTED_EDGE('',*,*,#14579,.T.);
#14577=ORIENTED_EDGE('',*,*,#14580,.T.);
#14578=EDGE_CURVE('',#785,#791,#14581,.F.);
#14579=EDGE_CURVE('',#791,#793,#14582,.T.);
#14580=EDGE_CURVE('',#793,#785,#14583,.T.);
#14581=LINE('',#784,#14584);
#14582=LINE('',#790,#14585);
#14583=LINE('',#792,#14586);
#14584=VECTOR('',#14587,1.0);
#14585=VECTOR('',#14588,1.0);
#14586=VECTOR('',#14589,1.0);
#14587=DIRECTION('',(0,-0.9993628543475496,0.03569153051241249));
#14588=DIRECTION('',(0,0,-1));
#14589=DIRECTION('',(0,1,0));
#14590=FACE_SURFACE('',(#14595),#14591,.T.);
#14591=PLANE('',#14592);
#14592=AXIS2_PLACEMENT_3D('',#794,#14593,#14594);
#14593=DIRECTION('',(-0,-1,-0));
#14594=DIRECTION('',(-1,0,0));
#14595=FACE_BOUND('',#14596,.T.);
#14596=EDGE_LOOP('',(#14597,#14598,#14599));
#14597=ORIENTED_EDGE('',*,*,#14600,.T.);
#14598=ORIENTED_EDGE('',*,*,#14601,.T.);
#14599=ORIENTED_EDGE('',*,*,#14602,.T.);
#14600=EDGE_CURVE('',#795,#797,#14603,.F.);
#14601=EDGE_CURVE('',#797,#799,#14604,.T.);
#14602=EDGE_CURVE('',#799,#795,#14605,.T.);
#14603=LINE('',#794,#14606);
#14604=LINE('',#796,#14607);
#14605=LINE('',#798,#14608);
#14606=VECTOR('',#14609,1.0);
#14607=VECTOR('',#14610,1.0);
#14608=VECTOR('',#14611,1.0);
#14609=DIRECTION('',(-1,0,0));
#14610=DIRECTION('',(0.9996349698728535,0,-0.02701716134791496));
#14611=DIRECTION('',(0,0,1));
#14612=FACE_SURFACE('',(#14617),#14613,.T.);
#14613=PLANE('',#14614);
#14614=AXIS2_PLACEMENT_3D('',#798,#14615,#14616);
#14615=DIRECTION('',(0,-1,0));
#14616=DIRECTION('',(-0.9996349698728535,0,0.02701716134791496));
#14617=FACE_BOUND('',#14618,.T.);
#14618=EDGE_LOOP('',(#14619,#14620,#14621));
#14619=ORIENTED_EDGE('',*,*,#14622,.T.);
#14620=ORIENTED_EDGE('',*,*,#14623,.T.);
#14621=ORIENTED_EDGE('',*,*,#14624,.T.);
#14622=EDGE_CURVE('',#799,#797,#14625,.F.);
#14623=EDGE_CURVE('',#797,#801,#14626,.T.);
#14624=EDGE_CURVE('',#801,#799,#14627,.T.);
#14625=LINE('',#798,#14628);
#14626=LINE('',#796,#14629);
#14627=LINE('',#800,#14630);
#14628=VECTOR('',#14631,1.0);
#14629=VECTOR('',#14632,1.0);
#14630=VECTOR('',#14633,1.0);
#14631=DIRECTION('',(-0.9996349698728535,0,0.02701716134791496));
#14632=DIRECTION('',(0,0,-1));
#14633=DIRECTION('',(1,0,0));
#14634=FACE_SURFACE('',(#14639),#14635,.T.);
#14635=PLANE('',#14636);
#14636=AXIS2_PLACEMENT_3D('',#802,#14637,#14638);
#14637=DIRECTION('',(1,0,0));
#14638=DIRECTION('',(0,-1,0));
#14639=FACE_BOUND('',#14640,.T.);
#14640=EDGE_LOOP('',(#14641,#14642,#14643));
#14641=ORIENTED_EDGE('',*,*,#14644,.T.);
#14642=ORIENTED_EDGE('',*,*,#14645,.T.);
#14643=ORIENTED_EDGE('',*,*,#14646,.T.);
#14644=EDGE_CURVE('',#803,#795,#14647,.F.);
#14645=EDGE_CURVE('',#795,#805,#14648,.T.);
#14646=EDGE_CURVE('',#805,#803,#14649,.T.);
#14647=LINE('',#802,#14650);
#14648=LINE('',#794,#14651);
#14649=LINE('',#804,#14652);
#14650=VECTOR('',#14653,1.0);
#14651=VECTOR('',#14654,1.0);
#14652=VECTOR('',#14655,1.0);
#14653=DIRECTION('',(0,-1,0));
#14654=DIRECTION('',(0,0.9994629430332294,-0.03276927682076162));
#14655=DIRECTION('',(0,0,1));
#14656=FACE_SURFACE('',(#14661),#14657,.T.);
#14657=PLANE('',#14658);
#14658=AXIS2_PLACEMENT_3D('',#804,#14659,#14660);
#14659=DIRECTION('',(1,0,0));
#14660=DIRECTION('',(0,-0.9994629430332294,0.03276927682076162));
#14661=FACE_BOUND('',#14662,.T.);
#14662=EDGE_LOOP('',(#14663,#14664,#14665));
#14663=ORIENTED_EDGE('',*,*,#14666,.T.);
#14664=ORIENTED_EDGE('',*,*,#14667,.T.);
#14665=ORIENTED_EDGE('',*,*,#14668,.T.);
#14666=EDGE_CURVE('',#805,#795,#14669,.F.);
#14667=EDGE_CURVE('',#795,#799,#14670,.T.);
#14668=EDGE_CURVE('',#799,#805,#14671,.T.);
#14669=LINE('',#804,#14672);
#14670=LINE('',#794,#14673);
#14671=LINE('',#798,#14674);
#14672=VECTOR('',#14675,1.0);
#14673=VECTOR('',#14676,1.0);
#14674=VECTOR('',#14677,1.0);
#14675=DIRECTION('',(0,-0.9994629430332294,0.03276927682076162));
#14676=DIRECTION('',(0,0,-1));
#14677=DIRECTION('',(0,1,0));
#14678=FACE_SURFACE('',(#14683),#14679,.T.);
#14679=PLANE('',#14680);
#14680=AXIS2_PLACEMENT_3D('',#806,#14681,#14682);
#14681=DIRECTION('',(-0,1,0));
#14682=DIRECTION('',(1,0,0));
#14683=FACE_BOUND('',#14684,.T.);
#14684=EDGE_LOOP('',(#14685,#14686,#14687));
#14685=ORIENTED_EDGE('',*,*,#14688,.T.);
#14686=ORIENTED_EDGE('',*,*,#14689,.T.);
#14687=ORIENTED_EDGE('',*,*,#14690,.T.);
#14688=EDGE_CURVE('',#807,#803,#14691,.F.);
#14689=EDGE_CURVE('',#803,#809,#14692,.T.);
#14690=EDGE_CURVE('',#809,#807,#14693,.T.);
#14691=LINE('',#806,#14694);
#14692=LINE('',#802,#14695);
#14693=LINE('',#808,#14696);
#14694=VECTOR('',#14697,1.0);
#14695=VECTOR('',#14698,1.0);
#14696=VECTOR('',#14699,1.0);
#14697=DIRECTION('',(1,0,0));
#14698=DIRECTION('',(-0.9996349698728535,0,-0.02701716134791496));
#14699=DIRECTION('',(0,0,1));
#14700=FACE_SURFACE('',(#14705),#14701,.T.);
#14701=PLANE('',#14702);
#14702=AXIS2_PLACEMENT_3D('',#808,#14703,#14704);
#14703=DIRECTION('',(0,1,0));
#14704=DIRECTION('',(0.9996349698728535,0,0.02701716134791496));
#14705=FACE_BOUND('',#14706,.T.);
#14706=EDGE_LOOP('',(#14707,#14708,#14709));
#14707=ORIENTED_EDGE('',*,*,#14710,.T.);
#14708=ORIENTED_EDGE('',*,*,#14711,.T.);
#14709=ORIENTED_EDGE('',*,*,#14712,.T.);
#14710=EDGE_CURVE('',#809,#803,#14713,.F.);
#14711=EDGE_CURVE('',#803,#805,#14714,.T.);
#14712=EDGE_CURVE('',#805,#809,#14715,.T.);
#14713=LINE('',#808,#14716);
#14714=LINE('',#802,#14717);
#14715=LINE('',#804,#14718);
#14716=VECTOR('',#14719,1.0);
#14717=VECTOR('',#14720,1.0);
#14718=VECTOR('',#14721,1.0);
#14719=DIRECTION('',(0.9996349698728535,0,0.02701716134791496));
#14720=DIRECTION('',(0,0,-1));
#14721=DIRECTION('',(-1,0,0));
#14722=FACE_SURFACE('',(#14727),#14723,.T.);
#14723=PLANE('',#14724);
#14724=AXIS2_PLACEMENT_3D('',#796,#14725,#14726);
#14725=DIRECTION('',(-1,0,0));
#14726=DIRECTION('',(0,1,0));
#14727=FACE_BOUND('',#14728,.T.);
#14728=EDGE_LOOP('',(#14729,#14730,#14731));
#14729=ORIENTED_EDGE('',*,*,#14732,.T.);
#14730=ORIENTED_EDGE('',*,*,#14733,.T.);
#14731=ORIENTED_EDGE('',*,*,#14734,.T.);
#14732=EDGE_CURVE('',#797,#807,#14735,.F.);
#14733=EDGE_CURVE('',#807,#801,#14736,.T.);
#14734=EDGE_CURVE('',#801,#797,#14737,.T.);
#14735=LINE('',#796,#14738);
#14736=LINE('',#806,#14739);
#14737=LINE('',#800,#14740);
#14738=VECTOR('',#14741,1.0);
#14739=VECTOR('',#14742,1.0);
#14740=VECTOR('',#14743,1.0);
#14741=DIRECTION('',(0,1,0));
#14742=DIRECTION('',(0,-0.9994629430332294,-0.03276927682076162));
#14743=DIRECTION('',(0,0,1));
#14744=FACE_SURFACE('',(#14749),#14745,.T.);
#14745=PLANE('',#14746);
#14746=AXIS2_PLACEMENT_3D('',#800,#14747,#14748);
#14747=DIRECTION('',(-1,0,0));
#14748=DIRECTION('',(0,0.9994629430332294,0.03276927682076162));
#14749=FACE_BOUND('',#14750,.T.);
#14750=EDGE_LOOP('',(#14751,#14752,#14753));
#14751=ORIENTED_EDGE('',*,*,#14754,.T.);
#14752=ORIENTED_EDGE('',*,*,#14755,.T.);
#14753=ORIENTED_EDGE('',*,*,#14756,.T.);
#14754=EDGE_CURVE('',#801,#807,#14757,.F.);
#14755=EDGE_CURVE('',#807,#809,#14758,.T.);
#14756=EDGE_CURVE('',#809,#801,#14759,.T.);
#14757=LINE('',#800,#14760);
#14758=LINE('',#806,#14761);
#14759=LINE('',#808,#14762);
#14760=VECTOR('',#14763,1.0);
#14761=VECTOR('',#14764,1.0);
#14762=VECTOR('',#14765,1.0);
#14763=DIRECTION('',(0,0.9994629430332294,0.03276927682076162));
#14764=DIRECTION('',(0,0,-1));
#14765=DIRECTION('',(0,-1,0));
#14766=FACE_SURFACE('',(#14771),#14767,.T.);
#14767=PLANE('',#14768);
#14768=AXIS2_PLACEMENT_3D('',#778,#14769,#14770);
#14769=DIRECTION('',(0,0,1));
#14770=DIRECTION('',(0,-1,0));
#14771=FACE_BOUND('',#14772,.T.);
#14772=EDGE_LOOP('',(#14773,#14774,#14775));
#14773=ORIENTED_EDGE('',*,*,#14776,.T.);
#14774=ORIENTED_EDGE('',*,*,#14777,.T.);
#14775=ORIENTED_EDGE('',*,*,#14778,.T.);
#14776=EDGE_CURVE('',#779,#787,#14779,.F.);
#14777=EDGE_CURVE('',#787,#795,#14780,.T.);
#14778=EDGE_CURVE('',#795,#779,#14781,.T.);
#14779=LINE('',#778,#14782);
#14780=LINE('',#786,#14783);
#14781=LINE('',#794,#14784);
#14782=VECTOR('',#14785,1.0);
#14783=VECTOR('',#14786,1.0);
#14784=VECTOR('',#14787,1.0);
#14785=DIRECTION('',(0,-1,0));
#14786=DIRECTION('',(0.7071067811865475,-0.7071067811865475,0));
#14787=DIRECTION('',(-0.0426960729445746,0.9990881069030456,0));
#14788=FACE_SURFACE('',(#14793),#14789,.T.);
#14789=PLANE('',#14790);
#14790=AXIS2_PLACEMENT_3D('',#794,#14791,#14792);
#14791=DIRECTION('',(0,0,1));
#14792=DIRECTION('',(-0.7071067811865475,0.7071067811865475,0));
#14793=FACE_BOUND('',#14794,.T.);
#14794=EDGE_LOOP('',(#14795,#14796,#14797));
#14795=ORIENTED_EDGE('',*,*,#14798,.T.);
#14796=ORIENTED_EDGE('',*,*,#14799,.T.);
#14797=ORIENTED_EDGE('',*,*,#14800,.T.);
#14798=EDGE_CURVE('',#795,#787,#14801,.F.);
#14799=EDGE_CURVE('',#787,#791,#14802,.T.);
#14800=EDGE_CURVE('',#791,#795,#14803,.T.);
#14801=LINE('',#794,#14804);
#14802=LINE('',#786,#14805);
#14803=LINE('',#790,#14806);
#14804=VECTOR('',#14807,1.0);
#14805=VECTOR('',#14808,1.0);
#14806=VECTOR('',#14809,1.0);
#14807=DIRECTION('',(-0.7071067811865475,0.7071067811865475,0));
#14808=DIRECTION('',(-1,0,0));
#14809=DIRECTION('',(0.9993892830835874,-0.03494368122669886,0));
#14810=FACE_SURFACE('',(#14815),#14811,.T.);
#14811=PLANE('',#14812);
#14812=AXIS2_PLACEMENT_3D('',#794,#14813,#14814);
#14813=DIRECTION('',(0,0,1));
#14814=DIRECTION('',(-0.9993892830835874,0.03494368122669886,0));
#14815=FACE_BOUND('',#14816,.T.);
#14816=EDGE_LOOP('',(#14817,#14818,#14819));
#14817=ORIENTED_EDGE('',*,*,#14820,.T.);
#14818=ORIENTED_EDGE('',*,*,#14821,.T.);
#14819=ORIENTED_EDGE('',*,*,#14822,.T.);
#14820=EDGE_CURVE('',#795,#791,#14823,.F.);
#14821=EDGE_CURVE('',#791,#797,#14824,.T.);
#14822=EDGE_CURVE('',#797,#795,#14825,.T.);
#14823=LINE('',#794,#14826);
#14824=LINE('',#790,#14827);
#14825=LINE('',#796,#14828);
#14826=VECTOR('',#14829,1.0);
#14827=VECTOR('',#14830,1.0);
#14828=VECTOR('',#14831,1.0);
#14829=DIRECTION('',(-0.9993892830835874,0.03494368122669886,0));
#14830=DIRECTION('',(-0.7071067811865475,-0.7071067811865475,0));
#14831=DIRECTION('',(1,0,0));
#14832=FACE_SURFACE('',(#14837),#14833,.T.);
#14833=PLANE('',#14834);
#14834=AXIS2_PLACEMENT_3D('',#796,#14835,#14836);
#14835=DIRECTION('',(0,0,1));
#14836=DIRECTION('',(0.7071067811865475,0.7071067811865475,0));
#14837=FACE_BOUND('',#14838,.T.);
#14838=EDGE_LOOP('',(#14839,#14840,#14841));
#14839=ORIENTED_EDGE('',*,*,#14842,.T.);
#14840=ORIENTED_EDGE('',*,*,#14843,.T.);
#14841=ORIENTED_EDGE('',*,*,#14844,.T.);
#14842=EDGE_CURVE('',#797,#791,#14845,.F.);
#14843=EDGE_CURVE('',#791,#781,#14846,.T.);
#14844=EDGE_CURVE('',#781,#797,#14847,.T.);
#14845=LINE('',#796,#14848);
#14846=LINE('',#790,#14849);
#14847=LINE('',#780,#14850);
#14848=VECTOR('',#14851,1.0);
#14849=VECTOR('',#14852,1.0);
#14850=VECTOR('',#14853,1.0);
#14851=DIRECTION('',(0.7071067811865475,0.7071067811865475,0));
#14852=DIRECTION('',(0,1,0));
#14853=DIRECTION('',(-0.0426960729445746,-0.9990881069030456,0));
#14854=FACE_SURFACE('',(#14859),#14855,.T.);
#14855=PLANE('',#14856);
#14856=AXIS2_PLACEMENT_3D('',#796,#14857,#14858);
#14857=DIRECTION('',(0,0,1));
#14858=DIRECTION('',(0.0426960729445746,0.9990881069030456,0));
#14859=FACE_BOUND('',#14860,.T.);
#14860=EDGE_LOOP('',(#14861,#14862,#14863));
#14861=ORIENTED_EDGE('',*,*,#14864,.T.);
#14862=ORIENTED_EDGE('',*,*,#14865,.T.);
#14863=ORIENTED_EDGE('',*,*,#14866,.T.);
#14864=EDGE_CURVE('',#797,#781,#14867,.F.);
#14865=EDGE_CURVE('',#781,#807,#14868,.T.);
#14866=EDGE_CURVE('',#807,#797,#14869,.T.);
#14867=LINE('',#796,#14870);
#14868=LINE('',#780,#14871);
#14869=LINE('',#806,#14872);
#14870=VECTOR('',#14873,1.0);
#14871=VECTOR('',#14874,1.0);
#14872=VECTOR('',#14875,1.0);
#14873=DIRECTION('',(0.0426960729445746,0.9990881069030456,0));
#14874=DIRECTION('',(-0.7071067811865475,0.7071067811865475,0));
#14875=DIRECTION('',(0,-1,0));
#14876=FACE_SURFACE('',(#14881),#14877,.T.);
#14877=PLANE('',#14878);
#14878=AXIS2_PLACEMENT_3D('',#806,#14879,#14880);
#14879=DIRECTION('',(0,0,1));
#14880=DIRECTION('',(0.7071067811865475,-0.7071067811865475,0));
#14881=FACE_BOUND('',#14882,.T.);
#14882=EDGE_LOOP('',(#14883,#14884,#14885));
#14883=ORIENTED_EDGE('',*,*,#14886,.T.);
#14884=ORIENTED_EDGE('',*,*,#14887,.T.);
#14885=ORIENTED_EDGE('',*,*,#14888,.T.);
#14886=EDGE_CURVE('',#807,#781,#14889,.F.);
#14887=EDGE_CURVE('',#781,#779,#14890,.T.);
#14888=EDGE_CURVE('',#779,#807,#14891,.T.);
#14889=LINE('',#806,#14892);
#14890=LINE('',#780,#14893);
#14891=LINE('',#778,#14894);
#14892=VECTOR('',#14895,1.0);
#14893=VECTOR('',#14896,1.0);
#14894=VECTOR('',#14897,1.0);
#14895=DIRECTION('',(0.7071067811865475,-0.7071067811865475,0));
#14896=DIRECTION('',(1,0,0));
#14897=DIRECTION('',(-0.9993892830835874,0.03494368122669886,0));
#14898=FACE_SURFACE('',(#14903),#14899,.T.);
#14899=PLANE('',#14900);
#14900=AXIS2_PLACEMENT_3D('',#806,#14901,#14902);
#14901=DIRECTION('',(-0,0,1));
#14902=DIRECTION('',(0.9993892830835874,-0.03494368122669886,0));
#14903=FACE_BOUND('',#14904,.T.);
#14904=EDGE_LOOP('',(#14905,#14906,#14907));
#14905=ORIENTED_EDGE('',*,*,#14908,.T.);
#14906=ORIENTED_EDGE('',*,*,#14909,.T.);
#14907=ORIENTED_EDGE('',*,*,#14910,.T.);
#14908=EDGE_CURVE('',#807,#779,#14911,.F.);
#14909=EDGE_CURVE('',#779,#803,#14912,.T.);
#14910=EDGE_CURVE('',#803,#807,#14913,.T.);
#14911=LINE('',#806,#14914);
#14912=LINE('',#778,#14915);
#14913=LINE('',#802,#14916);
#14914=VECTOR('',#14917,1.0);
#14915=VECTOR('',#14918,1.0);
#14916=VECTOR('',#14919,1.0);
#14917=DIRECTION('',(0.9993892830835874,-0.03494368122669886,0));
#14918=DIRECTION('',(0.7071067811865475,0.7071067811865475,0));
#14919=DIRECTION('',(-1,0,0));
#14920=FACE_SURFACE('',(#14925),#14921,.T.);
#14921=PLANE('',#14922);
#14922=AXIS2_PLACEMENT_3D('',#802,#14923,#14924);
#14923=DIRECTION('',(0,0,1));
#14924=DIRECTION('',(-0.7071067811865475,-0.7071067811865475,0));
#14925=FACE_BOUND('',#14926,.T.);
#14926=EDGE_LOOP('',(#14927,#14928,#14929));
#14927=ORIENTED_EDGE('',*,*,#14930,.T.);
#14928=ORIENTED_EDGE('',*,*,#14931,.T.);
#14929=ORIENTED_EDGE('',*,*,#14932,.T.);
#14930=EDGE_CURVE('',#803,#779,#14933,.F.);
#14931=EDGE_CURVE('',#779,#795,#14934,.T.);
#14932=EDGE_CURVE('',#795,#803,#14935,.T.);
#14933=LINE('',#802,#14936);
#14934=LINE('',#778,#14937);
#14935=LINE('',#794,#14938);
#14936=VECTOR('',#14939,1.0);
#14937=VECTOR('',#14940,1.0);
#14938=VECTOR('',#14941,1.0);
#14939=DIRECTION('',(-0.7071067811865475,-0.7071067811865475,0));
#14940=DIRECTION('',(0.0426960729445746,-0.9990881069030456,0));
#14941=DIRECTION('',(0,1,0));
#14942=FACE_SURFACE('',(#14947),#14943,.T.);
#14943=PLANE('',#14944);
#14944=AXIS2_PLACEMENT_3D('',#792,#14945,#14946);
#14945=DIRECTION('',(-0,0,-1));
#14946=DIRECTION('',(-0.7071067811865475,-0.7071067811865475,0));
#14947=FACE_BOUND('',#14948,.T.);
#14948=EDGE_LOOP('',(#14949,#14950,#14951));
#14949=ORIENTED_EDGE('',*,*,#14952,.T.);
#14950=ORIENTED_EDGE('',*,*,#14953,.T.);
#14951=ORIENTED_EDGE('',*,*,#14954,.T.);
#14952=EDGE_CURVE('',#793,#801,#14955,.F.);
#14953=EDGE_CURVE('',#801,#785,#14956,.T.);
#14954=EDGE_CURVE('',#785,#793,#14957,.T.);
#14955=LINE('',#792,#14958);
#14956=LINE('',#800,#14959);
#14957=LINE('',#784,#14960);
#14958=VECTOR('',#14961,1.0);
#14959=VECTOR('',#14962,1.0);
#14960=VECTOR('',#14963,1.0);
#14961=DIRECTION('',(-0.7071067811865475,-0.7071067811865475,0));
#14962=DIRECTION('',(0.0426960729445746,0.9990881069030456,0));
#14963=DIRECTION('',(0,-1,0));
#14964=FACE_SURFACE('',(#14969),#14965,.T.);
#14965=PLANE('',#14966);
#14966=AXIS2_PLACEMENT_3D('',#784,#14967,#14968);
#14967=DIRECTION('',(-0,0,-1));
#14968=DIRECTION('',(-0.0426960729445746,-0.9990881069030456,0));
#14969=FACE_BOUND('',#14970,.T.);
#14970=EDGE_LOOP('',(#14971,#14972,#14973));
#14971=ORIENTED_EDGE('',*,*,#14974,.T.);
#14972=ORIENTED_EDGE('',*,*,#14975,.T.);
#14973=ORIENTED_EDGE('',*,*,#14976,.T.);
#14974=EDGE_CURVE('',#785,#801,#14977,.F.);
#14975=EDGE_CURVE('',#801,#809,#14978,.T.);
#14976=EDGE_CURVE('',#809,#785,#14979,.T.);
#14977=LINE('',#784,#14980);
#14978=LINE('',#800,#14981);
#14979=LINE('',#808,#14982);
#14980=VECTOR('',#14983,1.0);
#14981=VECTOR('',#14984,1.0);
#14982=VECTOR('',#14985,1.0);
#14983=DIRECTION('',(-0.0426960729445746,-0.9990881069030456,0));
#14984=DIRECTION('',(0,1,0));
#14985=DIRECTION('',(0.7071067811865475,-0.7071067811865475,0));
#14986=FACE_SURFACE('',(#14991),#14987,.T.);
#14987=PLANE('',#14988);
#14988=AXIS2_PLACEMENT_3D('',#784,#14989,#14990);
#14989=DIRECTION('',(0,0,-1));
#14990=DIRECTION('',(-0.7071067811865475,0.7071067811865475,0));
#14991=FACE_BOUND('',#14992,.T.);
#14992=EDGE_LOOP('',(#14993,#14994,#14995));
#14993=ORIENTED_EDGE('',*,*,#14996,.T.);
#14994=ORIENTED_EDGE('',*,*,#14997,.T.);
#14995=ORIENTED_EDGE('',*,*,#14998,.T.);
#14996=EDGE_CURVE('',#785,#809,#14999,.F.);
#14997=EDGE_CURVE('',#809,#805,#15000,.T.);
#14998=EDGE_CURVE('',#805,#785,#15001,.T.);
#14999=LINE('',#784,#15002);
#15000=LINE('',#808,#15003);
#15001=LINE('',#804,#15004);
#15002=VECTOR('',#15005,1.0);
#15003=VECTOR('',#15006,1.0);
#15004=VECTOR('',#15007,1.0);
#15005=DIRECTION('',(-0.7071067811865475,0.7071067811865475,0));
#15006=DIRECTION('',(1,0,0));
#15007=DIRECTION('',(-0.9993892830835874,-0.03494368122669886,0));
#15008=FACE_SURFACE('',(#15013),#15009,.T.);
#15009=PLANE('',#15010);
#15010=AXIS2_PLACEMENT_3D('',#792,#15011,#15012);
#15011=DIRECTION('',(0,-0,-1));
#15012=DIRECTION('',(1,0,0));
#15013=FACE_BOUND('',#15014,.T.);
#15014=EDGE_LOOP('',(#15015,#15016,#15017));
#15015=ORIENTED_EDGE('',*,*,#15018,.T.);
#15016=ORIENTED_EDGE('',*,*,#15019,.T.);
#15017=ORIENTED_EDGE('',*,*,#15020,.T.);
#15018=EDGE_CURVE('',#793,#789,#15021,.F.);
#15019=EDGE_CURVE('',#789,#801,#15022,.T.);
#15020=EDGE_CURVE('',#801,#793,#15023,.T.);
#15021=LINE('',#792,#15024);
#15022=LINE('',#788,#15025);
#15023=LINE('',#800,#15026);
#15024=VECTOR('',#15027,1.0);
#15025=VECTOR('',#15028,1.0);
#15026=VECTOR('',#15029,1.0);
#15027=DIRECTION('',(1,0,0));
#15028=DIRECTION('',(-0.9993892830835874,-0.03494368122669886,0));
#15029=DIRECTION('',(0.7071067811865475,0.7071067811865475,0));
#15030=FACE_SURFACE('',(#15035),#15031,.T.);
#15031=PLANE('',#15032);
#15032=AXIS2_PLACEMENT_3D('',#800,#15033,#15034);
#15033=DIRECTION('',(0,0,-1));
#15034=DIRECTION('',(0.9993892830835874,0.03494368122669886,0));
#15035=FACE_BOUND('',#15036,.T.);
#15036=EDGE_LOOP('',(#15037,#15038,#15039));
#15037=ORIENTED_EDGE('',*,*,#15040,.T.);
#15038=ORIENTED_EDGE('',*,*,#15041,.T.);
#15039=ORIENTED_EDGE('',*,*,#15042,.T.);
#15040=EDGE_CURVE('',#801,#789,#15043,.F.);
#15041=EDGE_CURVE('',#789,#799,#15044,.T.);
#15042=EDGE_CURVE('',#799,#801,#15045,.T.);
#15043=LINE('',#800,#15046);
#15044=LINE('',#788,#15047);
#15045=LINE('',#798,#15048);
#15046=VECTOR('',#15049,1.0);
#15047=VECTOR('',#15050,1.0);
#15048=VECTOR('',#15051,1.0);
#15049=DIRECTION('',(0.9993892830835874,0.03494368122669886,0));
#15050=DIRECTION('',(0.7071067811865475,-0.7071067811865475,0));
#15051=DIRECTION('',(-1,0,0));
#15052=FACE_SURFACE('',(#15057),#15053,.T.);
#15053=PLANE('',#15054);
#15054=AXIS2_PLACEMENT_3D('',#798,#15055,#15056);
#15055=DIRECTION('',(0,0,-1));
#15056=DIRECTION('',(-0.7071067811865475,0.7071067811865475,0));
#15057=FACE_BOUND('',#15058,.T.);
#15058=EDGE_LOOP('',(#15059,#15060,#15061));
#15059=ORIENTED_EDGE('',*,*,#15062,.T.);
#15060=ORIENTED_EDGE('',*,*,#15063,.T.);
#15061=ORIENTED_EDGE('',*,*,#15064,.T.);
#15062=EDGE_CURVE('',#799,#789,#15065,.F.);
#15063=EDGE_CURVE('',#789,#783,#15066,.T.);
#15064=EDGE_CURVE('',#783,#799,#15067,.T.);
#15065=LINE('',#798,#15068);
#15066=LINE('',#788,#15069);
#15067=LINE('',#782,#15070);
#15068=VECTOR('',#15071,1.0);
#15069=VECTOR('',#15072,1.0);
#15070=VECTOR('',#15073,1.0);
#15071=DIRECTION('',(-0.7071067811865475,0.7071067811865475,0));
#15072=DIRECTION('',(0,1,0));
#15073=DIRECTION('',(0.0426960729445746,-0.9990881069030456,0));
#15074=FACE_SURFACE('',(#15079),#15075,.T.);
#15075=PLANE('',#15076);
#15076=AXIS2_PLACEMENT_3D('',#798,#15077,#15078);
#15077=DIRECTION('',(0,0,-1));
#15078=DIRECTION('',(-0.0426960729445746,0.9990881069030456,0));
#15079=FACE_BOUND('',#15080,.T.);
#15080=EDGE_LOOP('',(#15081,#15082,#15083));
#15081=ORIENTED_EDGE('',*,*,#15084,.T.);
#15082=ORIENTED_EDGE('',*,*,#15085,.T.);
#15083=ORIENTED_EDGE('',*,*,#15086,.T.);
#15084=EDGE_CURVE('',#799,#783,#15087,.F.);
#15085=EDGE_CURVE('',#783,#805,#15088,.T.);
#15086=EDGE_CURVE('',#805,#799,#15089,.T.);
#15087=LINE('',#798,#15090);
#15088=LINE('',#782,#15091);
#15089=LINE('',#804,#15092);
#15090=VECTOR('',#15093,1.0);
#15091=VECTOR('',#15094,1.0);
#15092=VECTOR('',#15095,1.0);
#15093=DIRECTION('',(-0.0426960729445746,0.9990881069030456,0));
#15094=DIRECTION('',(0.7071067811865475,0.7071067811865475,0));
#15095=DIRECTION('',(0,-1,0));
#15096=FACE_SURFACE('',(#15101),#15097,.T.);
#15097=PLANE('',#15098);
#15098=AXIS2_PLACEMENT_3D('',#804,#15099,#15100);
#15099=DIRECTION('',(0,0,-1));
#15100=DIRECTION('',(-0.7071067811865475,-0.7071067811865475,0));
#15101=FACE_BOUND('',#15102,.T.);
#15102=EDGE_LOOP('',(#15103,#15104,#15105));
#15103=ORIENTED_EDGE('',*,*,#15106,.T.);
#15104=ORIENTED_EDGE('',*,*,#15107,.T.);
#15105=ORIENTED_EDGE('',*,*,#15108,.T.);
#15106=EDGE_CURVE('',#805,#783,#15109,.F.);
#15107=EDGE_CURVE('',#783,#785,#15110,.T.);
#15108=EDGE_CURVE('',#785,#805,#15111,.T.);
#15109=LINE('',#804,#15112);
#15110=LINE('',#782,#15113);
#15111=LINE('',#784,#15114);
#15112=VECTOR('',#15115,1.0);
#15113=VECTOR('',#15116,1.0);
#15114=VECTOR('',#15117,1.0);
#15115=DIRECTION('',(-0.7071067811865475,-0.7071067811865475,0));
#15116=DIRECTION('',(-1,0,0));
#15117=DIRECTION('',(0.9993892830835874,0.03494368122669886,0));
#15118=FACE_SURFACE('',(#15123),#15119,.T.);
#15119=PLANE('',#15120);
#15120=AXIS2_PLACEMENT_3D('',#806,#15121,#15122);
#15121=DIRECTION('',(0,-1,0));
#15122=DIRECTION('',(1,0,0));
#15123=FACE_BOUND('',#15124,.T.);
#15124=EDGE_LOOP('',(#15125,#15126,#15127));
#15125=ORIENTED_EDGE('',*,*,#15128,.T.);
#15126=ORIENTED_EDGE('',*,*,#15129,.T.);
#15127=ORIENTED_EDGE('',*,*,#15130,.T.);
#15128=EDGE_CURVE('',#807,#803,#15131,.F.);
#15129=EDGE_CURVE('',#803,#811,#15132,.T.);
#15130=EDGE_CURVE('',#811,#807,#15133,.T.);
#15131=LINE('',#806,#15134);
#15132=LINE('',#802,#15135);
#15133=LINE('',#810,#15136);
#15134=VECTOR('',#15137,1.0);
#15135=VECTOR('',#15138,1.0);
#15136=VECTOR('',#15139,1.0);
#15137=DIRECTION('',(1,0,0));
#15138=DIRECTION('',(-0.9972493383832294,0,0.07411988325821299));
#15139=DIRECTION('',(0,0,-1));
#15140=FACE_SURFACE('',(#15145),#15141,.T.);
#15141=PLANE('',#15142);
#15142=AXIS2_PLACEMENT_3D('',#810,#15143,#15144);
#15143=DIRECTION('',(0,-1,0));
#15144=DIRECTION('',(0.9972493383832294,0,-0.07411988325821299));
#15145=FACE_BOUND('',#15146,.T.);
#15146=EDGE_LOOP('',(#15147,#15148,#15149));
#15147=ORIENTED_EDGE('',*,*,#15150,.T.);
#15148=ORIENTED_EDGE('',*,*,#15151,.T.);
#15149=ORIENTED_EDGE('',*,*,#15152,.T.);
#15150=EDGE_CURVE('',#811,#803,#15153,.F.);
#15151=EDGE_CURVE('',#803,#813,#15154,.T.);
#15152=EDGE_CURVE('',#813,#811,#15155,.T.);
#15153=LINE('',#810,#15156);
#15154=LINE('',#802,#15157);
#15155=LINE('',#812,#15158);
#15156=VECTOR('',#15159,1.0);
#15157=VECTOR('',#15160,1.0);
#15158=VECTOR('',#15161,1.0);
#15159=DIRECTION('',(0.9972493383832294,0,-0.07411988325821299));
#15160=DIRECTION('',(0,0,1));
#15161=DIRECTION('',(-1,0,0));
#15162=FACE_SURFACE('',(#15167),#15163,.T.);
#15163=PLANE('',#15164);
#15164=AXIS2_PLACEMENT_3D('',#802,#15165,#15166);
#15165=DIRECTION('',(-1,0,0));
#15166=DIRECTION('',(0,-1,0));
#15167=FACE_BOUND('',#15168,.T.);
#15168=EDGE_LOOP('',(#15169,#15170,#15171));
#15169=ORIENTED_EDGE('',*,*,#15172,.T.);
#15170=ORIENTED_EDGE('',*,*,#15173,.T.);
#15171=ORIENTED_EDGE('',*,*,#15174,.T.);
#15172=EDGE_CURVE('',#803,#795,#15175,.F.);
#15173=EDGE_CURVE('',#795,#813,#15176,.T.);
#15174=EDGE_CURVE('',#813,#803,#15177,.T.);
#15175=LINE('',#802,#15178);
#15176=LINE('',#794,#15179);
#15177=LINE('',#812,#15180);
#15178=VECTOR('',#15181,1.0);
#15179=VECTOR('',#15182,1.0);
#15180=VECTOR('',#15183,1.0);
#15181=DIRECTION('',(0,-1,0));
#15182=DIRECTION('',(0,0.9959598492540874,0.08979965853930297));
#15183=DIRECTION('',(0,0,-1));
#15184=FACE_SURFACE('',(#15189),#15185,.T.);
#15185=PLANE('',#15186);
#15186=AXIS2_PLACEMENT_3D('',#812,#15187,#15188);
#15187=DIRECTION('',(-1,-0,0));
#15188=DIRECTION('',(0,-0.9959598492540874,-0.08979965853930297));
#15189=FACE_BOUND('',#15190,.T.);
#15190=EDGE_LOOP('',(#15191,#15192,#15193));
#15191=ORIENTED_EDGE('',*,*,#15194,.T.);
#15192=ORIENTED_EDGE('',*,*,#15195,.T.);
#15193=ORIENTED_EDGE('',*,*,#15196,.T.);
#15194=EDGE_CURVE('',#813,#795,#15197,.F.);
#15195=EDGE_CURVE('',#795,#815,#15198,.T.);
#15196=EDGE_CURVE('',#815,#813,#15199,.T.);
#15197=LINE('',#812,#15200);
#15198=LINE('',#794,#15201);
#15199=LINE('',#814,#15202);
#15200=VECTOR('',#15203,1.0);
#15201=VECTOR('',#15204,1.0);
#15202=VECTOR('',#15205,1.0);
#15203=DIRECTION('',(0,-0.9959598492540874,-0.08979965853930297));
#15204=DIRECTION('',(0,0,1));
#15205=DIRECTION('',(0,1,0));
#15206=FACE_SURFACE('',(#15211),#15207,.T.);
#15207=PLANE('',#15208);
#15208=AXIS2_PLACEMENT_3D('',#794,#15209,#15210);
#15209=DIRECTION('',(0,1,-0));
#15210=DIRECTION('',(-1,0,0));
#15211=FACE_BOUND('',#15212,.T.);
#15212=EDGE_LOOP('',(#15213,#15214,#15215));
#15213=ORIENTED_EDGE('',*,*,#15216,.T.);
#15214=ORIENTED_EDGE('',*,*,#15217,.T.);
#15215=ORIENTED_EDGE('',*,*,#15218,.T.);
#15216=EDGE_CURVE('',#795,#797,#15219,.F.);
#15217=EDGE_CURVE('',#797,#815,#15220,.T.);
#15218=EDGE_CURVE('',#815,#795,#15221,.T.);
#15219=LINE('',#794,#15222);
#15220=LINE('',#796,#15223);
#15221=LINE('',#814,#15224);
#15222=VECTOR('',#15225,1.0);
#15223=VECTOR('',#15226,1.0);
#15224=VECTOR('',#15227,1.0);
#15225=DIRECTION('',(-1,0,0));
#15226=DIRECTION('',(0.9972493383832294,0,0.07411988325821299));
#15227=DIRECTION('',(0,0,-1));
#15228=FACE_SURFACE('',(#15233),#15229,.T.);
#15229=PLANE('',#15230);
#15230=AXIS2_PLACEMENT_3D('',#814,#15231,#15232);
#15231=DIRECTION('',(0,1,0));
#15232=DIRECTION('',(-0.9972493383832294,0,-0.07411988325821299));
#15233=FACE_BOUND('',#15234,.T.);
#15234=EDGE_LOOP('',(#15235,#15236,#15237));
#15235=ORIENTED_EDGE('',*,*,#15238,.T.);
#15236=ORIENTED_EDGE('',*,*,#15239,.T.);
#15237=ORIENTED_EDGE('',*,*,#15240,.T.);
#15238=EDGE_CURVE('',#815,#797,#15241,.F.);
#15239=EDGE_CURVE('',#797,#817,#15242,.T.);
#15240=EDGE_CURVE('',#817,#815,#15243,.T.);
#15241=LINE('',#814,#15244);
#15242=LINE('',#796,#15245);
#15243=LINE('',#816,#15246);
#15244=VECTOR('',#15247,1.0);
#15245=VECTOR('',#15248,1.0);
#15246=VECTOR('',#15249,1.0);
#15247=DIRECTION('',(-0.9972493383832294,0,-0.07411988325821299));
#15248=DIRECTION('',(0,0,1));
#15249=DIRECTION('',(1,0,0));
#15250=FACE_SURFACE('',(#15255),#15251,.T.);
#15251=PLANE('',#15252);
#15252=AXIS2_PLACEMENT_3D('',#796,#15253,#15254);
#15253=DIRECTION('',(1,0,0));
#15254=DIRECTION('',(0,1,0));
#15255=FACE_BOUND('',#15256,.T.);
#15256=EDGE_LOOP('',(#15257,#15258,#15259));
#15257=ORIENTED_EDGE('',*,*,#15260,.T.);
#15258=ORIENTED_EDGE('',*,*,#15261,.T.);
#15259=ORIENTED_EDGE('',*,*,#15262,.T.);
#15260=EDGE_CURVE('',#797,#807,#15263,.F.);
#15261=EDGE_CURVE('',#807,#817,#15264,.T.);
#15262=EDGE_CURVE('',#817,#797,#15265,.T.);
#15263=LINE('',#796,#15266);
#15264=LINE('',#806,#15267);
#15265=LINE('',#816,#15268);
#15266=VECTOR('',#15269,1.0);
#15267=VECTOR('',#15270,1.0);
#15268=VECTOR('',#15271,1.0);
#15269=DIRECTION('',(0,1,0));
#15270=DIRECTION('',(0,-0.9959598492540874,0.08979965853930297));
#15271=DIRECTION('',(0,0,-1));
#15272=FACE_SURFACE('',(#15277),#15273,.T.);
#15273=PLANE('',#15274);
#15274=AXIS2_PLACEMENT_3D('',#816,#15275,#15276);
#15275=DIRECTION('',(1,-0,0));
#15276=DIRECTION('',(0,0.9959598492540874,-0.08979965853930297));
#15277=FACE_BOUND('',#15278,.T.);
#15278=EDGE_LOOP('',(#15279,#15280,#15281));
#15279=ORIENTED_EDGE('',*,*,#15282,.T.);
#15280=ORIENTED_EDGE('',*,*,#15283,.T.);
#15281=ORIENTED_EDGE('',*,*,#15284,.T.);
#15282=EDGE_CURVE('',#817,#807,#15285,.F.);
#15283=EDGE_CURVE('',#807,#811,#15286,.T.);
#15284=EDGE_CURVE('',#811,#817,#15287,.T.);
#15285=LINE('',#816,#15288);
#15286=LINE('',#806,#15289);
#15287=LINE('',#810,#15290);
#15288=VECTOR('',#15291,1.0);
#15289=VECTOR('',#15292,1.0);
#15290=VECTOR('',#15293,1.0);
#15291=DIRECTION('',(0,0.9959598492540874,-0.08979965853930297));
#15292=DIRECTION('',(0,0,1));
#15293=DIRECTION('',(0,-1,0));
#15294=FACE_SURFACE('',(#15299),#15295,.T.);
#15295=PLANE('',#15296);
#15296=AXIS2_PLACEMENT_3D('',#402,#15297,#15298);
#15297=DIRECTION('',(0,0,-1));
#15298=DIRECTION('',(-1,0,0));
#15299=FACE_BOUND('',#15300,.T.);
#15300=EDGE_LOOP('',(#15301,#15302,#15303));
#15301=ORIENTED_EDGE('',*,*,#15304,.T.);
#15302=ORIENTED_EDGE('',*,*,#15305,.T.);
#15303=ORIENTED_EDGE('',*,*,#15306,.T.);
#15304=EDGE_CURVE('',#403,#731,#15307,.F.);
#15305=EDGE_CURVE('',#731,#399,#15308,.T.);
#15306=EDGE_CURVE('',#399,#403,#15309,.T.);
#15307=LINE('',#402,#15310);
#15308=LINE('',#730,#15311);
#15309=LINE('',#398,#15312);
#15310=VECTOR('',#15313,1.0);
#15311=VECTOR('',#15314,1.0);
#15312=VECTOR('',#15315,1.0);
#15313=DIRECTION('',(-1,0,0));
#15314=DIRECTION('',(0.9999796151433412,0.006385084006897436,0));
#15315=DIRECTION('',(0.1305294498076343,-0.9914444324988245,0));
#15316=FACE_SURFACE('',(#15321),#15317,.T.);
#15317=PLANE('',#15318);
#15318=AXIS2_PLACEMENT_3D('',#398,#15319,#15320);
#15319=DIRECTION('',(-0,0,-1));
#15320=DIRECTION('',(-0.9999796151433412,-0.006385084006897436,0));
#15321=FACE_BOUND('',#15322,.T.);
#15322=EDGE_LOOP('',(#15323,#15324,#15325));
#15323=ORIENTED_EDGE('',*,*,#15326,.T.);
#15324=ORIENTED_EDGE('',*,*,#15327,.T.);
#15325=ORIENTED_EDGE('',*,*,#15328,.T.);
#15326=EDGE_CURVE('',#399,#731,#15329,.F.);
#15327=EDGE_CURVE('',#731,#735,#15330,.T.);
#15328=EDGE_CURVE('',#735,#399,#15331,.T.);
#15329=LINE('',#398,#15332);
#15330=LINE('',#730,#15333);
#15331=LINE('',#734,#15334);
#15332=VECTOR('',#15335,1.0);
#15333=VECTOR('',#15336,1.0);
#15334=VECTOR('',#15337,1.0);
#15335=DIRECTION('',(-0.9999796151433412,-0.006385084006897436,0));
#15336=DIRECTION('',(0.1305294498076343,0.9914444324988245,0));
#15337=DIRECTION('',(1,0,0));
#15338=FACE_SURFACE('',(#15343),#15339,.T.);
#15339=PLANE('',#15340);
#15340=AXIS2_PLACEMENT_3D('',#398,#15341,#15342);
#15341=DIRECTION('',(0,0,-1));
#15342=DIRECTION('',(-1,0,0));
#15343=FACE_BOUND('',#15344,.T.);
#15344=EDGE_LOOP('',(#15345,#15346,#15347));
#15345=ORIENTED_EDGE('',*,*,#15348,.T.);
#15346=ORIENTED_EDGE('',*,*,#15349,.T.);
#15347=ORIENTED_EDGE('',*,*,#15350,.T.);
#15348=EDGE_CURVE('',#399,#735,#15351,.F.);
#15349=EDGE_CURVE('',#735,#395,#15352,.T.);
#15350=EDGE_CURVE('',#395,#399,#15353,.T.);
#15351=LINE('',#398,#15354);
#15352=LINE('',#734,#15355);
#15353=LINE('',#394,#15356);
#15354=VECTOR('',#15357,1.0);
#15355=VECTOR('',#15358,1.0);
#15356=VECTOR('',#15359,1.0);
#15357=DIRECTION('',(-1,0,0));
#15358=DIRECTION('',(0.9999796151433412,0.006385084006897436,0));
#15359=DIRECTION('',(-0.1305294498076343,-0.9914444324988245,0));
#15360=FACE_SURFACE('',(#15365),#15361,.T.);
#15361=PLANE('',#15362);
#15362=AXIS2_PLACEMENT_3D('',#394,#15363,#15364);
#15363=DIRECTION('',(-0,0,-1));
#15364=DIRECTION('',(-0.9999796151433412,-0.006385084006897436,0));
#15365=FACE_BOUND('',#15366,.T.);
#15366=EDGE_LOOP('',(#15367,#15368,#15369));
#15367=ORIENTED_EDGE('',*,*,#15370,.T.);
#15368=ORIENTED_EDGE('',*,*,#15371,.T.);
#15369=ORIENTED_EDGE('',*,*,#15372,.T.);
#15370=EDGE_CURVE('',#395,#735,#15373,.F.);
#15371=EDGE_CURVE('',#735,#739,#15374,.T.);
#15372=EDGE_CURVE('',#739,#395,#15375,.T.);
#15373=LINE('',#394,#15376);
#15374=LINE('',#734,#15377);
#15375=LINE('',#738,#15378);
#15376=VECTOR('',#15379,1.0);
#15377=VECTOR('',#15380,1.0);
#15378=VECTOR('',#15381,1.0);
#15379=DIRECTION('',(-0.9999796151433412,-0.006385084006897436,0));
#15380=DIRECTION('',(-0.1305294498076343,0.9914444324988245,0));
#15381=DIRECTION('',(1,0,0));
#15382=FACE_SURFACE('',(#15387),#15383,.T.);
#15383=PLANE('',#15384);
#15384=AXIS2_PLACEMENT_3D('',#394,#15385,#15386);
#15385=DIRECTION('',(0,0,-1));
#15386=DIRECTION('',(-1,0,0));
#15387=FACE_BOUND('',#15388,.T.);
#15388=EDGE_LOOP('',(#15389,#15390,#15391));
#15389=ORIENTED_EDGE('',*,*,#15392,.T.);
#15390=ORIENTED_EDGE('',*,*,#15393,.T.);
#15391=ORIENTED_EDGE('',*,*,#15394,.T.);
#15392=EDGE_CURVE('',#395,#739,#15395,.F.);
#15393=EDGE_CURVE('',#739,#487,#15396,.T.);
#15394=EDGE_CURVE('',#487,#395,#15397,.T.);
#15395=LINE('',#394,#15398);
#15396=LINE('',#738,#15399);
#15397=LINE('',#486,#15400);
#15398=VECTOR('',#15401,1.0);
#15399=VECTOR('',#15402,1.0);
#15400=VECTOR('',#15403,1.0);
#15401=DIRECTION('',(-1,0,0));
#15402=DIRECTION('',(0.999982415139216,0.00593038045495899,0));
#15403=DIRECTION('',(-0.3826816512484479,-0.9238802702719445,0));
#15404=FACE_SURFACE('',(#15409),#15405,.T.);
#15405=PLANE('',#15406);
#15406=AXIS2_PLACEMENT_3D('',#486,#15407,#15408);
#15407=DIRECTION('',(-0,0,-1));
#15408=DIRECTION('',(-0.999982415139216,-0.00593038045495899,0));
#15409=FACE_BOUND('',#15410,.T.);
#15410=EDGE_LOOP('',(#15411,#15412,#15413));
#15411=ORIENTED_EDGE('',*,*,#15414,.T.);
#15412=ORIENTED_EDGE('',*,*,#15415,.T.);
#15413=ORIENTED_EDGE('',*,*,#15416,.T.);
#15414=EDGE_CURVE('',#487,#739,#15417,.F.);
#15415=EDGE_CURVE('',#739,#743,#15418,.T.);
#15416=EDGE_CURVE('',#743,#487,#15419,.T.);
#15417=LINE('',#486,#15420);
#15418=LINE('',#738,#15421);
#15419=LINE('',#742,#15422);
#15420=VECTOR('',#15423,1.0);
#15421=VECTOR('',#15424,1.0);
#15422=VECTOR('',#15425,1.0);
#15423=DIRECTION('',(-0.999982415139216,-0.00593038045495899,0));
#15424=DIRECTION('',(-0.3826816512484479,0.9238802702719445,0));
#15425=DIRECTION('',(1,0,0));
#15426=FACE_SURFACE('',(#15431),#15427,.T.);
#15427=PLANE('',#15428);
#15428=AXIS2_PLACEMENT_3D('',#486,#15429,#15430);
#15429=DIRECTION('',(0,0,-1));
#15430=DIRECTION('',(-1,0,0));
#15431=FACE_BOUND('',#15432,.T.);
#15432=EDGE_LOOP('',(#15433,#15434,#15435));
#15433=ORIENTED_EDGE('',*,*,#15436,.T.);
#15434=ORIENTED_EDGE('',*,*,#15437,.T.);
#15435=ORIENTED_EDGE('',*,*,#15438,.T.);
#15436=EDGE_CURVE('',#487,#743,#15439,.F.);
#15437=EDGE_CURVE('',#743,#483,#15440,.T.);
#15438=EDGE_CURVE('',#483,#487,#15441,.T.);
#15439=LINE('',#486,#15442);
#15440=LINE('',#742,#15443);
#15441=LINE('',#482,#15444);
#15442=VECTOR('',#15445,1.0);
#15443=VECTOR('',#15446,1.0);
#15444=VECTOR('',#15447,1.0);
#15445=DIRECTION('',(-1,0,0));
#15446=DIRECTION('',(0.9999871964312951,0.005060333336664041,0));
#15447=DIRECTION('',(-0.608762718909747,-0.7933523505136998,0));
#15448=FACE_SURFACE('',(#15453),#15449,.T.);
#15449=PLANE('',#15450);
#15450=AXIS2_PLACEMENT_3D('',#482,#15451,#15452);
#15451=DIRECTION('',(-0,0,-1));
#15452=DIRECTION('',(-0.9999871964312951,-0.005060333336664041,0));
#15453=FACE_BOUND('',#15454,.T.);
#15454=EDGE_LOOP('',(#15455,#15456,#15457));
#15455=ORIENTED_EDGE('',*,*,#15458,.T.);
#15456=ORIENTED_EDGE('',*,*,#15459,.T.);
#15457=ORIENTED_EDGE('',*,*,#15460,.T.);
#15458=EDGE_CURVE('',#483,#743,#15461,.F.);
#15459=EDGE_CURVE('',#743,#747,#15462,.T.);
#15460=EDGE_CURVE('',#747,#483,#15463,.T.);
#15461=LINE('',#482,#15464);
#15462=LINE('',#742,#15465);
#15463=LINE('',#746,#15466);
#15464=VECTOR('',#15467,1.0);
#15465=VECTOR('',#15468,1.0);
#15466=VECTOR('',#15469,1.0);
#15467=DIRECTION('',(-0.9999871964312951,-0.005060333336664041,0));
#15468=DIRECTION('',(-0.608762718909747,0.7933523505136998,0));
#15469=DIRECTION('',(1,0,0));
#15470=FACE_SURFACE('',(#15475),#15471,.T.);
#15471=PLANE('',#15472);
#15472=AXIS2_PLACEMENT_3D('',#482,#15473,#15474);
#15473=DIRECTION('',(0,0,-1));
#15474=DIRECTION('',(-1,0,0));
#15475=FACE_BOUND('',#15476,.T.);
#15476=EDGE_LOOP('',(#15477,#15478,#15479));
#15477=ORIENTED_EDGE('',*,*,#15480,.T.);
#15478=ORIENTED_EDGE('',*,*,#15481,.T.);
#15479=ORIENTED_EDGE('',*,*,#15482,.T.);
#15480=EDGE_CURVE('',#483,#747,#15483,.F.);
#15481=EDGE_CURVE('',#747,#603,#15484,.T.);
#15482=EDGE_CURVE('',#603,#483,#15485,.T.);
#15483=LINE('',#482,#15486);
#15484=LINE('',#746,#15487);
#15485=LINE('',#602,#15488);
#15486=VECTOR('',#15489,1.0);
#15487=VECTOR('',#15490,1.0);
#15488=VECTOR('',#15491,1.0);
#15489=DIRECTION('',(-1,0,0));
#15490=DIRECTION('',(0.7800146112936504,0.6257613012710321,0));
#15491=DIRECTION('',(0,-1,0));
#15492=FACE_SURFACE('',(#15497),#15493,.T.);
#15493=PLANE('',#15494);
#15494=AXIS2_PLACEMENT_3D('',#602,#15495,#15496);
#15495=DIRECTION('',(-0,0,-1));
#15496=DIRECTION('',(-0.7800146112936504,-0.6257613012710321,0));
#15497=FACE_BOUND('',#15498,.T.);
#15498=EDGE_LOOP('',(#15499,#15500,#15501));
#15499=ORIENTED_EDGE('',*,*,#15502,.T.);
#15500=ORIENTED_EDGE('',*,*,#15503,.T.);
#15501=ORIENTED_EDGE('',*,*,#15504,.T.);
#15502=EDGE_CURVE('',#603,#747,#15505,.F.);
#15503=EDGE_CURVE('',#747,#531,#15506,.T.);
#15504=EDGE_CURVE('',#531,#603,#15507,.T.);
#15505=LINE('',#602,#15508);
#15506=LINE('',#746,#15509);
#15507=LINE('',#530,#15510);
#15508=VECTOR('',#15511,1.0);
#15509=VECTOR('',#15512,1.0);
#15510=VECTOR('',#15513,1.0);
#15511=DIRECTION('',(-0.7800146112936504,-0.6257613012710321,0));
#15512=DIRECTION('',(0,1,0));
#15513=DIRECTION('',(1,0,0));
#15514=FACE_SURFACE('',(#15519),#15515,.T.);
#15515=PLANE('',#15516);
#15516=AXIS2_PLACEMENT_3D('',#602,#15517,#15518);
#15517=DIRECTION('',(0,0,-1));
#15518=DIRECTION('',(-1,0,0));
#15519=FACE_BOUND('',#15520,.T.);
#15520=EDGE_LOOP('',(#15521,#15522,#15523));
#15521=ORIENTED_EDGE('',*,*,#15524,.T.);
#15522=ORIENTED_EDGE('',*,*,#15525,.T.);
#15523=ORIENTED_EDGE('',*,*,#15526,.T.);
#15524=EDGE_CURVE('',#603,#531,#15527,.F.);
#15525=EDGE_CURVE('',#531,#599,#15528,.T.);
#15526=EDGE_CURVE('',#599,#603,#15529,.T.);
#15527=LINE('',#602,#15530);
#15528=LINE('',#530,#15531);
#15529=LINE('',#598,#15532);
#15530=VECTOR('',#15533,1.0);
#15531=VECTOR('',#15534,1.0);
#15532=VECTOR('',#15535,1.0);
#15533=DIRECTION('',(-1,0,0));
#15534=DIRECTION('',(0.9999871964312951,0.005060333336664041,0));
#15535=DIRECTION('',(0.608762718909747,-0.7933523505136998,0));
#15536=FACE_SURFACE('',(#15541),#15537,.T.);
#15537=PLANE('',#15538);
#15538=AXIS2_PLACEMENT_3D('',#598,#15539,#15540);
#15539=DIRECTION('',(-0,0,-1));
#15540=DIRECTION('',(-0.9999871964312951,-0.005060333336664041,0));
#15541=FACE_BOUND('',#15542,.T.);
#15542=EDGE_LOOP('',(#15543,#15544,#15545));
#15543=ORIENTED_EDGE('',*,*,#15546,.T.);
#15544=ORIENTED_EDGE('',*,*,#15547,.T.);
#15545=ORIENTED_EDGE('',*,*,#15548,.T.);
#15546=EDGE_CURVE('',#599,#531,#15549,.F.);
#15547=EDGE_CURVE('',#531,#535,#15550,.T.);
#15548=EDGE_CURVE('',#535,#599,#15551,.T.);
#15549=LINE('',#598,#15552);
#15550=LINE('',#530,#15553);
#15551=LINE('',#534,#15554);
#15552=VECTOR('',#15555,1.0);
#15553=VECTOR('',#15556,1.0);
#15554=VECTOR('',#15557,1.0);
#15555=DIRECTION('',(-0.9999871964312951,-0.005060333336664041,0));
#15556=DIRECTION('',(0.608762718909747,0.7933523505136998,0));
#15557=DIRECTION('',(1,0,0));
#15558=FACE_SURFACE('',(#15563),#15559,.T.);
#15559=PLANE('',#15560);
#15560=AXIS2_PLACEMENT_3D('',#598,#15561,#15562);
#15561=DIRECTION('',(0,0,-1));
#15562=DIRECTION('',(-1,0,0));
#15563=FACE_BOUND('',#15564,.T.);
#15564=EDGE_LOOP('',(#15565,#15566,#15567));
#15565=ORIENTED_EDGE('',*,*,#15568,.T.);
#15566=ORIENTED_EDGE('',*,*,#15569,.T.);
#15567=ORIENTED_EDGE('',*,*,#15570,.T.);
#15568=EDGE_CURVE('',#599,#535,#15571,.F.);
#15569=EDGE_CURVE('',#535,#595,#15572,.T.);
#15570=EDGE_CURVE('',#595,#599,#15573,.T.);
#15571=LINE('',#598,#15574);
#15572=LINE('',#534,#15575);
#15573=LINE('',#594,#15576);
#15574=VECTOR('',#15577,1.0);
#15575=VECTOR('',#15578,1.0);
#15576=VECTOR('',#15579,1.0);
#15577=DIRECTION('',(-1,0,0));
#15578=DIRECTION('',(0.999982415139216,0.00593038045495899,0));
#15579=DIRECTION('',(0.3826816512484479,-0.9238802702719445,0));
#15580=FACE_SURFACE('',(#15585),#15581,.T.);
#15581=PLANE('',#15582);
#15582=AXIS2_PLACEMENT_3D('',#594,#15583,#15584);
#15583=DIRECTION('',(-0,0,-1));
#15584=DIRECTION('',(-0.999982415139216,-0.00593038045495899,0));
#15585=FACE_BOUND('',#15586,.T.);
#15586=EDGE_LOOP('',(#15587,#15588,#15589));
#15587=ORIENTED_EDGE('',*,*,#15590,.T.);
#15588=ORIENTED_EDGE('',*,*,#15591,.T.);
#15589=ORIENTED_EDGE('',*,*,#15592,.T.);
#15590=EDGE_CURVE('',#595,#535,#15593,.F.);
#15591=EDGE_CURVE('',#535,#539,#15594,.T.);
#15592=EDGE_CURVE('',#539,#595,#15595,.T.);
#15593=LINE('',#594,#15596);
#15594=LINE('',#534,#15597);
#15595=LINE('',#538,#15598);
#15596=VECTOR('',#15599,1.0);
#15597=VECTOR('',#15600,1.0);
#15598=VECTOR('',#15601,1.0);
#15599=DIRECTION('',(-0.999982415139216,-0.00593038045495899,0));
#15600=DIRECTION('',(0.3826816512484479,0.9238802702719445,0));
#15601=DIRECTION('',(1,0,0));
#15602=FACE_SURFACE('',(#15607),#15603,.T.);
#15603=PLANE('',#15604);
#15604=AXIS2_PLACEMENT_3D('',#594,#15605,#15606);
#15605=DIRECTION('',(0,0,-1));
#15606=DIRECTION('',(-1,0,0));
#15607=FACE_BOUND('',#15608,.T.);
#15608=EDGE_LOOP('',(#15609,#15610,#15611));
#15609=ORIENTED_EDGE('',*,*,#15612,.T.);
#15610=ORIENTED_EDGE('',*,*,#15613,.T.);
#15611=ORIENTED_EDGE('',*,*,#15614,.T.);
#15612=EDGE_CURVE('',#595,#539,#15615,.F.);
#15613=EDGE_CURVE('',#539,#591,#15616,.T.);
#15614=EDGE_CURVE('',#591,#595,#15617,.T.);
#15615=LINE('',#594,#15618);
#15616=LINE('',#538,#15619);
#15617=LINE('',#590,#15620);
#15618=VECTOR('',#15621,1.0);
#15619=VECTOR('',#15622,1.0);
#15620=VECTOR('',#15623,1.0);
#15621=DIRECTION('',(-1,0,0));
#15622=DIRECTION('',(0.9999796151433412,0.006385084006897436,0));
#15623=DIRECTION('',(0.1305294498076343,-0.9914444324988245,0));
#15624=FACE_SURFACE('',(#15629),#15625,.T.);
#15625=PLANE('',#15626);
#15626=AXIS2_PLACEMENT_3D('',#590,#15627,#15628);
#15627=DIRECTION('',(-0,0,-1));
#15628=DIRECTION('',(-0.9999796151433412,-0.006385084006897436,0));
#15629=FACE_BOUND('',#15630,.T.);
#15630=EDGE_LOOP('',(#15631,#15632,#15633));
#15631=ORIENTED_EDGE('',*,*,#15634,.T.);
#15632=ORIENTED_EDGE('',*,*,#15635,.T.);
#15633=ORIENTED_EDGE('',*,*,#15636,.T.);
#15634=EDGE_CURVE('',#591,#539,#15637,.F.);
#15635=EDGE_CURVE('',#539,#543,#15638,.T.);
#15636=EDGE_CURVE('',#543,#591,#15639,.T.);
#15637=LINE('',#590,#15640);
#15638=LINE('',#538,#15641);
#15639=LINE('',#542,#15642);
#15640=VECTOR('',#15643,1.0);
#15641=VECTOR('',#15644,1.0);
#15642=VECTOR('',#15645,1.0);
#15643=DIRECTION('',(-0.9999796151433412,-0.006385084006897436,0));
#15644=DIRECTION('',(0.1305294498076343,0.9914444324988245,0));
#15645=DIRECTION('',(1,0,0));
#15646=FACE_SURFACE('',(#15651),#15647,.T.);
#15647=PLANE('',#15648);
#15648=AXIS2_PLACEMENT_3D('',#590,#15649,#15650);
#15649=DIRECTION('',(0,0,-1));
#15650=DIRECTION('',(-1,0,0));
#15651=FACE_BOUND('',#15652,.T.);
#15652=EDGE_LOOP('',(#15653,#15654,#15655));
#15653=ORIENTED_EDGE('',*,*,#15656,.T.);
#15654=ORIENTED_EDGE('',*,*,#15657,.T.);
#15655=ORIENTED_EDGE('',*,*,#15658,.T.);
#15656=EDGE_CURVE('',#591,#543,#15659,.F.);
#15657=EDGE_CURVE('',#543,#587,#15660,.T.);
#15658=EDGE_CURVE('',#587,#591,#15661,.T.);
#15659=LINE('',#590,#15662);
#15660=LINE('',#542,#15663);
#15661=LINE('',#586,#15664);
#15662=VECTOR('',#15665,1.0);
#15663=VECTOR('',#15666,1.0);
#15664=VECTOR('',#15667,1.0);
#15665=DIRECTION('',(-1,0,0));
#15666=DIRECTION('',(0.9999796151433412,0.006385084006897436,0));
#15667=DIRECTION('',(-0.1305294498076343,-0.9914444324988245,0));
#15668=FACE_SURFACE('',(#15673),#15669,.T.);
#15669=PLANE('',#15670);
#15670=AXIS2_PLACEMENT_3D('',#586,#15671,#15672);
#15671=DIRECTION('',(-0,0,-1));
#15672=DIRECTION('',(-0.9999796151433412,-0.006385084006897436,0));
#15673=FACE_BOUND('',#15674,.T.);
#15674=EDGE_LOOP('',(#15675,#15676,#15677));
#15675=ORIENTED_EDGE('',*,*,#15678,.T.);
#15676=ORIENTED_EDGE('',*,*,#15679,.T.);
#15677=ORIENTED_EDGE('',*,*,#15680,.T.);
#15678=EDGE_CURVE('',#587,#543,#15681,.F.);
#15679=EDGE_CURVE('',#543,#547,#15682,.T.);
#15680=EDGE_CURVE('',#547,#587,#15683,.T.);
#15681=LINE('',#586,#15684);
#15682=LINE('',#542,#15685);
#15683=LINE('',#546,#15686);
#15684=VECTOR('',#15687,1.0);
#15685=VECTOR('',#15688,1.0);
#15686=VECTOR('',#15689,1.0);
#15687=DIRECTION('',(-0.9999796151433412,-0.006385084006897436,0));
#15688=DIRECTION('',(-0.1305294498076343,0.9914444324988245,0));
#15689=DIRECTION('',(1,0,0));
#15690=FACE_SURFACE('',(#15695),#15691,.T.);
#15691=PLANE('',#15692);
#15692=AXIS2_PLACEMENT_3D('',#586,#15693,#15694);
#15693=DIRECTION('',(0,0,-1));
#15694=DIRECTION('',(-1,0,0));
#15695=FACE_BOUND('',#15696,.T.);
#15696=EDGE_LOOP('',(#15697,#15698,#15699));
#15697=ORIENTED_EDGE('',*,*,#15700,.T.);
#15698=ORIENTED_EDGE('',*,*,#15701,.T.);
#15699=ORIENTED_EDGE('',*,*,#15702,.T.);
#15700=EDGE_CURVE('',#587,#547,#15703,.F.);
#15701=EDGE_CURVE('',#547,#679,#15704,.T.);
#15702=EDGE_CURVE('',#679,#587,#15705,.T.);
#15703=LINE('',#586,#15706);
#15704=LINE('',#546,#15707);
#15705=LINE('',#678,#15708);
#15706=VECTOR('',#15709,1.0);
#15707=VECTOR('',#15710,1.0);
#15708=VECTOR('',#15711,1.0);
#15709=DIRECTION('',(-1,0,0));
#15710=DIRECTION('',(0.999982415139216,0.00593038045495899,0));
#15711=DIRECTION('',(-0.3826816512484479,-0.9238802702719445,0));
#15712=FACE_SURFACE('',(#15717),#15713,.T.);
#15713=PLANE('',#15714);
#15714=AXIS2_PLACEMENT_3D('',#678,#15715,#15716);
#15715=DIRECTION('',(-0,0,-1));
#15716=DIRECTION('',(-0.999982415139216,-0.00593038045495899,0));
#15717=FACE_BOUND('',#15718,.T.);
#15718=EDGE_LOOP('',(#15719,#15720,#15721));
#15719=ORIENTED_EDGE('',*,*,#15722,.T.);
#15720=ORIENTED_EDGE('',*,*,#15723,.T.);
#15721=ORIENTED_EDGE('',*,*,#15724,.T.);
#15722=EDGE_CURVE('',#679,#547,#15725,.F.);
#15723=EDGE_CURVE('',#547,#551,#15726,.T.);
#15724=EDGE_CURVE('',#551,#679,#15727,.T.);
#15725=LINE('',#678,#15728);
#15726=LINE('',#546,#15729);
#15727=LINE('',#550,#15730);
#15728=VECTOR('',#15731,1.0);
#15729=VECTOR('',#15732,1.0);
#15730=VECTOR('',#15733,1.0);
#15731=DIRECTION('',(-0.999982415139216,-0.00593038045495899,0));
#15732=DIRECTION('',(-0.3826816512484479,0.9238802702719445,0));
#15733=DIRECTION('',(1,0,0));
#15734=FACE_SURFACE('',(#15739),#15735,.T.);
#15735=PLANE('',#15736);
#15736=AXIS2_PLACEMENT_3D('',#678,#15737,#15738);
#15737=DIRECTION('',(0,0,-1));
#15738=DIRECTION('',(-1,0,0));
#15739=FACE_BOUND('',#15740,.T.);
#15740=EDGE_LOOP('',(#15741,#15742,#15743));
#15741=ORIENTED_EDGE('',*,*,#15744,.T.);
#15742=ORIENTED_EDGE('',*,*,#15745,.T.);
#15743=ORIENTED_EDGE('',*,*,#15746,.T.);
#15744=EDGE_CURVE('',#679,#551,#15747,.F.);
#15745=EDGE_CURVE('',#551,#675,#15748,.T.);
#15746=EDGE_CURVE('',#675,#679,#15749,.T.);
#15747=LINE('',#678,#15750);
#15748=LINE('',#550,#15751);
#15749=LINE('',#674,#15752);
#15750=VECTOR('',#15753,1.0);
#15751=VECTOR('',#15754,1.0);
#15752=VECTOR('',#15755,1.0);
#15753=DIRECTION('',(-1,0,0));
#15754=DIRECTION('',(0.9999871964312951,0.005060333336664041,0));
#15755=DIRECTION('',(-0.608762718909747,-0.7933523505136998,0));
#15756=FACE_SURFACE('',(#15761),#15757,.T.);
#15757=PLANE('',#15758);
#15758=AXIS2_PLACEMENT_3D('',#674,#15759,#15760);
#15759=DIRECTION('',(-0,0,-1));
#15760=DIRECTION('',(-0.9999871964312951,-0.005060333336664041,0));
#15761=FACE_BOUND('',#15762,.T.);
#15762=EDGE_LOOP('',(#15763,#15764,#15765));
#15763=ORIENTED_EDGE('',*,*,#15766,.T.);
#15764=ORIENTED_EDGE('',*,*,#15767,.T.);
#15765=ORIENTED_EDGE('',*,*,#15768,.T.);
#15766=EDGE_CURVE('',#675,#551,#15769,.F.);
#15767=EDGE_CURVE('',#551,#555,#15770,.T.);
#15768=EDGE_CURVE('',#555,#675,#15771,.T.);
#15769=LINE('',#674,#15772);
#15770=LINE('',#550,#15773);
#15771=LINE('',#554,#15774);
#15772=VECTOR('',#15775,1.0);
#15773=VECTOR('',#15776,1.0);
#15774=VECTOR('',#15777,1.0);
#15775=DIRECTION('',(-0.9999871964312951,-0.005060333336664041,0));
#15776=DIRECTION('',(-0.608762718909747,0.7933523505136998,0));
#15777=DIRECTION('',(1,0,0));
#15778=FACE_SURFACE('',(#15783),#15779,.T.);
#15779=PLANE('',#15780);
#15780=AXIS2_PLACEMENT_3D('',#674,#15781,#15782);
#15781=DIRECTION('',(0,0,-1));
#15782=DIRECTION('',(-1,0,0));
#15783=FACE_BOUND('',#15784,.T.);
#15784=EDGE_LOOP('',(#15785,#15786,#15787));
#15785=ORIENTED_EDGE('',*,*,#15788,.T.);
#15786=ORIENTED_EDGE('',*,*,#15789,.T.);
#15787=ORIENTED_EDGE('',*,*,#15790,.T.);
#15788=EDGE_CURVE('',#675,#555,#15791,.F.);
#15789=EDGE_CURVE('',#555,#671,#15792,.T.);
#15790=EDGE_CURVE('',#671,#675,#15793,.T.);
#15791=LINE('',#674,#15794);
#15792=LINE('',#554,#15795);
#15793=LINE('',#670,#15796);
#15794=VECTOR('',#15797,1.0);
#15795=VECTOR('',#15798,1.0);
#15796=VECTOR('',#15799,1.0);
#15797=DIRECTION('',(-1,0,0));
#15798=DIRECTION('',(0.9999925943220278,0.003848545322617711,0));
#15799=DIRECTION('',(-0.793352350513708,-0.6087627189097362,0));
#15800=FACE_SURFACE('',(#15805),#15801,.T.);
#15801=PLANE('',#15802);
#15802=AXIS2_PLACEMENT_3D('',#670,#15803,#15804);
#15803=DIRECTION('',(-0,0,-1));
#15804=DIRECTION('',(-0.9999925943220278,-0.003848545322617711,0));
#15805=FACE_BOUND('',#15806,.T.);
#15806=EDGE_LOOP('',(#15807,#15808,#15809));
#15807=ORIENTED_EDGE('',*,*,#15810,.T.);
#15808=ORIENTED_EDGE('',*,*,#15811,.T.);
#15809=ORIENTED_EDGE('',*,*,#15812,.T.);
#15810=EDGE_CURVE('',#671,#555,#15813,.F.);
#15811=EDGE_CURVE('',#555,#559,#15814,.T.);
#15812=EDGE_CURVE('',#559,#671,#15815,.T.);
#15813=LINE('',#670,#15816);
#15814=LINE('',#554,#15817);
#15815=LINE('',#558,#15818);
#15816=VECTOR('',#15819,1.0);
#15817=VECTOR('',#15820,1.0);
#15818=VECTOR('',#15821,1.0);
#15819=DIRECTION('',(-0.9999925943220278,-0.003848545322617711,0));
#15820=DIRECTION('',(-0.793352350513708,0.6087627189097362,0));
#15821=DIRECTION('',(1,0,0));
#15822=FACE_SURFACE('',(#15827),#15823,.T.);
#15823=PLANE('',#15824);
#15824=AXIS2_PLACEMENT_3D('',#670,#15825,#15826);
#15825=DIRECTION('',(0,0,-1));
#15826=DIRECTION('',(-1,0,0));
#15827=FACE_BOUND('',#15828,.T.);
#15828=EDGE_LOOP('',(#15829,#15830,#15831));
#15829=ORIENTED_EDGE('',*,*,#15832,.T.);
#15830=ORIENTED_EDGE('',*,*,#15833,.T.);
#15831=ORIENTED_EDGE('',*,*,#15834,.T.);
#15832=EDGE_CURVE('',#671,#559,#15835,.F.);
#15833=EDGE_CURVE('',#559,#667,#15836,.T.);
#15834=EDGE_CURVE('',#667,#671,#15837,.T.);
#15835=LINE('',#670,#15838);
#15836=LINE('',#558,#15839);
#15837=LINE('',#666,#15840);
#15838=VECTOR('',#15841,1.0);
#15839=VECTOR('',#15842,1.0);
#15840=VECTOR('',#15843,1.0);
#15841=DIRECTION('',(-1,0,0));
#15842=DIRECTION('',(0.9999971360222166,0.0023933130519304866,0));
#15843=DIRECTION('',(-0.9238802702719372,-0.38268165124846537,0));
#15844=FACE_SURFACE('',(#15849),#15845,.T.);
#15845=PLANE('',#15846);
#15846=AXIS2_PLACEMENT_3D('',#666,#15847,#15848);
#15847=DIRECTION('',(-0,0,-1));
#15848=DIRECTION('',(-0.9999971360222166,-0.0023933130519304866,0));
#15849=FACE_BOUND('',#15850,.T.);
#15850=EDGE_LOOP('',(#15851,#15852,#15853));
#15851=ORIENTED_EDGE('',*,*,#15854,.T.);
#15852=ORIENTED_EDGE('',*,*,#15855,.T.);
#15853=ORIENTED_EDGE('',*,*,#15856,.T.);
#15854=EDGE_CURVE('',#667,#559,#15857,.F.);
#15855=EDGE_CURVE('',#559,#563,#15858,.T.);
#15856=EDGE_CURVE('',#563,#667,#15859,.T.);
#15857=LINE('',#666,#15860);
#15858=LINE('',#558,#15861);
#15859=LINE('',#562,#15862);
#15860=VECTOR('',#15863,1.0);
#15861=VECTOR('',#15864,1.0);
#15862=VECTOR('',#15865,1.0);
#15863=DIRECTION('',(-0.9999971360222166,-0.0023933130519304866,0));
#15864=DIRECTION('',(-0.9238802702719372,0.38268165124846537,0));
#15865=DIRECTION('',(1,0,0));
#15866=FACE_SURFACE('',(#15871),#15867,.T.);
#15867=PLANE('',#15868);
#15868=AXIS2_PLACEMENT_3D('',#666,#15869,#15870);
#15869=DIRECTION('',(0,0,-1));
#15870=DIRECTION('',(-1,0,0));
#15871=FACE_BOUND('',#15872,.T.);
#15872=EDGE_LOOP('',(#15873,#15874,#15875));
#15873=ORIENTED_EDGE('',*,*,#15876,.T.);
#15874=ORIENTED_EDGE('',*,*,#15877,.T.);
#15875=ORIENTED_EDGE('',*,*,#15878,.T.);
#15876=EDGE_CURVE('',#667,#563,#15879,.F.);
#15877=EDGE_CURVE('',#563,#813,#15880,.T.);
#15878=EDGE_CURVE('',#813,#667,#15881,.T.);
#15879=LINE('',#666,#15882);
#15880=LINE('',#562,#15883);
#15881=LINE('',#812,#15884);
#15882=VECTOR('',#15885,1.0);
#15883=VECTOR('',#15886,1.0);
#15884=VECTOR('',#15887,1.0);
#15885=DIRECTION('',(-1,0,0));
#15886=DIRECTION('',(0.9997877560462584,0.020602011066580054,0));
#15887=DIRECTION('',(-0.9199888038231793,-0.3919446400194748,0));
#15888=FACE_SURFACE('',(#15893),#15889,.T.);
#15889=PLANE('',#15890);
#15890=AXIS2_PLACEMENT_3D('',#812,#15891,#15892);
#15891=DIRECTION('',(-0,0,-1));
#15892=DIRECTION('',(-0.9997877560462584,-0.020602011066580054,0));
#15893=FACE_BOUND('',#15894,.T.);
#15894=EDGE_LOOP('',(#15895,#15896,#15897));
#15895=ORIENTED_EDGE('',*,*,#15898,.T.);
#15896=ORIENTED_EDGE('',*,*,#15899,.T.);
#15897=ORIENTED_EDGE('',*,*,#15900,.T.);
#15898=EDGE_CURVE('',#813,#563,#15901,.F.);
#15899=EDGE_CURVE('',#563,#811,#15902,.T.);
#15900=EDGE_CURVE('',#811,#813,#15903,.T.);
#15901=LINE('',#812,#15904);
#15902=LINE('',#562,#15905);
#15903=LINE('',#810,#15906);
#15904=VECTOR('',#15907,1.0);
#15905=VECTOR('',#15908,1.0);
#15906=VECTOR('',#15909,1.0);
#15907=DIRECTION('',(-0.9997877560462584,-0.020602011066580054,0));
#15908=DIRECTION('',(-0.9199888038231793,0.3919446400194748,0));
#15909=DIRECTION('',(1,0,0));
#15910=FACE_SURFACE('',(#15915),#15911,.T.);
#15911=PLANE('',#15912);
#15912=AXIS2_PLACEMENT_3D('',#810,#15913,#15914);
#15913=DIRECTION('',(0,0,-1));
#15914=DIRECTION('',(0.9199888038231793,-0.3919446400194748,0));
#15915=FACE_BOUND('',#15916,.T.);
#15916=EDGE_LOOP('',(#15917,#15918,#15919));
#15917=ORIENTED_EDGE('',*,*,#15920,.T.);
#15918=ORIENTED_EDGE('',*,*,#15921,.T.);
#15919=ORIENTED_EDGE('',*,*,#15922,.T.);
#15920=EDGE_CURVE('',#811,#563,#15923,.F.);
#15921=EDGE_CURVE('',#563,#567,#15924,.T.);
#15922=EDGE_CURVE('',#567,#811,#15925,.T.);
#15923=LINE('',#810,#15926);
#15924=LINE('',#562,#15927);
#15925=LINE('',#566,#15928);
#15926=VECTOR('',#15929,1.0);
#15927=VECTOR('',#15930,1.0);
#15928=VECTOR('',#15931,1.0);
#15929=DIRECTION('',(0.9199888038231793,-0.3919446400194748,0));
#15930=DIRECTION('',(-0.9914444324988257,0.13052944980762596,0));
#15931=DIRECTION('',(-0.9061831399952657,0.42288546533112353,0));
#15932=FACE_SURFACE('',(#15937),#15933,.T.);
#15933=PLANE('',#15934);
#15934=AXIS2_PLACEMENT_3D('',#810,#15935,#15936);
#15935=DIRECTION('',(0,0,-1));
#15936=DIRECTION('',(0.9061831399952657,-0.42288546533112353,0));
#15937=FACE_BOUND('',#15938,.T.);
#15938=EDGE_LOOP('',(#15939,#15940,#15941));
#15939=ORIENTED_EDGE('',*,*,#15942,.T.);
#15940=ORIENTED_EDGE('',*,*,#15943,.T.);
#15941=ORIENTED_EDGE('',*,*,#15944,.T.);
#15942=EDGE_CURVE('',#811,#567,#15945,.F.);
#15943=EDGE_CURVE('',#567,#571,#15946,.T.);
#15944=EDGE_CURVE('',#571,#811,#15947,.T.);
#15945=LINE('',#810,#15948);
#15946=LINE('',#566,#15949);
#15947=LINE('',#570,#15950);
#15948=VECTOR('',#15951,1.0);
#15949=VECTOR('',#15952,1.0);
#15950=VECTOR('',#15953,1.0);
#15951=DIRECTION('',(0.9061831399952657,-0.42288546533112353,0));
#15952=DIRECTION('',(-0.9914444324988257,-0.13052944980762596,0));
#15953=DIRECTION('',(-0.8715817480295855,0.49025019785992136,0));
#15954=FACE_SURFACE('',(#15959),#15955,.T.);
#15955=PLANE('',#15956);
#15956=AXIS2_PLACEMENT_3D('',#730,#15957,#15958);
#15957=DIRECTION('',(0,-0,-1));
#15958=DIRECTION('',(1,0,0));
#15959=FACE_BOUND('',#15960,.T.);
#15960=EDGE_LOOP('',(#15961,#15962,#15963));
#15961=ORIENTED_EDGE('',*,*,#15964,.T.);
#15962=ORIENTED_EDGE('',*,*,#15965,.T.);
#15963=ORIENTED_EDGE('',*,*,#15966,.T.);
#15964=EDGE_CURVE('',#731,#403,#15967,.F.);
#15965=EDGE_CURVE('',#403,#727,#15968,.T.);
#15966=EDGE_CURVE('',#727,#731,#15969,.T.);
#15967=LINE('',#730,#15970);
#15968=LINE('',#402,#15971);
#15969=LINE('',#726,#15972);
#15970=VECTOR('',#15973,1.0);
#15971=VECTOR('',#15974,1.0);
#15972=VECTOR('',#15975,1.0);
#15973=DIRECTION('',(1,0,0));
#15974=DIRECTION('',(-0.999982415139216,-0.00593038045495899,0));
#15975=DIRECTION('',(0.3826816512484479,0.9238802702719445,0));
#15976=FACE_SURFACE('',(#15981),#15977,.T.);
#15977=PLANE('',#15978);
#15978=AXIS2_PLACEMENT_3D('',#726,#15979,#15980);
#15979=DIRECTION('',(0,0,-1));
#15980=DIRECTION('',(0.999982415139216,0.00593038045495899,0));
#15981=FACE_BOUND('',#15982,.T.);
#15982=EDGE_LOOP('',(#15983,#15984,#15985));
#15983=ORIENTED_EDGE('',*,*,#15986,.T.);
#15984=ORIENTED_EDGE('',*,*,#15987,.T.);
#15985=ORIENTED_EDGE('',*,*,#15988,.T.);
#15986=EDGE_CURVE('',#727,#403,#15989,.F.);
#15987=EDGE_CURVE('',#403,#407,#15990,.T.);
#15988=EDGE_CURVE('',#407,#727,#15991,.T.);
#15989=LINE('',#726,#15992);
#15990=LINE('',#402,#15993);
#15991=LINE('',#406,#15994);
#15992=VECTOR('',#15995,1.0);
#15993=VECTOR('',#15996,1.0);
#15994=VECTOR('',#15997,1.0);
#15995=DIRECTION('',(0.999982415139216,0.00593038045495899,0));
#15996=DIRECTION('',(0.3826816512484479,-0.9238802702719445,0));
#15997=DIRECTION('',(-1,0,0));
#15998=FACE_SURFACE('',(#16003),#15999,.T.);
#15999=PLANE('',#16000);
#16000=AXIS2_PLACEMENT_3D('',#726,#16001,#16002);
#16001=DIRECTION('',(0,-0,-1));
#16002=DIRECTION('',(1,0,0));
#16003=FACE_BOUND('',#16004,.T.);
#16004=EDGE_LOOP('',(#16005,#16006,#16007));
#16005=ORIENTED_EDGE('',*,*,#16008,.T.);
#16006=ORIENTED_EDGE('',*,*,#16009,.T.);
#16007=ORIENTED_EDGE('',*,*,#16010,.T.);
#16008=EDGE_CURVE('',#727,#407,#16011,.F.);
#16009=EDGE_CURVE('',#407,#723,#16012,.T.);
#16010=EDGE_CURVE('',#723,#727,#16013,.T.);
#16011=LINE('',#726,#16014);
#16012=LINE('',#406,#16015);
#16013=LINE('',#722,#16016);
#16014=VECTOR('',#16017,1.0);
#16015=VECTOR('',#16018,1.0);
#16016=VECTOR('',#16019,1.0);
#16017=DIRECTION('',(1,0,0));
#16018=DIRECTION('',(-0.9999871964312951,-0.005060333336664041,0));
#16019=DIRECTION('',(0.608762718909747,0.7933523505136998,0));
#16020=FACE_SURFACE('',(#16025),#16021,.T.);
#16021=PLANE('',#16022);
#16022=AXIS2_PLACEMENT_3D('',#722,#16023,#16024);
#16023=DIRECTION('',(0,0,-1));
#16024=DIRECTION('',(0.9999871964312951,0.005060333336664041,0));
#16025=FACE_BOUND('',#16026,.T.);
#16026=EDGE_LOOP('',(#16027,#16028,#16029));
#16027=ORIENTED_EDGE('',*,*,#16030,.T.);
#16028=ORIENTED_EDGE('',*,*,#16031,.T.);
#16029=ORIENTED_EDGE('',*,*,#16032,.T.);
#16030=EDGE_CURVE('',#723,#407,#16033,.F.);
#16031=EDGE_CURVE('',#407,#411,#16034,.T.);
#16032=EDGE_CURVE('',#411,#723,#16035,.T.);
#16033=LINE('',#722,#16036);
#16034=LINE('',#406,#16037);
#16035=LINE('',#410,#16038);
#16036=VECTOR('',#16039,1.0);
#16037=VECTOR('',#16040,1.0);
#16038=VECTOR('',#16041,1.0);
#16039=DIRECTION('',(0.9999871964312951,0.005060333336664041,0));
#16040=DIRECTION('',(0.608762718909747,-0.7933523505136998,0));
#16041=DIRECTION('',(-1,0,0));
#16042=FACE_SURFACE('',(#16047),#16043,.T.);
#16043=PLANE('',#16044);
#16044=AXIS2_PLACEMENT_3D('',#722,#16045,#16046);
#16045=DIRECTION('',(0,-0,-1));
#16046=DIRECTION('',(1,0,0));
#16047=FACE_BOUND('',#16048,.T.);
#16048=EDGE_LOOP('',(#16049,#16050,#16051));
#16049=ORIENTED_EDGE('',*,*,#16052,.T.);
#16050=ORIENTED_EDGE('',*,*,#16053,.T.);
#16051=ORIENTED_EDGE('',*,*,#16054,.T.);
#16052=EDGE_CURVE('',#723,#411,#16055,.F.);
#16053=EDGE_CURVE('',#411,#719,#16056,.T.);
#16054=EDGE_CURVE('',#719,#723,#16057,.T.);
#16055=LINE('',#722,#16058);
#16056=LINE('',#410,#16059);
#16057=LINE('',#718,#16060);
#16058=VECTOR('',#16061,1.0);
#16059=VECTOR('',#16062,1.0);
#16060=VECTOR('',#16063,1.0);
#16061=DIRECTION('',(1,0,0));
#16062=DIRECTION('',(-0.9999925943220278,-0.003848545322617711,0));
#16063=DIRECTION('',(0.793352350513708,0.6087627189097362,0));
#16064=FACE_SURFACE('',(#16069),#16065,.T.);
#16065=PLANE('',#16066);
#16066=AXIS2_PLACEMENT_3D('',#718,#16067,#16068);
#16067=DIRECTION('',(0,0,-1));
#16068=DIRECTION('',(0.9999925943220278,0.003848545322617711,0));
#16069=FACE_BOUND('',#16070,.T.);
#16070=EDGE_LOOP('',(#16071,#16072,#16073));
#16071=ORIENTED_EDGE('',*,*,#16074,.T.);
#16072=ORIENTED_EDGE('',*,*,#16075,.T.);
#16073=ORIENTED_EDGE('',*,*,#16076,.T.);
#16074=EDGE_CURVE('',#719,#411,#16077,.F.);
#16075=EDGE_CURVE('',#411,#415,#16078,.T.);
#16076=EDGE_CURVE('',#415,#719,#16079,.T.);
#16077=LINE('',#718,#16080);
#16078=LINE('',#410,#16081);
#16079=LINE('',#414,#16082);
#16080=VECTOR('',#16083,1.0);
#16081=VECTOR('',#16084,1.0);
#16082=VECTOR('',#16085,1.0);
#16083=DIRECTION('',(0.9999925943220278,0.003848545322617711,0));
#16084=DIRECTION('',(0.793352350513708,-0.6087627189097362,0));
#16085=DIRECTION('',(-1,0,0));
#16086=FACE_SURFACE('',(#16091),#16087,.T.);
#16087=PLANE('',#16088);
#16088=AXIS2_PLACEMENT_3D('',#718,#16089,#16090);
#16089=DIRECTION('',(0,-0,-1));
#16090=DIRECTION('',(1,0,0));
#16091=FACE_BOUND('',#16092,.T.);
#16092=EDGE_LOOP('',(#16093,#16094,#16095));
#16093=ORIENTED_EDGE('',*,*,#16096,.T.);
#16094=ORIENTED_EDGE('',*,*,#16097,.T.);
#16095=ORIENTED_EDGE('',*,*,#16098,.T.);
#16096=EDGE_CURVE('',#719,#415,#16099,.F.);
#16097=EDGE_CURVE('',#415,#715,#16100,.T.);
#16098=EDGE_CURVE('',#715,#719,#16101,.T.);
#16099=LINE('',#718,#16102);
#16100=LINE('',#414,#16103);
#16101=LINE('',#714,#16104);
#16102=VECTOR('',#16105,1.0);
#16103=VECTOR('',#16106,1.0);
#16104=VECTOR('',#16107,1.0);
#16105=DIRECTION('',(1,0,0));
#16106=DIRECTION('',(-0.9999971360222166,-0.0023933130519304866,0));
#16107=DIRECTION('',(0.9238802702719372,0.38268165124846537,0));
#16108=FACE_SURFACE('',(#16113),#16109,.T.);
#16109=PLANE('',#16110);
#16110=AXIS2_PLACEMENT_3D('',#714,#16111,#16112);
#16111=DIRECTION('',(0,0,-1));
#16112=DIRECTION('',(0.9999971360222166,0.0023933130519304866,0));
#16113=FACE_BOUND('',#16114,.T.);
#16114=EDGE_LOOP('',(#16115,#16116,#16117));
#16115=ORIENTED_EDGE('',*,*,#16118,.T.);
#16116=ORIENTED_EDGE('',*,*,#16119,.T.);
#16117=ORIENTED_EDGE('',*,*,#16120,.T.);
#16118=EDGE_CURVE('',#715,#415,#16121,.F.);
#16119=EDGE_CURVE('',#415,#419,#16122,.T.);
#16120=EDGE_CURVE('',#419,#715,#16123,.T.);
#16121=LINE('',#714,#16124);
#16122=LINE('',#414,#16125);
#16123=LINE('',#418,#16126);
#16124=VECTOR('',#16127,1.0);
#16125=VECTOR('',#16128,1.0);
#16126=VECTOR('',#16129,1.0);
#16127=DIRECTION('',(0.9999971360222166,0.0023933130519304866,0));
#16128=DIRECTION('',(0.9238802702719372,-0.38268165124846537,0));
#16129=DIRECTION('',(-1,0,0));
#16130=FACE_SURFACE('',(#16135),#16131,.T.);
#16131=PLANE('',#16132);
#16132=AXIS2_PLACEMENT_3D('',#714,#16133,#16134);
#16133=DIRECTION('',(0,-0,-1));
#16134=DIRECTION('',(1,0,0));
#16135=FACE_BOUND('',#16136,.T.);
#16136=EDGE_LOOP('',(#16137,#16138,#16139));
#16137=ORIENTED_EDGE('',*,*,#16140,.T.);
#16138=ORIENTED_EDGE('',*,*,#16141,.T.);
#16139=ORIENTED_EDGE('',*,*,#16142,.T.);
#16140=EDGE_CURVE('',#715,#419,#16143,.F.);
#16141=EDGE_CURVE('',#419,#817,#16144,.T.);
#16142=EDGE_CURVE('',#817,#715,#16145,.T.);
#16143=LINE('',#714,#16146);
#16144=LINE('',#418,#16147);
#16145=LINE('',#816,#16148);
#16146=VECTOR('',#16149,1.0);
#16147=VECTOR('',#16150,1.0);
#16148=VECTOR('',#16151,1.0);
#16149=DIRECTION('',(1,0,0));
#16150=DIRECTION('',(-0.9997877560462584,-0.020602011066580054,0));
#16151=DIRECTION('',(0.9199888038231793,0.3919446400194748,0));
#16152=FACE_SURFACE('',(#16157),#16153,.T.);
#16153=PLANE('',#16154);
#16154=AXIS2_PLACEMENT_3D('',#816,#16155,#16156);
#16155=DIRECTION('',(0,0,-1));
#16156=DIRECTION('',(0.9997877560462584,0.020602011066580054,0));
#16157=FACE_BOUND('',#16158,.T.);
#16158=EDGE_LOOP('',(#16159,#16160,#16161));
#16159=ORIENTED_EDGE('',*,*,#16162,.T.);
#16160=ORIENTED_EDGE('',*,*,#16163,.T.);
#16161=ORIENTED_EDGE('',*,*,#16164,.T.);
#16162=EDGE_CURVE('',#817,#419,#16165,.F.);
#16163=EDGE_CURVE('',#419,#815,#16166,.T.);
#16164=EDGE_CURVE('',#815,#817,#16167,.T.);
#16165=LINE('',#816,#16168);
#16166=LINE('',#418,#16169);
#16167=LINE('',#814,#16170);
#16168=VECTOR('',#16171,1.0);
#16169=VECTOR('',#16172,1.0);
#16170=VECTOR('',#16173,1.0);
#16171=DIRECTION('',(0.9997877560462584,0.020602011066580054,0));
#16172=DIRECTION('',(0.9199888038231793,-0.3919446400194748,0));
#16173=DIRECTION('',(-1,0,0));
#16174=FACE_SURFACE('',(#16179),#16175,.T.);
#16175=PLANE('',#16176);
#16176=AXIS2_PLACEMENT_3D('',#814,#16177,#16178);
#16177=DIRECTION('',(0,0,-1));
#16178=DIRECTION('',(-0.9199888038231793,0.3919446400194748,0));
#16179=FACE_BOUND('',#16180,.T.);
#16180=EDGE_LOOP('',(#16181,#16182,#16183));
#16181=ORIENTED_EDGE('',*,*,#16184,.T.);
#16182=ORIENTED_EDGE('',*,*,#16185,.T.);
#16183=ORIENTED_EDGE('',*,*,#16186,.T.);
#16184=EDGE_CURVE('',#815,#419,#16187,.F.);
#16185=EDGE_CURVE('',#419,#423,#16188,.T.);
#16186=EDGE_CURVE('',#423,#815,#16189,.T.);
#16187=LINE('',#814,#16190);
#16188=LINE('',#418,#16191);
#16189=LINE('',#422,#16192);
#16190=VECTOR('',#16193,1.0);
#16191=VECTOR('',#16194,1.0);
#16192=VECTOR('',#16195,1.0);
#16193=DIRECTION('',(-0.9199888038231793,0.3919446400194748,0));
#16194=DIRECTION('',(0.9914444324988257,-0.13052944980762596,0));
#16195=DIRECTION('',(0.9061831399952657,-0.42288546533112353,0));
#16196=FACE_SURFACE('',(#16201),#16197,.T.);
#16197=PLANE('',#16198);
#16198=AXIS2_PLACEMENT_3D('',#814,#16199,#16200);
#16199=DIRECTION('',(0,0,-1));
#16200=DIRECTION('',(-0.9061831399952657,0.42288546533112353,0));
#16201=FACE_BOUND('',#16202,.T.);
#16202=EDGE_LOOP('',(#16203,#16204,#16205));
#16203=ORIENTED_EDGE('',*,*,#16206,.T.);
#16204=ORIENTED_EDGE('',*,*,#16207,.T.);
#16205=ORIENTED_EDGE('',*,*,#16208,.T.);
#16206=EDGE_CURVE('',#815,#423,#16209,.F.);
#16207=EDGE_CURVE('',#423,#427,#16210,.T.);
#16208=EDGE_CURVE('',#427,#815,#16211,.T.);
#16209=LINE('',#814,#16212);
#16210=LINE('',#422,#16213);
#16211=LINE('',#426,#16214);
#16212=VECTOR('',#16215,1.0);
#16213=VECTOR('',#16216,1.0);
#16214=VECTOR('',#16217,1.0);
#16215=DIRECTION('',(-0.9061831399952657,0.42288546533112353,0));
#16216=DIRECTION('',(0.9914444324988257,0.13052944980762596,0));
#16217=DIRECTION('',(0.8715817480295855,-0.49025019785992136,0));
#16218=FACE_SURFACE('',(#16223),#16219,.T.);
#16219=PLANE('',#16220);
#16220=AXIS2_PLACEMENT_3D('',#426,#16221,#16222);
#16221=DIRECTION('',(0,0,-1));
#16222=DIRECTION('',(0.9238802702719372,0.38268165124846537,0));
#16223=FACE_BOUND('',#16224,.T.);
#16224=EDGE_LOOP('',(#16225,#16226,#16227));
#16225=ORIENTED_EDGE('',*,*,#16228,.T.);
#16226=ORIENTED_EDGE('',*,*,#16229,.T.);
#16227=ORIENTED_EDGE('',*,*,#16230,.T.);
#16228=EDGE_CURVE('',#427,#431,#16231,.F.);
#16229=EDGE_CURVE('',#431,#815,#16232,.T.);
#16230=EDGE_CURVE('',#815,#427,#16233,.T.);
#16231=LINE('',#426,#16234);
#16232=LINE('',#430,#16235);
#16233=LINE('',#814,#16236);
#16234=VECTOR('',#16237,1.0);
#16235=VECTOR('',#16238,1.0);
#16236=VECTOR('',#16239,1.0);
#16237=DIRECTION('',(0.9238802702719372,0.38268165124846537,0));
#16238=DIRECTION('',(0.8062255386058069,-0.5916083002289408,0));
#16239=DIRECTION('',(-0.8715817480295855,0.49025019785992136,0));
#16240=FACE_SURFACE('',(#16245),#16241,.T.);
#16241=PLANE('',#16242);
#16242=AXIS2_PLACEMENT_3D('',#814,#16243,#16244);
#16243=DIRECTION('',(0,0,-1));
#16244=DIRECTION('',(-0.8062255386058069,0.5916083002289408,0));
#16245=FACE_BOUND('',#16246,.T.);
#16246=EDGE_LOOP('',(#16247,#16248,#16249));
#16247=ORIENTED_EDGE('',*,*,#16250,.T.);
#16248=ORIENTED_EDGE('',*,*,#16251,.T.);
#16249=ORIENTED_EDGE('',*,*,#16252,.T.);
#16250=EDGE_CURVE('',#815,#431,#16253,.F.);
#16251=EDGE_CURVE('',#431,#435,#16254,.T.);
#16252=EDGE_CURVE('',#435,#815,#16255,.T.);
#16253=LINE('',#814,#16256);
#16254=LINE('',#430,#16257);
#16255=LINE('',#434,#16258);
#16256=VECTOR('',#16259,1.0);
#16257=VECTOR('',#16260,1.0);
#16258=VECTOR('',#16261,1.0);
#16259=DIRECTION('',(-0.8062255386058069,0.5916083002289408,0));
#16260=DIRECTION('',(0.793352350513708,0.6087627189097362,0));
#16261=DIRECTION('',(0.7071067811865481,-0.7071067811865468,0));
#16262=FACE_SURFACE('',(#16267),#16263,.T.);
#16263=PLANE('',#16264);
#16264=AXIS2_PLACEMENT_3D('',#814,#16265,#16266);
#16265=DIRECTION('',(0,0,-1));
#16266=DIRECTION('',(-0.7071067811865481,0.7071067811865468,0));
#16267=FACE_BOUND('',#16268,.T.);
#16268=EDGE_LOOP('',(#16269,#16270,#16271));
#16269=ORIENTED_EDGE('',*,*,#16272,.T.);
#16270=ORIENTED_EDGE('',*,*,#16273,.T.);
#16271=ORIENTED_EDGE('',*,*,#16274,.T.);
#16272=EDGE_CURVE('',#815,#435,#16275,.F.);
#16273=EDGE_CURVE('',#435,#439,#16276,.T.);
#16274=EDGE_CURVE('',#439,#815,#16277,.T.);
#16275=LINE('',#814,#16278);
#16276=LINE('',#434,#16279);
#16277=LINE('',#438,#16280);
#16278=VECTOR('',#16281,1.0);
#16279=VECTOR('',#16282,1.0);
#16280=VECTOR('',#16283,1.0);
#16281=DIRECTION('',(-0.7071067811865481,0.7071067811865468,0));
#16282=DIRECTION('',(0.608762718909747,0.7933523505136998,0));
#16283=DIRECTION('',(0.5916083002289406,-0.806225538605807,0));
#16284=FACE_SURFACE('',(#16289),#16285,.T.);
#16285=PLANE('',#16286);
#16286=AXIS2_PLACEMENT_3D('',#438,#16287,#16288);
#16287=DIRECTION('',(0,0,-1));
#16288=DIRECTION('',(0.3826816512484479,0.9238802702719445,0));
#16289=FACE_BOUND('',#16290,.T.);
#16290=EDGE_LOOP('',(#16291,#16292,#16293));
#16291=ORIENTED_EDGE('',*,*,#16294,.T.);
#16292=ORIENTED_EDGE('',*,*,#16295,.T.);
#16293=ORIENTED_EDGE('',*,*,#16296,.T.);
#16294=EDGE_CURVE('',#439,#443,#16297,.F.);
#16295=EDGE_CURVE('',#443,#815,#16298,.T.);
#16296=EDGE_CURVE('',#815,#439,#16299,.T.);
#16297=LINE('',#438,#16300);
#16298=LINE('',#442,#16301);
#16299=LINE('',#814,#16302);
#16300=VECTOR('',#16303,1.0);
#16301=VECTOR('',#16304,1.0);
#16302=VECTOR('',#16305,1.0);
#16303=DIRECTION('',(0.3826816512484479,0.9238802702719445,0));
#16304=DIRECTION('',(0.4902501978599223,-0.871581748029585,0));
#16305=DIRECTION('',(-0.5916083002289406,0.806225538605807,0));
#16306=FACE_SURFACE('',(#16311),#16307,.T.);
#16307=PLANE('',#16308);
#16308=AXIS2_PLACEMENT_3D('',#814,#16309,#16310);
#16309=DIRECTION('',(0,0,-1));
#16310=DIRECTION('',(-0.4902501978599223,0.871581748029585,0));
#16311=FACE_BOUND('',#16312,.T.);
#16312=EDGE_LOOP('',(#16313,#16314,#16315));
#16313=ORIENTED_EDGE('',*,*,#16316,.T.);
#16314=ORIENTED_EDGE('',*,*,#16317,.T.);
#16315=ORIENTED_EDGE('',*,*,#16318,.T.);
#16316=EDGE_CURVE('',#815,#443,#16319,.F.);
#16317=EDGE_CURVE('',#443,#447,#16320,.T.);
#16318=EDGE_CURVE('',#447,#815,#16321,.T.);
#16319=LINE('',#814,#16322);
#16320=LINE('',#442,#16323);
#16321=LINE('',#446,#16324);
#16322=VECTOR('',#16325,1.0);
#16323=VECTOR('',#16326,1.0);
#16324=VECTOR('',#16327,1.0);
#16325=DIRECTION('',(-0.4902501978599223,0.871581748029585,0));
#16326=DIRECTION('',(0.1305294498076343,0.9914444324988245,0));
#16327=DIRECTION('',(0.42288546533112353,-0.9061831399952657,0));
#16328=FACE_SURFACE('',(#16333),#16329,.T.);
#16329=PLANE('',#16330);
#16330=AXIS2_PLACEMENT_3D('',#814,#16331,#16332);
#16331=DIRECTION('',(0,0,-1));
#16332=DIRECTION('',(-0.42288546533112353,0.9061831399952657,0));
#16333=FACE_BOUND('',#16334,.T.);
#16334=EDGE_LOOP('',(#16335,#16336,#16337));
#16335=ORIENTED_EDGE('',*,*,#16338,.T.);
#16336=ORIENTED_EDGE('',*,*,#16339,.T.);
#16337=ORIENTED_EDGE('',*,*,#16340,.T.);
#16338=EDGE_CURVE('',#815,#447,#16341,.F.);
#16339=EDGE_CURVE('',#447,#451,#16342,.T.);
#16340=EDGE_CURVE('',#451,#815,#16343,.T.);
#16341=LINE('',#814,#16344);
#16342=LINE('',#446,#16345);
#16343=LINE('',#450,#16346);
#16344=VECTOR('',#16347,1.0);
#16345=VECTOR('',#16348,1.0);
#16346=VECTOR('',#16349,1.0);
#16347=DIRECTION('',(-0.42288546533112353,0.9061831399952657,0));
#16348=DIRECTION('',(-0.1305294498076343,0.9914444324988245,0));
#16349=DIRECTION('',(0.39194464001947565,-0.9199888038231789,0));
#16350=FACE_SURFACE('',(#16355),#16351,.T.);
#16351=PLANE('',#16352);
#16352=AXIS2_PLACEMENT_3D('',#814,#16353,#16354);
#16353=DIRECTION('',(0,0,-1));
#16354=DIRECTION('',(-0.39194464001947565,0.9199888038231789,0));
#16355=FACE_BOUND('',#16356,.T.);
#16356=EDGE_LOOP('',(#16357,#16358,#16359));
#16357=ORIENTED_EDGE('',*,*,#16360,.T.);
#16358=ORIENTED_EDGE('',*,*,#16361,.T.);
#16359=ORIENTED_EDGE('',*,*,#16362,.T.);
#16360=EDGE_CURVE('',#815,#451,#16363,.F.);
#16361=EDGE_CURVE('',#451,#635,#16364,.T.);
#16362=EDGE_CURVE('',#635,#815,#16365,.T.);
#16363=LINE('',#814,#16366);
#16364=LINE('',#450,#16367);
#16365=LINE('',#634,#16368);
#16366=VECTOR('',#16369,1.0);
#16367=VECTOR('',#16370,1.0);
#16368=VECTOR('',#16371,1.0);
#16369=DIRECTION('',(-0.39194464001947565,0.9199888038231789,0));
#16370=DIRECTION('',(0,1,0));
#16371=DIRECTION('',(0.025250217446995522,-0.9996811624307419,0));
#16372=FACE_SURFACE('',(#16377),#16373,.T.);
#16373=PLANE('',#16374);
#16374=AXIS2_PLACEMENT_3D('',#634,#16375,#16376);
#16375=DIRECTION('',(0,-0,-1));
#16376=DIRECTION('',(0,-1,0));
#16377=FACE_BOUND('',#16378,.T.);
#16378=EDGE_LOOP('',(#16379,#16380,#16381));
#16379=ORIENTED_EDGE('',*,*,#16382,.T.);
#16380=ORIENTED_EDGE('',*,*,#16383,.T.);
#16381=ORIENTED_EDGE('',*,*,#16384,.T.);
#16382=EDGE_CURVE('',#635,#451,#16385,.F.);
#16383=EDGE_CURVE('',#451,#455,#16386,.T.);
#16384=EDGE_CURVE('',#455,#635,#16387,.T.);
#16385=LINE('',#634,#16388);
#16386=LINE('',#450,#16389);
#16387=LINE('',#454,#16390);
#16388=VECTOR('',#16391,1.0);
#16389=VECTOR('',#16392,1.0);
#16390=VECTOR('',#16393,1.0);
#16391=DIRECTION('',(0,-1,0));
#16392=DIRECTION('',(-0.3826816512484479,0.9238802702719445,0));
#16393=DIRECTION('',(0.002971769997514165,0.9999955842817917,0));
#16394=FACE_SURFACE('',(#16399),#16395,.T.);
#16395=PLANE('',#16396);
#16396=AXIS2_PLACEMENT_3D('',#634,#16397,#16398);
#16397=DIRECTION('',(0,0,-1));
#16398=DIRECTION('',(-0.002971769997514165,-0.9999955842817917,0));
#16399=FACE_BOUND('',#16400,.T.);
#16400=EDGE_LOOP('',(#16401,#16402,#16403));
#16401=ORIENTED_EDGE('',*,*,#16404,.T.);
#16402=ORIENTED_EDGE('',*,*,#16405,.T.);
#16403=ORIENTED_EDGE('',*,*,#16406,.T.);
#16404=EDGE_CURVE('',#635,#455,#16407,.F.);
#16405=EDGE_CURVE('',#455,#631,#16408,.T.);
#16406=EDGE_CURVE('',#631,#635,#16409,.T.);
#16407=LINE('',#634,#16410);
#16408=LINE('',#454,#16411);
#16409=LINE('',#630,#16412);
#16410=VECTOR('',#16413,1.0);
#16411=VECTOR('',#16414,1.0);
#16412=VECTOR('',#16415,1.0);
#16413=DIRECTION('',(-0.002971769997514165,-0.9999955842817917,0));
#16414=DIRECTION('',(0,1,0));
#16415=DIRECTION('',(0.3826816512484479,0.9238802702719445,0));
#16416=FACE_SURFACE('',(#16421),#16417,.T.);
#16417=PLANE('',#16418);
#16418=AXIS2_PLACEMENT_3D('',#630,#16419,#16420);
#16419=DIRECTION('',(0,-0,-1));
#16420=DIRECTION('',(0,-1,0));
#16421=FACE_BOUND('',#16422,.T.);
#16422=EDGE_LOOP('',(#16423,#16424,#16425));
#16423=ORIENTED_EDGE('',*,*,#16426,.T.);
#16424=ORIENTED_EDGE('',*,*,#16427,.T.);
#16425=ORIENTED_EDGE('',*,*,#16428,.T.);
#16426=EDGE_CURVE('',#631,#455,#16429,.F.);
#16427=EDGE_CURVE('',#455,#627,#16430,.T.);
#16428=EDGE_CURVE('',#627,#631,#16431,.T.);
#16429=LINE('',#630,#16432);
#16430=LINE('',#454,#16433);
#16431=LINE('',#626,#16434);
#16432=VECTOR('',#16435,1.0);
#16433=VECTOR('',#16436,1.0);
#16434=VECTOR('',#16437,1.0);
#16435=DIRECTION('',(0,-1,0));
#16436=DIRECTION('',(-0.004791287836455664,0.9999885217145585,0));
#16437=DIRECTION('',(0.608762718909747,0.7933523505136998,0));
#16438=FACE_SURFACE('',(#16443),#16439,.T.);
#16439=PLANE('',#16440);
#16440=AXIS2_PLACEMENT_3D('',#626,#16441,#16442);
#16441=DIRECTION('',(0,0,-1));
#16442=DIRECTION('',(0.004791287836455664,-0.9999885217145585,0));
#16443=FACE_BOUND('',#16444,.T.);
#16444=EDGE_LOOP('',(#16445,#16446,#16447));
#16445=ORIENTED_EDGE('',*,*,#16448,.T.);
#16446=ORIENTED_EDGE('',*,*,#16449,.T.);
#16447=ORIENTED_EDGE('',*,*,#16450,.T.);
#16448=EDGE_CURVE('',#627,#455,#16451,.F.);
#16449=EDGE_CURVE('',#455,#459,#16452,.T.);
#16450=EDGE_CURVE('',#459,#627,#16453,.T.);
#16451=LINE('',#626,#16454);
#16452=LINE('',#454,#16455);
#16453=LINE('',#458,#16456);
#16454=VECTOR('',#16457,1.0);
#16455=VECTOR('',#16458,1.0);
#16456=VECTOR('',#16459,1.0);
#16457=DIRECTION('',(0.004791287836455664,-0.9999885217145585,0));
#16458=DIRECTION('',(-0.608762718909747,0.7933523505136998,0));
#16459=DIRECTION('',(0,1,0));
#16460=FACE_SURFACE('',(#16465),#16461,.T.);
#16461=PLANE('',#16462);
#16462=AXIS2_PLACEMENT_3D('',#626,#16463,#16464);
#16463=DIRECTION('',(0,-0,-1));
#16464=DIRECTION('',(0,-1,0));
#16465=FACE_BOUND('',#16466,.T.);
#16466=EDGE_LOOP('',(#16467,#16468,#16469));
#16467=ORIENTED_EDGE('',*,*,#16470,.T.);
#16468=ORIENTED_EDGE('',*,*,#16471,.T.);
#16469=ORIENTED_EDGE('',*,*,#16472,.T.);
#16470=EDGE_CURVE('',#627,#459,#16473,.F.);
#16471=EDGE_CURVE('',#459,#623,#16474,.T.);
#16472=EDGE_CURVE('',#623,#627,#16475,.T.);
#16473=LINE('',#626,#16476);
#16474=LINE('',#458,#16477);
#16475=LINE('',#622,#16478);
#16476=VECTOR('',#16479,1.0);
#16477=VECTOR('',#16480,1.0);
#16478=VECTOR('',#16481,1.0);
#16479=DIRECTION('',(0,-1,0));
#16480=DIRECTION('',(-0.006313729366475597,0.9999800682121054,0));
#16481=DIRECTION('',(0.793352350513708,0.6087627189097362,0));
#16482=FACE_SURFACE('',(#16487),#16483,.T.);
#16483=PLANE('',#16484);
#16484=AXIS2_PLACEMENT_3D('',#622,#16485,#16486);
#16485=DIRECTION('',(0,0,-1));
#16486=DIRECTION('',(0.006313729366475597,-0.9999800682121054,0));
#16487=FACE_BOUND('',#16488,.T.);
#16488=EDGE_LOOP('',(#16489,#16490,#16491));
#16489=ORIENTED_EDGE('',*,*,#16492,.T.);
#16490=ORIENTED_EDGE('',*,*,#16493,.T.);
#16491=ORIENTED_EDGE('',*,*,#16494,.T.);
#16492=EDGE_CURVE('',#623,#459,#16495,.F.);
#16493=EDGE_CURVE('',#459,#463,#16496,.T.);
#16494=EDGE_CURVE('',#463,#623,#16497,.T.);
#16495=LINE('',#622,#16498);
#16496=LINE('',#458,#16499);
#16497=LINE('',#462,#16500);
#16498=VECTOR('',#16501,1.0);
#16499=VECTOR('',#16502,1.0);
#16500=VECTOR('',#16503,1.0);
#16501=DIRECTION('',(0.006313729366475597,-0.9999800682121054,0));
#16502=DIRECTION('',(-0.793352350513708,0.6087627189097362,0));
#16503=DIRECTION('',(0,1,0));
#16504=FACE_SURFACE('',(#16509),#16505,.T.);
#16505=PLANE('',#16506);
#16506=AXIS2_PLACEMENT_3D('',#622,#16507,#16508);
#16507=DIRECTION('',(0,-0,-1));
#16508=DIRECTION('',(0,-1,0));
#16509=FACE_BOUND('',#16510,.T.);
#16510=EDGE_LOOP('',(#16511,#16512,#16513));
#16511=ORIENTED_EDGE('',*,*,#16514,.T.);
#16512=ORIENTED_EDGE('',*,*,#16515,.T.);
#16513=ORIENTED_EDGE('',*,*,#16516,.T.);
#16514=EDGE_CURVE('',#623,#463,#16517,.F.);
#16515=EDGE_CURVE('',#463,#619,#16518,.T.);
#16516=EDGE_CURVE('',#619,#623,#16519,.T.);
#16517=LINE('',#622,#16520);
#16518=LINE('',#462,#16521);
#16519=LINE('',#618,#16522);
#16520=VECTOR('',#16523,1.0);
#16521=VECTOR('',#16524,1.0);
#16522=VECTOR('',#16525,1.0);
#16523=DIRECTION('',(0,-1,0));
#16524=DIRECTION('',(-0.007410941101862315,0.9999725385989281,0));
#16525=DIRECTION('',(0.9238802702719372,0.38268165124846537,0));
#16526=FACE_SURFACE('',(#16531),#16527,.T.);
#16527=PLANE('',#16528);
#16528=AXIS2_PLACEMENT_3D('',#618,#16529,#16530);
#16529=DIRECTION('',(0,0,-1));
#16530=DIRECTION('',(0.007410941101862315,-0.9999725385989281,0));
#16531=FACE_BOUND('',#16532,.T.);
#16532=EDGE_LOOP('',(#16533,#16534,#16535));
#16533=ORIENTED_EDGE('',*,*,#16536,.T.);
#16534=ORIENTED_EDGE('',*,*,#16537,.T.);
#16535=ORIENTED_EDGE('',*,*,#16538,.T.);
#16536=EDGE_CURVE('',#619,#463,#16539,.F.);
#16537=EDGE_CURVE('',#463,#467,#16540,.T.);
#16538=EDGE_CURVE('',#467,#619,#16541,.T.);
#16539=LINE('',#618,#16542);
#16540=LINE('',#462,#16543);
#16541=LINE('',#466,#16544);
#16542=VECTOR('',#16545,1.0);
#16543=VECTOR('',#16546,1.0);
#16544=VECTOR('',#16547,1.0);
#16545=DIRECTION('',(0.007410941101862315,-0.9999725385989281,0));
#16546=DIRECTION('',(-0.9238802702719372,0.38268165124846537,0));
#16547=DIRECTION('',(0,1,0));
#16548=FACE_SURFACE('',(#16553),#16549,.T.);
#16549=PLANE('',#16550);
#16550=AXIS2_PLACEMENT_3D('',#618,#16551,#16552);
#16551=DIRECTION('',(0,-0,-1));
#16552=DIRECTION('',(0,-1,0));
#16553=FACE_BOUND('',#16554,.T.);
#16554=EDGE_LOOP('',(#16555,#16556,#16557));
#16555=ORIENTED_EDGE('',*,*,#16558,.T.);
#16556=ORIENTED_EDGE('',*,*,#16559,.T.);
#16557=ORIENTED_EDGE('',*,*,#16560,.T.);
#16558=EDGE_CURVE('',#619,#467,#16561,.F.);
#16559=EDGE_CURVE('',#467,#615,#16562,.T.);
#16560=EDGE_CURVE('',#615,#619,#16563,.T.);
#16561=LINE('',#618,#16564);
#16562=LINE('',#466,#16565);
#16563=LINE('',#614,#16566);
#16564=VECTOR('',#16567,1.0);
#16565=VECTOR('',#16568,1.0);
#16566=VECTOR('',#16569,1.0);
#16567=DIRECTION('',(0,-1,0));
#16568=DIRECTION('',(-0.007985741560501988,0.9999681134574886,0));
#16569=DIRECTION('',(0.9914444324988257,0.13052944980762596,0));
#16570=FACE_SURFACE('',(#16575),#16571,.T.);
#16571=PLANE('',#16572);
#16572=AXIS2_PLACEMENT_3D('',#614,#16573,#16574);
#16573=DIRECTION('',(0,0,-1));
#16574=DIRECTION('',(0.007985741560501988,-0.9999681134574886,0));
#16575=FACE_BOUND('',#16576,.T.);
#16576=EDGE_LOOP('',(#16577,#16578,#16579));
#16577=ORIENTED_EDGE('',*,*,#16580,.T.);
#16578=ORIENTED_EDGE('',*,*,#16581,.T.);
#16579=ORIENTED_EDGE('',*,*,#16582,.T.);
#16580=EDGE_CURVE('',#615,#467,#16583,.F.);
#16581=EDGE_CURVE('',#467,#471,#16584,.T.);
#16582=EDGE_CURVE('',#471,#615,#16585,.T.);
#16583=LINE('',#614,#16586);
#16584=LINE('',#466,#16587);
#16585=LINE('',#470,#16588);
#16586=VECTOR('',#16589,1.0);
#16587=VECTOR('',#16590,1.0);
#16588=VECTOR('',#16591,1.0);
#16589=DIRECTION('',(0.007985741560501988,-0.9999681134574886,0));
#16590=DIRECTION('',(-0.9914444324988257,0.13052944980762596,0));
#16591=DIRECTION('',(0,1,0));
#16592=FACE_SURFACE('',(#16597),#16593,.T.);
#16593=PLANE('',#16594);
#16594=AXIS2_PLACEMENT_3D('',#614,#16595,#16596);
#16595=DIRECTION('',(0,-0,-1));
#16596=DIRECTION('',(0,-1,0));
#16597=FACE_BOUND('',#16598,.T.);
#16598=EDGE_LOOP('',(#16599,#16600,#16601));
#16599=ORIENTED_EDGE('',*,*,#16602,.T.);
#16600=ORIENTED_EDGE('',*,*,#16603,.T.);
#16601=ORIENTED_EDGE('',*,*,#16604,.T.);
#16602=EDGE_CURVE('',#615,#471,#16605,.F.);
#16603=EDGE_CURVE('',#471,#475,#16606,.T.);
#16604=EDGE_CURVE('',#475,#615,#16607,.T.);
#16605=LINE('',#614,#16608);
#16606=LINE('',#470,#16609);
#16607=LINE('',#474,#16610);
#16608=VECTOR('',#16611,1.0);
#16609=VECTOR('',#16612,1.0);
#16610=VECTOR('',#16613,1.0);
#16611=DIRECTION('',(0,-1,0));
#16612=DIRECTION('',(-0.9914444324988257,-0.13052944980762596,0));
#16613=DIRECTION('',(0.007985741560501988,0.9999681134574886,0));
#16614=FACE_SURFACE('',(#16619),#16615,.T.);
#16615=PLANE('',#16616);
#16616=AXIS2_PLACEMENT_3D('',#614,#16617,#16618);
#16617=DIRECTION('',(-0,0,-1));
#16618=DIRECTION('',(-0.007985741560501988,-0.9999681134574886,0));
#16619=FACE_BOUND('',#16620,.T.);
#16620=EDGE_LOOP('',(#16621,#16622,#16623));
#16621=ORIENTED_EDGE('',*,*,#16624,.T.);
#16622=ORIENTED_EDGE('',*,*,#16625,.T.);
#16623=ORIENTED_EDGE('',*,*,#16626,.T.);
#16624=EDGE_CURVE('',#615,#475,#16627,.F.);
#16625=EDGE_CURVE('',#475,#611,#16628,.T.);
#16626=EDGE_CURVE('',#611,#615,#16629,.T.);
#16627=LINE('',#614,#16630);
#16628=LINE('',#474,#16631);
#16629=LINE('',#610,#16632);
#16630=VECTOR('',#16633,1.0);
#16631=VECTOR('',#16634,1.0);
#16632=VECTOR('',#16635,1.0);
#16633=DIRECTION('',(-0.007985741560501988,-0.9999681134574886,0));
#16634=DIRECTION('',(0,1,0));
#16635=DIRECTION('',(0.9914444324988257,-0.13052944980762596,0));
#16636=FACE_SURFACE('',(#16641),#16637,.T.);
#16637=PLANE('',#16638);
#16638=AXIS2_PLACEMENT_3D('',#610,#16639,#16640);
#16639=DIRECTION('',(0,-0,-1));
#16640=DIRECTION('',(0,-1,0));
#16641=FACE_BOUND('',#16642,.T.);
#16642=EDGE_LOOP('',(#16643,#16644,#16645));
#16643=ORIENTED_EDGE('',*,*,#16646,.T.);
#16644=ORIENTED_EDGE('',*,*,#16647,.T.);
#16645=ORIENTED_EDGE('',*,*,#16648,.T.);
#16646=EDGE_CURVE('',#611,#475,#16649,.F.);
#16647=EDGE_CURVE('',#475,#479,#16650,.T.);
#16648=EDGE_CURVE('',#479,#611,#16651,.T.);
#16649=LINE('',#610,#16652);
#16650=LINE('',#474,#16653);
#16651=LINE('',#478,#16654);
#16652=VECTOR('',#16655,1.0);
#16653=VECTOR('',#16656,1.0);
#16654=VECTOR('',#16657,1.0);
#16655=DIRECTION('',(0,-1,0));
#16656=DIRECTION('',(-0.9238802702719372,-0.38268165124846537,0));
#16657=DIRECTION('',(0.007410941101862315,0.9999725385989281,0));
#16658=FACE_SURFACE('',(#16663),#16659,.T.);
#16659=PLANE('',#16660);
#16660=AXIS2_PLACEMENT_3D('',#610,#16661,#16662);
#16661=DIRECTION('',(-0,0,-1));
#16662=DIRECTION('',(-0.007410941101862315,-0.9999725385989281,0));
#16663=FACE_BOUND('',#16664,.T.);
#16664=EDGE_LOOP('',(#16665,#16666,#16667));
#16665=ORIENTED_EDGE('',*,*,#16668,.T.);
#16666=ORIENTED_EDGE('',*,*,#16669,.T.);
#16667=ORIENTED_EDGE('',*,*,#16670,.T.);
#16668=EDGE_CURVE('',#611,#479,#16671,.F.);
#16669=EDGE_CURVE('',#479,#607,#16672,.T.);
#16670=EDGE_CURVE('',#607,#611,#16673,.T.);
#16671=LINE('',#610,#16674);
#16672=LINE('',#478,#16675);
#16673=LINE('',#606,#16676);
#16674=VECTOR('',#16677,1.0);
#16675=VECTOR('',#16678,1.0);
#16676=VECTOR('',#16679,1.0);
#16677=DIRECTION('',(-0.007410941101862315,-0.9999725385989281,0));
#16678=DIRECTION('',(0,1,0));
#16679=DIRECTION('',(0.9238802702719372,-0.38268165124846537,0));
#16680=FACE_SURFACE('',(#16685),#16681,.T.);
#16681=PLANE('',#16682);
#16682=AXIS2_PLACEMENT_3D('',#606,#16683,#16684);
#16683=DIRECTION('',(0,-0,-1));
#16684=DIRECTION('',(0,-1,0));
#16685=FACE_BOUND('',#16686,.T.);
#16686=EDGE_LOOP('',(#16687,#16688,#16689));
#16687=ORIENTED_EDGE('',*,*,#16690,.T.);
#16688=ORIENTED_EDGE('',*,*,#16691,.T.);
#16689=ORIENTED_EDGE('',*,*,#16692,.T.);
#16690=EDGE_CURVE('',#607,#479,#16693,.F.);
#16691=EDGE_CURVE('',#479,#483,#16694,.T.);
#16692=EDGE_CURVE('',#483,#607,#16695,.T.);
#16693=LINE('',#606,#16696);
#16694=LINE('',#478,#16697);
#16695=LINE('',#482,#16698);
#16696=VECTOR('',#16699,1.0);
#16697=VECTOR('',#16700,1.0);
#16698=VECTOR('',#16701,1.0);
#16699=DIRECTION('',(0,-1,0));
#16700=DIRECTION('',(-0.793352350513708,-0.6087627189097362,0));
#16701=DIRECTION('',(0.006313729366475597,0.9999800682121054,0));
#16702=FACE_SURFACE('',(#16707),#16703,.T.);
#16703=PLANE('',#16704);
#16704=AXIS2_PLACEMENT_3D('',#606,#16705,#16706);
#16705=DIRECTION('',(-0,0,-1));
#16706=DIRECTION('',(-0.006313729366475597,-0.9999800682121054,0));
#16707=FACE_BOUND('',#16708,.T.);
#16708=EDGE_LOOP('',(#16709,#16710,#16711));
#16709=ORIENTED_EDGE('',*,*,#16712,.T.);
#16710=ORIENTED_EDGE('',*,*,#16713,.T.);
#16711=ORIENTED_EDGE('',*,*,#16714,.T.);
#16712=EDGE_CURVE('',#607,#483,#16715,.F.);
#16713=EDGE_CURVE('',#483,#603,#16716,.T.);
#16714=EDGE_CURVE('',#603,#607,#16717,.T.);
#16715=LINE('',#606,#16718);
#16716=LINE('',#482,#16719);
#16717=LINE('',#602,#16720);
#16718=VECTOR('',#16721,1.0);
#16719=VECTOR('',#16722,1.0);
#16720=VECTOR('',#16723,1.0);
#16721=DIRECTION('',(-0.006313729366475597,-0.9999800682121054,0));
#16722=DIRECTION('',(0,1,0));
#16723=DIRECTION('',(0.793352350513708,-0.6087627189097362,0));
#16724=FACE_SURFACE('',(#16729),#16725,.T.);
#16725=PLANE('',#16726);
#16726=AXIS2_PLACEMENT_3D('',#490,#16727,#16728);
#16727=DIRECTION('',(-0,0,-1));
#16728=DIRECTION('',(-0.1305294498076343,-0.9914444324988245,0));
#16729=FACE_BOUND('',#16730,.T.);
#16730=EDGE_LOOP('',(#16731,#16732,#16733));
#16731=ORIENTED_EDGE('',*,*,#16734,.T.);
#16732=ORIENTED_EDGE('',*,*,#16735,.T.);
#16733=ORIENTED_EDGE('',*,*,#16736,.T.);
#16734=EDGE_CURVE('',#491,#495,#16737,.F.);
#16735=EDGE_CURVE('',#495,#811,#16738,.T.);
#16736=EDGE_CURVE('',#811,#491,#16739,.T.);
#16737=LINE('',#490,#16740);
#16738=LINE('',#494,#16741);
#16739=LINE('',#810,#16742);
#16740=VECTOR('',#16743,1.0);
#16741=VECTOR('',#16744,1.0);
#16742=VECTOR('',#16745,1.0);
#16743=DIRECTION('',(-0.1305294498076343,-0.9914444324988245,0));
#16744=DIRECTION('',(-0.42288546533112353,0.9061831399952657,0));
#16745=DIRECTION('',(0.4902501978599223,-0.871581748029585,0));
#16746=FACE_SURFACE('',(#16751),#16747,.T.);
#16747=PLANE('',#16748);
#16748=AXIS2_PLACEMENT_3D('',#810,#16749,#16750);
#16749=DIRECTION('',(0,0,-1));
#16750=DIRECTION('',(0.42288546533112353,-0.9061831399952657,0));
#16751=FACE_BOUND('',#16752,.T.);
#16752=EDGE_LOOP('',(#16753,#16754,#16755));
#16753=ORIENTED_EDGE('',*,*,#16756,.T.);
#16754=ORIENTED_EDGE('',*,*,#16757,.T.);
#16755=ORIENTED_EDGE('',*,*,#16758,.T.);
#16756=EDGE_CURVE('',#811,#495,#16759,.F.);
#16757=EDGE_CURVE('',#495,#499,#16760,.T.);
#16758=EDGE_CURVE('',#499,#811,#16761,.T.);
#16759=LINE('',#810,#16762);
#16760=LINE('',#494,#16763);
#16761=LINE('',#498,#16764);
#16762=VECTOR('',#16765,1.0);
#16763=VECTOR('',#16766,1.0);
#16764=VECTOR('',#16767,1.0);
#16765=DIRECTION('',(0.42288546533112353,-0.9061831399952657,0));
#16766=DIRECTION('',(0.1305294498076343,-0.9914444324988245,0));
#16767=DIRECTION('',(-0.39194464001947565,0.9199888038231789,0));
#16768=FACE_SURFACE('',(#16773),#16769,.T.);
#16769=PLANE('',#16770);
#16770=AXIS2_PLACEMENT_3D('',#810,#16771,#16772);
#16771=DIRECTION('',(0,0,-1));
#16772=DIRECTION('',(0.39194464001947565,-0.9199888038231789,0));
#16773=FACE_BOUND('',#16774,.T.);
#16774=EDGE_LOOP('',(#16775,#16776,#16777));
#16775=ORIENTED_EDGE('',*,*,#16778,.T.);
#16776=ORIENTED_EDGE('',*,*,#16779,.T.);
#16777=ORIENTED_EDGE('',*,*,#16780,.T.);
#16778=EDGE_CURVE('',#811,#499,#16781,.F.);
#16779=EDGE_CURVE('',#499,#817,#16782,.T.);
#16780=EDGE_CURVE('',#817,#811,#16783,.T.);
#16781=LINE('',#810,#16784);
#16782=LINE('',#498,#16785);
#16783=LINE('',#816,#16786);
#16784=VECTOR('',#16787,1.0);
#16785=VECTOR('',#16788,1.0);
#16786=VECTOR('',#16789,1.0);
#16787=DIRECTION('',(0.39194464001947565,-0.9199888038231789,0));
#16788=DIRECTION('',(-0.025250217446995522,-0.9996811624307419,0));
#16789=DIRECTION('',(0,1,0));
#16790=FACE_SURFACE('',(#16795),#16791,.T.);
#16791=PLANE('',#16792);
#16792=AXIS2_PLACEMENT_3D('',#816,#16793,#16794);
#16793=DIRECTION('',(0,0,-1));
#16794=DIRECTION('',(0.025250217446995522,0.9996811624307419,0));
#16795=FACE_BOUND('',#16796,.T.);
#16796=EDGE_LOOP('',(#16797,#16798,#16799));
#16797=ORIENTED_EDGE('',*,*,#16800,.T.);
#16798=ORIENTED_EDGE('',*,*,#16801,.T.);
#16799=ORIENTED_EDGE('',*,*,#16802,.T.);
#16800=EDGE_CURVE('',#817,#499,#16803,.F.);
#16801=EDGE_CURVE('',#499,#683,#16804,.T.);
#16802=EDGE_CURVE('',#683,#817,#16805,.T.);
#16803=LINE('',#816,#16806);
#16804=LINE('',#498,#16807);
#16805=LINE('',#682,#16808);
#16806=VECTOR('',#16809,1.0);
#16807=VECTOR('',#16810,1.0);
#16808=VECTOR('',#16811,1.0);
#16809=DIRECTION('',(0.025250217446995522,0.9996811624307419,0));
#16810=DIRECTION('',(0,-1,0));
#16811=DIRECTION('',(-0.39194464001947565,-0.9199888038231789,0));
#16812=FACE_SURFACE('',(#16817),#16813,.T.);
#16813=PLANE('',#16814);
#16814=AXIS2_PLACEMENT_3D('',#816,#16815,#16816);
#16815=DIRECTION('',(0,0,-1));
#16816=DIRECTION('',(0.39194464001947565,0.9199888038231789,0));
#16817=FACE_BOUND('',#16818,.T.);
#16818=EDGE_LOOP('',(#16819,#16820,#16821));
#16819=ORIENTED_EDGE('',*,*,#16822,.T.);
#16820=ORIENTED_EDGE('',*,*,#16823,.T.);
#16821=ORIENTED_EDGE('',*,*,#16824,.T.);
#16822=EDGE_CURVE('',#817,#683,#16825,.F.);
#16823=EDGE_CURVE('',#683,#687,#16826,.T.);
#16824=EDGE_CURVE('',#687,#817,#16827,.T.);
#16825=LINE('',#816,#16828);
#16826=LINE('',#682,#16829);
#16827=LINE('',#686,#16830);
#16828=VECTOR('',#16831,1.0);
#16829=VECTOR('',#16832,1.0);
#16830=VECTOR('',#16833,1.0);
#16831=DIRECTION('',(0.39194464001947565,0.9199888038231789,0));
#16832=DIRECTION('',(-0.1305294498076343,-0.9914444324988245,0));
#16833=DIRECTION('',(-0.42288546533112353,-0.9061831399952657,0));
#16834=FACE_SURFACE('',(#16839),#16835,.T.);
#16835=PLANE('',#16836);
#16836=AXIS2_PLACEMENT_3D('',#682,#16837,#16838);
#16837=DIRECTION('',(0,0,-1));
#16838=DIRECTION('',(0,1,0));
#16839=FACE_BOUND('',#16840,.T.);
#16840=EDGE_LOOP('',(#16841,#16842,#16843));
#16841=ORIENTED_EDGE('',*,*,#16844,.T.);
#16842=ORIENTED_EDGE('',*,*,#16845,.T.);
#16843=ORIENTED_EDGE('',*,*,#16846,.T.);
#16844=EDGE_CURVE('',#683,#499,#16847,.F.);
#16845=EDGE_CURVE('',#499,#775,#16848,.T.);
#16846=EDGE_CURVE('',#775,#683,#16849,.T.);
#16847=LINE('',#682,#16850);
#16848=LINE('',#498,#16851);
#16849=LINE('',#774,#16852);
#16850=VECTOR('',#16853,1.0);
#16851=VECTOR('',#16854,1.0);
#16852=VECTOR('',#16855,1.0);
#16853=DIRECTION('',(0,1,0));
#16854=DIRECTION('',(0.002971769997514165,-0.9999955842817917,0));
#16855=DIRECTION('',(-0.3826816512484479,-0.9238802702719445,0));
#16856=FACE_SURFACE('',(#16861),#16857,.T.);
#16857=PLANE('',#16858);
#16858=AXIS2_PLACEMENT_3D('',#774,#16859,#16860);
#16859=DIRECTION('',(0,0,-1));
#16860=DIRECTION('',(-0.002971769997514165,0.9999955842817917,0));
#16861=FACE_BOUND('',#16862,.T.);
#16862=EDGE_LOOP('',(#16863,#16864,#16865));
#16863=ORIENTED_EDGE('',*,*,#16866,.T.);
#16864=ORIENTED_EDGE('',*,*,#16867,.T.);
#16865=ORIENTED_EDGE('',*,*,#16868,.T.);
#16866=EDGE_CURVE('',#775,#499,#16869,.F.);
#16867=EDGE_CURVE('',#499,#503,#16870,.T.);
#16868=EDGE_CURVE('',#503,#775,#16871,.T.);
#16869=LINE('',#774,#16872);
#16870=LINE('',#498,#16873);
#16871=LINE('',#502,#16874);
#16872=VECTOR('',#16875,1.0);
#16873=VECTOR('',#16876,1.0);
#16874=VECTOR('',#16877,1.0);
#16875=DIRECTION('',(-0.002971769997514165,0.9999955842817917,0));
#16876=DIRECTION('',(0.3826816512484479,-0.9238802702719445,0));
#16877=DIRECTION('',(0,-1,0));
#16878=FACE_SURFACE('',(#16883),#16879,.T.);
#16879=PLANE('',#16880);
#16880=AXIS2_PLACEMENT_3D('',#774,#16881,#16882);
#16881=DIRECTION('',(0,0,-1));
#16882=DIRECTION('',(0,1,0));
#16883=FACE_BOUND('',#16884,.T.);
#16884=EDGE_LOOP('',(#16885,#16886,#16887));
#16885=ORIENTED_EDGE('',*,*,#16888,.T.);
#16886=ORIENTED_EDGE('',*,*,#16889,.T.);
#16887=ORIENTED_EDGE('',*,*,#16890,.T.);
#16888=EDGE_CURVE('',#775,#503,#16891,.F.);
#16889=EDGE_CURVE('',#503,#507,#16892,.T.);
#16890=EDGE_CURVE('',#507,#775,#16893,.T.);
#16891=LINE('',#774,#16894);
#16892=LINE('',#502,#16895);
#16893=LINE('',#506,#16896);
#16894=VECTOR('',#16897,1.0);
#16895=VECTOR('',#16898,1.0);
#16896=VECTOR('',#16899,1.0);
#16897=DIRECTION('',(0,1,0));
#16898=DIRECTION('',(0.608762718909747,-0.7933523505136998,0));
#16899=DIRECTION('',(-0.004791287836455664,-0.9999885217145585,0));
#16900=FACE_SURFACE('',(#16905),#16901,.T.);
#16901=PLANE('',#16902);
#16902=AXIS2_PLACEMENT_3D('',#774,#16903,#16904);
#16903=DIRECTION('',(0,0,-1));
#16904=DIRECTION('',(0.004791287836455664,0.9999885217145585,0));
#16905=FACE_BOUND('',#16906,.T.);
#16906=EDGE_LOOP('',(#16907,#16908,#16909));
#16907=ORIENTED_EDGE('',*,*,#16910,.T.);
#16908=ORIENTED_EDGE('',*,*,#16911,.T.);
#16909=ORIENTED_EDGE('',*,*,#16912,.T.);
#16910=EDGE_CURVE('',#775,#507,#16913,.F.);
#16911=EDGE_CURVE('',#507,#771,#16914,.T.);
#16912=EDGE_CURVE('',#771,#775,#16915,.T.);
#16913=LINE('',#774,#16916);
#16914=LINE('',#506,#16917);
#16915=LINE('',#770,#16918);
#16916=VECTOR('',#16919,1.0);
#16917=VECTOR('',#16920,1.0);
#16918=VECTOR('',#16921,1.0);
#16919=DIRECTION('',(0.004791287836455664,0.9999885217145585,0));
#16920=DIRECTION('',(0,-1,0));
#16921=DIRECTION('',(-0.608762718909747,-0.7933523505136998,0));
#16922=FACE_SURFACE('',(#16927),#16923,.T.);
#16923=PLANE('',#16924);
#16924=AXIS2_PLACEMENT_3D('',#770,#16925,#16926);
#16925=DIRECTION('',(0,0,-1));
#16926=DIRECTION('',(0,1,0));
#16927=FACE_BOUND('',#16928,.T.);
#16928=EDGE_LOOP('',(#16929,#16930,#16931));
#16929=ORIENTED_EDGE('',*,*,#16932,.T.);
#16930=ORIENTED_EDGE('',*,*,#16933,.T.);
#16931=ORIENTED_EDGE('',*,*,#16934,.T.);
#16932=EDGE_CURVE('',#771,#507,#16935,.F.);
#16933=EDGE_CURVE('',#507,#511,#16936,.T.);
#16934=EDGE_CURVE('',#511,#771,#16937,.T.);
#16935=LINE('',#770,#16938);
#16936=LINE('',#506,#16939);
#16937=LINE('',#510,#16940);
#16938=VECTOR('',#16941,1.0);
#16939=VECTOR('',#16942,1.0);
#16940=VECTOR('',#16943,1.0);
#16941=DIRECTION('',(0,1,0));
#16942=DIRECTION('',(0.793352350513708,-0.6087627189097362,0));
#16943=DIRECTION('',(-0.006313729366475597,-0.9999800682121054,0));
#16944=FACE_SURFACE('',(#16949),#16945,.T.);
#16945=PLANE('',#16946);
#16946=AXIS2_PLACEMENT_3D('',#770,#16947,#16948);
#16947=DIRECTION('',(0,0,-1));
#16948=DIRECTION('',(0.006313729366475597,0.9999800682121054,0));
#16949=FACE_BOUND('',#16950,.T.);
#16950=EDGE_LOOP('',(#16951,#16952,#16953));
#16951=ORIENTED_EDGE('',*,*,#16954,.T.);
#16952=ORIENTED_EDGE('',*,*,#16955,.T.);
#16953=ORIENTED_EDGE('',*,*,#16956,.T.);
#16954=EDGE_CURVE('',#771,#511,#16957,.F.);
#16955=EDGE_CURVE('',#511,#767,#16958,.T.);
#16956=EDGE_CURVE('',#767,#771,#16959,.T.);
#16957=LINE('',#770,#16960);
#16958=LINE('',#510,#16961);
#16959=LINE('',#766,#16962);
#16960=VECTOR('',#16963,1.0);
#16961=VECTOR('',#16964,1.0);
#16962=VECTOR('',#16965,1.0);
#16963=DIRECTION('',(0.006313729366475597,0.9999800682121054,0));
#16964=DIRECTION('',(0,-1,0));
#16965=DIRECTION('',(-0.793352350513708,-0.6087627189097362,0));
#16966=FACE_SURFACE('',(#16971),#16967,.T.);
#16967=PLANE('',#16968);
#16968=AXIS2_PLACEMENT_3D('',#766,#16969,#16970);
#16969=DIRECTION('',(0,0,-1));
#16970=DIRECTION('',(0,1,0));
#16971=FACE_BOUND('',#16972,.T.);
#16972=EDGE_LOOP('',(#16973,#16974,#16975));
#16973=ORIENTED_EDGE('',*,*,#16976,.T.);
#16974=ORIENTED_EDGE('',*,*,#16977,.T.);
#16975=ORIENTED_EDGE('',*,*,#16978,.T.);
#16976=EDGE_CURVE('',#767,#511,#16979,.F.);
#16977=EDGE_CURVE('',#511,#515,#16980,.T.);
#16978=EDGE_CURVE('',#515,#767,#16981,.T.);
#16979=LINE('',#766,#16982);
#16980=LINE('',#510,#16983);
#16981=LINE('',#514,#16984);
#16982=VECTOR('',#16985,1.0);
#16983=VECTOR('',#16986,1.0);
#16984=VECTOR('',#16987,1.0);
#16985=DIRECTION('',(0,1,0));
#16986=DIRECTION('',(0.9238802702719372,-0.38268165124846537,0));
#16987=DIRECTION('',(-0.007410941101862315,-0.9999725385989281,0));
#16988=FACE_SURFACE('',(#16993),#16989,.T.);
#16989=PLANE('',#16990);
#16990=AXIS2_PLACEMENT_3D('',#766,#16991,#16992);
#16991=DIRECTION('',(0,0,-1));
#16992=DIRECTION('',(0.007410941101862315,0.9999725385989281,0));
#16993=FACE_BOUND('',#16994,.T.);
#16994=EDGE_LOOP('',(#16995,#16996,#16997));
#16995=ORIENTED_EDGE('',*,*,#16998,.T.);
#16996=ORIENTED_EDGE('',*,*,#16999,.T.);
#16997=ORIENTED_EDGE('',*,*,#17000,.T.);
#16998=EDGE_CURVE('',#767,#515,#17001,.F.);
#16999=EDGE_CURVE('',#515,#763,#17002,.T.);
#17000=EDGE_CURVE('',#763,#767,#17003,.T.);
#17001=LINE('',#766,#17004);
#17002=LINE('',#514,#17005);
#17003=LINE('',#762,#17006);
#17004=VECTOR('',#17007,1.0);
#17005=VECTOR('',#17008,1.0);
#17006=VECTOR('',#17009,1.0);
#17007=DIRECTION('',(0.007410941101862315,0.9999725385989281,0));
#17008=DIRECTION('',(0,-1,0));
#17009=DIRECTION('',(-0.9238802702719372,-0.38268165124846537,0));
#17010=FACE_SURFACE('',(#17015),#17011,.T.);
#17011=PLANE('',#17012);
#17012=AXIS2_PLACEMENT_3D('',#762,#17013,#17014);
#17013=DIRECTION('',(0,0,-1));
#17014=DIRECTION('',(0,1,0));
#17015=FACE_BOUND('',#17016,.T.);
#17016=EDGE_LOOP('',(#17017,#17018,#17019));
#17017=ORIENTED_EDGE('',*,*,#17020,.T.);
#17018=ORIENTED_EDGE('',*,*,#17021,.T.);
#17019=ORIENTED_EDGE('',*,*,#17022,.T.);
#17020=EDGE_CURVE('',#763,#515,#17023,.F.);
#17021=EDGE_CURVE('',#515,#519,#17024,.T.);
#17022=EDGE_CURVE('',#519,#763,#17025,.T.);
#17023=LINE('',#762,#17026);
#17024=LINE('',#514,#17027);
#17025=LINE('',#518,#17028);
#17026=VECTOR('',#17029,1.0);
#17027=VECTOR('',#17030,1.0);
#17028=VECTOR('',#17031,1.0);
#17029=DIRECTION('',(0,1,0));
#17030=DIRECTION('',(0.9914444324988257,-0.13052944980762596,0));
#17031=DIRECTION('',(-0.007985741560501988,-0.9999681134574886,0));
#17032=FACE_SURFACE('',(#17037),#17033,.T.);
#17033=PLANE('',#17034);
#17034=AXIS2_PLACEMENT_3D('',#762,#17035,#17036);
#17035=DIRECTION('',(0,0,-1));
#17036=DIRECTION('',(0.007985741560501988,0.9999681134574886,0));
#17037=FACE_BOUND('',#17038,.T.);
#17038=EDGE_LOOP('',(#17039,#17040,#17041));
#17039=ORIENTED_EDGE('',*,*,#17042,.T.);
#17040=ORIENTED_EDGE('',*,*,#17043,.T.);
#17041=ORIENTED_EDGE('',*,*,#17044,.T.);
#17042=EDGE_CURVE('',#763,#519,#17045,.F.);
#17043=EDGE_CURVE('',#519,#759,#17046,.T.);
#17044=EDGE_CURVE('',#759,#763,#17047,.T.);
#17045=LINE('',#762,#17048);
#17046=LINE('',#518,#17049);
#17047=LINE('',#758,#17050);
#17048=VECTOR('',#17051,1.0);
#17049=VECTOR('',#17052,1.0);
#17050=VECTOR('',#17053,1.0);
#17051=DIRECTION('',(0.007985741560501988,0.9999681134574886,0));
#17052=DIRECTION('',(0,-1,0));
#17053=DIRECTION('',(-0.9914444324988257,-0.13052944980762596,0));
#17054=FACE_SURFACE('',(#17059),#17055,.T.);
#17055=PLANE('',#17056);
#17056=AXIS2_PLACEMENT_3D('',#758,#17057,#17058);
#17057=DIRECTION('',(0,0,-1));
#17058=DIRECTION('',(0,1,0));
#17059=FACE_BOUND('',#17060,.T.);
#17060=EDGE_LOOP('',(#17061,#17062,#17063));
#17061=ORIENTED_EDGE('',*,*,#17064,.T.);
#17062=ORIENTED_EDGE('',*,*,#17065,.T.);
#17063=ORIENTED_EDGE('',*,*,#17066,.T.);
#17064=EDGE_CURVE('',#759,#519,#17067,.F.);
#17065=EDGE_CURVE('',#519,#755,#17068,.T.);
#17066=EDGE_CURVE('',#755,#759,#17069,.T.);
#17067=LINE('',#758,#17070);
#17068=LINE('',#518,#17071);
#17069=LINE('',#754,#17072);
#17070=VECTOR('',#17073,1.0);
#17071=VECTOR('',#17074,1.0);
#17072=VECTOR('',#17075,1.0);
#17073=DIRECTION('',(0,1,0));
#17074=DIRECTION('',(0.007985741560501988,-0.9999681134574886,0));
#17075=DIRECTION('',(-0.9914444324988257,0.13052944980762596,0));
#17076=FACE_SURFACE('',(#17081),#17077,.T.);
#17077=PLANE('',#17078);
#17078=AXIS2_PLACEMENT_3D('',#754,#17079,#17080);
#17079=DIRECTION('',(0,0,-1));
#17080=DIRECTION('',(-0.007985741560501988,0.9999681134574886,0));
#17081=FACE_BOUND('',#17082,.T.);
#17082=EDGE_LOOP('',(#17083,#17084,#17085));
#17083=ORIENTED_EDGE('',*,*,#17086,.T.);
#17084=ORIENTED_EDGE('',*,*,#17087,.T.);
#17085=ORIENTED_EDGE('',*,*,#17088,.T.);
#17086=EDGE_CURVE('',#755,#519,#17089,.F.);
#17087=EDGE_CURVE('',#519,#523,#17090,.T.);
#17088=EDGE_CURVE('',#523,#755,#17091,.T.);
#17089=LINE('',#754,#17092);
#17090=LINE('',#518,#17093);
#17091=LINE('',#522,#17094);
#17092=VECTOR('',#17095,1.0);
#17093=VECTOR('',#17096,1.0);
#17094=VECTOR('',#17097,1.0);
#17095=DIRECTION('',(-0.007985741560501988,0.9999681134574886,0));
#17096=DIRECTION('',(0.9914444324988257,0.13052944980762596,0));
#17097=DIRECTION('',(0,-1,0));
#17098=FACE_SURFACE('',(#17103),#17099,.T.);
#17099=PLANE('',#17100);
#17100=AXIS2_PLACEMENT_3D('',#754,#17101,#17102);
#17101=DIRECTION('',(0,0,-1));
#17102=DIRECTION('',(0,1,0));
#17103=FACE_BOUND('',#17104,.T.);
#17104=EDGE_LOOP('',(#17105,#17106,#17107));
#17105=ORIENTED_EDGE('',*,*,#17108,.T.);
#17106=ORIENTED_EDGE('',*,*,#17109,.T.);
#17107=ORIENTED_EDGE('',*,*,#17110,.T.);
#17108=EDGE_CURVE('',#755,#523,#17111,.F.);
#17109=EDGE_CURVE('',#523,#751,#17112,.T.);
#17110=EDGE_CURVE('',#751,#755,#17113,.T.);
#17111=LINE('',#754,#17114);
#17112=LINE('',#522,#17115);
#17113=LINE('',#750,#17116);
#17114=VECTOR('',#17117,1.0);
#17115=VECTOR('',#17118,1.0);
#17116=VECTOR('',#17119,1.0);
#17117=DIRECTION('',(0,1,0));
#17118=DIRECTION('',(0.007410941101862315,-0.9999725385989281,0));
#17119=DIRECTION('',(-0.9238802702719372,0.38268165124846537,0));
#17120=FACE_SURFACE('',(#17125),#17121,.T.);
#17121=PLANE('',#17122);
#17122=AXIS2_PLACEMENT_3D('',#750,#17123,#17124);
#17123=DIRECTION('',(0,0,-1));
#17124=DIRECTION('',(-0.007410941101862315,0.9999725385989281,0));
#17125=FACE_BOUND('',#17126,.T.);
#17126=EDGE_LOOP('',(#17127,#17128,#17129));
#17127=ORIENTED_EDGE('',*,*,#17130,.T.);
#17128=ORIENTED_EDGE('',*,*,#17131,.T.);
#17129=ORIENTED_EDGE('',*,*,#17132,.T.);
#17130=EDGE_CURVE('',#751,#523,#17133,.F.);
#17131=EDGE_CURVE('',#523,#527,#17134,.T.);
#17132=EDGE_CURVE('',#527,#751,#17135,.T.);
#17133=LINE('',#750,#17136);
#17134=LINE('',#522,#17137);
#17135=LINE('',#526,#17138);
#17136=VECTOR('',#17139,1.0);
#17137=VECTOR('',#17140,1.0);
#17138=VECTOR('',#17141,1.0);
#17139=DIRECTION('',(-0.007410941101862315,0.9999725385989281,0));
#17140=DIRECTION('',(0.9238802702719372,0.38268165124846537,0));
#17141=DIRECTION('',(0,-1,0));
#17142=FACE_SURFACE('',(#17147),#17143,.T.);
#17143=PLANE('',#17144);
#17144=AXIS2_PLACEMENT_3D('',#750,#17145,#17146);
#17145=DIRECTION('',(0,0,-1));
#17146=DIRECTION('',(0,1,0));
#17147=FACE_BOUND('',#17148,.T.);
#17148=EDGE_LOOP('',(#17149,#17150,#17151));
#17149=ORIENTED_EDGE('',*,*,#17152,.T.);
#17150=ORIENTED_EDGE('',*,*,#17153,.T.);
#17151=ORIENTED_EDGE('',*,*,#17154,.T.);
#17152=EDGE_CURVE('',#751,#527,#17155,.F.);
#17153=EDGE_CURVE('',#527,#747,#17156,.T.);
#17154=EDGE_CURVE('',#747,#751,#17157,.T.);
#17155=LINE('',#750,#17158);
#17156=LINE('',#526,#17159);
#17157=LINE('',#746,#17160);
#17158=VECTOR('',#17161,1.0);
#17159=VECTOR('',#17162,1.0);
#17160=VECTOR('',#17163,1.0);
#17161=DIRECTION('',(0,1,0));
#17162=DIRECTION('',(0.006313729366475597,-0.9999800682121054,0));
#17163=DIRECTION('',(-0.793352350513708,0.6087627189097362,0));
#17164=FACE_SURFACE('',(#17169),#17165,.T.);
#17165=PLANE('',#17166);
#17166=AXIS2_PLACEMENT_3D('',#746,#17167,#17168);
#17167=DIRECTION('',(0,0,-1));
#17168=DIRECTION('',(-0.006313729366475597,0.9999800682121054,0));
#17169=FACE_BOUND('',#17170,.T.);
#17170=EDGE_LOOP('',(#17171,#17172,#17173));
#17171=ORIENTED_EDGE('',*,*,#17174,.T.);
#17172=ORIENTED_EDGE('',*,*,#17175,.T.);
#17173=ORIENTED_EDGE('',*,*,#17176,.T.);
#17174=EDGE_CURVE('',#747,#527,#17177,.F.);
#17175=EDGE_CURVE('',#527,#531,#17178,.T.);
#17176=EDGE_CURVE('',#531,#747,#17179,.T.);
#17177=LINE('',#746,#17180);
#17178=LINE('',#526,#17181);
#17179=LINE('',#530,#17182);
#17180=VECTOR('',#17183,1.0);
#17181=VECTOR('',#17184,1.0);
#17182=VECTOR('',#17185,1.0);
#17183=DIRECTION('',(-0.006313729366475597,0.9999800682121054,0));
#17184=DIRECTION('',(0.793352350513708,0.6087627189097362,0));
#17185=DIRECTION('',(0,-1,0));
#17186=FACE_SURFACE('',(#17191),#17187,.T.);
#17187=PLANE('',#17188);
#17188=AXIS2_PLACEMENT_3D('',#570,#17189,#17190);
#17189=DIRECTION('',(-0,0,-1));
#17190=DIRECTION('',(-0.9238802702719372,-0.38268165124846537,0));
#17191=FACE_BOUND('',#17192,.T.);
#17192=EDGE_LOOP('',(#17193,#17194,#17195));
#17193=ORIENTED_EDGE('',*,*,#17196,.T.);
#17194=ORIENTED_EDGE('',*,*,#17197,.T.);
#17195=ORIENTED_EDGE('',*,*,#17198,.T.);
#17196=EDGE_CURVE('',#571,#575,#17199,.F.);
#17197=EDGE_CURVE('',#575,#811,#17200,.T.);
#17198=EDGE_CURVE('',#811,#571,#17201,.T.);
#17199=LINE('',#570,#17202);
#17200=LINE('',#574,#17203);
#17201=LINE('',#810,#17204);
#17202=VECTOR('',#17205,1.0);
#17203=VECTOR('',#17206,1.0);
#17204=VECTOR('',#17207,1.0);
#17205=DIRECTION('',(-0.9238802702719372,-0.38268165124846537,0));
#17206=DIRECTION('',(-0.8062255386058069,0.5916083002289408,0));
#17207=DIRECTION('',(0.8715817480295855,-0.49025019785992136,0));
#17208=FACE_SURFACE('',(#17213),#17209,.T.);
#17209=PLANE('',#17210);
#17210=AXIS2_PLACEMENT_3D('',#810,#17211,#17212);
#17211=DIRECTION('',(0,0,-1));
#17212=DIRECTION('',(0.8062255386058069,-0.5916083002289408,0));
#17213=FACE_BOUND('',#17214,.T.);
#17214=EDGE_LOOP('',(#17215,#17216,#17217));
#17215=ORIENTED_EDGE('',*,*,#17218,.T.);
#17216=ORIENTED_EDGE('',*,*,#17219,.T.);
#17217=ORIENTED_EDGE('',*,*,#17220,.T.);
#17218=EDGE_CURVE('',#811,#575,#17221,.F.);
#17219=EDGE_CURVE('',#575,#579,#17222,.T.);
#17220=EDGE_CURVE('',#579,#811,#17223,.T.);
#17221=LINE('',#810,#17224);
#17222=LINE('',#574,#17225);
#17223=LINE('',#578,#17226);
#17224=VECTOR('',#17227,1.0);
#17225=VECTOR('',#17228,1.0);
#17226=VECTOR('',#17229,1.0);
#17227=DIRECTION('',(0.8062255386058069,-0.5916083002289408,0));
#17228=DIRECTION('',(-0.793352350513708,-0.6087627189097362,0));
#17229=DIRECTION('',(-0.7071067811865481,0.7071067811865468,0));
#17230=FACE_SURFACE('',(#17235),#17231,.T.);
#17231=PLANE('',#17232);
#17232=AXIS2_PLACEMENT_3D('',#810,#17233,#17234);
#17233=DIRECTION('',(0,0,-1));
#17234=DIRECTION('',(0.7071067811865481,-0.7071067811865468,0));
#17235=FACE_BOUND('',#17236,.T.);
#17236=EDGE_LOOP('',(#17237,#17238,#17239));
#17237=ORIENTED_EDGE('',*,*,#17240,.T.);
#17238=ORIENTED_EDGE('',*,*,#17241,.T.);
#17239=ORIENTED_EDGE('',*,*,#17242,.T.);
#17240=EDGE_CURVE('',#811,#579,#17243,.F.);
#17241=EDGE_CURVE('',#579,#583,#17244,.T.);
#17242=EDGE_CURVE('',#583,#811,#17245,.T.);
#17243=LINE('',#810,#17246);
#17244=LINE('',#578,#17247);
#17245=LINE('',#582,#17248);
#17246=VECTOR('',#17249,1.0);
#17247=VECTOR('',#17250,1.0);
#17248=VECTOR('',#17251,1.0);
#17249=DIRECTION('',(0.7071067811865481,-0.7071067811865468,0));
#17250=DIRECTION('',(-0.608762718909747,-0.7933523505136998,0));
#17251=DIRECTION('',(-0.5916083002289406,0.806225538605807,0));
#17252=FACE_SURFACE('',(#17257),#17253,.T.);
#17253=PLANE('',#17254);
#17254=AXIS2_PLACEMENT_3D('',#582,#17255,#17256);
#17255=DIRECTION('',(-0,0,-1));
#17256=DIRECTION('',(-0.3826816512484479,-0.9238802702719445,0));
#17257=FACE_BOUND('',#17258,.T.);
#17258=EDGE_LOOP('',(#17259,#17260,#17261));
#17259=ORIENTED_EDGE('',*,*,#17262,.T.);
#17260=ORIENTED_EDGE('',*,*,#17263,.T.);
#17261=ORIENTED_EDGE('',*,*,#17264,.T.);
#17262=EDGE_CURVE('',#583,#491,#17265,.F.);
#17263=EDGE_CURVE('',#491,#811,#17266,.T.);
#17264=EDGE_CURVE('',#811,#583,#17267,.T.);
#17265=LINE('',#582,#17268);
#17266=LINE('',#490,#17269);
#17267=LINE('',#810,#17270);
#17268=VECTOR('',#17271,1.0);
#17269=VECTOR('',#17272,1.0);
#17270=VECTOR('',#17273,1.0);
#17271=DIRECTION('',(-0.3826816512484479,-0.9238802702719445,0));
#17272=DIRECTION('',(-0.4902501978599223,0.871581748029585,0));
#17273=DIRECTION('',(0.5916083002289406,-0.806225538605807,0));
#17274=FACE_SURFACE('',(#17279),#17275,.T.);
#17275=PLANE('',#17276);
#17276=AXIS2_PLACEMENT_3D('',#814,#17277,#17278);
#17277=DIRECTION('',(0,0,-1));
#17278=DIRECTION('',(-0.025250217446995522,0.9996811624307419,0));
#17279=FACE_BOUND('',#17280,.T.);
#17280=EDGE_LOOP('',(#17281,#17282,#17283));
#17281=ORIENTED_EDGE('',*,*,#17284,.T.);
#17282=ORIENTED_EDGE('',*,*,#17285,.T.);
#17283=ORIENTED_EDGE('',*,*,#17286,.T.);
#17284=EDGE_CURVE('',#815,#635,#17287,.F.);
#17285=EDGE_CURVE('',#635,#813,#17288,.T.);
#17286=EDGE_CURVE('',#813,#815,#17289,.T.);
#17287=LINE('',#814,#17290);
#17288=LINE('',#634,#17291);
#17289=LINE('',#812,#17292);
#17290=VECTOR('',#17293,1.0);
#17291=VECTOR('',#17294,1.0);
#17292=VECTOR('',#17295,1.0);
#17293=DIRECTION('',(-0.025250217446995522,0.9996811624307419,0));
#17294=DIRECTION('',(0.39194464001947565,0.9199888038231789,0));
#17295=DIRECTION('',(0,-1,0));
#17296=FACE_SURFACE('',(#17301),#17297,.T.);
#17297=PLANE('',#17298);
#17298=AXIS2_PLACEMENT_3D('',#812,#17299,#17300);
#17299=DIRECTION('',(0,0,-1));
#17300=DIRECTION('',(-0.39194464001947565,-0.9199888038231789,0));
#17301=FACE_BOUND('',#17302,.T.);
#17302=EDGE_LOOP('',(#17303,#17304,#17305));
#17303=ORIENTED_EDGE('',*,*,#17306,.T.);
#17304=ORIENTED_EDGE('',*,*,#17307,.T.);
#17305=ORIENTED_EDGE('',*,*,#17308,.T.);
#17306=EDGE_CURVE('',#813,#635,#17309,.F.);
#17307=EDGE_CURVE('',#635,#639,#17310,.T.);
#17308=EDGE_CURVE('',#639,#813,#17311,.T.);
#17309=LINE('',#812,#17312);
#17310=LINE('',#634,#17313);
#17311=LINE('',#638,#17314);
#17312=VECTOR('',#17315,1.0);
#17313=VECTOR('',#17316,1.0);
#17314=VECTOR('',#17317,1.0);
#17315=DIRECTION('',(-0.39194464001947565,-0.9199888038231789,0));
#17316=DIRECTION('',(0.1305294498076343,0.9914444324988245,0));
#17317=DIRECTION('',(0.42288546533112353,0.9061831399952657,0));
#17318=FACE_SURFACE('',(#17323),#17319,.T.);
#17319=PLANE('',#17320);
#17320=AXIS2_PLACEMENT_3D('',#812,#17321,#17322);
#17321=DIRECTION('',(0,0,-1));
#17322=DIRECTION('',(-0.42288546533112353,-0.9061831399952657,0));
#17323=FACE_BOUND('',#17324,.T.);
#17324=EDGE_LOOP('',(#17325,#17326,#17327));
#17325=ORIENTED_EDGE('',*,*,#17328,.T.);
#17326=ORIENTED_EDGE('',*,*,#17329,.T.);
#17327=ORIENTED_EDGE('',*,*,#17330,.T.);
#17328=EDGE_CURVE('',#813,#639,#17331,.F.);
#17329=EDGE_CURVE('',#639,#643,#17332,.T.);
#17330=EDGE_CURVE('',#643,#813,#17333,.T.);
#17331=LINE('',#812,#17334);
#17332=LINE('',#638,#17335);
#17333=LINE('',#642,#17336);
#17334=VECTOR('',#17337,1.0);
#17335=VECTOR('',#17338,1.0);
#17336=VECTOR('',#17339,1.0);
#17337=DIRECTION('',(-0.42288546533112353,-0.9061831399952657,0));
#17338=DIRECTION('',(-0.1305294498076343,0.9914444324988245,0));
#17339=DIRECTION('',(0.4902501978599223,0.871581748029585,0));
#17340=FACE_SURFACE('',(#17345),#17341,.T.);
#17341=PLANE('',#17342);
#17342=AXIS2_PLACEMENT_3D('',#642,#17343,#17344);
#17343=DIRECTION('',(0,0,-1));
#17344=DIRECTION('',(-0.3826816512484479,0.9238802702719445,0));
#17345=FACE_BOUND('',#17346,.T.);
#17346=EDGE_LOOP('',(#17347,#17348,#17349));
#17347=ORIENTED_EDGE('',*,*,#17350,.T.);
#17348=ORIENTED_EDGE('',*,*,#17351,.T.);
#17349=ORIENTED_EDGE('',*,*,#17352,.T.);
#17350=EDGE_CURVE('',#643,#647,#17353,.F.);
#17351=EDGE_CURVE('',#647,#813,#17354,.T.);
#17352=EDGE_CURVE('',#813,#643,#17355,.T.);
#17353=LINE('',#642,#17356);
#17354=LINE('',#646,#17357);
#17355=LINE('',#812,#17358);
#17356=VECTOR('',#17359,1.0);
#17357=VECTOR('',#17360,1.0);
#17358=VECTOR('',#17361,1.0);
#17359=DIRECTION('',(-0.3826816512484479,0.9238802702719445,0));
#17360=DIRECTION('',(0.5916083002289406,0.806225538605807,0));
#17361=DIRECTION('',(-0.4902501978599223,-0.871581748029585,0));
#17362=FACE_SURFACE('',(#17367),#17363,.T.);
#17363=PLANE('',#17364);
#17364=AXIS2_PLACEMENT_3D('',#812,#17365,#17366);
#17365=DIRECTION('',(0,0,-1));
#17366=DIRECTION('',(-0.5916083002289406,-0.806225538605807,0));
#17367=FACE_BOUND('',#17368,.T.);
#17368=EDGE_LOOP('',(#17369,#17370,#17371));
#17369=ORIENTED_EDGE('',*,*,#17372,.T.);
#17370=ORIENTED_EDGE('',*,*,#17373,.T.);
#17371=ORIENTED_EDGE('',*,*,#17374,.T.);
#17372=EDGE_CURVE('',#813,#647,#17375,.F.);
#17373=EDGE_CURVE('',#647,#651,#17376,.T.);
#17374=EDGE_CURVE('',#651,#813,#17377,.T.);
#17375=LINE('',#812,#17378);
#17376=LINE('',#646,#17379);
#17377=LINE('',#650,#17380);
#17378=VECTOR('',#17381,1.0);
#17379=VECTOR('',#17382,1.0);
#17380=VECTOR('',#17383,1.0);
#17381=DIRECTION('',(-0.5916083002289406,-0.806225538605807,0));
#17382=DIRECTION('',(-0.608762718909747,0.7933523505136998,0));
#17383=DIRECTION('',(0.7071067811865481,0.7071067811865468,0));
#17384=FACE_SURFACE('',(#17389),#17385,.T.);
#17385=PLANE('',#17386);
#17386=AXIS2_PLACEMENT_3D('',#812,#17387,#17388);
#17387=DIRECTION('',(0,0,-1));
#17388=DIRECTION('',(-0.7071067811865481,-0.7071067811865468,0));
#17389=FACE_BOUND('',#17390,.T.);
#17390=EDGE_LOOP('',(#17391,#17392,#17393));
#17391=ORIENTED_EDGE('',*,*,#17394,.T.);
#17392=ORIENTED_EDGE('',*,*,#17395,.T.);
#17393=ORIENTED_EDGE('',*,*,#17396,.T.);
#17394=EDGE_CURVE('',#813,#651,#17397,.F.);
#17395=EDGE_CURVE('',#651,#655,#17398,.T.);
#17396=EDGE_CURVE('',#655,#813,#17399,.T.);
#17397=LINE('',#812,#17400);
#17398=LINE('',#650,#17401);
#17399=LINE('',#654,#17402);
#17400=VECTOR('',#17403,1.0);
#17401=VECTOR('',#17404,1.0);
#17402=VECTOR('',#17405,1.0);
#17403=DIRECTION('',(-0.7071067811865481,-0.7071067811865468,0));
#17404=DIRECTION('',(-0.793352350513708,0.6087627189097362,0));
#17405=DIRECTION('',(0.8062255386058069,0.5916083002289408,0));
#17406=FACE_SURFACE('',(#17411),#17407,.T.);
#17407=PLANE('',#17408);
#17408=AXIS2_PLACEMENT_3D('',#654,#17409,#17410);
#17409=DIRECTION('',(0,0,-1));
#17410=DIRECTION('',(-0.9238802702719372,0.38268165124846537,0));
#17411=FACE_BOUND('',#17412,.T.);
#17412=EDGE_LOOP('',(#17413,#17414,#17415));
#17413=ORIENTED_EDGE('',*,*,#17416,.T.);
#17414=ORIENTED_EDGE('',*,*,#17417,.T.);
#17415=ORIENTED_EDGE('',*,*,#17418,.T.);
#17416=EDGE_CURVE('',#655,#659,#17419,.F.);
#17417=EDGE_CURVE('',#659,#813,#17420,.T.);
#17418=EDGE_CURVE('',#813,#655,#17421,.T.);
#17419=LINE('',#654,#17422);
#17420=LINE('',#658,#17423);
#17421=LINE('',#812,#17424);
#17422=VECTOR('',#17425,1.0);
#17423=VECTOR('',#17426,1.0);
#17424=VECTOR('',#17427,1.0);
#17425=DIRECTION('',(-0.9238802702719372,0.38268165124846537,0));
#17426=DIRECTION('',(0.8715817480295855,0.49025019785992136,0));
#17427=DIRECTION('',(-0.8062255386058069,-0.5916083002289408,0));
#17428=FACE_SURFACE('',(#17433),#17429,.T.);
#17429=PLANE('',#17430);
#17430=AXIS2_PLACEMENT_3D('',#812,#17431,#17432);
#17431=DIRECTION('',(0,0,-1));
#17432=DIRECTION('',(-0.8715817480295855,-0.49025019785992136,0));
#17433=FACE_BOUND('',#17434,.T.);
#17434=EDGE_LOOP('',(#17435,#17436,#17437));
#17435=ORIENTED_EDGE('',*,*,#17438,.T.);
#17436=ORIENTED_EDGE('',*,*,#17439,.T.);
#17437=ORIENTED_EDGE('',*,*,#17440,.T.);
#17438=EDGE_CURVE('',#813,#659,#17441,.F.);
#17439=EDGE_CURVE('',#659,#663,#17442,.T.);
#17440=EDGE_CURVE('',#663,#813,#17443,.T.);
#17441=LINE('',#812,#17444);
#17442=LINE('',#658,#17445);
#17443=LINE('',#662,#17446);
#17444=VECTOR('',#17447,1.0);
#17445=VECTOR('',#17448,1.0);
#17446=VECTOR('',#17449,1.0);
#17447=DIRECTION('',(-0.8715817480295855,-0.49025019785992136,0));
#17448=DIRECTION('',(-0.9914444324988257,0.13052944980762596,0));
#17449=DIRECTION('',(0.9061831399952657,0.42288546533112353,0));
#17450=FACE_SURFACE('',(#17455),#17451,.T.);
#17451=PLANE('',#17452);
#17452=AXIS2_PLACEMENT_3D('',#812,#17453,#17454);
#17453=DIRECTION('',(0,0,-1));
#17454=DIRECTION('',(-0.9061831399952657,-0.42288546533112353,0));
#17455=FACE_BOUND('',#17456,.T.);
#17456=EDGE_LOOP('',(#17457,#17458,#17459));
#17457=ORIENTED_EDGE('',*,*,#17460,.T.);
#17458=ORIENTED_EDGE('',*,*,#17461,.T.);
#17459=ORIENTED_EDGE('',*,*,#17462,.T.);
#17460=EDGE_CURVE('',#813,#663,#17463,.F.);
#17461=EDGE_CURVE('',#663,#667,#17464,.T.);
#17462=EDGE_CURVE('',#667,#813,#17465,.T.);
#17463=LINE('',#812,#17466);
#17464=LINE('',#662,#17467);
#17465=LINE('',#666,#17468);
#17466=VECTOR('',#17469,1.0);
#17467=VECTOR('',#17470,1.0);
#17468=VECTOR('',#17471,1.0);
#17469=DIRECTION('',(-0.9061831399952657,-0.42288546533112353,0));
#17470=DIRECTION('',(-0.9914444324988257,-0.13052944980762596,0));
#17471=DIRECTION('',(0.9199888038231793,0.3919446400194748,0));
#17472=FACE_SURFACE('',(#17477),#17473,.T.);
#17473=PLANE('',#17474);
#17474=AXIS2_PLACEMENT_3D('',#686,#17475,#17476);
#17475=DIRECTION('',(0,-0,-1));
#17476=DIRECTION('',(0.1305294498076343,-0.9914444324988245,0));
#17477=FACE_BOUND('',#17478,.T.);
#17478=EDGE_LOOP('',(#17479,#17480,#17481));
#17479=ORIENTED_EDGE('',*,*,#17482,.T.);
#17480=ORIENTED_EDGE('',*,*,#17483,.T.);
#17481=ORIENTED_EDGE('',*,*,#17484,.T.);
#17482=EDGE_CURVE('',#687,#691,#17485,.F.);
#17483=EDGE_CURVE('',#691,#817,#17486,.T.);
#17484=EDGE_CURVE('',#817,#687,#17487,.T.);
#17485=LINE('',#686,#17488);
#17486=LINE('',#690,#17489);
#17487=LINE('',#816,#17490);
#17488=VECTOR('',#17491,1.0);
#17489=VECTOR('',#17492,1.0);
#17490=VECTOR('',#17493,1.0);
#17491=DIRECTION('',(0.1305294498076343,-0.9914444324988245,0));
#17492=DIRECTION('',(-0.4902501978599223,-0.871581748029585,0));
#17493=DIRECTION('',(0.42288546533112353,0.9061831399952657,0));
#17494=FACE_SURFACE('',(#17499),#17495,.T.);
#17495=PLANE('',#17496);
#17496=AXIS2_PLACEMENT_3D('',#816,#17497,#17498);
#17497=DIRECTION('',(0,0,-1));
#17498=DIRECTION('',(0.4902501978599223,0.871581748029585,0));
#17499=FACE_BOUND('',#17500,.T.);
#17500=EDGE_LOOP('',(#17501,#17502,#17503));
#17501=ORIENTED_EDGE('',*,*,#17504,.T.);
#17502=ORIENTED_EDGE('',*,*,#17505,.T.);
#17503=ORIENTED_EDGE('',*,*,#17506,.T.);
#17504=EDGE_CURVE('',#817,#691,#17507,.F.);
#17505=EDGE_CURVE('',#691,#695,#17508,.T.);
#17506=EDGE_CURVE('',#695,#817,#17509,.T.);
#17507=LINE('',#816,#17510);
#17508=LINE('',#690,#17511);
#17509=LINE('',#694,#17512);
#17510=VECTOR('',#17513,1.0);
#17511=VECTOR('',#17514,1.0);
#17512=VECTOR('',#17515,1.0);
#17513=DIRECTION('',(0.4902501978599223,0.871581748029585,0));
#17514=DIRECTION('',(0.3826816512484479,-0.9238802702719445,0));
#17515=DIRECTION('',(-0.5916083002289406,-0.806225538605807,0));
#17516=FACE_SURFACE('',(#17521),#17517,.T.);
#17517=PLANE('',#17518);
#17518=AXIS2_PLACEMENT_3D('',#816,#17519,#17520);
#17519=DIRECTION('',(0,0,-1));
#17520=DIRECTION('',(0.5916083002289406,0.806225538605807,0));
#17521=FACE_BOUND('',#17522,.T.);
#17522=EDGE_LOOP('',(#17523,#17524,#17525));
#17523=ORIENTED_EDGE('',*,*,#17526,.T.);
#17524=ORIENTED_EDGE('',*,*,#17527,.T.);
#17525=ORIENTED_EDGE('',*,*,#17528,.T.);
#17526=EDGE_CURVE('',#817,#695,#17529,.F.);
#17527=EDGE_CURVE('',#695,#699,#17530,.T.);
#17528=EDGE_CURVE('',#699,#817,#17531,.T.);
#17529=LINE('',#816,#17532);
#17530=LINE('',#694,#17533);
#17531=LINE('',#698,#17534);
#17532=VECTOR('',#17535,1.0);
#17533=VECTOR('',#17536,1.0);
#17534=VECTOR('',#17537,1.0);
#17535=DIRECTION('',(0.5916083002289406,0.806225538605807,0));
#17536=DIRECTION('',(0.608762718909747,-0.7933523505136998,0));
#17537=DIRECTION('',(-0.7071067811865481,-0.7071067811865468,0));
#17538=FACE_SURFACE('',(#17543),#17539,.T.);
#17539=PLANE('',#17540);
#17540=AXIS2_PLACEMENT_3D('',#698,#17541,#17542);
#17541=DIRECTION('',(0,-0,-1));
#17542=DIRECTION('',(0.793352350513708,-0.6087627189097362,0));
#17543=FACE_BOUND('',#17544,.T.);
#17544=EDGE_LOOP('',(#17545,#17546,#17547));
#17545=ORIENTED_EDGE('',*,*,#17548,.T.);
#17546=ORIENTED_EDGE('',*,*,#17549,.T.);
#17547=ORIENTED_EDGE('',*,*,#17550,.T.);
#17548=EDGE_CURVE('',#699,#703,#17551,.F.);
#17549=EDGE_CURVE('',#703,#817,#17552,.T.);
#17550=EDGE_CURVE('',#817,#699,#17553,.T.);
#17551=LINE('',#698,#17554);
#17552=LINE('',#702,#17555);
#17553=LINE('',#816,#17556);
#17554=VECTOR('',#17557,1.0);
#17555=VECTOR('',#17558,1.0);
#17556=VECTOR('',#17559,1.0);
#17557=DIRECTION('',(0.793352350513708,-0.6087627189097362,0));
#17558=DIRECTION('',(-0.8062255386058069,-0.5916083002289408,0));
#17559=DIRECTION('',(0.7071067811865481,0.7071067811865468,0));
#17560=FACE_SURFACE('',(#17565),#17561,.T.);
#17561=PLANE('',#17562);
#17562=AXIS2_PLACEMENT_3D('',#816,#17563,#17564);
#17563=DIRECTION('',(0,0,-1));
#17564=DIRECTION('',(0.8062255386058069,0.5916083002289408,0));
#17565=FACE_BOUND('',#17566,.T.);
#17566=EDGE_LOOP('',(#17567,#17568,#17569));
#17567=ORIENTED_EDGE('',*,*,#17570,.T.);
#17568=ORIENTED_EDGE('',*,*,#17571,.T.);
#17569=ORIENTED_EDGE('',*,*,#17572,.T.);
#17570=EDGE_CURVE('',#817,#703,#17573,.F.);
#17571=EDGE_CURVE('',#703,#707,#17574,.T.);
#17572=EDGE_CURVE('',#707,#817,#17575,.T.);
#17573=LINE('',#816,#17576);
#17574=LINE('',#702,#17577);
#17575=LINE('',#706,#17578);
#17576=VECTOR('',#17579,1.0);
#17577=VECTOR('',#17580,1.0);
#17578=VECTOR('',#17581,1.0);
#17579=DIRECTION('',(0.8062255386058069,0.5916083002289408,0));
#17580=DIRECTION('',(0.9238802702719372,-0.38268165124846537,0));
#17581=DIRECTION('',(-0.8715817480295855,-0.49025019785992136,0));
#17582=FACE_SURFACE('',(#17587),#17583,.T.);
#17583=PLANE('',#17584);
#17584=AXIS2_PLACEMENT_3D('',#816,#17585,#17586);
#17585=DIRECTION('',(0,0,-1));
#17586=DIRECTION('',(0.8715817480295855,0.49025019785992136,0));
#17587=FACE_BOUND('',#17588,.T.);
#17588=EDGE_LOOP('',(#17589,#17590,#17591));
#17589=ORIENTED_EDGE('',*,*,#17592,.T.);
#17590=ORIENTED_EDGE('',*,*,#17593,.T.);
#17591=ORIENTED_EDGE('',*,*,#17594,.T.);
#17592=EDGE_CURVE('',#817,#707,#17595,.F.);
#17593=EDGE_CURVE('',#707,#711,#17596,.T.);
#17594=EDGE_CURVE('',#711,#817,#17597,.T.);
#17595=LINE('',#816,#17598);
#17596=LINE('',#706,#17599);
#17597=LINE('',#710,#17600);
#17598=VECTOR('',#17601,1.0);
#17599=VECTOR('',#17602,1.0);
#17600=VECTOR('',#17603,1.0);
#17601=DIRECTION('',(0.8715817480295855,0.49025019785992136,0));
#17602=DIRECTION('',(0.9914444324988257,-0.13052944980762596,0));
#17603=DIRECTION('',(-0.9061831399952657,-0.42288546533112353,0));
#17604=FACE_SURFACE('',(#17609),#17605,.T.);
#17605=PLANE('',#17606);
#17606=AXIS2_PLACEMENT_3D('',#710,#17607,#17608);
#17607=DIRECTION('',(0,-0,-1));
#17608=DIRECTION('',(0.9914444324988257,0.13052944980762596,0));
#17609=FACE_BOUND('',#17610,.T.);
#17610=EDGE_LOOP('',(#17611,#17612,#17613));
#17611=ORIENTED_EDGE('',*,*,#17614,.T.);
#17612=ORIENTED_EDGE('',*,*,#17615,.T.);
#17613=ORIENTED_EDGE('',*,*,#17616,.T.);
#17614=EDGE_CURVE('',#711,#715,#17617,.F.);
#17615=EDGE_CURVE('',#715,#817,#17618,.T.);
#17616=EDGE_CURVE('',#817,#711,#17619,.T.);
#17617=LINE('',#710,#17620);
#17618=LINE('',#714,#17621);
#17619=LINE('',#816,#17622);
#17620=VECTOR('',#17623,1.0);
#17621=VECTOR('',#17624,1.0);
#17622=VECTOR('',#17625,1.0);
#17623=DIRECTION('',(0.9914444324988257,0.13052944980762596,0));
#17624=DIRECTION('',(-0.9199888038231793,-0.3919446400194748,0));
#17625=DIRECTION('',(0.9061831399952657,0.42288546533112353,0));
#17626=FACE_SURFACE('',(#17631),#17627,.T.);
#17627=PLANE('',#17628);
#17628=AXIS2_PLACEMENT_3D('',#350,#17629,#17630);
#17629=DIRECTION('',(0,1,-0));
#17630=DIRECTION('',(-1,0,0));
#17631=FACE_BOUND('',#17632,.T.);
#17632=EDGE_LOOP('',(#17633,#17634,#17635));
#17633=ORIENTED_EDGE('',*,*,#17636,.T.);
#17634=ORIENTED_EDGE('',*,*,#17637,.T.);
#17635=ORIENTED_EDGE('',*,*,#17638,.T.);
#17636=EDGE_CURVE('',#351,#393,#17639,.F.);
#17637=EDGE_CURVE('',#393,#145,#17640,.T.);
#17638=EDGE_CURVE('',#145,#351,#17641,.T.);
#17639=LINE('',#350,#17642);
#17640=LINE('',#392,#17643);
#17641=LINE('',#144,#17644);
#17642=VECTOR('',#17645,1.0);
#17643=VECTOR('',#17646,1.0);
#17644=VECTOR('',#17647,1.0);
#17645=DIRECTION('',(-1,0,0));
#17646=DIRECTION('',(0.9723873019805175,0,0.2333729524753242));
#17647=DIRECTION('',(0,0,-1));
#17648=FACE_SURFACE('',(#17653),#17649,.T.);
#17649=PLANE('',#17650);
#17650=AXIS2_PLACEMENT_3D('',#144,#17651,#17652);
#17651=DIRECTION('',(0,1,0));
#17652=DIRECTION('',(-0.9723873019805175,0,-0.2333729524753242));
#17653=FACE_BOUND('',#17654,.T.);
#17654=EDGE_LOOP('',(#17655,#17656,#17657));
#17655=ORIENTED_EDGE('',*,*,#17658,.T.);
#17656=ORIENTED_EDGE('',*,*,#17659,.T.);
#17657=ORIENTED_EDGE('',*,*,#17660,.T.);
#17658=EDGE_CURVE('',#145,#393,#17661,.F.);
#17659=EDGE_CURVE('',#393,#143,#17662,.T.);
#17660=EDGE_CURVE('',#143,#145,#17663,.T.);
#17661=LINE('',#144,#17664);
#17662=LINE('',#392,#17665);
#17663=LINE('',#142,#17666);
#17664=VECTOR('',#17667,1.0);
#17665=VECTOR('',#17668,1.0);
#17666=VECTOR('',#17669,1.0);
#17667=DIRECTION('',(-0.9723873019805175,0,-0.2333729524753242));
#17668=DIRECTION('',(0,0,1));
#17669=DIRECTION('',(1,0,0));
#17670=FACE_SURFACE('',(#17675),#17671,.T.);
#17671=PLANE('',#17672);
#17672=AXIS2_PLACEMENT_3D('',#42,#17673,#17674);
#17673=DIRECTION('',(0,-1,0));
#17674=DIRECTION('',(1,0,0));
#17675=FACE_BOUND('',#17676,.T.);
#17676=EDGE_LOOP('',(#17677,#17678,#17679));
#17677=ORIENTED_EDGE('',*,*,#17680,.T.);
#17678=ORIENTED_EDGE('',*,*,#17681,.T.);
#17679=ORIENTED_EDGE('',*,*,#17682,.T.);
#17680=EDGE_CURVE('',#43,#343,#17683,.F.);
#17681=EDGE_CURVE('',#343,#39,#17684,.T.);
#17682=EDGE_CURVE('',#39,#43,#17685,.T.);
#17683=LINE('',#42,#17686);
#17684=LINE('',#342,#17687);
#17685=LINE('',#38,#17688);
#17686=VECTOR('',#17689,1.0);
#17687=VECTOR('',#17690,1.0);
#17688=VECTOR('',#17691,1.0);
#17689=DIRECTION('',(1,0,0));
#17690=DIRECTION('',(-0.9723873019805175,0,0.2333729524753242));
#17691=DIRECTION('',(0,0,-1));
#17692=FACE_SURFACE('',(#17697),#17693,.T.);
#17693=PLANE('',#17694);
#17694=AXIS2_PLACEMENT_3D('',#38,#17695,#17696);
#17695=DIRECTION('',(0,-1,0));
#17696=DIRECTION('',(0.9723873019805175,0,-0.2333729524753242));
#17697=FACE_BOUND('',#17698,.T.);
#17698=EDGE_LOOP('',(#17699,#17700,#17701));
#17699=ORIENTED_EDGE('',*,*,#17702,.T.);
#17700=ORIENTED_EDGE('',*,*,#17703,.T.);
#17701=ORIENTED_EDGE('',*,*,#17704,.T.);
#17702=EDGE_CURVE('',#39,#343,#17705,.F.);
#17703=EDGE_CURVE('',#343,#101,#17706,.T.);
#17704=EDGE_CURVE('',#101,#39,#17707,.T.);
#17705=LINE('',#38,#17708);
#17706=LINE('',#342,#17709);
#17707=LINE('',#100,#17710);
#17708=VECTOR('',#17711,1.0);
#17709=VECTOR('',#17712,1.0);
#17710=VECTOR('',#17713,1.0);
#17711=DIRECTION('',(0.9723873019805175,0,-0.2333729524753242));
#17712=DIRECTION('',(0,0,1));
#17713=DIRECTION('',(-1,0,0));
#17714=FACE_SURFACE('',(#17719),#17715,.T.);
#17715=PLANE('',#17716);
#17716=AXIS2_PLACEMENT_3D('',#40,#17717,#17718);
#17717=DIRECTION('',(0,0,-1));
#17718=DIRECTION('',(0.3599032302346956,0.9329896381346535,0));
#17719=FACE_BOUND('',#17720,.T.);
#17720=EDGE_LOOP('',(#17721,#17722,#17723));
#17721=ORIENTED_EDGE('',*,*,#17724,.T.);
#17722=ORIENTED_EDGE('',*,*,#17725,.T.);
#17723=ORIENTED_EDGE('',*,*,#17726,.T.);
#17724=EDGE_CURVE('',#41,#797,#17727,.F.);
#17725=EDGE_CURVE('',#797,#43,#17728,.T.);
#17726=EDGE_CURVE('',#43,#41,#17729,.T.);
#17727=LINE('',#40,#17730);
#17728=LINE('',#796,#17731);
#17729=LINE('',#42,#17732);
#17730=VECTOR('',#17733,1.0);
#17731=VECTOR('',#17734,1.0);
#17732=VECTOR('',#17735,1.0);
#17733=DIRECTION('',(0.3599032302346956,0.9329896381346535,0));
#17734=DIRECTION('',(-0.19611613513818404,-0.9805806756909202,0));
#17735=DIRECTION('',(-0.9937131949201368,0.11195573340215434,0));
#17736=FACE_SURFACE('',(#17741),#17737,.T.);
#17737=PLANE('',#17738);
#17738=AXIS2_PLACEMENT_3D('',#42,#17739,#17740);
#17739=DIRECTION('',(0,0,-1));
#17740=DIRECTION('',(0.19611613513818404,0.9805806756909202,0));
#17741=FACE_BOUND('',#17742,.T.);
#17742=EDGE_LOOP('',(#17743,#17744,#17745));
#17743=ORIENTED_EDGE('',*,*,#17746,.T.);
#17744=ORIENTED_EDGE('',*,*,#17747,.T.);
#17745=ORIENTED_EDGE('',*,*,#17748,.T.);
#17746=EDGE_CURVE('',#43,#797,#17749,.F.);
#17747=EDGE_CURVE('',#797,#795,#17750,.T.);
#17748=EDGE_CURVE('',#795,#43,#17751,.T.);
#17749=LINE('',#42,#17752);
#17750=LINE('',#796,#17753);
#17751=LINE('',#794,#17754);
#17752=VECTOR('',#17755,1.0);
#17753=VECTOR('',#17756,1.0);
#17754=VECTOR('',#17757,1.0);
#17755=DIRECTION('',(0.19611613513818404,0.9805806756909202,0));
#17756=DIRECTION('',(1,0,0));
#17757=DIRECTION('',(-0.9994374373703904,-0.03353816903927485,0));
#17758=FACE_SURFACE('',(#17763),#17759,.T.);
#17759=PLANE('',#17760);
#17760=AXIS2_PLACEMENT_3D('',#42,#17761,#17762);
#17761=DIRECTION('',(0,0,-1));
#17762=DIRECTION('',(0.9994374373703904,0.03353816903927485,0));
#17763=FACE_BOUND('',#17764,.T.);
#17764=EDGE_LOOP('',(#17765,#17766,#17767));
#17765=ORIENTED_EDGE('',*,*,#17768,.T.);
#17766=ORIENTED_EDGE('',*,*,#17769,.T.);
#17767=ORIENTED_EDGE('',*,*,#17770,.T.);
#17768=EDGE_CURVE('',#43,#795,#17771,.F.);
#17769=EDGE_CURVE('',#795,#343,#17772,.T.);
#17770=EDGE_CURVE('',#343,#43,#17773,.T.);
#17771=LINE('',#42,#17774);
#17772=LINE('',#794,#17775);
#17773=LINE('',#342,#17776);
#17774=VECTOR('',#17777,1.0);
#17775=VECTOR('',#17778,1.0);
#17776=VECTOR('',#17779,1.0);
#17777=DIRECTION('',(0.9994374373703904,0.03353816903927485,0));
#17778=DIRECTION('',(0.19611613513818404,-0.9805806756909202,0));
#17779=DIRECTION('',(-1,0,0));
#17780=FACE_SURFACE('',(#17785),#17781,.T.);
#17781=PLANE('',#17782);
#17782=AXIS2_PLACEMENT_3D('',#342,#17783,#17784);
#17783=DIRECTION('',(0,0,-1));
#17784=DIRECTION('',(-0.19611613513818404,0.9805806756909202,0));
#17785=FACE_BOUND('',#17786,.T.);
#17786=EDGE_LOOP('',(#17787,#17788,#17789));
#17787=ORIENTED_EDGE('',*,*,#17790,.T.);
#17788=ORIENTED_EDGE('',*,*,#17791,.T.);
#17789=ORIENTED_EDGE('',*,*,#17792,.T.);
#17790=EDGE_CURVE('',#343,#795,#17793,.F.);
#17791=EDGE_CURVE('',#795,#341,#17794,.T.);
#17792=EDGE_CURVE('',#341,#343,#17795,.T.);
#17793=LINE('',#342,#17796);
#17794=LINE('',#794,#17797);
#17795=LINE('',#340,#17798);
#17796=VECTOR('',#17799,1.0);
#17797=VECTOR('',#17800,1.0);
#17798=VECTOR('',#17801,1.0);
#17799=DIRECTION('',(-0.19611613513818404,0.9805806756909202,0));
#17800=DIRECTION('',(0.3599032302346956,-0.9329896381346535,0));
#17801=DIRECTION('',(-0.9937131949201368,-0.11195573340215434,0));
#17802=FACE_SURFACE('',(#17807),#17803,.T.);
#17803=PLANE('',#17804);
#17804=AXIS2_PLACEMENT_3D('',#340,#17805,#17806);
#17805=DIRECTION('',(0,0,-1));
#17806=DIRECTION('',(-0.3599032302346956,0.9329896381346535,0));
#17807=FACE_BOUND('',#17808,.T.);
#17808=EDGE_LOOP('',(#17809,#17810,#17811));
#17809=ORIENTED_EDGE('',*,*,#17812,.T.);
#17810=ORIENTED_EDGE('',*,*,#17813,.T.);
#17811=ORIENTED_EDGE('',*,*,#17814,.T.);
#17812=EDGE_CURVE('',#341,#795,#17815,.F.);
#17813=EDGE_CURVE('',#795,#337,#17816,.T.);
#17814=EDGE_CURVE('',#337,#341,#17817,.T.);
#17815=LINE('',#340,#17818);
#17816=LINE('',#794,#17819);
#17817=LINE('',#336,#17820);
#17818=VECTOR('',#17821,1.0);
#17819=VECTOR('',#17822,1.0);
#17820=VECTOR('',#17823,1.0);
#17821=DIRECTION('',(-0.3599032302346956,0.9329896381346535,0));
#17822=DIRECTION('',(0.5108129505897963,-0.8596918805652094,0));
#17823=DIRECTION('',(-0.9438830689839383,-0.3302798087765309,0));
#17824=FACE_SURFACE('',(#17829),#17825,.T.);
#17825=PLANE('',#17826);
#17826=AXIS2_PLACEMENT_3D('',#336,#17827,#17828);
#17827=DIRECTION('',(0,0,-1));
#17828=DIRECTION('',(-0.5108129505897963,0.8596918805652094,0));
#17829=FACE_BOUND('',#17830,.T.);
#17830=EDGE_LOOP('',(#17831,#17832,#17833));
#17831=ORIENTED_EDGE('',*,*,#17834,.T.);
#17832=ORIENTED_EDGE('',*,*,#17835,.T.);
#17833=ORIENTED_EDGE('',*,*,#17836,.T.);
#17834=EDGE_CURVE('',#337,#795,#17837,.F.);
#17835=EDGE_CURVE('',#795,#333,#17838,.T.);
#17836=EDGE_CURVE('',#333,#337,#17839,.T.);
#17837=LINE('',#336,#17840);
#17838=LINE('',#794,#17841);
#17839=LINE('',#332,#17842);
#17840=VECTOR('',#17843,1.0);
#17841=VECTOR('',#17844,1.0);
#17842=VECTOR('',#17845,1.0);
#17843=DIRECTION('',(-0.5108129505897963,0.8596918805652094,0));
#17844=DIRECTION('',(0.6461159764833387,-0.7632392448852336,0));
#17845=DIRECTION('',(-0.8467175960178229,-0.5320425853198208,0));
#17846=FACE_SURFACE('',(#17851),#17847,.T.);
#17847=PLANE('',#17848);
#17848=AXIS2_PLACEMENT_3D('',#332,#17849,#17850);
#17849=DIRECTION('',(0,0,-1));
#17850=DIRECTION('',(-0.6461159764833387,0.7632392448852336,0));
#17851=FACE_BOUND('',#17852,.T.);
#17852=EDGE_LOOP('',(#17853,#17854,#17855));
#17853=ORIENTED_EDGE('',*,*,#17856,.T.);
#17854=ORIENTED_EDGE('',*,*,#17857,.T.);
#17855=ORIENTED_EDGE('',*,*,#17858,.T.);
#17856=EDGE_CURVE('',#333,#795,#17859,.F.);
#17857=EDGE_CURVE('',#795,#329,#17860,.T.);
#17858=EDGE_CURVE('',#329,#333,#17861,.T.);
#17859=LINE('',#332,#17862);
#17860=LINE('',#794,#17863);
#17861=LINE('',#328,#17864);
#17862=VECTOR('',#17865,1.0);
#17863=VECTOR('',#17866,1.0);
#17864=VECTOR('',#17867,1.0);
#17865=DIRECTION('',(-0.6461159764833387,0.7632392448852336,0));
#17866=DIRECTION('',(0.7632392448852336,-0.6461159764833387,0));
#17867=DIRECTION('',(-0.7071067811865476,-0.7071067811865476,0));
#17868=FACE_SURFACE('',(#17873),#17869,.T.);
#17869=PLANE('',#17870);
#17870=AXIS2_PLACEMENT_3D('',#328,#17871,#17872);
#17871=DIRECTION('',(0,0,-1));
#17872=DIRECTION('',(-0.7632392448852336,0.6461159764833387,0));
#17873=FACE_BOUND('',#17874,.T.);
#17874=EDGE_LOOP('',(#17875,#17876,#17877));
#17875=ORIENTED_EDGE('',*,*,#17878,.T.);
#17876=ORIENTED_EDGE('',*,*,#17879,.T.);
#17877=ORIENTED_EDGE('',*,*,#17880,.T.);
#17878=EDGE_CURVE('',#329,#795,#17881,.F.);
#17879=EDGE_CURVE('',#795,#327,#17882,.T.);
#17880=EDGE_CURVE('',#327,#329,#17883,.T.);
#17881=LINE('',#328,#17884);
#17882=LINE('',#794,#17885);
#17883=LINE('',#326,#17886);
#17884=VECTOR('',#17887,1.0);
#17885=VECTOR('',#17888,1.0);
#17886=VECTOR('',#17889,1.0);
#17887=DIRECTION('',(-0.7632392448852336,0.6461159764833387,0));
#17888=DIRECTION('',(0.8596918805652094,-0.5108129505897963,0));
#17889=DIRECTION('',(-0.5320425853198208,-0.8467175960178229,0));
#17890=FACE_SURFACE('',(#17895),#17891,.T.);
#17891=PLANE('',#17892);
#17892=AXIS2_PLACEMENT_3D('',#326,#17893,#17894);
#17893=DIRECTION('',(0,0,-1));
#17894=DIRECTION('',(-0.8596918805652094,0.5108129505897963,0));
#17895=FACE_BOUND('',#17896,.T.);
#17896=EDGE_LOOP('',(#17897,#17898,#17899));
#17897=ORIENTED_EDGE('',*,*,#17900,.T.);
#17898=ORIENTED_EDGE('',*,*,#17901,.T.);
#17899=ORIENTED_EDGE('',*,*,#17902,.T.);
#17900=EDGE_CURVE('',#327,#795,#17903,.F.);
#17901=EDGE_CURVE('',#795,#321,#17904,.T.);
#17902=EDGE_CURVE('',#321,#327,#17905,.T.);
#17903=LINE('',#326,#17906);
#17904=LINE('',#794,#17907);
#17905=LINE('',#320,#17908);
#17906=VECTOR('',#17909,1.0);
#17907=VECTOR('',#17910,1.0);
#17908=VECTOR('',#17911,1.0);
#17909=DIRECTION('',(-0.8596918805652094,0.5108129505897963,0));
#17910=DIRECTION('',(0.9329896381346535,-0.3599032302346956,0));
#17911=DIRECTION('',(-0.3302798087765309,-0.9438830689839383,0));
#17912=FACE_SURFACE('',(#17917),#17913,.T.);
#17913=PLANE('',#17914);
#17914=AXIS2_PLACEMENT_3D('',#320,#17915,#17916);
#17915=DIRECTION('',(0,0,-1));
#17916=DIRECTION('',(-0.9329896381346535,0.3599032302346956,0));
#17917=FACE_BOUND('',#17918,.T.);
#17918=EDGE_LOOP('',(#17919,#17920,#17921));
#17919=ORIENTED_EDGE('',*,*,#17922,.T.);
#17920=ORIENTED_EDGE('',*,*,#17923,.T.);
#17921=ORIENTED_EDGE('',*,*,#17924,.T.);
#17922=EDGE_CURVE('',#321,#795,#17925,.F.);
#17923=EDGE_CURVE('',#795,#323,#17926,.T.);
#17924=EDGE_CURVE('',#323,#321,#17927,.T.);
#17925=LINE('',#320,#17928);
#17926=LINE('',#794,#17929);
#17927=LINE('',#322,#17930);
#17928=VECTOR('',#17931,1.0);
#17929=VECTOR('',#17932,1.0);
#17930=VECTOR('',#17933,1.0);
#17931=DIRECTION('',(-0.9329896381346535,0.3599032302346956,0));
#17932=DIRECTION('',(0.9805806756909202,-0.19611613513818404,0));
#17933=DIRECTION('',(-0.11195573340215434,-0.9937131949201368,0));
#17934=FACE_SURFACE('',(#17939),#17935,.T.);
#17935=PLANE('',#17936);
#17936=AXIS2_PLACEMENT_3D('',#322,#17937,#17938);
#17937=DIRECTION('',(0,0,-1));
#17938=DIRECTION('',(-0.9805806756909202,0.19611613513818404,0));
#17939=FACE_BOUND('',#17940,.T.);
#17940=EDGE_LOOP('',(#17941,#17942,#17943));
#17941=ORIENTED_EDGE('',*,*,#17944,.T.);
#17942=ORIENTED_EDGE('',*,*,#17945,.T.);
#17943=ORIENTED_EDGE('',*,*,#17946,.T.);
#17944=EDGE_CURVE('',#323,#795,#17947,.F.);
#17945=EDGE_CURVE('',#795,#803,#17948,.T.);
#17946=EDGE_CURVE('',#803,#323,#17949,.T.);
#17947=LINE('',#322,#17950);
#17948=LINE('',#794,#17951);
#17949=LINE('',#802,#17952);
#17950=VECTOR('',#17953,1.0);
#17951=VECTOR('',#17954,1.0);
#17952=VECTOR('',#17955,1.0);
#17953=DIRECTION('',(-0.9805806756909202,0.19611613513818404,0));
#17954=DIRECTION('',(0,1,0));
#17955=DIRECTION('',(0.04061686157707317,-0.999174794796,0));
#17956=FACE_SURFACE('',(#17961),#17957,.T.);
#17957=PLANE('',#17958);
#17958=AXIS2_PLACEMENT_3D('',#322,#17959,#17960);
#17959=DIRECTION('',(0,0,-1));
#17960=DIRECTION('',(-0.04061686157707317,0.999174794796,0));
#17961=FACE_BOUND('',#17962,.T.);
#17962=EDGE_LOOP('',(#17963,#17964,#17965));
#17963=ORIENTED_EDGE('',*,*,#17966,.T.);
#17964=ORIENTED_EDGE('',*,*,#17967,.T.);
#17965=ORIENTED_EDGE('',*,*,#17968,.T.);
#17966=EDGE_CURVE('',#323,#803,#17969,.F.);
#17967=EDGE_CURVE('',#803,#345,#17970,.T.);
#17968=EDGE_CURVE('',#345,#323,#17971,.T.);
#17969=LINE('',#322,#17972);
#17970=LINE('',#802,#17973);
#17971=LINE('',#344,#17974);
#17972=VECTOR('',#17975,1.0);
#17973=VECTOR('',#17976,1.0);
#17974=VECTOR('',#17977,1.0);
#17975=DIRECTION('',(-0.04061686157707317,0.999174794796,0));
#17976=DIRECTION('',(0.9805806756909202,0.19611613513818404,0));
#17977=DIRECTION('',(0,-1,0));
#17978=FACE_SURFACE('',(#17983),#17979,.T.);
#17979=PLANE('',#17980);
#17980=AXIS2_PLACEMENT_3D('',#344,#17981,#17982);
#17981=DIRECTION('',(-0,0,-1));
#17982=DIRECTION('',(-0.9805806756909202,-0.19611613513818404,0));
#17983=FACE_BOUND('',#17984,.T.);
#17984=EDGE_LOOP('',(#17985,#17986,#17987));
#17985=ORIENTED_EDGE('',*,*,#17988,.T.);
#17986=ORIENTED_EDGE('',*,*,#17989,.T.);
#17987=ORIENTED_EDGE('',*,*,#17990,.T.);
#17988=EDGE_CURVE('',#345,#803,#17991,.F.);
#17989=EDGE_CURVE('',#803,#369,#17992,.T.);
#17990=EDGE_CURVE('',#369,#345,#17993,.T.);
#17991=LINE('',#344,#17994);
#17992=LINE('',#802,#17995);
#17993=LINE('',#368,#17996);
#17994=VECTOR('',#17997,1.0);
#17995=VECTOR('',#17998,1.0);
#17996=VECTOR('',#17999,1.0);
#17997=DIRECTION('',(-0.9805806756909202,-0.19611613513818404,0));
#17998=DIRECTION('',(0.9329896381346535,0.3599032302346956,0));
#17999=DIRECTION('',(0.11195573340215434,-0.9937131949201368,0));
#18000=FACE_SURFACE('',(#18005),#18001,.T.);
#18001=PLANE('',#18002);
#18002=AXIS2_PLACEMENT_3D('',#368,#18003,#18004);
#18003=DIRECTION('',(-0,0,-1));
#18004=DIRECTION('',(-0.9329896381346535,-0.3599032302346956,0));
#18005=FACE_BOUND('',#18006,.T.);
#18006=EDGE_LOOP('',(#18007,#18008,#18009));
#18007=ORIENTED_EDGE('',*,*,#18010,.T.);
#18008=ORIENTED_EDGE('',*,*,#18011,.T.);
#18009=ORIENTED_EDGE('',*,*,#18012,.T.);
#18010=EDGE_CURVE('',#369,#803,#18013,.F.);
#18011=EDGE_CURVE('',#803,#365,#18014,.T.);
#18012=EDGE_CURVE('',#365,#369,#18015,.T.);
#18013=LINE('',#368,#18016);
#18014=LINE('',#802,#18017);
#18015=LINE('',#364,#18018);
#18016=VECTOR('',#18019,1.0);
#18017=VECTOR('',#18020,1.0);
#18018=VECTOR('',#18021,1.0);
#18019=DIRECTION('',(-0.9329896381346535,-0.3599032302346956,0));
#18020=DIRECTION('',(0.8596918805652094,0.5108129505897963,0));
#18021=DIRECTION('',(0.3302798087765309,-0.9438830689839383,0));
#18022=FACE_SURFACE('',(#18027),#18023,.T.);
#18023=PLANE('',#18024);
#18024=AXIS2_PLACEMENT_3D('',#364,#18025,#18026);
#18025=DIRECTION('',(-0,0,-1));
#18026=DIRECTION('',(-0.8596918805652094,-0.5108129505897963,0));
#18027=FACE_BOUND('',#18028,.T.);
#18028=EDGE_LOOP('',(#18029,#18030,#18031));
#18029=ORIENTED_EDGE('',*,*,#18032,.T.);
#18030=ORIENTED_EDGE('',*,*,#18033,.T.);
#18031=ORIENTED_EDGE('',*,*,#18034,.T.);
#18032=EDGE_CURVE('',#365,#803,#18035,.F.);
#18033=EDGE_CURVE('',#803,#361,#18036,.T.);
#18034=EDGE_CURVE('',#361,#365,#18037,.T.);
#18035=LINE('',#364,#18038);
#18036=LINE('',#802,#18039);
#18037=LINE('',#360,#18040);
#18038=VECTOR('',#18041,1.0);
#18039=VECTOR('',#18042,1.0);
#18040=VECTOR('',#18043,1.0);
#18041=DIRECTION('',(-0.8596918805652094,-0.5108129505897963,0));
#18042=DIRECTION('',(0.7632392448852336,0.6461159764833387,0));
#18043=DIRECTION('',(0.5320425853198208,-0.8467175960178229,0));
#18044=FACE_SURFACE('',(#18049),#18045,.T.);
#18045=PLANE('',#18046);
#18046=AXIS2_PLACEMENT_3D('',#360,#18047,#18048);
#18047=DIRECTION('',(-0,0,-1));
#18048=DIRECTION('',(-0.7632392448852336,-0.6461159764833387,0));
#18049=FACE_BOUND('',#18050,.T.);
#18050=EDGE_LOOP('',(#18051,#18052,#18053));
#18051=ORIENTED_EDGE('',*,*,#18054,.T.);
#18052=ORIENTED_EDGE('',*,*,#18055,.T.);
#18053=ORIENTED_EDGE('',*,*,#18056,.T.);
#18054=EDGE_CURVE('',#361,#803,#18057,.F.);
#18055=EDGE_CURVE('',#803,#357,#18058,.T.);
#18056=EDGE_CURVE('',#357,#361,#18059,.T.);
#18057=LINE('',#360,#18060);
#18058=LINE('',#802,#18061);
#18059=LINE('',#356,#18062);
#18060=VECTOR('',#18063,1.0);
#18061=VECTOR('',#18064,1.0);
#18062=VECTOR('',#18065,1.0);
#18063=DIRECTION('',(-0.7632392448852336,-0.6461159764833387,0));
#18064=DIRECTION('',(0.6461159764833387,0.7632392448852336,0));
#18065=DIRECTION('',(0.7071067811865476,-0.7071067811865476,0));
#18066=FACE_SURFACE('',(#18071),#18067,.T.);
#18067=PLANE('',#18068);
#18068=AXIS2_PLACEMENT_3D('',#356,#18069,#18070);
#18069=DIRECTION('',(-0,0,-1));
#18070=DIRECTION('',(-0.6461159764833387,-0.7632392448852336,0));
#18071=FACE_BOUND('',#18072,.T.);
#18072=EDGE_LOOP('',(#18073,#18074,#18075));
#18073=ORIENTED_EDGE('',*,*,#18076,.T.);
#18074=ORIENTED_EDGE('',*,*,#18077,.T.);
#18075=ORIENTED_EDGE('',*,*,#18078,.T.);
#18076=EDGE_CURVE('',#357,#803,#18079,.F.);
#18077=EDGE_CURVE('',#803,#355,#18080,.T.);
#18078=EDGE_CURVE('',#355,#357,#18081,.T.);
#18079=LINE('',#356,#18082);
#18080=LINE('',#802,#18083);
#18081=LINE('',#354,#18084);
#18082=VECTOR('',#18085,1.0);
#18083=VECTOR('',#18086,1.0);
#18084=VECTOR('',#18087,1.0);
#18085=DIRECTION('',(-0.6461159764833387,-0.7632392448852336,0));
#18086=DIRECTION('',(0.5108129505897963,0.8596918805652094,0));
#18087=DIRECTION('',(0.8467175960178229,-0.5320425853198208,0));
#18088=FACE_SURFACE('',(#18093),#18089,.T.);
#18089=PLANE('',#18090);
#18090=AXIS2_PLACEMENT_3D('',#354,#18091,#18092);
#18091=DIRECTION('',(-0,0,-1));
#18092=DIRECTION('',(-0.5108129505897963,-0.8596918805652094,0));
#18093=FACE_BOUND('',#18094,.T.);
#18094=EDGE_LOOP('',(#18095,#18096,#18097));
#18095=ORIENTED_EDGE('',*,*,#18098,.T.);
#18096=ORIENTED_EDGE('',*,*,#18099,.T.);
#18097=ORIENTED_EDGE('',*,*,#18100,.T.);
#18098=EDGE_CURVE('',#355,#803,#18101,.F.);
#18099=EDGE_CURVE('',#803,#349,#18102,.T.);
#18100=EDGE_CURVE('',#349,#355,#18103,.T.);
#18101=LINE('',#354,#18104);
#18102=LINE('',#802,#18105);
#18103=LINE('',#348,#18106);
#18104=VECTOR('',#18107,1.0);
#18105=VECTOR('',#18108,1.0);
#18106=VECTOR('',#18109,1.0);
#18107=DIRECTION('',(-0.5108129505897963,-0.8596918805652094,0));
#18108=DIRECTION('',(0.3599032302346956,0.9329896381346535,0));
#18109=DIRECTION('',(0.9438830689839383,-0.3302798087765309,0));
#18110=FACE_SURFACE('',(#18115),#18111,.T.);
#18111=PLANE('',#18112);
#18112=AXIS2_PLACEMENT_3D('',#348,#18113,#18114);
#18113=DIRECTION('',(-0,0,-1));
#18114=DIRECTION('',(-0.3599032302346956,-0.9329896381346535,0));
#18115=FACE_BOUND('',#18116,.T.);
#18116=EDGE_LOOP('',(#18117,#18118,#18119));
#18117=ORIENTED_EDGE('',*,*,#18120,.T.);
#18118=ORIENTED_EDGE('',*,*,#18121,.T.);
#18119=ORIENTED_EDGE('',*,*,#18122,.T.);
#18120=EDGE_CURVE('',#349,#803,#18123,.F.);
#18121=EDGE_CURVE('',#803,#351,#18124,.T.);
#18122=EDGE_CURVE('',#351,#349,#18125,.T.);
#18123=LINE('',#348,#18126);
#18124=LINE('',#802,#18127);
#18125=LINE('',#350,#18128);
#18126=VECTOR('',#18129,1.0);
#18127=VECTOR('',#18130,1.0);
#18128=VECTOR('',#18131,1.0);
#18129=DIRECTION('',(-0.3599032302346956,-0.9329896381346535,0));
#18130=DIRECTION('',(0.19611613513818404,0.9805806756909202,0));
#18131=DIRECTION('',(0.9937131949201368,-0.11195573340215434,0));
#18132=FACE_SURFACE('',(#18137),#18133,.T.);
#18133=PLANE('',#18134);
#18134=AXIS2_PLACEMENT_3D('',#350,#18135,#18136);
#18135=DIRECTION('',(0,0,-1));
#18136=DIRECTION('',(-0.19611613513818404,-0.9805806756909202,0));
#18137=FACE_BOUND('',#18138,.T.);
#18138=EDGE_LOOP('',(#18139,#18140,#18141));
#18139=ORIENTED_EDGE('',*,*,#18142,.T.);
#18140=ORIENTED_EDGE('',*,*,#18143,.T.);
#18141=ORIENTED_EDGE('',*,*,#18144,.T.);
#18142=EDGE_CURVE('',#351,#803,#18145,.F.);
#18143=EDGE_CURVE('',#803,#807,#18146,.T.);
#18144=EDGE_CURVE('',#807,#351,#18147,.T.);
#18145=LINE('',#350,#18148);
#18146=LINE('',#802,#18149);
#18147=LINE('',#806,#18150);
#18148=VECTOR('',#18151,1.0);
#18149=VECTOR('',#18152,1.0);
#18150=VECTOR('',#18153,1.0);
#18151=DIRECTION('',(-0.19611613513818404,-0.9805806756909202,0));
#18152=DIRECTION('',(-1,0,0));
#18153=DIRECTION('',(0.9994374373703904,0.03353816903927485,0));
#18154=FACE_SURFACE('',(#18159),#18155,.T.);
#18155=PLANE('',#18156);
#18156=AXIS2_PLACEMENT_3D('',#350,#18157,#18158);
#18157=DIRECTION('',(-0,0,-1));
#18158=DIRECTION('',(-0.9994374373703904,-0.03353816903927485,0));
#18159=FACE_BOUND('',#18160,.T.);
#18160=EDGE_LOOP('',(#18161,#18162,#18163));
#18161=ORIENTED_EDGE('',*,*,#18164,.T.);
#18162=ORIENTED_EDGE('',*,*,#18165,.T.);
#18163=ORIENTED_EDGE('',*,*,#18166,.T.);
#18164=EDGE_CURVE('',#351,#807,#18167,.F.);
#18165=EDGE_CURVE('',#807,#393,#18168,.T.);
#18166=EDGE_CURVE('',#393,#351,#18169,.T.);
#18167=LINE('',#350,#18170);
#18168=LINE('',#806,#18171);
#18169=LINE('',#392,#18172);
#18170=VECTOR('',#18173,1.0);
#18171=VECTOR('',#18174,1.0);
#18172=VECTOR('',#18175,1.0);
#18173=DIRECTION('',(-0.9994374373703904,-0.03353816903927485,0));
#18174=DIRECTION('',(-0.19611613513818404,0.9805806756909202,0));
#18175=DIRECTION('',(1,0,0));
#18176=FACE_SURFACE('',(#18181),#18177,.T.);
#18177=PLANE('',#18178);
#18178=AXIS2_PLACEMENT_3D('',#392,#18179,#18180);
#18179=DIRECTION('',(0,-0,-1));
#18180=DIRECTION('',(0.19611613513818404,-0.9805806756909202,0));
#18181=FACE_BOUND('',#18182,.T.);
#18182=EDGE_LOOP('',(#18183,#18184,#18185));
#18183=ORIENTED_EDGE('',*,*,#18186,.T.);
#18184=ORIENTED_EDGE('',*,*,#18187,.T.);
#18185=ORIENTED_EDGE('',*,*,#18188,.T.);
#18186=EDGE_CURVE('',#393,#807,#18189,.F.);
#18187=EDGE_CURVE('',#807,#391,#18190,.T.);
#18188=EDGE_CURVE('',#391,#393,#18191,.T.);
#18189=LINE('',#392,#18192);
#18190=LINE('',#806,#18193);
#18191=LINE('',#390,#18194);
#18192=VECTOR('',#18195,1.0);
#18193=VECTOR('',#18196,1.0);
#18194=VECTOR('',#18197,1.0);
#18195=DIRECTION('',(0.19611613513818404,-0.9805806756909202,0));
#18196=DIRECTION('',(-0.3599032302346956,0.9329896381346535,0));
#18197=DIRECTION('',(0.9937131949201368,0.11195573340215434,0));
#18198=FACE_SURFACE('',(#18203),#18199,.T.);
#18199=PLANE('',#18200);
#18200=AXIS2_PLACEMENT_3D('',#390,#18201,#18202);
#18201=DIRECTION('',(0,-0,-1));
#18202=DIRECTION('',(0.3599032302346956,-0.9329896381346535,0));
#18203=FACE_BOUND('',#18204,.T.);
#18204=EDGE_LOOP('',(#18205,#18206,#18207));
#18205=ORIENTED_EDGE('',*,*,#18208,.T.);
#18206=ORIENTED_EDGE('',*,*,#18209,.T.);
#18207=ORIENTED_EDGE('',*,*,#18210,.T.);
#18208=EDGE_CURVE('',#391,#807,#18211,.F.);
#18209=EDGE_CURVE('',#807,#387,#18212,.T.);
#18210=EDGE_CURVE('',#387,#391,#18213,.T.);
#18211=LINE('',#390,#18214);
#18212=LINE('',#806,#18215);
#18213=LINE('',#386,#18216);
#18214=VECTOR('',#18217,1.0);
#18215=VECTOR('',#18218,1.0);
#18216=VECTOR('',#18219,1.0);
#18217=DIRECTION('',(0.3599032302346956,-0.9329896381346535,0));
#18218=DIRECTION('',(-0.5108129505897963,0.8596918805652094,0));
#18219=DIRECTION('',(0.9438830689839383,0.3302798087765309,0));
#18220=FACE_SURFACE('',(#18225),#18221,.T.);
#18221=PLANE('',#18222);
#18222=AXIS2_PLACEMENT_3D('',#386,#18223,#18224);
#18223=DIRECTION('',(0,-0,-1));
#18224=DIRECTION('',(0.5108129505897963,-0.8596918805652094,0));
#18225=FACE_BOUND('',#18226,.T.);
#18226=EDGE_LOOP('',(#18227,#18228,#18229));
#18227=ORIENTED_EDGE('',*,*,#18230,.T.);
#18228=ORIENTED_EDGE('',*,*,#18231,.T.);
#18229=ORIENTED_EDGE('',*,*,#18232,.T.);
#18230=EDGE_CURVE('',#387,#807,#18233,.F.);
#18231=EDGE_CURVE('',#807,#383,#18234,.T.);
#18232=EDGE_CURVE('',#383,#387,#18235,.T.);
#18233=LINE('',#386,#18236);
#18234=LINE('',#806,#18237);
#18235=LINE('',#382,#18238);
#18236=VECTOR('',#18239,1.0);
#18237=VECTOR('',#18240,1.0);
#18238=VECTOR('',#18241,1.0);
#18239=DIRECTION('',(0.5108129505897963,-0.8596918805652094,0));
#18240=DIRECTION('',(-0.6461159764833387,0.7632392448852336,0));
#18241=DIRECTION('',(0.8467175960178229,0.5320425853198208,0));
#18242=FACE_SURFACE('',(#18247),#18243,.T.);
#18243=PLANE('',#18244);
#18244=AXIS2_PLACEMENT_3D('',#382,#18245,#18246);
#18245=DIRECTION('',(0,-0,-1));
#18246=DIRECTION('',(0.6461159764833387,-0.7632392448852336,0));
#18247=FACE_BOUND('',#18248,.T.);
#18248=EDGE_LOOP('',(#18249,#18250,#18251));
#18249=ORIENTED_EDGE('',*,*,#18252,.T.);
#18250=ORIENTED_EDGE('',*,*,#18253,.T.);
#18251=ORIENTED_EDGE('',*,*,#18254,.T.);
#18252=EDGE_CURVE('',#383,#807,#18255,.F.);
#18253=EDGE_CURVE('',#807,#379,#18256,.T.);
#18254=EDGE_CURVE('',#379,#383,#18257,.T.);
#18255=LINE('',#382,#18258);
#18256=LINE('',#806,#18259);
#18257=LINE('',#378,#18260);
#18258=VECTOR('',#18261,1.0);
#18259=VECTOR('',#18262,1.0);
#18260=VECTOR('',#18263,1.0);
#18261=DIRECTION('',(0.6461159764833387,-0.7632392448852336,0));
#18262=DIRECTION('',(-0.7632392448852336,0.6461159764833387,0));
#18263=DIRECTION('',(0.7071067811865476,0.7071067811865476,0));
#18264=FACE_SURFACE('',(#18269),#18265,.T.);
#18265=PLANE('',#18266);
#18266=AXIS2_PLACEMENT_3D('',#378,#18267,#18268);
#18267=DIRECTION('',(0,-0,-1));
#18268=DIRECTION('',(0.7632392448852336,-0.6461159764833387,0));
#18269=FACE_BOUND('',#18270,.T.);
#18270=EDGE_LOOP('',(#18271,#18272,#18273));
#18271=ORIENTED_EDGE('',*,*,#18274,.T.);
#18272=ORIENTED_EDGE('',*,*,#18275,.T.);
#18273=ORIENTED_EDGE('',*,*,#18276,.T.);
#18274=EDGE_CURVE('',#379,#807,#18277,.F.);
#18275=EDGE_CURVE('',#807,#377,#18278,.T.);
#18276=EDGE_CURVE('',#377,#379,#18279,.T.);
#18277=LINE('',#378,#18280);
#18278=LINE('',#806,#18281);
#18279=LINE('',#376,#18282);
#18280=VECTOR('',#18283,1.0);
#18281=VECTOR('',#18284,1.0);
#18282=VECTOR('',#18285,1.0);
#18283=DIRECTION('',(0.7632392448852336,-0.6461159764833387,0));
#18284=DIRECTION('',(-0.8596918805652094,0.5108129505897963,0));
#18285=DIRECTION('',(0.5320425853198208,0.8467175960178229,0));
#18286=FACE_SURFACE('',(#18291),#18287,.T.);
#18287=PLANE('',#18288);
#18288=AXIS2_PLACEMENT_3D('',#376,#18289,#18290);
#18289=DIRECTION('',(0,-0,-1));
#18290=DIRECTION('',(0.8596918805652094,-0.5108129505897963,0));
#18291=FACE_BOUND('',#18292,.T.);
#18292=EDGE_LOOP('',(#18293,#18294,#18295));
#18293=ORIENTED_EDGE('',*,*,#18296,.T.);
#18294=ORIENTED_EDGE('',*,*,#18297,.T.);
#18295=ORIENTED_EDGE('',*,*,#18298,.T.);
#18296=EDGE_CURVE('',#377,#807,#18299,.F.);
#18297=EDGE_CURVE('',#807,#373,#18300,.T.);
#18298=EDGE_CURVE('',#373,#377,#18301,.T.);
#18299=LINE('',#376,#18302);
#18300=LINE('',#806,#18303);
#18301=LINE('',#372,#18304);
#18302=VECTOR('',#18305,1.0);
#18303=VECTOR('',#18306,1.0);
#18304=VECTOR('',#18307,1.0);
#18305=DIRECTION('',(0.8596918805652094,-0.5108129505897963,0));
#18306=DIRECTION('',(-0.9329896381346535,0.3599032302346956,0));
#18307=DIRECTION('',(0.3302798087765309,0.9438830689839383,0));
#18308=FACE_SURFACE('',(#18313),#18309,.T.);
#18309=PLANE('',#18310);
#18310=AXIS2_PLACEMENT_3D('',#372,#18311,#18312);
#18311=DIRECTION('',(0,-0,-1));
#18312=DIRECTION('',(0.9329896381346535,-0.3599032302346956,0));
#18313=FACE_BOUND('',#18314,.T.);
#18314=EDGE_LOOP('',(#18315,#18316,#18317));
#18315=ORIENTED_EDGE('',*,*,#18318,.T.);
#18316=ORIENTED_EDGE('',*,*,#18319,.T.);
#18317=ORIENTED_EDGE('',*,*,#18320,.T.);
#18318=EDGE_CURVE('',#373,#807,#18321,.F.);
#18319=EDGE_CURVE('',#807,#79,#18322,.T.);
#18320=EDGE_CURVE('',#79,#373,#18323,.T.);
#18321=LINE('',#372,#18324);
#18322=LINE('',#806,#18325);
#18323=LINE('',#78,#18326);
#18324=VECTOR('',#18327,1.0);
#18325=VECTOR('',#18328,1.0);
#18326=VECTOR('',#18329,1.0);
#18327=DIRECTION('',(0.9329896381346535,-0.3599032302346956,0));
#18328=DIRECTION('',(-0.9805806756909202,0.19611613513818404,0));
#18329=DIRECTION('',(0.11195573340215434,0.9937131949201368,0));
#18330=FACE_SURFACE('',(#18335),#18331,.T.);
#18331=PLANE('',#18332);
#18332=AXIS2_PLACEMENT_3D('',#78,#18333,#18334);
#18333=DIRECTION('',(0,0,-1));
#18334=DIRECTION('',(0.9805806756909202,-0.19611613513818404,0));
#18335=FACE_BOUND('',#18336,.T.);
#18336=EDGE_LOOP('',(#18337,#18338,#18339));
#18337=ORIENTED_EDGE('',*,*,#18340,.T.);
#18338=ORIENTED_EDGE('',*,*,#18341,.T.);
#18339=ORIENTED_EDGE('',*,*,#18342,.T.);
#18340=EDGE_CURVE('',#79,#807,#18343,.F.);
#18341=EDGE_CURVE('',#807,#65,#18344,.T.);
#18342=EDGE_CURVE('',#65,#79,#18345,.T.);
#18343=LINE('',#78,#18346);
#18344=LINE('',#806,#18347);
#18345=LINE('',#64,#18348);
#18346=VECTOR('',#18349,1.0);
#18347=VECTOR('',#18350,1.0);
#18348=VECTOR('',#18351,1.0);
#18349=DIRECTION('',(0.9805806756909202,-0.19611613513818404,0));
#18350=DIRECTION('',(-0.04061686157707317,-0.999174794796,0));
#18351=DIRECTION('',(0,1,0));
#18352=FACE_SURFACE('',(#18357),#18353,.T.);
#18353=PLANE('',#18354);
#18354=AXIS2_PLACEMENT_3D('',#64,#18355,#18356);
#18355=DIRECTION('',(0,0,-1));
#18356=DIRECTION('',(0.04061686157707317,0.999174794796,0));
#18357=FACE_BOUND('',#18358,.T.);
#18358=EDGE_LOOP('',(#18359,#18360,#18361));
#18359=ORIENTED_EDGE('',*,*,#18362,.T.);
#18360=ORIENTED_EDGE('',*,*,#18363,.T.);
#18361=ORIENTED_EDGE('',*,*,#18364,.T.);
#18362=EDGE_CURVE('',#65,#807,#18365,.F.);
#18363=EDGE_CURVE('',#807,#797,#18366,.T.);
#18364=EDGE_CURVE('',#797,#65,#18367,.T.);
#18365=LINE('',#64,#18368);
#18366=LINE('',#806,#18369);
#18367=LINE('',#796,#18370);
#18368=VECTOR('',#18371,1.0);
#18369=VECTOR('',#18372,1.0);
#18370=VECTOR('',#18373,1.0);
#18371=DIRECTION('',(0.04061686157707317,0.999174794796,0));
#18372=DIRECTION('',(0,-1,0));
#18373=DIRECTION('',(-0.9805806756909202,-0.19611613513818404,0));
#18374=FACE_SURFACE('',(#18379),#18375,.T.);
#18375=PLANE('',#18376);
#18376=AXIS2_PLACEMENT_3D('',#64,#18377,#18378);
#18377=DIRECTION('',(0,0,-1));
#18378=DIRECTION('',(0.9805806756909202,0.19611613513818404,0));
#18379=FACE_BOUND('',#18380,.T.);
#18380=EDGE_LOOP('',(#18381,#18382,#18383));
#18381=ORIENTED_EDGE('',*,*,#18384,.T.);
#18382=ORIENTED_EDGE('',*,*,#18385,.T.);
#18383=ORIENTED_EDGE('',*,*,#18386,.T.);
#18384=EDGE_CURVE('',#65,#797,#18387,.F.);
#18385=EDGE_CURVE('',#797,#63,#18388,.T.);
#18386=EDGE_CURVE('',#63,#65,#18389,.T.);
#18387=LINE('',#64,#18390);
#18388=LINE('',#796,#18391);
#18389=LINE('',#62,#18392);
#18390=VECTOR('',#18393,1.0);
#18391=VECTOR('',#18394,1.0);
#18392=VECTOR('',#18395,1.0);
#18393=DIRECTION('',(0.9805806756909202,0.19611613513818404,0));
#18394=DIRECTION('',(-0.9329896381346535,-0.3599032302346956,0));
#18395=DIRECTION('',(-0.11195573340215434,0.9937131949201368,0));
#18396=FACE_SURFACE('',(#18401),#18397,.T.);
#18397=PLANE('',#18398);
#18398=AXIS2_PLACEMENT_3D('',#62,#18399,#18400);
#18399=DIRECTION('',(0,0,-1));
#18400=DIRECTION('',(0.9329896381346535,0.3599032302346956,0));
#18401=FACE_BOUND('',#18402,.T.);
#18402=EDGE_LOOP('',(#18403,#18404,#18405));
#18403=ORIENTED_EDGE('',*,*,#18406,.T.);
#18404=ORIENTED_EDGE('',*,*,#18407,.T.);
#18405=ORIENTED_EDGE('',*,*,#18408,.T.);
#18406=EDGE_CURVE('',#63,#797,#18409,.F.);
#18407=EDGE_CURVE('',#797,#59,#18410,.T.);
#18408=EDGE_CURVE('',#59,#63,#18411,.T.);
#18409=LINE('',#62,#18412);
#18410=LINE('',#796,#18413);
#18411=LINE('',#58,#18414);
#18412=VECTOR('',#18415,1.0);
#18413=VECTOR('',#18416,1.0);
#18414=VECTOR('',#18417,1.0);
#18415=DIRECTION('',(0.9329896381346535,0.3599032302346956,0));
#18416=DIRECTION('',(-0.8596918805652094,-0.5108129505897963,0));
#18417=DIRECTION('',(-0.3302798087765309,0.9438830689839383,0));
#18418=FACE_SURFACE('',(#18423),#18419,.T.);
#18419=PLANE('',#18420);
#18420=AXIS2_PLACEMENT_3D('',#58,#18421,#18422);
#18421=DIRECTION('',(0,0,-1));
#18422=DIRECTION('',(0.8596918805652094,0.5108129505897963,0));
#18423=FACE_BOUND('',#18424,.T.);
#18424=EDGE_LOOP('',(#18425,#18426,#18427));
#18425=ORIENTED_EDGE('',*,*,#18428,.T.);
#18426=ORIENTED_EDGE('',*,*,#18429,.T.);
#18427=ORIENTED_EDGE('',*,*,#18430,.T.);
#18428=EDGE_CURVE('',#59,#797,#18431,.F.);
#18429=EDGE_CURVE('',#797,#55,#18432,.T.);
#18430=EDGE_CURVE('',#55,#59,#18433,.T.);
#18431=LINE('',#58,#18434);
#18432=LINE('',#796,#18435);
#18433=LINE('',#54,#18436);
#18434=VECTOR('',#18437,1.0);
#18435=VECTOR('',#18438,1.0);
#18436=VECTOR('',#18439,1.0);
#18437=DIRECTION('',(0.8596918805652094,0.5108129505897963,0));
#18438=DIRECTION('',(-0.7632392448852336,-0.6461159764833387,0));
#18439=DIRECTION('',(-0.5320425853198208,0.8467175960178229,0));
#18440=FACE_SURFACE('',(#18445),#18441,.T.);
#18441=PLANE('',#18442);
#18442=AXIS2_PLACEMENT_3D('',#54,#18443,#18444);
#18443=DIRECTION('',(0,0,-1));
#18444=DIRECTION('',(0.7632392448852336,0.6461159764833387,0));
#18445=FACE_BOUND('',#18446,.T.);
#18446=EDGE_LOOP('',(#18447,#18448,#18449));
#18447=ORIENTED_EDGE('',*,*,#18450,.T.);
#18448=ORIENTED_EDGE('',*,*,#18451,.T.);
#18449=ORIENTED_EDGE('',*,*,#18452,.T.);
#18450=EDGE_CURVE('',#55,#797,#18453,.F.);
#18451=EDGE_CURVE('',#797,#51,#18454,.T.);
#18452=EDGE_CURVE('',#51,#55,#18455,.T.);
#18453=LINE('',#54,#18456);
#18454=LINE('',#796,#18457);
#18455=LINE('',#50,#18458);
#18456=VECTOR('',#18459,1.0);
#18457=VECTOR('',#18460,1.0);
#18458=VECTOR('',#18461,1.0);
#18459=DIRECTION('',(0.7632392448852336,0.6461159764833387,0));
#18460=DIRECTION('',(-0.6461159764833387,-0.7632392448852336,0));
#18461=DIRECTION('',(-0.7071067811865476,0.7071067811865476,0));
#18462=FACE_SURFACE('',(#18467),#18463,.T.);
#18463=PLANE('',#18464);
#18464=AXIS2_PLACEMENT_3D('',#50,#18465,#18466);
#18465=DIRECTION('',(0,0,-1));
#18466=DIRECTION('',(0.6461159764833387,0.7632392448852336,0));
#18467=FACE_BOUND('',#18468,.T.);
#18468=EDGE_LOOP('',(#18469,#18470,#18471));
#18469=ORIENTED_EDGE('',*,*,#18472,.T.);
#18470=ORIENTED_EDGE('',*,*,#18473,.T.);
#18471=ORIENTED_EDGE('',*,*,#18474,.T.);
#18472=EDGE_CURVE('',#51,#797,#18475,.F.);
#18473=EDGE_CURVE('',#797,#49,#18476,.T.);
#18474=EDGE_CURVE('',#49,#51,#18477,.T.);
#18475=LINE('',#50,#18478);
#18476=LINE('',#796,#18479);
#18477=LINE('',#48,#18480);
#18478=VECTOR('',#18481,1.0);
#18479=VECTOR('',#18482,1.0);
#18480=VECTOR('',#18483,1.0);
#18481=DIRECTION('',(0.6461159764833387,0.7632392448852336,0));
#18482=DIRECTION('',(-0.5108129505897963,-0.8596918805652094,0));
#18483=DIRECTION('',(-0.8467175960178229,0.5320425853198208,0));
#18484=FACE_SURFACE('',(#18489),#18485,.T.);
#18485=PLANE('',#18486);
#18486=AXIS2_PLACEMENT_3D('',#48,#18487,#18488);
#18487=DIRECTION('',(0,0,-1));
#18488=DIRECTION('',(0.5108129505897963,0.8596918805652094,0));
#18489=FACE_BOUND('',#18490,.T.);
#18490=EDGE_LOOP('',(#18491,#18492,#18493));
#18491=ORIENTED_EDGE('',*,*,#18494,.T.);
#18492=ORIENTED_EDGE('',*,*,#18495,.T.);
#18493=ORIENTED_EDGE('',*,*,#18496,.T.);
#18494=EDGE_CURVE('',#49,#797,#18497,.F.);
#18495=EDGE_CURVE('',#797,#41,#18498,.T.);
#18496=EDGE_CURVE('',#41,#49,#18499,.T.);
#18497=LINE('',#48,#18500);
#18498=LINE('',#796,#18501);
#18499=LINE('',#40,#18502);
#18500=VECTOR('',#18503,1.0);
#18501=VECTOR('',#18504,1.0);
#18502=VECTOR('',#18505,1.0);
#18503=DIRECTION('',(0.5108129505897963,0.8596918805652094,0));
#18504=DIRECTION('',(-0.3599032302346956,-0.9329896381346535,0));
#18505=DIRECTION('',(-0.9438830689839383,0.3302798087765309,0));
ENDSEC;
END-ISO-10303-21;
