solid ASCII
  facet normal -1.119644e-01 -9.937116e-01 -1.084751e-03
    outer loop
      vertex   -3.794504e+01 -3.294986e+01 1.800000e+01
      vertex   -3.801764e+01 -3.293185e+01 9.000000e+00
      vertex   -3.750000e+01 -3.300000e+01 1.800000e+01
    endloop
  endfacet
  facet normal -1.444327e-01 -9.895143e-01 8.144572e-04
    outer loop
      vertex   -3.750000e+01 -3.300000e+01 1.800000e+01
      vertex   -3.801764e+01 -3.293185e+01 9.000000e+00
      vertex   -3.794504e+01 -3.294986e+01 0.000000e+00
    endloop
  endfacet
  facet normal -1.119645e-01 -9.937122e-01 -0.000000e+00
    outer loop
      vertex   -3.750000e+01 -3.300000e+01 1.800000e+01
      vertex   -3.794504e+01 -3.294986e+01 0.000000e+00
      vertex   -3.750000e+01 -3.300000e+01 0.000000e+00
    endloop
  endfacet
  facet normal -3.302790e-01 -9.438830e-01 7.759081e-04
    outer loop
      vertex   -3.794504e+01 -3.294986e+01 1.800000e+01
      vertex   -3.836777e+01 -3.280194e+01 1.800000e+01
      vertex   -3.801764e+01 -3.293185e+01 9.000000e+00
    endloop
  endfacet
  facet normal -3.826830e-01 -9.238784e-01 -1.551543e-03
    outer loop
      vertex   -3.801764e+01 -3.293185e+01 9.000000e+00
      vertex   -3.836777e+01 -3.280194e+01 1.800000e+01
      vertex   -3.850000e+01 -3.273205e+01 9.000000e+00
    endloop
  endfacet
  facet normal -3.826830e-01 -9.238784e-01 1.551543e-03
    outer loop
      vertex   -3.801764e+01 -3.293185e+01 9.000000e+00
      vertex   -3.850000e+01 -3.273205e+01 9.000000e+00
      vertex   -3.836777e+01 -3.280194e+01 0.000000e+00
    endloop
  endfacet
  facet normal -5.320317e-01 -8.467235e-01 -1.241887e-03
    outer loop
      vertex   -3.836777e+01 -3.280194e+01 0.000000e+00
      vertex   -3.850000e+01 -3.273205e+01 9.000000e+00
      vertex   -3.874698e+01 -3.256366e+01 0.000000e+00
    endloop
  endfacet
  facet normal -6.087604e-01 -7.933520e-01 1.862286e-03
    outer loop
      vertex   -3.874698e+01 -3.256366e+01 0.000000e+00
      vertex   -3.850000e+01 -3.273205e+01 9.000000e+00
      vertex   -3.891421e+01 -3.241421e+01 9.000000e+00
    endloop
  endfacet
  facet normal -7.071061e-01 -7.071061e-01 -1.397285e-03
    outer loop
      vertex   -3.874698e+01 -3.256366e+01 0.000000e+00
      vertex   -3.891421e+01 -3.241421e+01 9.000000e+00
      vertex   -3.906366e+01 -3.224698e+01 0.000000e+00
    endloop
  endfacet
  facet normal -7.933520e-01 -6.087604e-01 1.862286e-03
    outer loop
      vertex   -3.906366e+01 -3.224698e+01 0.000000e+00
      vertex   -3.891421e+01 -3.241421e+01 9.000000e+00
      vertex   -3.923205e+01 -3.200000e+01 9.000000e+00
    endloop
  endfacet
  facet normal -8.467235e-01 -5.320317e-01 -1.241887e-03
    outer loop
      vertex   -3.906366e+01 -3.224698e+01 0.000000e+00
      vertex   -3.923205e+01 -3.200000e+01 9.000000e+00
      vertex   -3.930194e+01 -3.186777e+01 0.000000e+00
    endloop
  endfacet
  facet normal -9.238784e-01 -3.826830e-01 1.551543e-03
    outer loop
      vertex   -3.930194e+01 -3.186777e+01 0.000000e+00
      vertex   -3.923205e+01 -3.200000e+01 9.000000e+00
      vertex   -3.943185e+01 -3.151764e+01 9.000000e+00
    endloop
  endfacet
  facet normal -9.438830e-01 -3.302790e-01 -7.759081e-04
    outer loop
      vertex   -3.930194e+01 -3.186777e+01 0.000000e+00
      vertex   -3.943185e+01 -3.151764e+01 9.000000e+00
      vertex   -3.944986e+01 -3.144504e+01 0.000000e+00
    endloop
  endfacet
  facet normal -9.937116e-01 -1.119644e-01 1.084751e-03
    outer loop
      vertex   -3.944986e+01 -3.144504e+01 0.000000e+00
      vertex   -3.943185e+01 -3.151764e+01 9.000000e+00
      vertex   -3.950000e+01 -3.100000e+01 0.000000e+00
    endloop
  endfacet
  facet normal -9.895143e-01 -1.444327e-01 -8.144572e-04
    outer loop
      vertex   -3.950000e+01 -3.100000e+01 0.000000e+00
      vertex   -3.943185e+01 -3.151764e+01 9.000000e+00
      vertex   -3.944986e+01 -3.144504e+01 1.800000e+01
    endloop
  endfacet
  facet normal -9.937122e-01 -1.119645e-01 0.000000e+00
    outer loop
      vertex   -3.950000e+01 -3.100000e+01 0.000000e+00
      vertex   -3.944986e+01 -3.144504e+01 1.800000e+01
      vertex   -3.950000e+01 -3.100000e+01 1.800000e+01
    endloop
  endfacet
  facet normal -5.320317e-01 -8.467235e-01 1.241887e-03
    outer loop
      vertex   -3.836777e+01 -3.280194e+01 1.800000e+01
      vertex   -3.874698e+01 -3.256366e+01 1.800000e+01
      vertex   -3.850000e+01 -3.273205e+01 9.000000e+00
    endloop
  endfacet
  facet normal -6.087604e-01 -7.933520e-01 -1.862286e-03
    outer loop
      vertex   -3.850000e+01 -3.273205e+01 9.000000e+00
      vertex   -3.874698e+01 -3.256366e+01 1.800000e+01
      vertex   -3.891421e+01 -3.241421e+01 9.000000e+00
    endloop
  endfacet
  facet normal -7.071061e-01 -7.071061e-01 1.397285e-03
    outer loop
      vertex   -3.874698e+01 -3.256366e+01 1.800000e+01
      vertex   -3.906366e+01 -3.224698e+01 1.800000e+01
      vertex   -3.891421e+01 -3.241421e+01 9.000000e+00
    endloop
  endfacet
  facet normal -7.933520e-01 -6.087604e-01 -1.862286e-03
    outer loop
      vertex   -3.891421e+01 -3.241421e+01 9.000000e+00
      vertex   -3.906366e+01 -3.224698e+01 1.800000e+01
      vertex   -3.923205e+01 -3.200000e+01 9.000000e+00
    endloop
  endfacet
  facet normal -8.467235e-01 -5.320317e-01 1.241887e-03
    outer loop
      vertex   -3.906366e+01 -3.224698e+01 1.800000e+01
      vertex   -3.930194e+01 -3.186777e+01 1.800000e+01
      vertex   -3.923205e+01 -3.200000e+01 9.000000e+00
    endloop
  endfacet
  facet normal -9.238784e-01 -3.826830e-01 -1.551543e-03
    outer loop
      vertex   -3.923205e+01 -3.200000e+01 9.000000e+00
      vertex   -3.930194e+01 -3.186777e+01 1.800000e+01
      vertex   -3.943185e+01 -3.151764e+01 9.000000e+00
    endloop
  endfacet
  facet normal -9.438830e-01 -3.302790e-01 7.759081e-04
    outer loop
      vertex   -3.930194e+01 -3.186777e+01 1.800000e+01
      vertex   -3.944986e+01 -3.144504e+01 1.800000e+01
      vertex   -3.943185e+01 -3.151764e+01 9.000000e+00
    endloop
  endfacet
  facet normal -3.302790e-01 -9.438830e-01 -7.759081e-04
    outer loop
      vertex   -3.836777e+01 -3.280194e+01 0.000000e+00
      vertex   -3.794504e+01 -3.294986e+01 0.000000e+00
      vertex   -3.801764e+01 -3.293185e+01 9.000000e+00
    endloop
  endfacet
  facet normal 0.000000e+00 -1.000000e+00 0.000000e+00
    outer loop
      vertex   -3.750000e+01 -3.300000e+01 0.000000e+00
      vertex   3.750000e+01 -3.300000e+01 0.000000e+00
      vertex   -3.750000e+01 -3.300000e+01 1.800000e+01
    endloop
  endfacet
  facet normal 0.000000e+00 -1.000000e+00 0.000000e+00
    outer loop
      vertex   -3.750000e+01 -3.300000e+01 1.800000e+01
      vertex   3.750000e+01 -3.300000e+01 0.000000e+00
      vertex   3.750000e+01 -3.300000e+01 1.800000e+01
    endloop
  endfacet
  facet normal -0.000000e+00 0.000000e+00 -1.000000e+00
    outer loop
      vertex   3.156556e+01 -2.912374e+01 0.000000e+00
      vertex   3.094343e+01 -2.920510e+01 0.000000e+00
      vertex   3.150000e+01 -2.850000e+01 0.000000e+00
    endloop
  endfacet
  facet normal 0.000000e+00 0.000000e+00 -1.000000e+00
    outer loop
      vertex   3.150000e+01 -2.850000e+01 0.000000e+00
      vertex   3.094343e+01 -2.920510e+01 0.000000e+00
      vertex   3.069483e+01 -2.865146e+01 0.000000e+00
    endloop
  endfacet
  facet normal -0.000000e+00 0.000000e+00 -1.000000e+00
    outer loop
      vertex   3.150000e+01 -2.850000e+01 0.000000e+00
      vertex   3.069483e+01 -2.865146e+01 0.000000e+00
      vertex   3.054561e+01 -2.806319e+01 0.000000e+00
    endloop
  endfacet
  facet normal 0.000000e+00 0.000000e+00 -1.000000e+00
    outer loop
      vertex   3.094343e+01 -2.920510e+01 0.000000e+00
      vertex   3.156556e+01 -2.912374e+01 0.000000e+00
      vertex   3.128393e+01 -2.970748e+01 0.000000e+00
    endloop
  endfacet
  facet normal 0.000000e+00 0.000000e+00 -1.000000e+00
    outer loop
      vertex   3.128393e+01 -2.970748e+01 0.000000e+00
      vertex   3.156556e+01 -2.912374e+01 0.000000e+00
      vertex   3.175936e+01 -2.972021e+01 0.000000e+00
    endloop
  endfacet
  facet normal 0.000000e+00 0.000000e+00 -1.000000e+00
    outer loop
      vertex   3.128393e+01 -2.970748e+01 0.000000e+00
      vertex   3.175936e+01 -2.972021e+01 0.000000e+00
      vertex   3.170609e+01 -3.014348e+01 0.000000e+00
    endloop
  endfacet
  facet normal 0.000000e+00 0.000000e+00 -1.000000e+00
    outer loop
      vertex   3.170609e+01 -3.014348e+01 0.000000e+00
      vertex   3.175936e+01 -2.972021e+01 0.000000e+00
      vertex   3.207295e+01 -3.026336e+01 0.000000e+00
    endloop
  endfacet
  facet normal 0.000000e+00 0.000000e+00 -1.000000e+00
    outer loop
      vertex   3.170609e+01 -3.014348e+01 0.000000e+00
      vertex   3.207295e+01 -3.026336e+01 0.000000e+00
      vertex   3.219722e+01 -3.050000e+01 0.000000e+00
    endloop
  endfacet
  facet normal 0.000000e+00 0.000000e+00 -1.000000e+00
    outer loop
      vertex   3.219722e+01 -3.050000e+01 0.000000e+00
      vertex   3.207295e+01 -3.026336e+01 0.000000e+00
      vertex   3.249261e+01 -3.072943e+01 0.000000e+00
    endloop
  endfacet
  facet normal 0.000000e+00 -0.000000e+00 -1.000000e+00
    outer loop
      vertex   3.219722e+01 -3.050000e+01 0.000000e+00
      vertex   3.249261e+01 -3.072943e+01 0.000000e+00
      vertex   -3.249261e+01 -3.072943e+01 0.000000e+00
    endloop
  endfacet
  facet normal 0.000000e+00 -0.000000e+00 -1.000000e+00
    outer loop
      vertex   -3.249261e+01 -3.072943e+01 0.000000e+00
      vertex   3.249261e+01 -3.072943e+01 0.000000e+00
      vertex   -3.300000e+01 -3.109808e+01 0.000000e+00
    endloop
  endfacet
  facet normal 0.000000e+00 0.000000e+00 -1.000000e+00
    outer loop
      vertex   -3.300000e+01 -3.109808e+01 0.000000e+00
      vertex   3.249261e+01 -3.072943e+01 0.000000e+00
      vertex   3.300000e+01 -3.109808e+01 0.000000e+00
    endloop
  endfacet
  facet normal 0.000000e+00 -0.000000e+00 -1.000000e+00
    outer loop
      vertex   -3.300000e+01 -3.109808e+01 0.000000e+00
      vertex   3.300000e+01 -3.109808e+01 0.000000e+00
      vertex   -3.357295e+01 -3.135317e+01 0.000000e+00
    endloop
  endfacet
  facet normal 0.000000e+00 0.000000e+00 -1.000000e+00
    outer loop
      vertex   -3.357295e+01 -3.135317e+01 0.000000e+00
      vertex   3.300000e+01 -3.109808e+01 0.000000e+00
      vertex   3.357295e+01 -3.135317e+01 0.000000e+00
    endloop
  endfacet
  facet normal 0.000000e+00 -0.000000e+00 -1.000000e+00
    outer loop
      vertex   -3.357295e+01 -3.135317e+01 0.000000e+00
      vertex   3.357295e+01 -3.135317e+01 0.000000e+00
      vertex   -3.750000e+01 -3.300000e+01 0.000000e+00
    endloop
  endfacet
  facet normal 0.000000e+00 0.000000e+00 -1.000000e+00
    outer loop
      vertex   -3.750000e+01 -3.300000e+01 0.000000e+00
      vertex   3.357295e+01 -3.135317e+01 0.000000e+00
      vertex   3.750000e+01 -3.300000e+01 0.000000e+00
    endloop
  endfacet
  facet normal 0.000000e+00 0.000000e+00 -1.000000e+00
    outer loop
      vertex   3.750000e+01 -3.300000e+01 0.000000e+00
      vertex   3.357295e+01 -3.135317e+01 0.000000e+00
      vertex   3.418641e+01 -3.148357e+01 0.000000e+00
    endloop
  endfacet
  facet normal 0.000000e+00 0.000000e+00 -1.000000e+00
    outer loop
      vertex   3.750000e+01 -3.300000e+01 0.000000e+00
      vertex   3.418641e+01 -3.148357e+01 0.000000e+00
      vertex   3.481359e+01 -3.148357e+01 0.000000e+00
    endloop
  endfacet
  facet normal 0.000000e+00 0.000000e+00 -1.000000e+00
    outer loop
      vertex   3.481359e+01 -3.148357e+01 0.000000e+00
      vertex   3.542705e+01 -3.135317e+01 0.000000e+00
      vertex   3.750000e+01 -3.300000e+01 0.000000e+00
    endloop
  endfacet
  facet normal 0.000000e+00 0.000000e+00 -1.000000e+00
    outer loop
      vertex   3.750000e+01 -3.300000e+01 0.000000e+00
      vertex   3.542705e+01 -3.135317e+01 0.000000e+00
      vertex   3.600000e+01 -3.109808e+01 0.000000e+00
    endloop
  endfacet
  facet normal 0.000000e+00 0.000000e+00 -1.000000e+00
    outer loop
      vertex   3.750000e+01 -3.300000e+01 0.000000e+00
      vertex   3.600000e+01 -3.109808e+01 0.000000e+00
      vertex   3.650739e+01 -3.072943e+01 0.000000e+00
    endloop
  endfacet
  facet normal 0.000000e+00 -0.000000e+00 -1.000000e+00
    outer loop
      vertex   3.692705e+01 -3.026336e+01 0.000000e+00
      vertex   3.944986e+01 -3.144504e+01 0.000000e+00
      vertex   3.650739e+01 -3.072943e+01 0.000000e+00
    endloop
  endfacet
  facet normal 0.000000e+00 0.000000e+00 -1.000000e+00
    outer loop
      vertex   3.650739e+01 -3.072943e+01 0.000000e+00
      vertex   3.944986e+01 -3.144504e+01 0.000000e+00
      vertex   3.930194e+01 -3.186777e+01 0.000000e+00
    endloop
  endfacet
  facet normal 0.000000e+00 0.000000e+00 -1.000000e+00
    outer loop
      vertex   3.650739e+01 -3.072943e+01 0.000000e+00
      vertex   3.930194e+01 -3.186777e+01 0.000000e+00
      vertex   3.906366e+01 -3.224698e+01 0.000000e+00
    endloop
  endfacet
  facet normal 0.000000e+00 0.000000e+00 -1.000000e+00
    outer loop
      vertex   3.944986e+01 -3.144504e+01 0.000000e+00
      vertex   3.692705e+01 -3.026336e+01 0.000000e+00
      vertex   3.950000e+01 -3.100000e+01 0.000000e+00
    endloop
  endfacet
  facet normal 0.000000e+00 0.000000e+00 -1.000000e+00
    outer loop
      vertex   3.950000e+01 -3.100000e+01 0.000000e+00
      vertex   3.692705e+01 -3.026336e+01 0.000000e+00
      vertex   3.724064e+01 -2.972021e+01 0.000000e+00
    endloop
  endfacet
  facet normal 0.000000e+00 0.000000e+00 -1.000000e+00
    outer loop
      vertex   3.950000e+01 -3.100000e+01 0.000000e+00
      vertex   3.724064e+01 -2.972021e+01 0.000000e+00
      vertex   3.743444e+01 -2.912374e+01 0.000000e+00
    endloop
  endfacet
  facet normal 0.000000e+00 0.000000e+00 -1.000000e+00
    outer loop
      vertex   3.743444e+01 -2.912374e+01 0.000000e+00
      vertex   3.750000e+01 -2.850000e+01 0.000000e+00
      vertex   3.950000e+01 -3.100000e+01 0.000000e+00
    endloop
  endfacet
  facet normal 0.000000e+00 0.000000e+00 -1.000000e+00
    outer loop
      vertex   3.950000e+01 -3.100000e+01 0.000000e+00
      vertex   3.750000e+01 -2.850000e+01 0.000000e+00
      vertex   3.743444e+01 -2.787626e+01 0.000000e+00
    endloop
  endfacet
  facet normal 0.000000e+00 0.000000e+00 -1.000000e+00
    outer loop
      vertex   3.950000e+01 -3.100000e+01 0.000000e+00
      vertex   3.743444e+01 -2.787626e+01 0.000000e+00
      vertex   3.700000e+01 -2.569722e+01 0.000000e+00
    endloop
  endfacet
  facet normal 0.000000e+00 0.000000e+00 -1.000000e+00
    outer loop
      vertex   3.700000e+01 -2.569722e+01 0.000000e+00
      vertex   3.743444e+01 -2.787626e+01 0.000000e+00
      vertex   3.724064e+01 -2.727979e+01 0.000000e+00
    endloop
  endfacet
  facet normal 0.000000e+00 -0.000000e+00 -1.000000e+00
    outer loop
      vertex   3.700000e+01 -2.569722e+01 0.000000e+00
      vertex   3.724064e+01 -2.727979e+01 0.000000e+00
      vertex   3.692705e+01 -2.673664e+01 0.000000e+00
    endloop
  endfacet
  facet normal 0.000000e+00 0.000000e+00 -1.000000e+00
    outer loop
      vertex   3.692705e+01 -2.673664e+01 0.000000e+00
      vertex   3.650739e+01 -2.627057e+01 0.000000e+00
      vertex   3.700000e+01 -2.569722e+01 0.000000e+00
    endloop
  endfacet
  facet normal 0.000000e+00 0.000000e+00 -1.000000e+00
    outer loop
      vertex   3.700000e+01 -2.569722e+01 0.000000e+00
      vertex   3.650739e+01 -2.627057e+01 0.000000e+00
      vertex   3.600000e+01 -2.590192e+01 0.000000e+00
    endloop
  endfacet
  facet normal -0.000000e+00 0.000000e+00 -1.000000e+00
    outer loop
      vertex   3.700000e+01 -2.569722e+01 0.000000e+00
      vertex   3.600000e+01 -2.590192e+01 0.000000e+00
      vertex   3.660705e+01 -2.516477e+01 0.000000e+00
    endloop
  endfacet
  facet normal 0.000000e+00 0.000000e+00 -1.000000e+00
    outer loop
      vertex   3.660705e+01 -2.516477e+01 0.000000e+00
      vertex   3.600000e+01 -2.590192e+01 0.000000e+00
      vertex   3.542705e+01 -2.564683e+01 0.000000e+00
    endloop
  endfacet
  facet normal -0.000000e+00 0.000000e+00 -1.000000e+00
    outer loop
      vertex   3.660705e+01 -2.516477e+01 0.000000e+00
      vertex   3.542705e+01 -2.564683e+01 0.000000e+00
      vertex   3.612090e+01 -2.471579e+01 0.000000e+00
    endloop
  endfacet
  facet normal -0.000000e+00 0.000000e+00 -1.000000e+00
    outer loop
      vertex   3.612090e+01 -2.471579e+01 0.000000e+00
      vertex   3.542705e+01 -2.564683e+01 0.000000e+00
      vertex   3.555892e+01 -2.436635e+01 0.000000e+00
    endloop
  endfacet
  facet normal 0.000000e+00 0.000000e+00 -1.000000e+00
    outer loop
      vertex   3.555892e+01 -2.436635e+01 0.000000e+00
      vertex   3.542705e+01 -2.564683e+01 0.000000e+00
      vertex   3.481359e+01 -2.551643e+01 0.000000e+00
    endloop
  endfacet
  facet normal -0.000000e+00 0.000000e+00 -1.000000e+00
    outer loop
      vertex   3.555892e+01 -2.436635e+01 0.000000e+00
      vertex   3.481359e+01 -2.551643e+01 0.000000e+00
      vertex   3.494122e+01 -2.412893e+01 0.000000e+00
    endloop
  endfacet
  facet normal 0.000000e+00 0.000000e+00 -1.000000e+00
    outer loop
      vertex   3.494122e+01 -2.412893e+01 0.000000e+00
      vertex   3.481359e+01 -2.551643e+01 0.000000e+00
      vertex   3.418641e+01 -2.551643e+01 0.000000e+00
    endloop
  endfacet
  facet normal -0.000000e+00 0.000000e+00 -1.000000e+00
    outer loop
      vertex   3.494122e+01 -2.412893e+01 0.000000e+00
      vertex   3.418641e+01 -2.551643e+01 0.000000e+00
      vertex   3.428988e+01 -2.401202e+01 0.000000e+00
    endloop
  endfacet
  facet normal 0.000000e+00 0.000000e+00 -1.000000e+00
    outer loop
      vertex   3.428988e+01 -2.401202e+01 0.000000e+00
      vertex   3.418641e+01 -2.551643e+01 0.000000e+00
      vertex   3.362817e+01 -2.401981e+01 0.000000e+00
    endloop
  endfacet
  facet normal 0.000000e+00 -0.000000e+00 -1.000000e+00
    outer loop
      vertex   3.362817e+01 -2.401981e+01 0.000000e+00
      vertex   3.418641e+01 -2.551643e+01 0.000000e+00
      vertex   3.357295e+01 -2.564683e+01 0.000000e+00
    endloop
  endfacet
  facet normal 0.000000e+00 0.000000e+00 -1.000000e+00
    outer loop
      vertex   3.362817e+01 -2.401981e+01 0.000000e+00
      vertex   3.357295e+01 -2.564683e+01 0.000000e+00
      vertex   3.297975e+01 -2.415200e+01 0.000000e+00
    endloop
  endfacet
  facet normal 0.000000e+00 0.000000e+00 -1.000000e+00
    outer loop
      vertex   3.297975e+01 -2.415200e+01 0.000000e+00
      vertex   3.357295e+01 -2.564683e+01 0.000000e+00
      vertex   3.300000e+01 -2.590192e+01 0.000000e+00
    endloop
  endfacet
  facet normal 0.000000e+00 -0.000000e+00 -1.000000e+00
    outer loop
      vertex   3.297975e+01 -2.415200e+01 0.000000e+00
      vertex   3.300000e+01 -2.590192e+01 0.000000e+00
      vertex   3.154548e+01 -2.491411e+01 0.000000e+00
    endloop
  endfacet
  facet normal 0.000000e+00 -0.000000e+00 -1.000000e+00
    outer loop
      vertex   3.154548e+01 -2.491411e+01 0.000000e+00
      vertex   3.300000e+01 -2.590192e+01 0.000000e+00
      vertex   3.138564e+01 -2.530000e+01 0.000000e+00
    endloop
  endfacet
  facet normal 0.000000e+00 0.000000e+00 -1.000000e+00
    outer loop
      vertex   3.138564e+01 -2.530000e+01 0.000000e+00
      vertex   3.300000e+01 -2.590192e+01 0.000000e+00
      vertex   3.249261e+01 -2.627057e+01 0.000000e+00
    endloop
  endfacet
  facet normal 0.000000e+00 -0.000000e+00 -1.000000e+00
    outer loop
      vertex   3.138564e+01 -2.530000e+01 0.000000e+00
      vertex   3.249261e+01 -2.627057e+01 0.000000e+00
      vertex   3.113137e+01 -2.563137e+01 0.000000e+00
    endloop
  endfacet
  facet normal 0.000000e+00 0.000000e+00 -1.000000e+00
    outer loop
      vertex   3.113137e+01 -2.563137e+01 0.000000e+00
      vertex   3.249261e+01 -2.627057e+01 0.000000e+00
      vertex   3.207295e+01 -2.673664e+01 0.000000e+00
    endloop
  endfacet
  facet normal 0.000000e+00 -0.000000e+00 -1.000000e+00
    outer loop
      vertex   3.113137e+01 -2.563137e+01 0.000000e+00
      vertex   3.207295e+01 -2.673664e+01 0.000000e+00
      vertex   3.080000e+01 -2.588564e+01 0.000000e+00
    endloop
  endfacet
  facet normal 0.000000e+00 0.000000e+00 -1.000000e+00
    outer loop
      vertex   3.080000e+01 -2.588564e+01 0.000000e+00
      vertex   3.207295e+01 -2.673664e+01 0.000000e+00
      vertex   3.175936e+01 -2.727979e+01 0.000000e+00
    endloop
  endfacet
  facet normal 0.000000e+00 -0.000000e+00 -1.000000e+00
    outer loop
      vertex   3.080000e+01 -2.588564e+01 0.000000e+00
      vertex   3.175936e+01 -2.727979e+01 0.000000e+00
      vertex   3.041411e+01 -2.604548e+01 0.000000e+00
    endloop
  endfacet
  facet normal 0.000000e+00 0.000000e+00 -1.000000e+00
    outer loop
      vertex   3.041411e+01 -2.604548e+01 0.000000e+00
      vertex   3.175936e+01 -2.727979e+01 0.000000e+00
      vertex   3.050025e+01 -2.745800e+01 0.000000e+00
    endloop
  endfacet
  facet normal 0.000000e+00 -0.000000e+00 -1.000000e+00
    outer loop
      vertex   3.041411e+01 -2.604548e+01 0.000000e+00
      vertex   3.050025e+01 -2.745800e+01 0.000000e+00
      vertex   3.000000e+01 -2.610000e+01 0.000000e+00
    endloop
  endfacet
  facet normal 0.000000e+00 -0.000000e+00 -1.000000e+00
    outer loop
      vertex   3.000000e+01 -2.610000e+01 0.000000e+00
      vertex   3.050025e+01 -2.745800e+01 0.000000e+00
      vertex   2.988128e+01 -2.749765e+01 0.000000e+00
    endloop
  endfacet
  facet normal 0.000000e+00 0.000000e+00 -1.000000e+00
    outer loop
      vertex   3.000000e+01 -2.610000e+01 0.000000e+00
      vertex   2.988128e+01 -2.749765e+01 0.000000e+00
      vertex   2.926739e+01 -2.740917e+01 0.000000e+00
    endloop
  endfacet
  facet normal 0.000000e+00 0.000000e+00 -1.000000e+00
    outer loop
      vertex   3.175936e+01 -2.727979e+01 0.000000e+00
      vertex   3.156556e+01 -2.787626e+01 0.000000e+00
      vertex   3.050025e+01 -2.745800e+01 0.000000e+00
    endloop
  endfacet
  facet normal 0.000000e+00 0.000000e+00 -1.000000e+00
    outer loop
      vertex   3.050025e+01 -2.745800e+01 0.000000e+00
      vertex   3.156556e+01 -2.787626e+01 0.000000e+00
      vertex   3.054561e+01 -2.806319e+01 0.000000e+00
    endloop
  endfacet
  facet normal 0.000000e+00 0.000000e+00 -1.000000e+00
    outer loop
      vertex   3.054561e+01 -2.806319e+01 0.000000e+00
      vertex   3.156556e+01 -2.787626e+01 0.000000e+00
      vertex   3.150000e+01 -2.850000e+01 0.000000e+00
    endloop
  endfacet
  facet normal -0.000000e+00 0.000000e+00 -1.000000e+00
    outer loop
      vertex   -3.743444e+01 2.912374e+01 0.000000e+00
      vertex   -3.750000e+01 2.850000e+01 0.000000e+00
      vertex   -3.950000e+01 3.100000e+01 0.000000e+00
    endloop
  endfacet
  facet normal 0.000000e+00 0.000000e+00 -1.000000e+00
    outer loop
      vertex   -3.950000e+01 3.100000e+01 0.000000e+00
      vertex   -3.750000e+01 2.850000e+01 0.000000e+00
      vertex   -3.743444e+01 2.787626e+01 0.000000e+00
    endloop
  endfacet
  facet normal 0.000000e+00 0.000000e+00 -1.000000e+00
    outer loop
      vertex   -3.950000e+01 3.100000e+01 0.000000e+00
      vertex   -3.743444e+01 2.787626e+01 0.000000e+00
      vertex   -3.700000e+01 2.569722e+01 0.000000e+00
    endloop
  endfacet
  facet normal 0.000000e+00 0.000000e+00 -1.000000e+00
    outer loop
      vertex   -3.700000e+01 2.569722e+01 0.000000e+00
      vertex   -3.743444e+01 2.787626e+01 0.000000e+00
      vertex   -3.724064e+01 2.727979e+01 0.000000e+00
    endloop
  endfacet
  facet normal 0.000000e+00 0.000000e+00 -1.000000e+00
    outer loop
      vertex   -3.700000e+01 2.569722e+01 0.000000e+00
      vertex   -3.724064e+01 2.727979e+01 0.000000e+00
      vertex   -3.692705e+01 2.673664e+01 0.000000e+00
    endloop
  endfacet
  facet normal 0.000000e+00 -0.000000e+00 -1.000000e+00
    outer loop
      vertex   -3.692705e+01 2.673664e+01 0.000000e+00
      vertex   -3.650739e+01 2.627057e+01 0.000000e+00
      vertex   -3.700000e+01 2.569722e+01 0.000000e+00
    endloop
  endfacet
  facet normal 0.000000e+00 0.000000e+00 -1.000000e+00
    outer loop
      vertex   -3.700000e+01 2.569722e+01 0.000000e+00
      vertex   -3.650739e+01 2.627057e+01 0.000000e+00
      vertex   -3.600000e+01 2.590192e+01 0.000000e+00
    endloop
  endfacet
  facet normal 0.000000e+00 0.000000e+00 -1.000000e+00
    outer loop
      vertex   -3.700000e+01 2.569722e+01 0.000000e+00
      vertex   -3.600000e+01 2.590192e+01 0.000000e+00
      vertex   -3.660705e+01 2.516477e+01 0.000000e+00
    endloop
  endfacet
  facet normal 0.000000e+00 0.000000e+00 -1.000000e+00
    outer loop
      vertex   -3.660705e+01 2.516477e+01 0.000000e+00
      vertex   -3.600000e+01 2.590192e+01 0.000000e+00
      vertex   -3.542705e+01 2.564683e+01 0.000000e+00
    endloop
  endfacet
  facet normal 0.000000e+00 0.000000e+00 -1.000000e+00
    outer loop
      vertex   -3.660705e+01 2.516477e+01 0.000000e+00
      vertex   -3.542705e+01 2.564683e+01 0.000000e+00
      vertex   -3.612090e+01 2.471579e+01 0.000000e+00
    endloop
  endfacet
  facet normal 0.000000e+00 0.000000e+00 -1.000000e+00
    outer loop
      vertex   -3.612090e+01 2.471579e+01 0.000000e+00
      vertex   -3.542705e+01 2.564683e+01 0.000000e+00
      vertex   -3.555892e+01 2.436635e+01 0.000000e+00
    endloop
  endfacet
  facet normal 0.000000e+00 0.000000e+00 -1.000000e+00
    outer loop
      vertex   -3.555892e+01 2.436635e+01 0.000000e+00
      vertex   -3.542705e+01 2.564683e+01 0.000000e+00
      vertex   -3.481359e+01 2.551643e+01 0.000000e+00
    endloop
  endfacet
  facet normal 0.000000e+00 0.000000e+00 -1.000000e+00
    outer loop
      vertex   -3.555892e+01 2.436635e+01 0.000000e+00
      vertex   -3.481359e+01 2.551643e+01 0.000000e+00
      vertex   -3.494122e+01 2.412893e+01 0.000000e+00
    endloop
  endfacet
  facet normal 0.000000e+00 0.000000e+00 -1.000000e+00
    outer loop
      vertex   -3.494122e+01 2.412893e+01 0.000000e+00
      vertex   -3.481359e+01 2.551643e+01 0.000000e+00
      vertex   -3.418641e+01 2.551643e+01 0.000000e+00
    endloop
  endfacet
  facet normal 0.000000e+00 0.000000e+00 -1.000000e+00
    outer loop
      vertex   -3.494122e+01 2.412893e+01 0.000000e+00
      vertex   -3.418641e+01 2.551643e+01 0.000000e+00
      vertex   -3.428988e+01 2.401202e+01 0.000000e+00
    endloop
  endfacet
  facet normal 0.000000e+00 0.000000e+00 -1.000000e+00
    outer loop
      vertex   -3.428988e+01 2.401202e+01 0.000000e+00
      vertex   -3.418641e+01 2.551643e+01 0.000000e+00
      vertex   -3.362817e+01 2.401981e+01 0.000000e+00
    endloop
  endfacet
  facet normal 0.000000e+00 0.000000e+00 -1.000000e+00
    outer loop
      vertex   -3.362817e+01 2.401981e+01 0.000000e+00
      vertex   -3.418641e+01 2.551643e+01 0.000000e+00
      vertex   -3.357295e+01 2.564683e+01 0.000000e+00
    endloop
  endfacet
  facet normal 0.000000e+00 0.000000e+00 -1.000000e+00
    outer loop
      vertex   -3.362817e+01 2.401981e+01 0.000000e+00
      vertex   -3.357295e+01 2.564683e+01 0.000000e+00
      vertex   -3.297975e+01 2.415200e+01 0.000000e+00
    endloop
  endfacet
  facet normal 0.000000e+00 0.000000e+00 -1.000000e+00
    outer loop
      vertex   -3.297975e+01 2.415200e+01 0.000000e+00
      vertex   -3.357295e+01 2.564683e+01 0.000000e+00
      vertex   -3.300000e+01 2.590192e+01 0.000000e+00
    endloop
  endfacet
  facet normal 0.000000e+00 0.000000e+00 -1.000000e+00
    outer loop
      vertex   -3.297975e+01 2.415200e+01 0.000000e+00
      vertex   -3.300000e+01 2.590192e+01 0.000000e+00
      vertex   -3.154548e+01 2.491411e+01 0.000000e+00
    endloop
  endfacet
  facet normal 0.000000e+00 0.000000e+00 -1.000000e+00
    outer loop
      vertex   -3.154548e+01 2.491411e+01 0.000000e+00
      vertex   -3.300000e+01 2.590192e+01 0.000000e+00
      vertex   -3.138564e+01 2.530000e+01 0.000000e+00
    endloop
  endfacet
  facet normal 0.000000e+00 0.000000e+00 -1.000000e+00
    outer loop
      vertex   -3.138564e+01 2.530000e+01 0.000000e+00
      vertex   -3.300000e+01 2.590192e+01 0.000000e+00
      vertex   -3.249261e+01 2.627057e+01 0.000000e+00
    endloop
  endfacet
  facet normal 0.000000e+00 0.000000e+00 -1.000000e+00
    outer loop
      vertex   -3.138564e+01 2.530000e+01 0.000000e+00
      vertex   -3.249261e+01 2.627057e+01 0.000000e+00
      vertex   -3.113137e+01 2.563137e+01 0.000000e+00
    endloop
  endfacet
  facet normal 0.000000e+00 0.000000e+00 -1.000000e+00
    outer loop
      vertex   -3.113137e+01 2.563137e+01 0.000000e+00
      vertex   -3.249261e+01 2.627057e+01 0.000000e+00
      vertex   -3.207295e+01 2.673664e+01 0.000000e+00
    endloop
  endfacet
  facet normal 0.000000e+00 0.000000e+00 -1.000000e+00
    outer loop
      vertex   -3.113137e+01 2.563137e+01 0.000000e+00
      vertex   -3.207295e+01 2.673664e+01 0.000000e+00
      vertex   -3.080000e+01 2.588564e+01 0.000000e+00
    endloop
  endfacet
  facet normal 0.000000e+00 0.000000e+00 -1.000000e+00
    outer loop
      vertex   -3.080000e+01 2.588564e+01 0.000000e+00
      vertex   -3.207295e+01 2.673664e+01 0.000000e+00
      vertex   -3.175936e+01 2.727979e+01 0.000000e+00
    endloop
  endfacet
  facet normal 0.000000e+00 0.000000e+00 -1.000000e+00
    outer loop
      vertex   -3.080000e+01 2.588564e+01 0.000000e+00
      vertex   -3.175936e+01 2.727979e+01 0.000000e+00
      vertex   -3.041411e+01 2.604548e+01 0.000000e+00
    endloop
  endfacet
  facet normal 0.000000e+00 0.000000e+00 -1.000000e+00
    outer loop
      vertex   -3.041411e+01 2.604548e+01 0.000000e+00
      vertex   -3.175936e+01 2.727979e+01 0.000000e+00
      vertex   -3.050025e+01 2.745800e+01 0.000000e+00
    endloop
  endfacet
  facet normal 0.000000e+00 0.000000e+00 -1.000000e+00
    outer loop
      vertex   -3.041411e+01 2.604548e+01 0.000000e+00
      vertex   -3.050025e+01 2.745800e+01 0.000000e+00
      vertex   -3.000000e+01 2.610000e+01 0.000000e+00
    endloop
  endfacet
  facet normal 0.000000e+00 0.000000e+00 -1.000000e+00
    outer loop
      vertex   -3.000000e+01 2.610000e+01 0.000000e+00
      vertex   -3.050025e+01 2.745800e+01 0.000000e+00
      vertex   -2.988128e+01 2.749765e+01 0.000000e+00
    endloop
  endfacet
  facet normal 0.000000e+00 0.000000e+00 -1.000000e+00
    outer loop
      vertex   -3.000000e+01 2.610000e+01 0.000000e+00
      vertex   -2.988128e+01 2.749765e+01 0.000000e+00
      vertex   -2.926739e+01 2.740917e+01 0.000000e+00
    endloop
  endfacet
  facet normal 0.000000e+00 0.000000e+00 -1.000000e+00
    outer loop
      vertex   -3.175936e+01 2.727979e+01 0.000000e+00
      vertex   -3.156556e+01 2.787626e+01 0.000000e+00
      vertex   -3.050025e+01 2.745800e+01 0.000000e+00
    endloop
  endfacet
  facet normal 0.000000e+00 0.000000e+00 -1.000000e+00
    outer loop
      vertex   -3.050025e+01 2.745800e+01 0.000000e+00
      vertex   -3.156556e+01 2.787626e+01 0.000000e+00
      vertex   -3.054561e+01 2.806319e+01 0.000000e+00
    endloop
  endfacet
  facet normal -0.000000e+00 0.000000e+00 -1.000000e+00
    outer loop
      vertex   -3.054561e+01 2.806319e+01 0.000000e+00
      vertex   -3.156556e+01 2.787626e+01 0.000000e+00
      vertex   -3.150000e+01 2.850000e+01 0.000000e+00
    endloop
  endfacet
  facet normal 0.000000e+00 0.000000e+00 -1.000000e+00
    outer loop
      vertex   -3.054561e+01 2.806319e+01 0.000000e+00
      vertex   -3.150000e+01 2.850000e+01 0.000000e+00
      vertex   -3.069483e+01 2.865146e+01 0.000000e+00
    endloop
  endfacet
  facet normal -0.000000e+00 0.000000e+00 -1.000000e+00
    outer loop
      vertex   -3.069483e+01 2.865146e+01 0.000000e+00
      vertex   -3.150000e+01 2.850000e+01 0.000000e+00
      vertex   -3.094343e+01 2.920510e+01 0.000000e+00
    endloop
  endfacet
  facet normal 0.000000e+00 0.000000e+00 -1.000000e+00
    outer loop
      vertex   -3.094343e+01 2.920510e+01 0.000000e+00
      vertex   -3.150000e+01 2.850000e+01 0.000000e+00
      vertex   -3.156556e+01 2.912374e+01 0.000000e+00
    endloop
  endfacet
  facet normal -0.000000e+00 0.000000e+00 -1.000000e+00
    outer loop
      vertex   -3.094343e+01 2.920510e+01 0.000000e+00
      vertex   -3.156556e+01 2.912374e+01 0.000000e+00
      vertex   -3.128393e+01 2.970748e+01 0.000000e+00
    endloop
  endfacet
  facet normal -0.000000e+00 0.000000e+00 -1.000000e+00
    outer loop
      vertex   -3.128393e+01 2.970748e+01 0.000000e+00
      vertex   -3.156556e+01 2.912374e+01 0.000000e+00
      vertex   -3.175936e+01 2.972021e+01 0.000000e+00
    endloop
  endfacet
  facet normal 0.000000e+00 0.000000e+00 -1.000000e+00
    outer loop
      vertex   -3.128393e+01 2.970748e+01 0.000000e+00
      vertex   -3.175936e+01 2.972021e+01 0.000000e+00
      vertex   -3.170609e+01 3.014348e+01 0.000000e+00
    endloop
  endfacet
  facet normal -0.000000e+00 0.000000e+00 -1.000000e+00
    outer loop
      vertex   -3.170609e+01 3.014348e+01 0.000000e+00
      vertex   -3.175936e+01 2.972021e+01 0.000000e+00
      vertex   -3.207295e+01 3.026336e+01 0.000000e+00
    endloop
  endfacet
  facet normal 0.000000e+00 0.000000e+00 -1.000000e+00
    outer loop
      vertex   -3.170609e+01 3.014348e+01 0.000000e+00
      vertex   -3.207295e+01 3.026336e+01 0.000000e+00
      vertex   -3.219722e+01 3.050000e+01 0.000000e+00
    endloop
  endfacet
  facet normal -0.000000e+00 -0.000000e+00 -1.000000e+00
    outer loop
      vertex   -3.219722e+01 3.050000e+01 0.000000e+00
      vertex   -3.207295e+01 3.026336e+01 0.000000e+00
      vertex   -3.249261e+01 3.072943e+01 0.000000e+00
    endloop
  endfacet
  facet normal 0.000000e+00 0.000000e+00 -1.000000e+00
    outer loop
      vertex   -3.219722e+01 3.050000e+01 0.000000e+00
      vertex   -3.249261e+01 3.072943e+01 0.000000e+00
      vertex   3.249261e+01 3.072943e+01 0.000000e+00
    endloop
  endfacet
  facet normal -0.000000e+00 0.000000e+00 -1.000000e+00
    outer loop
      vertex   3.249261e+01 3.072943e+01 0.000000e+00
      vertex   -3.249261e+01 3.072943e+01 0.000000e+00
      vertex   3.300000e+01 3.109808e+01 0.000000e+00
    endloop
  endfacet
  facet normal -0.000000e+00 0.000000e+00 -1.000000e+00
    outer loop
      vertex   3.300000e+01 3.109808e+01 0.000000e+00
      vertex   -3.249261e+01 3.072943e+01 0.000000e+00
      vertex   -3.300000e+01 3.109808e+01 0.000000e+00
    endloop
  endfacet
  facet normal 0.000000e+00 0.000000e+00 -1.000000e+00
    outer loop
      vertex   3.300000e+01 3.109808e+01 0.000000e+00
      vertex   -3.300000e+01 3.109808e+01 0.000000e+00
      vertex   3.357295e+01 3.135317e+01 0.000000e+00
    endloop
  endfacet
  facet normal -0.000000e+00 0.000000e+00 -1.000000e+00
    outer loop
      vertex   3.357295e+01 3.135317e+01 0.000000e+00
      vertex   -3.300000e+01 3.109808e+01 0.000000e+00
      vertex   -3.357295e+01 3.135317e+01 0.000000e+00
    endloop
  endfacet
  facet normal 0.000000e+00 0.000000e+00 -1.000000e+00
    outer loop
      vertex   3.357295e+01 3.135317e+01 0.000000e+00
      vertex   -3.357295e+01 3.135317e+01 0.000000e+00
      vertex   3.750000e+01 3.300000e+01 0.000000e+00
    endloop
  endfacet
  facet normal -0.000000e+00 0.000000e+00 -1.000000e+00
    outer loop
      vertex   3.750000e+01 3.300000e+01 0.000000e+00
      vertex   -3.357295e+01 3.135317e+01 0.000000e+00
      vertex   -3.750000e+01 3.300000e+01 0.000000e+00
    endloop
  endfacet
  facet normal 0.000000e+00 0.000000e+00 -1.000000e+00
    outer loop
      vertex   -3.750000e+01 3.300000e+01 0.000000e+00
      vertex   -3.357295e+01 3.135317e+01 0.000000e+00
      vertex   -3.418641e+01 3.148357e+01 0.000000e+00
    endloop
  endfacet
  facet normal 0.000000e+00 0.000000e+00 -1.000000e+00
    outer loop
      vertex   -3.750000e+01 3.300000e+01 0.000000e+00
      vertex   -3.418641e+01 3.148357e+01 0.000000e+00
      vertex   -3.481359e+01 3.148357e+01 0.000000e+00
    endloop
  endfacet
  facet normal -0.000000e+00 0.000000e+00 -1.000000e+00
    outer loop
      vertex   -3.481359e+01 3.148357e+01 0.000000e+00
      vertex   -3.542705e+01 3.135317e+01 0.000000e+00
      vertex   -3.750000e+01 3.300000e+01 0.000000e+00
    endloop
  endfacet
  facet normal 0.000000e+00 0.000000e+00 -1.000000e+00
    outer loop
      vertex   -3.750000e+01 3.300000e+01 0.000000e+00
      vertex   -3.542705e+01 3.135317e+01 0.000000e+00
      vertex   -3.600000e+01 3.109808e+01 0.000000e+00
    endloop
  endfacet
  facet normal 0.000000e+00 0.000000e+00 -1.000000e+00
    outer loop
      vertex   -3.750000e+01 3.300000e+01 0.000000e+00
      vertex   -3.600000e+01 3.109808e+01 0.000000e+00
      vertex   -3.650739e+01 3.072943e+01 0.000000e+00
    endloop
  endfacet
  facet normal 0.000000e+00 0.000000e+00 -1.000000e+00
    outer loop
      vertex   -3.692705e+01 3.026336e+01 0.000000e+00
      vertex   -3.944986e+01 3.144504e+01 0.000000e+00
      vertex   -3.650739e+01 3.072943e+01 0.000000e+00
    endloop
  endfacet
  facet normal 0.000000e+00 0.000000e+00 -1.000000e+00
    outer loop
      vertex   -3.650739e+01 3.072943e+01 0.000000e+00
      vertex   -3.944986e+01 3.144504e+01 0.000000e+00
      vertex   -3.930194e+01 3.186777e+01 0.000000e+00
    endloop
  endfacet
  facet normal 0.000000e+00 0.000000e+00 -1.000000e+00
    outer loop
      vertex   -3.650739e+01 3.072943e+01 0.000000e+00
      vertex   -3.930194e+01 3.186777e+01 0.000000e+00
      vertex   -3.906366e+01 3.224698e+01 0.000000e+00
    endloop
  endfacet
  facet normal 0.000000e+00 -0.000000e+00 -1.000000e+00
    outer loop
      vertex   -3.944986e+01 3.144504e+01 0.000000e+00
      vertex   -3.692705e+01 3.026336e+01 0.000000e+00
      vertex   -3.950000e+01 3.100000e+01 0.000000e+00
    endloop
  endfacet
  facet normal 0.000000e+00 0.000000e+00 -1.000000e+00
    outer loop
      vertex   -3.950000e+01 3.100000e+01 0.000000e+00
      vertex   -3.692705e+01 3.026336e+01 0.000000e+00
      vertex   -3.724064e+01 2.972021e+01 0.000000e+00
    endloop
  endfacet
  facet normal 0.000000e+00 0.000000e+00 -1.000000e+00
    outer loop
      vertex   -3.950000e+01 3.100000e+01 0.000000e+00
      vertex   -3.724064e+01 2.972021e+01 0.000000e+00
      vertex   -3.743444e+01 2.912374e+01 0.000000e+00
    endloop
  endfacet
  facet normal 0.000000e+00 0.000000e+00 -1.000000e+00
    outer loop
      vertex   3.156556e+01 2.787626e+01 0.000000e+00
      vertex   3.054561e+01 2.806319e+01 0.000000e+00
      vertex   3.150000e+01 2.850000e+01 0.000000e+00
    endloop
  endfacet
  facet normal -0.000000e+00 0.000000e+00 -1.000000e+00
    outer loop
      vertex   3.150000e+01 2.850000e+01 0.000000e+00
      vertex   3.054561e+01 2.806319e+01 0.000000e+00
      vertex   3.069483e+01 2.865146e+01 0.000000e+00
    endloop
  endfacet
  facet normal 0.000000e+00 0.000000e+00 -1.000000e+00
    outer loop
      vertex   3.150000e+01 2.850000e+01 0.000000e+00
      vertex   3.069483e+01 2.865146e+01 0.000000e+00
      vertex   3.094343e+01 2.920510e+01 0.000000e+00
    endloop
  endfacet
  facet normal 0.000000e+00 -0.000000e+00 -1.000000e+00
    outer loop
      vertex   3.054561e+01 2.806319e+01 0.000000e+00
      vertex   3.156556e+01 2.787626e+01 0.000000e+00
      vertex   3.050025e+01 2.745800e+01 0.000000e+00
    endloop
  endfacet
  facet normal 0.000000e+00 0.000000e+00 -1.000000e+00
    outer loop
      vertex   3.050025e+01 2.745800e+01 0.000000e+00
      vertex   3.156556e+01 2.787626e+01 0.000000e+00
      vertex   3.175936e+01 2.727979e+01 0.000000e+00
    endloop
  endfacet
  facet normal 0.000000e+00 -0.000000e+00 -1.000000e+00
    outer loop
      vertex   3.050025e+01 2.745800e+01 0.000000e+00
      vertex   3.175936e+01 2.727979e+01 0.000000e+00
      vertex   3.041411e+01 2.604548e+01 0.000000e+00
    endloop
  endfacet
  facet normal 0.000000e+00 0.000000e+00 -1.000000e+00
    outer loop
      vertex   3.041411e+01 2.604548e+01 0.000000e+00
      vertex   3.175936e+01 2.727979e+01 0.000000e+00
      vertex   3.080000e+01 2.588564e+01 0.000000e+00
    endloop
  endfacet
  facet normal 0.000000e+00 0.000000e+00 -1.000000e+00
    outer loop
      vertex   3.080000e+01 2.588564e+01 0.000000e+00
      vertex   3.175936e+01 2.727979e+01 0.000000e+00
      vertex   3.207295e+01 2.673664e+01 0.000000e+00
    endloop
  endfacet
  facet normal 0.000000e+00 0.000000e+00 -1.000000e+00
    outer loop
      vertex   3.080000e+01 2.588564e+01 0.000000e+00
      vertex   3.207295e+01 2.673664e+01 0.000000e+00
      vertex   3.113137e+01 2.563137e+01 0.000000e+00
    endloop
  endfacet
  facet normal 0.000000e+00 0.000000e+00 -1.000000e+00
    outer loop
      vertex   3.113137e+01 2.563137e+01 0.000000e+00
      vertex   3.207295e+01 2.673664e+01 0.000000e+00
      vertex   3.249261e+01 2.627057e+01 0.000000e+00
    endloop
  endfacet
  facet normal 0.000000e+00 0.000000e+00 -1.000000e+00
    outer loop
      vertex   3.113137e+01 2.563137e+01 0.000000e+00
      vertex   3.249261e+01 2.627057e+01 0.000000e+00
      vertex   3.138564e+01 2.530000e+01 0.000000e+00
    endloop
  endfacet
  facet normal 0.000000e+00 0.000000e+00 -1.000000e+00
    outer loop
      vertex   3.138564e+01 2.530000e+01 0.000000e+00
      vertex   3.249261e+01 2.627057e+01 0.000000e+00
      vertex   3.300000e+01 2.590192e+01 0.000000e+00
    endloop
  endfacet
  facet normal 0.000000e+00 0.000000e+00 -1.000000e+00
    outer loop
      vertex   3.138564e+01 2.530000e+01 0.000000e+00
      vertex   3.300000e+01 2.590192e+01 0.000000e+00
      vertex   3.154548e+01 2.491411e+01 0.000000e+00
    endloop
  endfacet
  facet normal 0.000000e+00 0.000000e+00 -1.000000e+00
    outer loop
      vertex   3.154548e+01 2.491411e+01 0.000000e+00
      vertex   3.300000e+01 2.590192e+01 0.000000e+00
      vertex   3.297975e+01 2.415200e+01 0.000000e+00
    endloop
  endfacet
  facet normal 0.000000e+00 0.000000e+00 -1.000000e+00
    outer loop
      vertex   3.154548e+01 2.491411e+01 0.000000e+00
      vertex   3.297975e+01 2.415200e+01 0.000000e+00
      vertex   3.160000e+01 2.450000e+01 0.000000e+00
    endloop
  endfacet
  facet normal 0.000000e+00 -0.000000e+00 -1.000000e+00
    outer loop
      vertex   3.160000e+01 2.450000e+01 0.000000e+00
      vertex   3.297975e+01 2.415200e+01 0.000000e+00
      vertex   3.154548e+01 2.408589e+01 0.000000e+00
    endloop
  endfacet
  facet normal 0.000000e+00 0.000000e+00 -1.000000e+00
    outer loop
      vertex   3.154548e+01 2.408589e+01 0.000000e+00
      vertex   3.297975e+01 2.415200e+01 0.000000e+00
      vertex   3.284450e+01 2.354669e+01 0.000000e+00
    endloop
  endfacet
  facet normal 0.000000e+00 -0.000000e+00 -1.000000e+00
    outer loop
      vertex   3.154548e+01 2.408589e+01 0.000000e+00
      vertex   3.284450e+01 2.354669e+01 0.000000e+00
      vertex   3.138564e+01 2.370000e+01 0.000000e+00
    endloop
  endfacet
  facet normal 0.000000e+00 0.000000e+00 -1.000000e+00
    outer loop
      vertex   3.138564e+01 2.370000e+01 0.000000e+00
      vertex   3.284450e+01 2.354669e+01 0.000000e+00
      vertex   3.258767e+01 2.298213e+01 0.000000e+00
    endloop
  endfacet
  facet normal 0.000000e+00 -0.000000e+00 -1.000000e+00
    outer loop
      vertex   3.138564e+01 2.370000e+01 0.000000e+00
      vertex   3.258767e+01 2.298213e+01 0.000000e+00
      vertex   3.113137e+01 2.336863e+01 0.000000e+00
    endloop
  endfacet
  facet normal 0.000000e+00 0.000000e+00 -1.000000e+00
    outer loop
      vertex   3.113137e+01 2.336863e+01 0.000000e+00
      vertex   3.258767e+01 2.298213e+01 0.000000e+00
      vertex   3.222024e+01 2.248244e+01 0.000000e+00
    endloop
  endfacet
  facet normal 0.000000e+00 -0.000000e+00 -1.000000e+00
    outer loop
      vertex   3.113137e+01 2.336863e+01 0.000000e+00
      vertex   3.222024e+01 2.248244e+01 0.000000e+00
      vertex   3.080000e+01 2.311436e+01 0.000000e+00
    endloop
  endfacet
  facet normal 0.000000e+00 0.000000e+00 -1.000000e+00
    outer loop
      vertex   3.080000e+01 2.311436e+01 0.000000e+00
      vertex   3.222024e+01 2.248244e+01 0.000000e+00
      vertex   3.175790e+01 2.206899e+01 0.000000e+00
    endloop
  endfacet
  facet normal 0.000000e+00 0.000000e+00 -1.000000e+00
    outer loop
      vertex   3.080000e+01 2.311436e+01 0.000000e+00
      vertex   3.175790e+01 2.206899e+01 0.000000e+00
      vertex   3.122042e+01 2.175946e+01 0.000000e+00
    endloop
  endfacet
  facet normal 0.000000e+00 -0.000000e+00 -1.000000e+00
    outer loop
      vertex   3.300000e+01 2.590192e+01 0.000000e+00
      vertex   3.357295e+01 2.564683e+01 0.000000e+00
      vertex   3.297975e+01 2.415200e+01 0.000000e+00
    endloop
  endfacet
  facet normal 0.000000e+00 0.000000e+00 -1.000000e+00
    outer loop
      vertex   3.297975e+01 2.415200e+01 0.000000e+00
      vertex   3.357295e+01 2.564683e+01 0.000000e+00
      vertex   3.362817e+01 2.401981e+01 0.000000e+00
    endloop
  endfacet
  facet normal 0.000000e+00 0.000000e+00 -1.000000e+00
    outer loop
      vertex   3.362817e+01 2.401981e+01 0.000000e+00
      vertex   3.357295e+01 2.564683e+01 0.000000e+00
      vertex   3.418641e+01 2.551643e+01 0.000000e+00
    endloop
  endfacet
  facet normal 0.000000e+00 0.000000e+00 -1.000000e+00
    outer loop
      vertex   3.362817e+01 2.401981e+01 0.000000e+00
      vertex   3.418641e+01 2.551643e+01 0.000000e+00
      vertex   3.428988e+01 2.401202e+01 0.000000e+00
    endloop
  endfacet
  facet normal 0.000000e+00 0.000000e+00 -1.000000e+00
    outer loop
      vertex   3.428988e+01 2.401202e+01 0.000000e+00
      vertex   3.418641e+01 2.551643e+01 0.000000e+00
      vertex   3.494122e+01 2.412893e+01 0.000000e+00
    endloop
  endfacet
  facet normal 0.000000e+00 0.000000e+00 -1.000000e+00
    outer loop
      vertex   3.494122e+01 2.412893e+01 0.000000e+00
      vertex   3.418641e+01 2.551643e+01 0.000000e+00
      vertex   3.481359e+01 2.551643e+01 0.000000e+00
    endloop
  endfacet
  facet normal 0.000000e+00 0.000000e+00 -1.000000e+00
    outer loop
      vertex   3.494122e+01 2.412893e+01 0.000000e+00
      vertex   3.481359e+01 2.551643e+01 0.000000e+00
      vertex   3.555892e+01 2.436635e+01 0.000000e+00
    endloop
  endfacet
  facet normal 0.000000e+00 0.000000e+00 -1.000000e+00
    outer loop
      vertex   3.555892e+01 2.436635e+01 0.000000e+00
      vertex   3.481359e+01 2.551643e+01 0.000000e+00
      vertex   3.542705e+01 2.564683e+01 0.000000e+00
    endloop
  endfacet
  facet normal 0.000000e+00 0.000000e+00 -1.000000e+00
    outer loop
      vertex   3.555892e+01 2.436635e+01 0.000000e+00
      vertex   3.542705e+01 2.564683e+01 0.000000e+00
      vertex   3.612090e+01 2.471579e+01 0.000000e+00
    endloop
  endfacet
  facet normal 0.000000e+00 0.000000e+00 -1.000000e+00
    outer loop
      vertex   3.612090e+01 2.471579e+01 0.000000e+00
      vertex   3.542705e+01 2.564683e+01 0.000000e+00
      vertex   3.660705e+01 2.516477e+01 0.000000e+00
    endloop
  endfacet
  facet normal 0.000000e+00 0.000000e+00 -1.000000e+00
    outer loop
      vertex   3.660705e+01 2.516477e+01 0.000000e+00
      vertex   3.542705e+01 2.564683e+01 0.000000e+00
      vertex   3.600000e+01 2.590192e+01 0.000000e+00
    endloop
  endfacet
  facet normal 0.000000e+00 0.000000e+00 -1.000000e+00
    outer loop
      vertex   3.660705e+01 2.516477e+01 0.000000e+00
      vertex   3.600000e+01 2.590192e+01 0.000000e+00
      vertex   3.700000e+01 2.569722e+01 0.000000e+00
    endloop
  endfacet
  facet normal 0.000000e+00 0.000000e+00 -1.000000e+00
    outer loop
      vertex   3.700000e+01 2.569722e+01 0.000000e+00
      vertex   3.600000e+01 2.590192e+01 0.000000e+00
      vertex   3.650739e+01 2.627057e+01 0.000000e+00
    endloop
  endfacet
  facet normal 0.000000e+00 0.000000e+00 -1.000000e+00
    outer loop
      vertex   3.700000e+01 2.569722e+01 0.000000e+00
      vertex   3.650739e+01 2.627057e+01 0.000000e+00
      vertex   3.692705e+01 2.673664e+01 0.000000e+00
    endloop
  endfacet
  facet normal 0.000000e+00 0.000000e+00 -1.000000e+00
    outer loop
      vertex   3.692705e+01 2.673664e+01 0.000000e+00
      vertex   3.724064e+01 2.727979e+01 0.000000e+00
      vertex   3.700000e+01 2.569722e+01 0.000000e+00
    endloop
  endfacet
  facet normal 0.000000e+00 0.000000e+00 -1.000000e+00
    outer loop
      vertex   3.700000e+01 2.569722e+01 0.000000e+00
      vertex   3.724064e+01 2.727979e+01 0.000000e+00
      vertex   3.743444e+01 2.787626e+01 0.000000e+00
    endloop
  endfacet
  facet normal 0.000000e+00 0.000000e+00 -1.000000e+00
    outer loop
      vertex   3.700000e+01 2.569722e+01 0.000000e+00
      vertex   3.743444e+01 2.787626e+01 0.000000e+00
      vertex   3.950000e+01 3.100000e+01 0.000000e+00
    endloop
  endfacet
  facet normal 0.000000e+00 0.000000e+00 -1.000000e+00
    outer loop
      vertex   3.950000e+01 3.100000e+01 0.000000e+00
      vertex   3.743444e+01 2.787626e+01 0.000000e+00
      vertex   3.750000e+01 2.850000e+01 0.000000e+00
    endloop
  endfacet
  facet normal 0.000000e+00 0.000000e+00 -1.000000e+00
    outer loop
      vertex   3.950000e+01 3.100000e+01 0.000000e+00
      vertex   3.750000e+01 2.850000e+01 0.000000e+00
      vertex   3.743444e+01 2.912374e+01 0.000000e+00
    endloop
  endfacet
  facet normal 0.000000e+00 0.000000e+00 -1.000000e+00
    outer loop
      vertex   3.743444e+01 2.912374e+01 0.000000e+00
      vertex   3.724064e+01 2.972021e+01 0.000000e+00
      vertex   3.950000e+01 3.100000e+01 0.000000e+00
    endloop
  endfacet
  facet normal 0.000000e+00 0.000000e+00 -1.000000e+00
    outer loop
      vertex   3.950000e+01 3.100000e+01 0.000000e+00
      vertex   3.724064e+01 2.972021e+01 0.000000e+00
      vertex   3.692705e+01 3.026336e+01 0.000000e+00
    endloop
  endfacet
  facet normal -0.000000e+00 0.000000e+00 -1.000000e+00
    outer loop
      vertex   3.950000e+01 3.100000e+01 0.000000e+00
      vertex   3.692705e+01 3.026336e+01 0.000000e+00
      vertex   3.944986e+01 3.144504e+01 0.000000e+00
    endloop
  endfacet
  facet normal 0.000000e+00 0.000000e+00 -1.000000e+00
    outer loop
      vertex   3.944986e+01 3.144504e+01 0.000000e+00
      vertex   3.692705e+01 3.026336e+01 0.000000e+00
      vertex   3.650739e+01 3.072943e+01 0.000000e+00
    endloop
  endfacet
  facet normal -0.000000e+00 0.000000e+00 -1.000000e+00
    outer loop
      vertex   3.944986e+01 3.144504e+01 0.000000e+00
      vertex   3.650739e+01 3.072943e+01 0.000000e+00
      vertex   3.930194e+01 3.186777e+01 0.000000e+00
    endloop
  endfacet
  facet normal -0.000000e+00 0.000000e+00 -1.000000e+00
    outer loop
      vertex   3.930194e+01 3.186777e+01 0.000000e+00
      vertex   3.650739e+01 3.072943e+01 0.000000e+00
      vertex   3.906366e+01 3.224698e+01 0.000000e+00
    endloop
  endfacet
  facet normal -0.000000e+00 0.000000e+00 -1.000000e+00
    outer loop
      vertex   3.906366e+01 3.224698e+01 0.000000e+00
      vertex   3.650739e+01 3.072943e+01 0.000000e+00
      vertex   3.874698e+01 3.256366e+01 0.000000e+00
    endloop
  endfacet
  facet normal -0.000000e+00 0.000000e+00 -1.000000e+00
    outer loop
      vertex   3.874698e+01 3.256366e+01 0.000000e+00
      vertex   3.650739e+01 3.072943e+01 0.000000e+00
      vertex   3.836777e+01 3.280194e+01 0.000000e+00
    endloop
  endfacet
  facet normal -0.000000e+00 0.000000e+00 -1.000000e+00
    outer loop
      vertex   3.836777e+01 3.280194e+01 0.000000e+00
      vertex   3.650739e+01 3.072943e+01 0.000000e+00
      vertex   3.794504e+01 3.294986e+01 0.000000e+00
    endloop
  endfacet
  facet normal -0.000000e+00 0.000000e+00 -1.000000e+00
    outer loop
      vertex   3.794504e+01 3.294986e+01 0.000000e+00
      vertex   3.650739e+01 3.072943e+01 0.000000e+00
      vertex   3.750000e+01 3.300000e+01 0.000000e+00
    endloop
  endfacet
  facet normal 0.000000e+00 0.000000e+00 -1.000000e+00
    outer loop
      vertex   3.750000e+01 3.300000e+01 0.000000e+00
      vertex   3.650739e+01 3.072943e+01 0.000000e+00
      vertex   3.600000e+01 3.109808e+01 0.000000e+00
    endloop
  endfacet
  facet normal 0.000000e+00 0.000000e+00 -1.000000e+00
    outer loop
      vertex   3.750000e+01 3.300000e+01 0.000000e+00
      vertex   3.600000e+01 3.109808e+01 0.000000e+00
      vertex   3.542705e+01 3.135317e+01 0.000000e+00
    endloop
  endfacet
  facet normal 0.000000e+00 0.000000e+00 -1.000000e+00
    outer loop
      vertex   3.542705e+01 3.135317e+01 0.000000e+00
      vertex   3.481359e+01 3.148357e+01 0.000000e+00
      vertex   3.750000e+01 3.300000e+01 0.000000e+00
    endloop
  endfacet
  facet normal 0.000000e+00 0.000000e+00 -1.000000e+00
    outer loop
      vertex   3.750000e+01 3.300000e+01 0.000000e+00
      vertex   3.481359e+01 3.148357e+01 0.000000e+00
      vertex   3.418641e+01 3.148357e+01 0.000000e+00
    endloop
  endfacet
  facet normal 0.000000e+00 0.000000e+00 -1.000000e+00
    outer loop
      vertex   3.750000e+01 3.300000e+01 0.000000e+00
      vertex   3.418641e+01 3.148357e+01 0.000000e+00
      vertex   3.357295e+01 3.135317e+01 0.000000e+00
    endloop
  endfacet
  facet normal 0.000000e+00 0.000000e+00 -1.000000e+00
    outer loop
      vertex   -3.219722e+01 3.050000e+01 0.000000e+00
      vertex   3.249261e+01 3.072943e+01 0.000000e+00
      vertex   3.219722e+01 3.050000e+01 0.000000e+00
    endloop
  endfacet
  facet normal 0.000000e+00 -0.000000e+00 -1.000000e+00
    outer loop
      vertex   3.219722e+01 3.050000e+01 0.000000e+00
      vertex   3.249261e+01 3.072943e+01 0.000000e+00
      vertex   3.207295e+01 3.026336e+01 0.000000e+00
    endloop
  endfacet
  facet normal 0.000000e+00 0.000000e+00 -1.000000e+00
    outer loop
      vertex   3.219722e+01 3.050000e+01 0.000000e+00
      vertex   3.207295e+01 3.026336e+01 0.000000e+00
      vertex   3.170609e+01 3.014348e+01 0.000000e+00
    endloop
  endfacet
  facet normal 0.000000e+00 0.000000e+00 -1.000000e+00
    outer loop
      vertex   3.170609e+01 3.014348e+01 0.000000e+00
      vertex   3.207295e+01 3.026336e+01 0.000000e+00
      vertex   3.175936e+01 2.972021e+01 0.000000e+00
    endloop
  endfacet
  facet normal 0.000000e+00 -0.000000e+00 -1.000000e+00
    outer loop
      vertex   3.170609e+01 3.014348e+01 0.000000e+00
      vertex   3.175936e+01 2.972021e+01 0.000000e+00
      vertex   3.128393e+01 2.970748e+01 0.000000e+00
    endloop
  endfacet
  facet normal 0.000000e+00 0.000000e+00 -1.000000e+00
    outer loop
      vertex   3.128393e+01 2.970748e+01 0.000000e+00
      vertex   3.175936e+01 2.972021e+01 0.000000e+00
      vertex   3.156556e+01 2.912374e+01 0.000000e+00
    endloop
  endfacet
  facet normal 0.000000e+00 -0.000000e+00 -1.000000e+00
    outer loop
      vertex   3.128393e+01 2.970748e+01 0.000000e+00
      vertex   3.156556e+01 2.912374e+01 0.000000e+00
      vertex   3.094343e+01 2.920510e+01 0.000000e+00
    endloop
  endfacet
  facet normal 0.000000e+00 0.000000e+00 -1.000000e+00
    outer loop
      vertex   3.094343e+01 2.920510e+01 0.000000e+00
      vertex   3.156556e+01 2.912374e+01 0.000000e+00
      vertex   3.150000e+01 2.850000e+01 0.000000e+00
    endloop
  endfacet
  facet normal 0.000000e+00 0.000000e+00 -1.000000e+00
    outer loop
      vertex   -3.743444e+01 -2.787626e+01 0.000000e+00
      vertex   -3.750000e+01 -2.850000e+01 0.000000e+00
      vertex   -3.950000e+01 -3.100000e+01 0.000000e+00
    endloop
  endfacet
  facet normal 0.000000e+00 0.000000e+00 -1.000000e+00
    outer loop
      vertex   -3.950000e+01 -3.100000e+01 0.000000e+00
      vertex   -3.750000e+01 -2.850000e+01 0.000000e+00
      vertex   -3.743444e+01 -2.912374e+01 0.000000e+00
    endloop
  endfacet
  facet normal 0.000000e+00 0.000000e+00 -1.000000e+00
    outer loop
      vertex   -3.950000e+01 -3.100000e+01 0.000000e+00
      vertex   -3.743444e+01 -2.912374e+01 0.000000e+00
      vertex   -3.724064e+01 -2.972021e+01 0.000000e+00
    endloop
  endfacet
  facet normal 0.000000e+00 -0.000000e+00 -1.000000e+00
    outer loop
      vertex   -3.724064e+01 -2.972021e+01 0.000000e+00
      vertex   -3.692705e+01 -3.026336e+01 0.000000e+00
      vertex   -3.950000e+01 -3.100000e+01 0.000000e+00
    endloop
  endfacet
  facet normal 0.000000e+00 0.000000e+00 -1.000000e+00
    outer loop
      vertex   -3.950000e+01 -3.100000e+01 0.000000e+00
      vertex   -3.692705e+01 -3.026336e+01 0.000000e+00
      vertex   -3.944986e+01 -3.144504e+01 0.000000e+00
    endloop
  endfacet
  facet normal 0.000000e+00 0.000000e+00 -1.000000e+00
    outer loop
      vertex   -3.944986e+01 -3.144504e+01 0.000000e+00
      vertex   -3.692705e+01 -3.026336e+01 0.000000e+00
      vertex   -3.650739e+01 -3.072943e+01 0.000000e+00
    endloop
  endfacet
  facet normal 0.000000e+00 0.000000e+00 -1.000000e+00
    outer loop
      vertex   -3.944986e+01 -3.144504e+01 0.000000e+00
      vertex   -3.650739e+01 -3.072943e+01 0.000000e+00
      vertex   -3.930194e+01 -3.186777e+01 0.000000e+00
    endloop
  endfacet
  facet normal 0.000000e+00 0.000000e+00 -1.000000e+00
    outer loop
      vertex   -3.930194e+01 -3.186777e+01 0.000000e+00
      vertex   -3.650739e+01 -3.072943e+01 0.000000e+00
      vertex   -3.906366e+01 -3.224698e+01 0.000000e+00
    endloop
  endfacet
  facet normal 0.000000e+00 0.000000e+00 -1.000000e+00
    outer loop
      vertex   -3.906366e+01 -3.224698e+01 0.000000e+00
      vertex   -3.650739e+01 -3.072943e+01 0.000000e+00
      vertex   -3.874698e+01 -3.256366e+01 0.000000e+00
    endloop
  endfacet
  facet normal 0.000000e+00 0.000000e+00 -1.000000e+00
    outer loop
      vertex   -3.874698e+01 -3.256366e+01 0.000000e+00
      vertex   -3.650739e+01 -3.072943e+01 0.000000e+00
      vertex   -3.836777e+01 -3.280194e+01 0.000000e+00
    endloop
  endfacet
  facet normal 0.000000e+00 0.000000e+00 -1.000000e+00
    outer loop
      vertex   -3.836777e+01 -3.280194e+01 0.000000e+00
      vertex   -3.650739e+01 -3.072943e+01 0.000000e+00
      vertex   -3.794504e+01 -3.294986e+01 0.000000e+00
    endloop
  endfacet
  facet normal 0.000000e+00 0.000000e+00 -1.000000e+00
    outer loop
      vertex   -3.794504e+01 -3.294986e+01 0.000000e+00
      vertex   -3.650739e+01 -3.072943e+01 0.000000e+00
      vertex   -3.750000e+01 -3.300000e+01 0.000000e+00
    endloop
  endfacet
  facet normal 0.000000e+00 0.000000e+00 -1.000000e+00
    outer loop
      vertex   -3.750000e+01 -3.300000e+01 0.000000e+00
      vertex   -3.650739e+01 -3.072943e+01 0.000000e+00
      vertex   -3.600000e+01 -3.109808e+01 0.000000e+00
    endloop
  endfacet
  facet normal 0.000000e+00 0.000000e+00 -1.000000e+00
    outer loop
      vertex   -3.750000e+01 -3.300000e+01 0.000000e+00
      vertex   -3.600000e+01 -3.109808e+01 0.000000e+00
      vertex   -3.542705e+01 -3.135317e+01 0.000000e+00
    endloop
  endfacet
  facet normal 0.000000e+00 -0.000000e+00 -1.000000e+00
    outer loop
      vertex   -3.542705e+01 -3.135317e+01 0.000000e+00
      vertex   -3.481359e+01 -3.148357e+01 0.000000e+00
      vertex   -3.750000e+01 -3.300000e+01 0.000000e+00
    endloop
  endfacet
  facet normal 0.000000e+00 0.000000e+00 -1.000000e+00
    outer loop
      vertex   -3.750000e+01 -3.300000e+01 0.000000e+00
      vertex   -3.481359e+01 -3.148357e+01 0.000000e+00
      vertex   -3.418641e+01 -3.148357e+01 0.000000e+00
    endloop
  endfacet
  facet normal 0.000000e+00 0.000000e+00 -1.000000e+00
    outer loop
      vertex   -3.750000e+01 -3.300000e+01 0.000000e+00
      vertex   -3.418641e+01 -3.148357e+01 0.000000e+00
      vertex   -3.357295e+01 -3.135317e+01 0.000000e+00
    endloop
  endfacet
  facet normal -0.000000e+00 0.000000e+00 -1.000000e+00
    outer loop
      vertex   3.219722e+01 -3.050000e+01 0.000000e+00
      vertex   -3.249261e+01 -3.072943e+01 0.000000e+00
      vertex   -3.219722e+01 -3.050000e+01 0.000000e+00
    endloop
  endfacet
  facet normal -0.000000e+00 0.000000e+00 -1.000000e+00
    outer loop
      vertex   -3.219722e+01 -3.050000e+01 0.000000e+00
      vertex   -3.249261e+01 -3.072943e+01 0.000000e+00
      vertex   -3.207295e+01 -3.026336e+01 0.000000e+00
    endloop
  endfacet
  facet normal 0.000000e+00 0.000000e+00 -1.000000e+00
    outer loop
      vertex   -3.219722e+01 -3.050000e+01 0.000000e+00
      vertex   -3.207295e+01 -3.026336e+01 0.000000e+00
      vertex   -3.170609e+01 -3.014348e+01 0.000000e+00
    endloop
  endfacet
  facet normal -0.000000e+00 0.000000e+00 -1.000000e+00
    outer loop
      vertex   -3.170609e+01 -3.014348e+01 0.000000e+00
      vertex   -3.207295e+01 -3.026336e+01 0.000000e+00
      vertex   -3.175936e+01 -2.972021e+01 0.000000e+00
    endloop
  endfacet
  facet normal 0.000000e+00 0.000000e+00 -1.000000e+00
    outer loop
      vertex   -3.170609e+01 -3.014348e+01 0.000000e+00
      vertex   -3.175936e+01 -2.972021e+01 0.000000e+00
      vertex   -3.128393e+01 -2.970748e+01 0.000000e+00
    endloop
  endfacet
  facet normal -0.000000e+00 0.000000e+00 -1.000000e+00
    outer loop
      vertex   -3.128393e+01 -2.970748e+01 0.000000e+00
      vertex   -3.175936e+01 -2.972021e+01 0.000000e+00
      vertex   -3.156556e+01 -2.912374e+01 0.000000e+00
    endloop
  endfacet
  facet normal 0.000000e+00 0.000000e+00 -1.000000e+00
    outer loop
      vertex   -3.128393e+01 -2.970748e+01 0.000000e+00
      vertex   -3.156556e+01 -2.912374e+01 0.000000e+00
      vertex   -3.094343e+01 -2.920510e+01 0.000000e+00
    endloop
  endfacet
  facet normal 0.000000e+00 0.000000e+00 -1.000000e+00
    outer loop
      vertex   -3.094343e+01 -2.920510e+01 0.000000e+00
      vertex   -3.156556e+01 -2.912374e+01 0.000000e+00
      vertex   -3.150000e+01 -2.850000e+01 0.000000e+00
    endloop
  endfacet
  facet normal 0.000000e+00 0.000000e+00 -1.000000e+00
    outer loop
      vertex   -3.094343e+01 -2.920510e+01 0.000000e+00
      vertex   -3.150000e+01 -2.850000e+01 0.000000e+00
      vertex   -3.069483e+01 -2.865146e+01 0.000000e+00
    endloop
  endfacet
  facet normal 0.000000e+00 0.000000e+00 -1.000000e+00
    outer loop
      vertex   -3.069483e+01 -2.865146e+01 0.000000e+00
      vertex   -3.150000e+01 -2.850000e+01 0.000000e+00
      vertex   -3.054561e+01 -2.806319e+01 0.000000e+00
    endloop
  endfacet
  facet normal -0.000000e+00 0.000000e+00 -1.000000e+00
    outer loop
      vertex   -3.054561e+01 -2.806319e+01 0.000000e+00
      vertex   -3.150000e+01 -2.850000e+01 0.000000e+00
      vertex   -3.156556e+01 -2.787626e+01 0.000000e+00
    endloop
  endfacet
  facet normal 0.000000e+00 0.000000e+00 -1.000000e+00
    outer loop
      vertex   -3.054561e+01 -2.806319e+01 0.000000e+00
      vertex   -3.156556e+01 -2.787626e+01 0.000000e+00
      vertex   -3.050025e+01 -2.745800e+01 0.000000e+00
    endloop
  endfacet
  facet normal -0.000000e+00 0.000000e+00 -1.000000e+00
    outer loop
      vertex   -3.050025e+01 -2.745800e+01 0.000000e+00
      vertex   -3.156556e+01 -2.787626e+01 0.000000e+00
      vertex   -3.175936e+01 -2.727979e+01 0.000000e+00
    endloop
  endfacet
  facet normal 0.000000e+00 0.000000e+00 -1.000000e+00
    outer loop
      vertex   -3.050025e+01 -2.745800e+01 0.000000e+00
      vertex   -3.175936e+01 -2.727979e+01 0.000000e+00
      vertex   -3.041411e+01 -2.604548e+01 0.000000e+00
    endloop
  endfacet
  facet normal -0.000000e+00 0.000000e+00 -1.000000e+00
    outer loop
      vertex   -3.041411e+01 -2.604548e+01 0.000000e+00
      vertex   -3.175936e+01 -2.727979e+01 0.000000e+00
      vertex   -3.080000e+01 -2.588564e+01 0.000000e+00
    endloop
  endfacet
  facet normal 0.000000e+00 0.000000e+00 -1.000000e+00
    outer loop
      vertex   -3.080000e+01 -2.588564e+01 0.000000e+00
      vertex   -3.175936e+01 -2.727979e+01 0.000000e+00
      vertex   -3.207295e+01 -2.673664e+01 0.000000e+00
    endloop
  endfacet
  facet normal -0.000000e+00 0.000000e+00 -1.000000e+00
    outer loop
      vertex   -3.080000e+01 -2.588564e+01 0.000000e+00
      vertex   -3.207295e+01 -2.673664e+01 0.000000e+00
      vertex   -3.113137e+01 -2.563137e+01 0.000000e+00
    endloop
  endfacet
  facet normal 0.000000e+00 0.000000e+00 -1.000000e+00
    outer loop
      vertex   -3.113137e+01 -2.563137e+01 0.000000e+00
      vertex   -3.207295e+01 -2.673664e+01 0.000000e+00
      vertex   -3.249261e+01 -2.627057e+01 0.000000e+00
    endloop
  endfacet
  facet normal -0.000000e+00 0.000000e+00 -1.000000e+00
    outer loop
      vertex   -3.113137e+01 -2.563137e+01 0.000000e+00
      vertex   -3.249261e+01 -2.627057e+01 0.000000e+00
      vertex   -3.138564e+01 -2.530000e+01 0.000000e+00
    endloop
  endfacet
  facet normal 0.000000e+00 0.000000e+00 -1.000000e+00
    outer loop
      vertex   -3.138564e+01 -2.530000e+01 0.000000e+00
      vertex   -3.249261e+01 -2.627057e+01 0.000000e+00
      vertex   -3.300000e+01 -2.590192e+01 0.000000e+00
    endloop
  endfacet
  facet normal -0.000000e+00 0.000000e+00 -1.000000e+00
    outer loop
      vertex   -3.138564e+01 -2.530000e+01 0.000000e+00
      vertex   -3.300000e+01 -2.590192e+01 0.000000e+00
      vertex   -3.154548e+01 -2.491411e+01 0.000000e+00
    endloop
  endfacet
  facet normal -0.000000e+00 0.000000e+00 -1.000000e+00
    outer loop
      vertex   -3.154548e+01 -2.491411e+01 0.000000e+00
      vertex   -3.300000e+01 -2.590192e+01 0.000000e+00
      vertex   -3.297975e+01 -2.415200e+01 0.000000e+00
    endloop
  endfacet
  facet normal 0.000000e+00 0.000000e+00 -1.000000e+00
    outer loop
      vertex   -3.154548e+01 -2.491411e+01 0.000000e+00
      vertex   -3.297975e+01 -2.415200e+01 0.000000e+00
      vertex   -3.160000e+01 -2.450000e+01 0.000000e+00
    endloop
  endfacet
  facet normal 0.000000e+00 0.000000e+00 -1.000000e+00
    outer loop
      vertex   -3.160000e+01 -2.450000e+01 0.000000e+00
      vertex   -3.297975e+01 -2.415200e+01 0.000000e+00
      vertex   -3.154548e+01 -2.408589e+01 0.000000e+00
    endloop
  endfacet
  facet normal -0.000000e+00 0.000000e+00 -1.000000e+00
    outer loop
      vertex   -3.154548e+01 -2.408589e+01 0.000000e+00
      vertex   -3.297975e+01 -2.415200e+01 0.000000e+00
      vertex   -3.284450e+01 -2.354669e+01 0.000000e+00
    endloop
  endfacet
  facet normal 0.000000e+00 0.000000e+00 -1.000000e+00
    outer loop
      vertex   -3.154548e+01 -2.408589e+01 0.000000e+00
      vertex   -3.284450e+01 -2.354669e+01 0.000000e+00
      vertex   -3.138564e+01 -2.370000e+01 0.000000e+00
    endloop
  endfacet
  facet normal 0.000000e+00 0.000000e+00 -1.000000e+00
    outer loop
      vertex   -3.138564e+01 -2.370000e+01 0.000000e+00
      vertex   -3.284450e+01 -2.354669e+01 0.000000e+00
      vertex   -3.258767e+01 -2.298213e+01 0.000000e+00
    endloop
  endfacet
  facet normal 0.000000e+00 0.000000e+00 -1.000000e+00
    outer loop
      vertex   -3.138564e+01 -2.370000e+01 0.000000e+00
      vertex   -3.258767e+01 -2.298213e+01 0.000000e+00
      vertex   -3.113137e+01 -2.336863e+01 0.000000e+00
    endloop
  endfacet
  facet normal 0.000000e+00 0.000000e+00 -1.000000e+00
    outer loop
      vertex   -3.113137e+01 -2.336863e+01 0.000000e+00
      vertex   -3.258767e+01 -2.298213e+01 0.000000e+00
      vertex   -3.222024e+01 -2.248244e+01 0.000000e+00
    endloop
  endfacet
  facet normal 0.000000e+00 0.000000e+00 -1.000000e+00
    outer loop
      vertex   -3.113137e+01 -2.336863e+01 0.000000e+00
      vertex   -3.222024e+01 -2.248244e+01 0.000000e+00
      vertex   -3.080000e+01 -2.311436e+01 0.000000e+00
    endloop
  endfacet
  facet normal 0.000000e+00 0.000000e+00 -1.000000e+00
    outer loop
      vertex   -3.080000e+01 -2.311436e+01 0.000000e+00
      vertex   -3.222024e+01 -2.248244e+01 0.000000e+00
      vertex   -3.175790e+01 -2.206899e+01 0.000000e+00
    endloop
  endfacet
  facet normal 0.000000e+00 0.000000e+00 -1.000000e+00
    outer loop
      vertex   -3.080000e+01 -2.311436e+01 0.000000e+00
      vertex   -3.175790e+01 -2.206899e+01 0.000000e+00
      vertex   -3.122042e+01 -2.175946e+01 0.000000e+00
    endloop
  endfacet
  facet normal 0.000000e+00 0.000000e+00 -1.000000e+00
    outer loop
      vertex   -3.300000e+01 -2.590192e+01 0.000000e+00
      vertex   -3.357295e+01 -2.564683e+01 0.000000e+00
      vertex   -3.297975e+01 -2.415200e+01 0.000000e+00
    endloop
  endfacet
  facet normal -0.000000e+00 0.000000e+00 -1.000000e+00
    outer loop
      vertex   -3.297975e+01 -2.415200e+01 0.000000e+00
      vertex   -3.357295e+01 -2.564683e+01 0.000000e+00
      vertex   -3.362817e+01 -2.401981e+01 0.000000e+00
    endloop
  endfacet
  facet normal 0.000000e+00 -0.000000e+00 -1.000000e+00
    outer loop
      vertex   -3.362817e+01 -2.401981e+01 0.000000e+00
      vertex   -3.357295e+01 -2.564683e+01 0.000000e+00
      vertex   -3.418641e+01 -2.551643e+01 0.000000e+00
    endloop
  endfacet
  facet normal -0.000000e+00 0.000000e+00 -1.000000e+00
    outer loop
      vertex   -3.362817e+01 -2.401981e+01 0.000000e+00
      vertex   -3.418641e+01 -2.551643e+01 0.000000e+00
      vertex   -3.428988e+01 -2.401202e+01 0.000000e+00
    endloop
  endfacet
  facet normal 0.000000e+00 -0.000000e+00 -1.000000e+00
    outer loop
      vertex   -3.428988e+01 -2.401202e+01 0.000000e+00
      vertex   -3.418641e+01 -2.551643e+01 0.000000e+00
      vertex   -3.494122e+01 -2.412893e+01 0.000000e+00
    endloop
  endfacet
  facet normal 0.000000e+00 0.000000e+00 -1.000000e+00
    outer loop
      vertex   -3.494122e+01 -2.412893e+01 0.000000e+00
      vertex   -3.418641e+01 -2.551643e+01 0.000000e+00
      vertex   -3.481359e+01 -2.551643e+01 0.000000e+00
    endloop
  endfacet
  facet normal 0.000000e+00 -0.000000e+00 -1.000000e+00
    outer loop
      vertex   -3.494122e+01 -2.412893e+01 0.000000e+00
      vertex   -3.481359e+01 -2.551643e+01 0.000000e+00
      vertex   -3.555892e+01 -2.436635e+01 0.000000e+00
    endloop
  endfacet
  facet normal 0.000000e+00 0.000000e+00 -1.000000e+00
    outer loop
      vertex   -3.555892e+01 -2.436635e+01 0.000000e+00
      vertex   -3.481359e+01 -2.551643e+01 0.000000e+00
      vertex   -3.542705e+01 -2.564683e+01 0.000000e+00
    endloop
  endfacet
  facet normal 0.000000e+00 -0.000000e+00 -1.000000e+00
    outer loop
      vertex   -3.555892e+01 -2.436635e+01 0.000000e+00
      vertex   -3.542705e+01 -2.564683e+01 0.000000e+00
      vertex   -3.612090e+01 -2.471579e+01 0.000000e+00
    endloop
  endfacet
  facet normal 0.000000e+00 -0.000000e+00 -1.000000e+00
    outer loop
      vertex   -3.612090e+01 -2.471579e+01 0.000000e+00
      vertex   -3.542705e+01 -2.564683e+01 0.000000e+00
      vertex   -3.660705e+01 -2.516477e+01 0.000000e+00
    endloop
  endfacet
  facet normal 0.000000e+00 0.000000e+00 -1.000000e+00
    outer loop
      vertex   -3.660705e+01 -2.516477e+01 0.000000e+00
      vertex   -3.542705e+01 -2.564683e+01 0.000000e+00
      vertex   -3.600000e+01 -2.590192e+01 0.000000e+00
    endloop
  endfacet
  facet normal 0.000000e+00 -0.000000e+00 -1.000000e+00
    outer loop
      vertex   -3.660705e+01 -2.516477e+01 0.000000e+00
      vertex   -3.600000e+01 -2.590192e+01 0.000000e+00
      vertex   -3.700000e+01 -2.569722e+01 0.000000e+00
    endloop
  endfacet
  facet normal 0.000000e+00 0.000000e+00 -1.000000e+00
    outer loop
      vertex   -3.700000e+01 -2.569722e+01 0.000000e+00
      vertex   -3.600000e+01 -2.590192e+01 0.000000e+00
      vertex   -3.650739e+01 -2.627057e+01 0.000000e+00
    endloop
  endfacet
  facet normal 0.000000e+00 0.000000e+00 -1.000000e+00
    outer loop
      vertex   -3.700000e+01 -2.569722e+01 0.000000e+00
      vertex   -3.650739e+01 -2.627057e+01 0.000000e+00
      vertex   -3.692705e+01 -2.673664e+01 0.000000e+00
    endloop
  endfacet
  facet normal -0.000000e+00 0.000000e+00 -1.000000e+00
    outer loop
      vertex   -3.692705e+01 -2.673664e+01 0.000000e+00
      vertex   -3.724064e+01 -2.727979e+01 0.000000e+00
      vertex   -3.700000e+01 -2.569722e+01 0.000000e+00
    endloop
  endfacet
  facet normal 0.000000e+00 0.000000e+00 -1.000000e+00
    outer loop
      vertex   -3.700000e+01 -2.569722e+01 0.000000e+00
      vertex   -3.724064e+01 -2.727979e+01 0.000000e+00
      vertex   -3.743444e+01 -2.787626e+01 0.000000e+00
    endloop
  endfacet
  facet normal 0.000000e+00 0.000000e+00 -1.000000e+00
    outer loop
      vertex   -3.700000e+01 -2.569722e+01 0.000000e+00
      vertex   -3.743444e+01 -2.787626e+01 0.000000e+00
      vertex   -3.950000e+01 -3.100000e+01 0.000000e+00
    endloop
  endfacet
  facet normal 0.000000e+00 0.000000e+00 -1.000000e+00
    outer loop
      vertex   -3.950000e+01 3.100000e+01 0.000000e+00
      vertex   -3.700000e+01 4.500000e+00 0.000000e+00
      vertex   -3.950000e+01 -3.100000e+01 0.000000e+00
    endloop
  endfacet
  facet normal 0.000000e+00 0.000000e+00 -1.000000e+00
    outer loop
      vertex   -3.950000e+01 -3.100000e+01 0.000000e+00
      vertex   -3.700000e+01 4.500000e+00 0.000000e+00
      vertex   -3.700000e+01 -4.500000e+00 0.000000e+00
    endloop
  endfacet
  facet normal 0.000000e+00 0.000000e+00 -1.000000e+00
    outer loop
      vertex   -3.950000e+01 -3.100000e+01 0.000000e+00
      vertex   -3.700000e+01 -4.500000e+00 0.000000e+00
      vertex   -3.700000e+01 -2.050000e+01 0.000000e+00
    endloop
  endfacet
  facet normal 0.000000e+00 0.000000e+00 -1.000000e+00
    outer loop
      vertex   -3.700000e+01 -2.050000e+01 0.000000e+00
      vertex   -3.700000e+01 -4.500000e+00 0.000000e+00
      vertex   -2.700000e+01 -4.500000e+00 0.000000e+00
    endloop
  endfacet
  facet normal 0.000000e+00 0.000000e+00 -1.000000e+00
    outer loop
      vertex   -3.700000e+01 -2.050000e+01 0.000000e+00
      vertex   -2.700000e+01 -4.500000e+00 0.000000e+00
      vertex   -2.700000e+01 -2.050000e+01 0.000000e+00
    endloop
  endfacet
  facet normal 0.000000e+00 0.000000e+00 -1.000000e+00
    outer loop
      vertex   -3.906366e+01 3.224698e+01 0.000000e+00
      vertex   -3.874698e+01 3.256366e+01 0.000000e+00
      vertex   -3.650739e+01 3.072943e+01 0.000000e+00
    endloop
  endfacet
  facet normal 0.000000e+00 0.000000e+00 -1.000000e+00
    outer loop
      vertex   -3.650739e+01 3.072943e+01 0.000000e+00
      vertex   -3.874698e+01 3.256366e+01 0.000000e+00
      vertex   -3.836777e+01 3.280194e+01 0.000000e+00
    endloop
  endfacet
  facet normal 0.000000e+00 0.000000e+00 -1.000000e+00
    outer loop
      vertex   -3.650739e+01 3.072943e+01 0.000000e+00
      vertex   -3.836777e+01 3.280194e+01 0.000000e+00
      vertex   -3.794504e+01 3.294986e+01 0.000000e+00
    endloop
  endfacet
  facet normal 0.000000e+00 0.000000e+00 -1.000000e+00
    outer loop
      vertex   -3.794504e+01 3.294986e+01 0.000000e+00
      vertex   -3.750000e+01 3.300000e+01 0.000000e+00
      vertex   -3.650739e+01 3.072943e+01 0.000000e+00
    endloop
  endfacet
  facet normal 0.000000e+00 -0.000000e+00 -1.000000e+00
    outer loop
      vertex   3.950000e+01 3.100000e+01 0.000000e+00
      vertex   3.950000e+01 1.250000e+01 0.000000e+00
      vertex   3.700000e+01 2.569722e+01 0.000000e+00
    endloop
  endfacet
  facet normal 0.000000e+00 0.000000e+00 -1.000000e+00
    outer loop
      vertex   3.700000e+01 2.569722e+01 0.000000e+00
      vertex   3.950000e+01 1.250000e+01 0.000000e+00
      vertex   3.700000e+01 1.450000e+01 0.000000e+00
    endloop
  endfacet
  facet normal 0.000000e+00 0.000000e+00 -1.000000e+00
    outer loop
      vertex   3.700000e+01 1.450000e+01 0.000000e+00
      vertex   3.950000e+01 1.250000e+01 0.000000e+00
      vertex   3.705014e+01 1.405496e+01 0.000000e+00
    endloop
  endfacet
  facet normal 0.000000e+00 0.000000e+00 -1.000000e+00
    outer loop
      vertex   3.705014e+01 1.405496e+01 0.000000e+00
      vertex   3.950000e+01 1.250000e+01 0.000000e+00
      vertex   3.900000e+01 1.250000e+01 0.000000e+00
    endloop
  endfacet
  facet normal 0.000000e+00 0.000000e+00 -1.000000e+00
    outer loop
      vertex   3.705014e+01 1.405496e+01 0.000000e+00
      vertex   3.900000e+01 1.250000e+01 0.000000e+00
      vertex   3.719806e+01 1.363223e+01 0.000000e+00
    endloop
  endfacet
  facet normal 0.000000e+00 0.000000e+00 -1.000000e+00
    outer loop
      vertex   3.719806e+01 1.363223e+01 0.000000e+00
      vertex   3.900000e+01 1.250000e+01 0.000000e+00
      vertex   3.743634e+01 1.325302e+01 0.000000e+00
    endloop
  endfacet
  facet normal 0.000000e+00 0.000000e+00 -1.000000e+00
    outer loop
      vertex   3.743634e+01 1.325302e+01 0.000000e+00
      vertex   3.900000e+01 1.250000e+01 0.000000e+00
      vertex   3.775302e+01 1.293634e+01 0.000000e+00
    endloop
  endfacet
  facet normal 0.000000e+00 0.000000e+00 -1.000000e+00
    outer loop
      vertex   3.775302e+01 1.293634e+01 0.000000e+00
      vertex   3.900000e+01 1.250000e+01 0.000000e+00
      vertex   3.813223e+01 1.269806e+01 0.000000e+00
    endloop
  endfacet
  facet normal 0.000000e+00 0.000000e+00 -1.000000e+00
    outer loop
      vertex   3.813223e+01 1.269806e+01 0.000000e+00
      vertex   3.900000e+01 1.250000e+01 0.000000e+00
      vertex   3.855496e+01 1.255014e+01 0.000000e+00
    endloop
  endfacet
  facet normal 0.000000e+00 -0.000000e+00 -1.000000e+00
    outer loop
      vertex   3.080000e+01 2.311436e+01 0.000000e+00
      vertex   3.122042e+01 2.175946e+01 0.000000e+00
      vertex   3.041411e+01 2.295452e+01 0.000000e+00
    endloop
  endfacet
  facet normal 0.000000e+00 0.000000e+00 -1.000000e+00
    outer loop
      vertex   3.041411e+01 2.295452e+01 0.000000e+00
      vertex   3.122042e+01 2.175946e+01 0.000000e+00
      vertex   3.063078e+01 2.156706e+01 0.000000e+00
    endloop
  endfacet
  facet normal 0.000000e+00 -0.000000e+00 -1.000000e+00
    outer loop
      vertex   3.041411e+01 2.295452e+01 0.000000e+00
      vertex   3.063078e+01 2.156706e+01 0.000000e+00
      vertex   3.000000e+01 2.290000e+01 0.000000e+00
    endloop
  endfacet
  facet normal 0.000000e+00 0.000000e+00 -1.000000e+00
    outer loop
      vertex   3.000000e+01 2.290000e+01 0.000000e+00
      vertex   3.063078e+01 2.156706e+01 0.000000e+00
      vertex   3.001418e+01 2.150003e+01 0.000000e+00
    endloop
  endfacet
  facet normal 0.000000e+00 -0.000000e+00 -1.000000e+00
    outer loop
      vertex   3.000000e+01 2.290000e+01 0.000000e+00
      vertex   3.001418e+01 2.150003e+01 0.000000e+00
      vertex   2.939697e+01 2.156123e+01 0.000000e+00
    endloop
  endfacet
  facet normal -0.000000e+00 0.000000e+00 -1.000000e+00
    outer loop
      vertex   3.000000e+01 2.290000e+01 0.000000e+00
      vertex   2.939697e+01 2.156123e+01 0.000000e+00
      vertex   2.958589e+01 2.295452e+01 0.000000e+00
    endloop
  endfacet
  facet normal 0.000000e+00 0.000000e+00 -1.000000e+00
    outer loop
      vertex   2.958589e+01 2.295452e+01 0.000000e+00
      vertex   2.939697e+01 2.156123e+01 0.000000e+00
      vertex   2.880553e+01 2.174805e+01 0.000000e+00
    endloop
  endfacet
  facet normal -0.000000e+00 0.000000e+00 -1.000000e+00
    outer loop
      vertex   2.958589e+01 2.295452e+01 0.000000e+00
      vertex   2.880553e+01 2.174805e+01 0.000000e+00
      vertex   2.920000e+01 2.311436e+01 0.000000e+00
    endloop
  endfacet
  facet normal 0.000000e+00 0.000000e+00 -1.000000e+00
    outer loop
      vertex   2.920000e+01 2.311436e+01 0.000000e+00
      vertex   2.880553e+01 2.174805e+01 0.000000e+00
      vertex   2.826515e+01 2.205249e+01 0.000000e+00
    endloop
  endfacet
  facet normal 0.000000e+00 0.000000e+00 -1.000000e+00
    outer loop
      vertex   2.920000e+01 2.311436e+01 0.000000e+00
      vertex   2.826515e+01 2.205249e+01 0.000000e+00
      vertex   2.779893e+01 2.246155e+01 0.000000e+00
    endloop
  endfacet
  facet normal -0.000000e+00 0.000000e+00 -1.000000e+00
    outer loop
      vertex   2.920000e+01 2.311436e+01 0.000000e+00
      vertex   2.779893e+01 2.246155e+01 0.000000e+00
      vertex   2.886863e+01 2.336863e+01 0.000000e+00
    endloop
  endfacet
  facet normal 0.000000e+00 0.000000e+00 -1.000000e+00
    outer loop
      vertex   2.886863e+01 2.336863e+01 0.000000e+00
      vertex   2.779893e+01 2.246155e+01 0.000000e+00
      vertex   2.742679e+01 2.295774e+01 0.000000e+00
    endloop
  endfacet
  facet normal -0.000000e+00 0.000000e+00 -1.000000e+00
    outer loop
      vertex   2.886863e+01 2.336863e+01 0.000000e+00
      vertex   2.742679e+01 2.295774e+01 0.000000e+00
      vertex   2.861436e+01 2.370000e+01 0.000000e+00
    endloop
  endfacet
  facet normal 0.000000e+00 0.000000e+00 -1.000000e+00
    outer loop
      vertex   2.861436e+01 2.370000e+01 0.000000e+00
      vertex   2.742679e+01 2.295774e+01 0.000000e+00
      vertex   2.716463e+01 2.351985e+01 0.000000e+00
    endloop
  endfacet
  facet normal -0.000000e+00 0.000000e+00 -1.000000e+00
    outer loop
      vertex   2.861436e+01 2.370000e+01 0.000000e+00
      vertex   2.716463e+01 2.351985e+01 0.000000e+00
      vertex   2.845452e+01 2.408589e+01 0.000000e+00
    endloop
  endfacet
  facet normal -0.000000e+00 0.000000e+00 -1.000000e+00
    outer loop
      vertex   2.845452e+01 2.408589e+01 0.000000e+00
      vertex   2.716463e+01 2.351985e+01 0.000000e+00
      vertex   2.702367e+01 2.412386e+01 0.000000e+00
    endloop
  endfacet
  facet normal 0.000000e+00 0.000000e+00 -1.000000e+00
    outer loop
      vertex   2.845452e+01 2.408589e+01 0.000000e+00
      vertex   2.702367e+01 2.412386e+01 0.000000e+00
      vertex   2.840000e+01 2.450000e+01 0.000000e+00
    endloop
  endfacet
  facet normal -0.000000e+00 0.000000e+00 -1.000000e+00
    outer loop
      vertex   2.840000e+01 2.450000e+01 0.000000e+00
      vertex   2.702367e+01 2.412386e+01 0.000000e+00
      vertex   2.700993e+01 2.474394e+01 0.000000e+00
    endloop
  endfacet
  facet normal 0.000000e+00 0.000000e+00 -1.000000e+00
    outer loop
      vertex   2.840000e+01 2.450000e+01 0.000000e+00
      vertex   2.700993e+01 2.474394e+01 0.000000e+00
      vertex   2.845452e+01 2.491411e+01 0.000000e+00
    endloop
  endfacet
  facet normal -0.000000e+00 0.000000e+00 -1.000000e+00
    outer loop
      vertex   2.845452e+01 2.491411e+01 0.000000e+00
      vertex   2.700993e+01 2.474394e+01 0.000000e+00
      vertex   2.712400e+01 2.535360e+01 0.000000e+00
    endloop
  endfacet
  facet normal 0.000000e+00 0.000000e+00 -1.000000e+00
    outer loop
      vertex   2.845452e+01 2.491411e+01 0.000000e+00
      vertex   2.712400e+01 2.535360e+01 0.000000e+00
      vertex   2.861436e+01 2.530000e+01 0.000000e+00
    endloop
  endfacet
  facet normal 0.000000e+00 0.000000e+00 -1.000000e+00
    outer loop
      vertex   2.861436e+01 2.530000e+01 0.000000e+00
      vertex   2.712400e+01 2.535360e+01 0.000000e+00
      vertex   2.736100e+01 2.592677e+01 0.000000e+00
    endloop
  endfacet
  facet normal 0.000000e+00 0.000000e+00 -1.000000e+00
    outer loop
      vertex   2.861436e+01 2.530000e+01 0.000000e+00
      vertex   2.736100e+01 2.592677e+01 0.000000e+00
      vertex   2.886863e+01 2.563137e+01 0.000000e+00
    endloop
  endfacet
  facet normal 0.000000e+00 0.000000e+00 -1.000000e+00
    outer loop
      vertex   2.886863e+01 2.563137e+01 0.000000e+00
      vertex   2.736100e+01 2.592677e+01 0.000000e+00
      vertex   2.771080e+01 2.643896e+01 0.000000e+00
    endloop
  endfacet
  facet normal 0.000000e+00 0.000000e+00 -1.000000e+00
    outer loop
      vertex   2.886863e+01 2.563137e+01 0.000000e+00
      vertex   2.771080e+01 2.643896e+01 0.000000e+00
      vertex   2.815845e+01 2.686827e+01 0.000000e+00
    endloop
  endfacet
  facet normal 0.000000e+00 0.000000e+00 -1.000000e+00
    outer loop
      vertex   2.886863e+01 2.563137e+01 0.000000e+00
      vertex   2.815845e+01 2.686827e+01 0.000000e+00
      vertex   2.920000e+01 2.588564e+01 0.000000e+00
    endloop
  endfacet
  facet normal 0.000000e+00 0.000000e+00 -1.000000e+00
    outer loop
      vertex   2.920000e+01 2.588564e+01 0.000000e+00
      vertex   2.815845e+01 2.686827e+01 0.000000e+00
      vertex   2.868481e+01 2.719634e+01 0.000000e+00
    endloop
  endfacet
  facet normal 0.000000e+00 0.000000e+00 -1.000000e+00
    outer loop
      vertex   2.920000e+01 2.588564e+01 0.000000e+00
      vertex   2.868481e+01 2.719634e+01 0.000000e+00
      vertex   2.958589e+01 2.604548e+01 0.000000e+00
    endloop
  endfacet
  facet normal 0.000000e+00 0.000000e+00 -1.000000e+00
    outer loop
      vertex   2.958589e+01 2.604548e+01 0.000000e+00
      vertex   2.868481e+01 2.719634e+01 0.000000e+00
      vertex   2.926739e+01 2.740917e+01 0.000000e+00
    endloop
  endfacet
  facet normal 0.000000e+00 0.000000e+00 -1.000000e+00
    outer loop
      vertex   2.958589e+01 2.604548e+01 0.000000e+00
      vertex   2.926739e+01 2.740917e+01 0.000000e+00
      vertex   3.000000e+01 2.610000e+01 0.000000e+00
    endloop
  endfacet
  facet normal 0.000000e+00 0.000000e+00 -1.000000e+00
    outer loop
      vertex   3.000000e+01 2.610000e+01 0.000000e+00
      vertex   2.926739e+01 2.740917e+01 0.000000e+00
      vertex   2.988128e+01 2.749765e+01 0.000000e+00
    endloop
  endfacet
  facet normal 0.000000e+00 0.000000e+00 -1.000000e+00
    outer loop
      vertex   3.000000e+01 2.610000e+01 0.000000e+00
      vertex   2.988128e+01 2.749765e+01 0.000000e+00
      vertex   3.050025e+01 2.745800e+01 0.000000e+00
    endloop
  endfacet
  facet normal 0.000000e+00 0.000000e+00 -1.000000e+00
    outer loop
      vertex   -3.000000e+01 2.610000e+01 0.000000e+00
      vertex   -2.926739e+01 2.740917e+01 0.000000e+00
      vertex   -2.958589e+01 2.604548e+01 0.000000e+00
    endloop
  endfacet
  facet normal 0.000000e+00 0.000000e+00 -1.000000e+00
    outer loop
      vertex   -2.958589e+01 2.604548e+01 0.000000e+00
      vertex   -2.926739e+01 2.740917e+01 0.000000e+00
      vertex   -2.868481e+01 2.719634e+01 0.000000e+00
    endloop
  endfacet
  facet normal 0.000000e+00 0.000000e+00 -1.000000e+00
    outer loop
      vertex   -2.958589e+01 2.604548e+01 0.000000e+00
      vertex   -2.868481e+01 2.719634e+01 0.000000e+00
      vertex   -2.920000e+01 2.588564e+01 0.000000e+00
    endloop
  endfacet
  facet normal 0.000000e+00 0.000000e+00 -1.000000e+00
    outer loop
      vertex   -2.920000e+01 2.588564e+01 0.000000e+00
      vertex   -2.868481e+01 2.719634e+01 0.000000e+00
      vertex   -2.815845e+01 2.686827e+01 0.000000e+00
    endloop
  endfacet
  facet normal 0.000000e+00 0.000000e+00 -1.000000e+00
    outer loop
      vertex   -2.920000e+01 2.588564e+01 0.000000e+00
      vertex   -2.815845e+01 2.686827e+01 0.000000e+00
      vertex   -2.886863e+01 2.563137e+01 0.000000e+00
    endloop
  endfacet
  facet normal 0.000000e+00 0.000000e+00 -1.000000e+00
    outer loop
      vertex   -2.886863e+01 2.563137e+01 0.000000e+00
      vertex   -2.815845e+01 2.686827e+01 0.000000e+00
      vertex   -2.771080e+01 2.643896e+01 0.000000e+00
    endloop
  endfacet
  facet normal 0.000000e+00 0.000000e+00 -1.000000e+00
    outer loop
      vertex   -2.886863e+01 2.563137e+01 0.000000e+00
      vertex   -2.771080e+01 2.643896e+01 0.000000e+00
      vertex   -2.736100e+01 2.592677e+01 0.000000e+00
    endloop
  endfacet
  facet normal 0.000000e+00 0.000000e+00 -1.000000e+00
    outer loop
      vertex   -2.886863e+01 2.563137e+01 0.000000e+00
      vertex   -2.736100e+01 2.592677e+01 0.000000e+00
      vertex   -2.861436e+01 2.530000e+01 0.000000e+00
    endloop
  endfacet
  facet normal 0.000000e+00 0.000000e+00 -1.000000e+00
    outer loop
      vertex   -2.861436e+01 2.530000e+01 0.000000e+00
      vertex   -2.736100e+01 2.592677e+01 0.000000e+00
      vertex   -2.712400e+01 2.535360e+01 0.000000e+00
    endloop
  endfacet
  facet normal 0.000000e+00 0.000000e+00 -1.000000e+00
    outer loop
      vertex   -2.861436e+01 2.530000e+01 0.000000e+00
      vertex   -2.712400e+01 2.535360e+01 0.000000e+00
      vertex   -2.845452e+01 2.491411e+01 0.000000e+00
    endloop
  endfacet
  facet normal 0.000000e+00 0.000000e+00 -1.000000e+00
    outer loop
      vertex   -2.845452e+01 2.491411e+01 0.000000e+00
      vertex   -2.712400e+01 2.535360e+01 0.000000e+00
      vertex   -2.700993e+01 2.474394e+01 0.000000e+00
    endloop
  endfacet
  facet normal 0.000000e+00 0.000000e+00 -1.000000e+00
    outer loop
      vertex   -2.845452e+01 2.491411e+01 0.000000e+00
      vertex   -2.700993e+01 2.474394e+01 0.000000e+00
      vertex   -2.840000e+01 2.450000e+01 0.000000e+00
    endloop
  endfacet
  facet normal 0.000000e+00 0.000000e+00 -1.000000e+00
    outer loop
      vertex   -2.840000e+01 2.450000e+01 0.000000e+00
      vertex   -2.700993e+01 2.474394e+01 0.000000e+00
      vertex   -2.702367e+01 2.412386e+01 0.000000e+00
    endloop
  endfacet
  facet normal 0.000000e+00 -0.000000e+00 -1.000000e+00
    outer loop
      vertex   -2.840000e+01 2.450000e+01 0.000000e+00
      vertex   -2.702367e+01 2.412386e+01 0.000000e+00
      vertex   -2.845452e+01 2.408589e+01 0.000000e+00
    endloop
  endfacet
  facet normal 0.000000e+00 0.000000e+00 -1.000000e+00
    outer loop
      vertex   -2.845452e+01 2.408589e+01 0.000000e+00
      vertex   -2.702367e+01 2.412386e+01 0.000000e+00
      vertex   -2.716463e+01 2.351985e+01 0.000000e+00
    endloop
  endfacet
  facet normal 0.000000e+00 -0.000000e+00 -1.000000e+00
    outer loop
      vertex   -2.845452e+01 2.408589e+01 0.000000e+00
      vertex   -2.716463e+01 2.351985e+01 0.000000e+00
      vertex   -2.861436e+01 2.370000e+01 0.000000e+00
    endloop
  endfacet
  facet normal 0.000000e+00 0.000000e+00 -1.000000e+00
    outer loop
      vertex   -2.861436e+01 2.370000e+01 0.000000e+00
      vertex   -2.716463e+01 2.351985e+01 0.000000e+00
      vertex   -2.742679e+01 2.295774e+01 0.000000e+00
    endloop
  endfacet
  facet normal 0.000000e+00 -0.000000e+00 -1.000000e+00
    outer loop
      vertex   -2.861436e+01 2.370000e+01 0.000000e+00
      vertex   -2.742679e+01 2.295774e+01 0.000000e+00
      vertex   -2.886863e+01 2.336863e+01 0.000000e+00
    endloop
  endfacet
  facet normal 0.000000e+00 0.000000e+00 -1.000000e+00
    outer loop
      vertex   -2.886863e+01 2.336863e+01 0.000000e+00
      vertex   -2.742679e+01 2.295774e+01 0.000000e+00
      vertex   -2.779893e+01 2.246155e+01 0.000000e+00
    endloop
  endfacet
  facet normal 0.000000e+00 -0.000000e+00 -1.000000e+00
    outer loop
      vertex   -2.886863e+01 2.336863e+01 0.000000e+00
      vertex   -2.779893e+01 2.246155e+01 0.000000e+00
      vertex   -2.920000e+01 2.311436e+01 0.000000e+00
    endloop
  endfacet
  facet normal 0.000000e+00 0.000000e+00 -1.000000e+00
    outer loop
      vertex   -2.920000e+01 2.311436e+01 0.000000e+00
      vertex   -2.779893e+01 2.246155e+01 0.000000e+00
      vertex   -2.826515e+01 2.205249e+01 0.000000e+00
    endloop
  endfacet
  facet normal 0.000000e+00 0.000000e+00 -1.000000e+00
    outer loop
      vertex   -2.920000e+01 2.311436e+01 0.000000e+00
      vertex   -2.826515e+01 2.205249e+01 0.000000e+00
      vertex   -2.880553e+01 2.174805e+01 0.000000e+00
    endloop
  endfacet
  facet normal 0.000000e+00 -0.000000e+00 -1.000000e+00
    outer loop
      vertex   -2.920000e+01 2.311436e+01 0.000000e+00
      vertex   -2.880553e+01 2.174805e+01 0.000000e+00
      vertex   -2.958589e+01 2.295452e+01 0.000000e+00
    endloop
  endfacet
  facet normal 0.000000e+00 0.000000e+00 -1.000000e+00
    outer loop
      vertex   -2.958589e+01 2.295452e+01 0.000000e+00
      vertex   -2.880553e+01 2.174805e+01 0.000000e+00
      vertex   -2.939697e+01 2.156123e+01 0.000000e+00
    endloop
  endfacet
  facet normal 0.000000e+00 -0.000000e+00 -1.000000e+00
    outer loop
      vertex   -2.958589e+01 2.295452e+01 0.000000e+00
      vertex   -2.939697e+01 2.156123e+01 0.000000e+00
      vertex   -3.000000e+01 2.290000e+01 0.000000e+00
    endloop
  endfacet
  facet normal 0.000000e+00 -0.000000e+00 -1.000000e+00
    outer loop
      vertex   -3.000000e+01 2.290000e+01 0.000000e+00
      vertex   -2.939697e+01 2.156123e+01 0.000000e+00
      vertex   -3.001418e+01 2.150003e+01 0.000000e+00
    endloop
  endfacet
  facet normal 0.000000e+00 0.000000e+00 -1.000000e+00
    outer loop
      vertex   -3.000000e+01 2.290000e+01 0.000000e+00
      vertex   -3.001418e+01 2.150003e+01 0.000000e+00
      vertex   -3.063078e+01 2.156706e+01 0.000000e+00
    endloop
  endfacet
  facet normal -0.000000e+00 0.000000e+00 -1.000000e+00
    outer loop
      vertex   -3.000000e+01 2.290000e+01 0.000000e+00
      vertex   -3.063078e+01 2.156706e+01 0.000000e+00
      vertex   -3.041411e+01 2.295452e+01 0.000000e+00
    endloop
  endfacet
  facet normal 0.000000e+00 0.000000e+00 -1.000000e+00
    outer loop
      vertex   -3.041411e+01 2.295452e+01 0.000000e+00
      vertex   -3.063078e+01 2.156706e+01 0.000000e+00
      vertex   -3.122042e+01 2.175946e+01 0.000000e+00
    endloop
  endfacet
  facet normal -0.000000e+00 0.000000e+00 -1.000000e+00
    outer loop
      vertex   -3.041411e+01 2.295452e+01 0.000000e+00
      vertex   -3.122042e+01 2.175946e+01 0.000000e+00
      vertex   -3.080000e+01 2.311436e+01 0.000000e+00
    endloop
  endfacet
  facet normal 0.000000e+00 0.000000e+00 -1.000000e+00
    outer loop
      vertex   -3.080000e+01 2.311436e+01 0.000000e+00
      vertex   -3.122042e+01 2.175946e+01 0.000000e+00
      vertex   -3.175790e+01 2.206899e+01 0.000000e+00
    endloop
  endfacet
  facet normal 0.000000e+00 0.000000e+00 -1.000000e+00
    outer loop
      vertex   -3.080000e+01 2.311436e+01 0.000000e+00
      vertex   -3.175790e+01 2.206899e+01 0.000000e+00
      vertex   -3.222024e+01 2.248244e+01 0.000000e+00
    endloop
  endfacet
  facet normal -0.000000e+00 0.000000e+00 -1.000000e+00
    outer loop
      vertex   -3.080000e+01 2.311436e+01 0.000000e+00
      vertex   -3.222024e+01 2.248244e+01 0.000000e+00
      vertex   -3.113137e+01 2.336863e+01 0.000000e+00
    endloop
  endfacet
  facet normal 0.000000e+00 0.000000e+00 -1.000000e+00
    outer loop
      vertex   -3.113137e+01 2.336863e+01 0.000000e+00
      vertex   -3.222024e+01 2.248244e+01 0.000000e+00
      vertex   -3.258767e+01 2.298213e+01 0.000000e+00
    endloop
  endfacet
  facet normal -0.000000e+00 0.000000e+00 -1.000000e+00
    outer loop
      vertex   -3.113137e+01 2.336863e+01 0.000000e+00
      vertex   -3.258767e+01 2.298213e+01 0.000000e+00
      vertex   -3.138564e+01 2.370000e+01 0.000000e+00
    endloop
  endfacet
  facet normal 0.000000e+00 0.000000e+00 -1.000000e+00
    outer loop
      vertex   -3.138564e+01 2.370000e+01 0.000000e+00
      vertex   -3.258767e+01 2.298213e+01 0.000000e+00
      vertex   -3.284450e+01 2.354669e+01 0.000000e+00
    endloop
  endfacet
  facet normal -0.000000e+00 0.000000e+00 -1.000000e+00
    outer loop
      vertex   -3.138564e+01 2.370000e+01 0.000000e+00
      vertex   -3.284450e+01 2.354669e+01 0.000000e+00
      vertex   -3.154548e+01 2.408589e+01 0.000000e+00
    endloop
  endfacet
  facet normal -0.000000e+00 0.000000e+00 -1.000000e+00
    outer loop
      vertex   -3.154548e+01 2.408589e+01 0.000000e+00
      vertex   -3.284450e+01 2.354669e+01 0.000000e+00
      vertex   -3.297975e+01 2.415200e+01 0.000000e+00
    endloop
  endfacet
  facet normal 0.000000e+00 0.000000e+00 -1.000000e+00
    outer loop
      vertex   -3.154548e+01 2.408589e+01 0.000000e+00
      vertex   -3.297975e+01 2.415200e+01 0.000000e+00
      vertex   -3.160000e+01 2.450000e+01 0.000000e+00
    endloop
  endfacet
  facet normal -0.000000e+00 0.000000e+00 -1.000000e+00
    outer loop
      vertex   -3.160000e+01 2.450000e+01 0.000000e+00
      vertex   -3.297975e+01 2.415200e+01 0.000000e+00
      vertex   -3.154548e+01 2.491411e+01 0.000000e+00
    endloop
  endfacet
  facet normal -0.000000e+00 -0.000000e+00 -1.000000e+00
    outer loop
      vertex   -3.700000e+01 2.569722e+01 0.000000e+00
      vertex   -3.700000e+01 2.050000e+01 0.000000e+00
      vertex   -3.950000e+01 3.100000e+01 0.000000e+00
    endloop
  endfacet
  facet normal 0.000000e+00 0.000000e+00 -1.000000e+00
    outer loop
      vertex   -3.950000e+01 3.100000e+01 0.000000e+00
      vertex   -3.700000e+01 2.050000e+01 0.000000e+00
      vertex   -3.700000e+01 4.500000e+00 0.000000e+00
    endloop
  endfacet
  facet normal 0.000000e+00 0.000000e+00 -1.000000e+00
    outer loop
      vertex   -3.700000e+01 2.050000e+01 0.000000e+00
      vertex   -2.700000e+01 2.050000e+01 0.000000e+00
      vertex   -3.700000e+01 4.500000e+00 0.000000e+00
    endloop
  endfacet
  facet normal 0.000000e+00 0.000000e+00 -1.000000e+00
    outer loop
      vertex   -3.700000e+01 4.500000e+00 0.000000e+00
      vertex   -2.700000e+01 2.050000e+01 0.000000e+00
      vertex   -2.700000e+01 4.500000e+00 0.000000e+00
    endloop
  endfacet
  facet normal 0.000000e+00 0.000000e+00 -1.000000e+00
    outer loop
      vertex   -3.700000e+01 -2.050000e+01 0.000000e+00
      vertex   -3.700000e+01 -2.569722e+01 0.000000e+00
      vertex   -3.950000e+01 -3.100000e+01 0.000000e+00
    endloop
  endfacet
  facet normal 0.000000e+00 0.000000e+00 -1.000000e+00
    outer loop
      vertex   -3.080000e+01 -2.311436e+01 0.000000e+00
      vertex   -3.122042e+01 -2.175946e+01 0.000000e+00
      vertex   -3.041411e+01 -2.295452e+01 0.000000e+00
    endloop
  endfacet
  facet normal 0.000000e+00 0.000000e+00 -1.000000e+00
    outer loop
      vertex   -3.041411e+01 -2.295452e+01 0.000000e+00
      vertex   -3.122042e+01 -2.175946e+01 0.000000e+00
      vertex   -3.063078e+01 -2.156706e+01 0.000000e+00
    endloop
  endfacet
  facet normal 0.000000e+00 0.000000e+00 -1.000000e+00
    outer loop
      vertex   -3.041411e+01 -2.295452e+01 0.000000e+00
      vertex   -3.063078e+01 -2.156706e+01 0.000000e+00
      vertex   -3.000000e+01 -2.290000e+01 0.000000e+00
    endloop
  endfacet
  facet normal 0.000000e+00 0.000000e+00 -1.000000e+00
    outer loop
      vertex   -3.000000e+01 -2.290000e+01 0.000000e+00
      vertex   -3.063078e+01 -2.156706e+01 0.000000e+00
      vertex   -3.001418e+01 -2.150003e+01 0.000000e+00
    endloop
  endfacet
  facet normal 0.000000e+00 0.000000e+00 -1.000000e+00
    outer loop
      vertex   -3.000000e+01 -2.290000e+01 0.000000e+00
      vertex   -3.001418e+01 -2.150003e+01 0.000000e+00
      vertex   -2.939697e+01 -2.156123e+01 0.000000e+00
    endloop
  endfacet
  facet normal 0.000000e+00 0.000000e+00 -1.000000e+00
    outer loop
      vertex   -3.000000e+01 -2.290000e+01 0.000000e+00
      vertex   -2.939697e+01 -2.156123e+01 0.000000e+00
      vertex   -2.958589e+01 -2.295452e+01 0.000000e+00
    endloop
  endfacet
  facet normal 0.000000e+00 0.000000e+00 -1.000000e+00
    outer loop
      vertex   -2.958589e+01 -2.295452e+01 0.000000e+00
      vertex   -2.939697e+01 -2.156123e+01 0.000000e+00
      vertex   -2.880553e+01 -2.174805e+01 0.000000e+00
    endloop
  endfacet
  facet normal 0.000000e+00 0.000000e+00 -1.000000e+00
    outer loop
      vertex   -2.958589e+01 -2.295452e+01 0.000000e+00
      vertex   -2.880553e+01 -2.174805e+01 0.000000e+00
      vertex   -2.920000e+01 -2.311436e+01 0.000000e+00
    endloop
  endfacet
  facet normal 0.000000e+00 0.000000e+00 -1.000000e+00
    outer loop
      vertex   -2.920000e+01 -2.311436e+01 0.000000e+00
      vertex   -2.880553e+01 -2.174805e+01 0.000000e+00
      vertex   -2.826515e+01 -2.205249e+01 0.000000e+00
    endloop
  endfacet
  facet normal 0.000000e+00 0.000000e+00 -1.000000e+00
    outer loop
      vertex   -2.920000e+01 -2.311436e+01 0.000000e+00
      vertex   -2.826515e+01 -2.205249e+01 0.000000e+00
      vertex   -2.779893e+01 -2.246155e+01 0.000000e+00
    endloop
  endfacet
  facet normal 0.000000e+00 0.000000e+00 -1.000000e+00
    outer loop
      vertex   -2.920000e+01 -2.311436e+01 0.000000e+00
      vertex   -2.779893e+01 -2.246155e+01 0.000000e+00
      vertex   -2.886863e+01 -2.336863e+01 0.000000e+00
    endloop
  endfacet
  facet normal 0.000000e+00 0.000000e+00 -1.000000e+00
    outer loop
      vertex   -2.886863e+01 -2.336863e+01 0.000000e+00
      vertex   -2.779893e+01 -2.246155e+01 0.000000e+00
      vertex   -2.742679e+01 -2.295774e+01 0.000000e+00
    endloop
  endfacet
  facet normal 0.000000e+00 0.000000e+00 -1.000000e+00
    outer loop
      vertex   -2.886863e+01 -2.336863e+01 0.000000e+00
      vertex   -2.742679e+01 -2.295774e+01 0.000000e+00
      vertex   -2.861436e+01 -2.370000e+01 0.000000e+00
    endloop
  endfacet
  facet normal 0.000000e+00 0.000000e+00 -1.000000e+00
    outer loop
      vertex   -2.861436e+01 -2.370000e+01 0.000000e+00
      vertex   -2.742679e+01 -2.295774e+01 0.000000e+00
      vertex   -2.716463e+01 -2.351985e+01 0.000000e+00
    endloop
  endfacet
  facet normal 0.000000e+00 0.000000e+00 -1.000000e+00
    outer loop
      vertex   -2.861436e+01 -2.370000e+01 0.000000e+00
      vertex   -2.716463e+01 -2.351985e+01 0.000000e+00
      vertex   -2.845452e+01 -2.408589e+01 0.000000e+00
    endloop
  endfacet
  facet normal 0.000000e+00 0.000000e+00 -1.000000e+00
    outer loop
      vertex   -2.845452e+01 -2.408589e+01 0.000000e+00
      vertex   -2.716463e+01 -2.351985e+01 0.000000e+00
      vertex   -2.702367e+01 -2.412386e+01 0.000000e+00
    endloop
  endfacet
  facet normal 0.000000e+00 0.000000e+00 -1.000000e+00
    outer loop
      vertex   -2.845452e+01 -2.408589e+01 0.000000e+00
      vertex   -2.702367e+01 -2.412386e+01 0.000000e+00
      vertex   -2.840000e+01 -2.450000e+01 0.000000e+00
    endloop
  endfacet
  facet normal 0.000000e+00 0.000000e+00 -1.000000e+00
    outer loop
      vertex   -2.840000e+01 -2.450000e+01 0.000000e+00
      vertex   -2.702367e+01 -2.412386e+01 0.000000e+00
      vertex   -2.700993e+01 -2.474394e+01 0.000000e+00
    endloop
  endfacet
  facet normal 0.000000e+00 -0.000000e+00 -1.000000e+00
    outer loop
      vertex   -2.840000e+01 -2.450000e+01 0.000000e+00
      vertex   -2.700993e+01 -2.474394e+01 0.000000e+00
      vertex   -2.845452e+01 -2.491411e+01 0.000000e+00
    endloop
  endfacet
  facet normal 0.000000e+00 0.000000e+00 -1.000000e+00
    outer loop
      vertex   -2.845452e+01 -2.491411e+01 0.000000e+00
      vertex   -2.700993e+01 -2.474394e+01 0.000000e+00
      vertex   -2.712400e+01 -2.535360e+01 0.000000e+00
    endloop
  endfacet
  facet normal 0.000000e+00 -0.000000e+00 -1.000000e+00
    outer loop
      vertex   -2.845452e+01 -2.491411e+01 0.000000e+00
      vertex   -2.712400e+01 -2.535360e+01 0.000000e+00
      vertex   -2.861436e+01 -2.530000e+01 0.000000e+00
    endloop
  endfacet
  facet normal 0.000000e+00 0.000000e+00 -1.000000e+00
    outer loop
      vertex   -2.861436e+01 -2.530000e+01 0.000000e+00
      vertex   -2.712400e+01 -2.535360e+01 0.000000e+00
      vertex   -2.736100e+01 -2.592677e+01 0.000000e+00
    endloop
  endfacet
  facet normal 0.000000e+00 -0.000000e+00 -1.000000e+00
    outer loop
      vertex   -2.861436e+01 -2.530000e+01 0.000000e+00
      vertex   -2.736100e+01 -2.592677e+01 0.000000e+00
      vertex   -2.886863e+01 -2.563137e+01 0.000000e+00
    endloop
  endfacet
  facet normal 0.000000e+00 0.000000e+00 -1.000000e+00
    outer loop
      vertex   -2.886863e+01 -2.563137e+01 0.000000e+00
      vertex   -2.736100e+01 -2.592677e+01 0.000000e+00
      vertex   -2.771080e+01 -2.643896e+01 0.000000e+00
    endloop
  endfacet
  facet normal 0.000000e+00 0.000000e+00 -1.000000e+00
    outer loop
      vertex   -2.886863e+01 -2.563137e+01 0.000000e+00
      vertex   -2.771080e+01 -2.643896e+01 0.000000e+00
      vertex   -2.815845e+01 -2.686827e+01 0.000000e+00
    endloop
  endfacet
  facet normal 0.000000e+00 -0.000000e+00 -1.000000e+00
    outer loop
      vertex   -2.886863e+01 -2.563137e+01 0.000000e+00
      vertex   -2.815845e+01 -2.686827e+01 0.000000e+00
      vertex   -2.920000e+01 -2.588564e+01 0.000000e+00
    endloop
  endfacet
  facet normal 0.000000e+00 0.000000e+00 -1.000000e+00
    outer loop
      vertex   -2.920000e+01 -2.588564e+01 0.000000e+00
      vertex   -2.815845e+01 -2.686827e+01 0.000000e+00
      vertex   -2.868481e+01 -2.719634e+01 0.000000e+00
    endloop
  endfacet
  facet normal 0.000000e+00 -0.000000e+00 -1.000000e+00
    outer loop
      vertex   -2.920000e+01 -2.588564e+01 0.000000e+00
      vertex   -2.868481e+01 -2.719634e+01 0.000000e+00
      vertex   -2.958589e+01 -2.604548e+01 0.000000e+00
    endloop
  endfacet
  facet normal 0.000000e+00 0.000000e+00 -1.000000e+00
    outer loop
      vertex   -2.958589e+01 -2.604548e+01 0.000000e+00
      vertex   -2.868481e+01 -2.719634e+01 0.000000e+00
      vertex   -2.926739e+01 -2.740917e+01 0.000000e+00
    endloop
  endfacet
  facet normal 0.000000e+00 -0.000000e+00 -1.000000e+00
    outer loop
      vertex   -2.958589e+01 -2.604548e+01 0.000000e+00
      vertex   -2.926739e+01 -2.740917e+01 0.000000e+00
      vertex   -3.000000e+01 -2.610000e+01 0.000000e+00
    endloop
  endfacet
  facet normal 0.000000e+00 0.000000e+00 -1.000000e+00
    outer loop
      vertex   -3.000000e+01 -2.610000e+01 0.000000e+00
      vertex   -2.926739e+01 -2.740917e+01 0.000000e+00
      vertex   -2.988128e+01 -2.749765e+01 0.000000e+00
    endloop
  endfacet
  facet normal 0.000000e+00 -0.000000e+00 -1.000000e+00
    outer loop
      vertex   -3.000000e+01 -2.610000e+01 0.000000e+00
      vertex   -2.988128e+01 -2.749765e+01 0.000000e+00
      vertex   -3.050025e+01 -2.745800e+01 0.000000e+00
    endloop
  endfacet
  facet normal -0.000000e+00 0.000000e+00 -1.000000e+00
    outer loop
      vertex   3.000000e+01 -2.610000e+01 0.000000e+00
      vertex   2.926739e+01 -2.740917e+01 0.000000e+00
      vertex   2.958589e+01 -2.604548e+01 0.000000e+00
    endloop
  endfacet
  facet normal 0.000000e+00 0.000000e+00 -1.000000e+00
    outer loop
      vertex   2.958589e+01 -2.604548e+01 0.000000e+00
      vertex   2.926739e+01 -2.740917e+01 0.000000e+00
      vertex   2.868481e+01 -2.719634e+01 0.000000e+00
    endloop
  endfacet
  facet normal -0.000000e+00 0.000000e+00 -1.000000e+00
    outer loop
      vertex   2.958589e+01 -2.604548e+01 0.000000e+00
      vertex   2.868481e+01 -2.719634e+01 0.000000e+00
      vertex   2.920000e+01 -2.588564e+01 0.000000e+00
    endloop
  endfacet
  facet normal 0.000000e+00 0.000000e+00 -1.000000e+00
    outer loop
      vertex   2.920000e+01 -2.588564e+01 0.000000e+00
      vertex   2.868481e+01 -2.719634e+01 0.000000e+00
      vertex   2.815845e+01 -2.686827e+01 0.000000e+00
    endloop
  endfacet
  facet normal -0.000000e+00 0.000000e+00 -1.000000e+00
    outer loop
      vertex   2.920000e+01 -2.588564e+01 0.000000e+00
      vertex   2.815845e+01 -2.686827e+01 0.000000e+00
      vertex   2.886863e+01 -2.563137e+01 0.000000e+00
    endloop
  endfacet
  facet normal 0.000000e+00 0.000000e+00 -1.000000e+00
    outer loop
      vertex   2.886863e+01 -2.563137e+01 0.000000e+00
      vertex   2.815845e+01 -2.686827e+01 0.000000e+00
      vertex   2.771080e+01 -2.643896e+01 0.000000e+00
    endloop
  endfacet
  facet normal 0.000000e+00 0.000000e+00 -1.000000e+00
    outer loop
      vertex   2.886863e+01 -2.563137e+01 0.000000e+00
      vertex   2.771080e+01 -2.643896e+01 0.000000e+00
      vertex   2.736100e+01 -2.592677e+01 0.000000e+00
    endloop
  endfacet
  facet normal -0.000000e+00 0.000000e+00 -1.000000e+00
    outer loop
      vertex   2.886863e+01 -2.563137e+01 0.000000e+00
      vertex   2.736100e+01 -2.592677e+01 0.000000e+00
      vertex   2.861436e+01 -2.530000e+01 0.000000e+00
    endloop
  endfacet
  facet normal 0.000000e+00 0.000000e+00 -1.000000e+00
    outer loop
      vertex   2.861436e+01 -2.530000e+01 0.000000e+00
      vertex   2.736100e+01 -2.592677e+01 0.000000e+00
      vertex   2.712400e+01 -2.535360e+01 0.000000e+00
    endloop
  endfacet
  facet normal -0.000000e+00 0.000000e+00 -1.000000e+00
    outer loop
      vertex   2.861436e+01 -2.530000e+01 0.000000e+00
      vertex   2.712400e+01 -2.535360e+01 0.000000e+00
      vertex   2.845452e+01 -2.491411e+01 0.000000e+00
    endloop
  endfacet
  facet normal -0.000000e+00 0.000000e+00 -1.000000e+00
    outer loop
      vertex   2.845452e+01 -2.491411e+01 0.000000e+00
      vertex   2.712400e+01 -2.535360e+01 0.000000e+00
      vertex   2.700993e+01 -2.474394e+01 0.000000e+00
    endloop
  endfacet
  facet normal 0.000000e+00 0.000000e+00 -1.000000e+00
    outer loop
      vertex   2.845452e+01 -2.491411e+01 0.000000e+00
      vertex   2.700993e+01 -2.474394e+01 0.000000e+00
      vertex   2.840000e+01 -2.450000e+01 0.000000e+00
    endloop
  endfacet
  facet normal -0.000000e+00 0.000000e+00 -1.000000e+00
    outer loop
      vertex   2.840000e+01 -2.450000e+01 0.000000e+00
      vertex   2.700993e+01 -2.474394e+01 0.000000e+00
      vertex   2.702367e+01 -2.412386e+01 0.000000e+00
    endloop
  endfacet
  facet normal 0.000000e+00 0.000000e+00 -1.000000e+00
    outer loop
      vertex   2.840000e+01 -2.450000e+01 0.000000e+00
      vertex   2.702367e+01 -2.412386e+01 0.000000e+00
      vertex   2.845452e+01 -2.408589e+01 0.000000e+00
    endloop
  endfacet
  facet normal -0.000000e+00 0.000000e+00 -1.000000e+00
    outer loop
      vertex   2.845452e+01 -2.408589e+01 0.000000e+00
      vertex   2.702367e+01 -2.412386e+01 0.000000e+00
      vertex   2.716463e+01 -2.351985e+01 0.000000e+00
    endloop
  endfacet
  facet normal 0.000000e+00 0.000000e+00 -1.000000e+00
    outer loop
      vertex   2.845452e+01 -2.408589e+01 0.000000e+00
      vertex   2.716463e+01 -2.351985e+01 0.000000e+00
      vertex   2.861436e+01 -2.370000e+01 0.000000e+00
    endloop
  endfacet
  facet normal 0.000000e+00 0.000000e+00 -1.000000e+00
    outer loop
      vertex   2.861436e+01 -2.370000e+01 0.000000e+00
      vertex   2.716463e+01 -2.351985e+01 0.000000e+00
      vertex   2.742679e+01 -2.295774e+01 0.000000e+00
    endloop
  endfacet
  facet normal 0.000000e+00 0.000000e+00 -1.000000e+00
    outer loop
      vertex   2.861436e+01 -2.370000e+01 0.000000e+00
      vertex   2.742679e+01 -2.295774e+01 0.000000e+00
      vertex   2.886863e+01 -2.336863e+01 0.000000e+00
    endloop
  endfacet
  facet normal 0.000000e+00 0.000000e+00 -1.000000e+00
    outer loop
      vertex   2.886863e+01 -2.336863e+01 0.000000e+00
      vertex   2.742679e+01 -2.295774e+01 0.000000e+00
      vertex   2.779893e+01 -2.246155e+01 0.000000e+00
    endloop
  endfacet
  facet normal 0.000000e+00 0.000000e+00 -1.000000e+00
    outer loop
      vertex   2.886863e+01 -2.336863e+01 0.000000e+00
      vertex   2.779893e+01 -2.246155e+01 0.000000e+00
      vertex   2.920000e+01 -2.311436e+01 0.000000e+00
    endloop
  endfacet
  facet normal 0.000000e+00 0.000000e+00 -1.000000e+00
    outer loop
      vertex   2.920000e+01 -2.311436e+01 0.000000e+00
      vertex   2.779893e+01 -2.246155e+01 0.000000e+00
      vertex   2.826515e+01 -2.205249e+01 0.000000e+00
    endloop
  endfacet
  facet normal 0.000000e+00 0.000000e+00 -1.000000e+00
    outer loop
      vertex   2.920000e+01 -2.311436e+01 0.000000e+00
      vertex   2.826515e+01 -2.205249e+01 0.000000e+00
      vertex   2.880553e+01 -2.174805e+01 0.000000e+00
    endloop
  endfacet
  facet normal 0.000000e+00 0.000000e+00 -1.000000e+00
    outer loop
      vertex   2.920000e+01 -2.311436e+01 0.000000e+00
      vertex   2.880553e+01 -2.174805e+01 0.000000e+00
      vertex   2.958589e+01 -2.295452e+01 0.000000e+00
    endloop
  endfacet
  facet normal 0.000000e+00 0.000000e+00 -1.000000e+00
    outer loop
      vertex   2.958589e+01 -2.295452e+01 0.000000e+00
      vertex   2.880553e+01 -2.174805e+01 0.000000e+00
      vertex   2.939697e+01 -2.156123e+01 0.000000e+00
    endloop
  endfacet
  facet normal 0.000000e+00 0.000000e+00 -1.000000e+00
    outer loop
      vertex   2.958589e+01 -2.295452e+01 0.000000e+00
      vertex   2.939697e+01 -2.156123e+01 0.000000e+00
      vertex   3.000000e+01 -2.290000e+01 0.000000e+00
    endloop
  endfacet
  facet normal 0.000000e+00 0.000000e+00 -1.000000e+00
    outer loop
      vertex   3.000000e+01 -2.290000e+01 0.000000e+00
      vertex   2.939697e+01 -2.156123e+01 0.000000e+00
      vertex   3.001418e+01 -2.150003e+01 0.000000e+00
    endloop
  endfacet
  facet normal 0.000000e+00 0.000000e+00 -1.000000e+00
    outer loop
      vertex   3.000000e+01 -2.290000e+01 0.000000e+00
      vertex   3.001418e+01 -2.150003e+01 0.000000e+00
      vertex   3.063078e+01 -2.156706e+01 0.000000e+00
    endloop
  endfacet
  facet normal 0.000000e+00 0.000000e+00 -1.000000e+00
    outer loop
      vertex   3.000000e+01 -2.290000e+01 0.000000e+00
      vertex   3.063078e+01 -2.156706e+01 0.000000e+00
      vertex   3.041411e+01 -2.295452e+01 0.000000e+00
    endloop
  endfacet
  facet normal 0.000000e+00 0.000000e+00 -1.000000e+00
    outer loop
      vertex   3.041411e+01 -2.295452e+01 0.000000e+00
      vertex   3.063078e+01 -2.156706e+01 0.000000e+00
      vertex   3.122042e+01 -2.175946e+01 0.000000e+00
    endloop
  endfacet
  facet normal 0.000000e+00 0.000000e+00 -1.000000e+00
    outer loop
      vertex   3.041411e+01 -2.295452e+01 0.000000e+00
      vertex   3.122042e+01 -2.175946e+01 0.000000e+00
      vertex   3.080000e+01 -2.311436e+01 0.000000e+00
    endloop
  endfacet
  facet normal 0.000000e+00 0.000000e+00 -1.000000e+00
    outer loop
      vertex   3.080000e+01 -2.311436e+01 0.000000e+00
      vertex   3.122042e+01 -2.175946e+01 0.000000e+00
      vertex   3.175790e+01 -2.206899e+01 0.000000e+00
    endloop
  endfacet
  facet normal 0.000000e+00 0.000000e+00 -1.000000e+00
    outer loop
      vertex   3.080000e+01 -2.311436e+01 0.000000e+00
      vertex   3.175790e+01 -2.206899e+01 0.000000e+00
      vertex   3.222024e+01 -2.248244e+01 0.000000e+00
    endloop
  endfacet
  facet normal 0.000000e+00 0.000000e+00 -1.000000e+00
    outer loop
      vertex   3.080000e+01 -2.311436e+01 0.000000e+00
      vertex   3.222024e+01 -2.248244e+01 0.000000e+00
      vertex   3.113137e+01 -2.336863e+01 0.000000e+00
    endloop
  endfacet
  facet normal 0.000000e+00 0.000000e+00 -1.000000e+00
    outer loop
      vertex   3.113137e+01 -2.336863e+01 0.000000e+00
      vertex   3.222024e+01 -2.248244e+01 0.000000e+00
      vertex   3.258767e+01 -2.298213e+01 0.000000e+00
    endloop
  endfacet
  facet normal 0.000000e+00 0.000000e+00 -1.000000e+00
    outer loop
      vertex   3.113137e+01 -2.336863e+01 0.000000e+00
      vertex   3.258767e+01 -2.298213e+01 0.000000e+00
      vertex   3.138564e+01 -2.370000e+01 0.000000e+00
    endloop
  endfacet
  facet normal 0.000000e+00 0.000000e+00 -1.000000e+00
    outer loop
      vertex   3.138564e+01 -2.370000e+01 0.000000e+00
      vertex   3.258767e+01 -2.298213e+01 0.000000e+00
      vertex   3.284450e+01 -2.354669e+01 0.000000e+00
    endloop
  endfacet
  facet normal 0.000000e+00 0.000000e+00 -1.000000e+00
    outer loop
      vertex   3.138564e+01 -2.370000e+01 0.000000e+00
      vertex   3.284450e+01 -2.354669e+01 0.000000e+00
      vertex   3.154548e+01 -2.408589e+01 0.000000e+00
    endloop
  endfacet
  facet normal 0.000000e+00 0.000000e+00 -1.000000e+00
    outer loop
      vertex   3.154548e+01 -2.408589e+01 0.000000e+00
      vertex   3.284450e+01 -2.354669e+01 0.000000e+00
      vertex   3.297975e+01 -2.415200e+01 0.000000e+00
    endloop
  endfacet
  facet normal 0.000000e+00 0.000000e+00 -1.000000e+00
    outer loop
      vertex   3.154548e+01 -2.408589e+01 0.000000e+00
      vertex   3.297975e+01 -2.415200e+01 0.000000e+00
      vertex   3.160000e+01 -2.450000e+01 0.000000e+00
    endloop
  endfacet
  facet normal 0.000000e+00 -0.000000e+00 -1.000000e+00
    outer loop
      vertex   3.160000e+01 -2.450000e+01 0.000000e+00
      vertex   3.297975e+01 -2.415200e+01 0.000000e+00
      vertex   3.154548e+01 -2.491411e+01 0.000000e+00
    endloop
  endfacet
  facet normal 0.000000e+00 0.000000e+00 -1.000000e+00
    outer loop
      vertex   3.950000e+01 -3.100000e+01 0.000000e+00
      vertex   3.700000e+01 -2.569722e+01 0.000000e+00
      vertex   3.950000e+01 1.250000e+01 0.000000e+00
    endloop
  endfacet
  facet normal 0.000000e+00 0.000000e+00 -1.000000e+00
    outer loop
      vertex   3.950000e+01 1.250000e+01 0.000000e+00
      vertex   3.700000e+01 -2.569722e+01 0.000000e+00
      vertex   3.700000e+01 7.926408e+00 0.000000e+00
    endloop
  endfacet
  facet normal 0.000000e+00 0.000000e+00 -1.000000e+00
    outer loop
      vertex   3.950000e+01 1.250000e+01 0.000000e+00
      vertex   3.700000e+01 7.926408e+00 0.000000e+00
      vertex   3.730400e+01 8.986405e+00 0.000000e+00
    endloop
  endfacet
  facet normal 0.000000e+00 0.000000e+00 -1.000000e+00
    outer loop
      vertex   3.730400e+01 8.986405e+00 0.000000e+00
      vertex   3.700000e+01 7.926408e+00 0.000000e+00
      vertex   3.703457e+01 8.296659e+00 0.000000e+00
    endloop
  endfacet
  facet normal 0.000000e+00 0.000000e+00 -1.000000e+00
    outer loop
      vertex   3.730400e+01 8.986405e+00 0.000000e+00
      vertex   3.703457e+01 8.296659e+00 0.000000e+00
      vertex   3.713709e+01 8.654111e+00 0.000000e+00
    endloop
  endfacet
  facet normal -0.000000e+00 0.000000e+00 -1.000000e+00
    outer loop
      vertex   3.906366e+01 -3.224698e+01 0.000000e+00
      vertex   3.874698e+01 -3.256366e+01 0.000000e+00
      vertex   3.650739e+01 -3.072943e+01 0.000000e+00
    endloop
  endfacet
  facet normal 0.000000e+00 0.000000e+00 -1.000000e+00
    outer loop
      vertex   3.650739e+01 -3.072943e+01 0.000000e+00
      vertex   3.874698e+01 -3.256366e+01 0.000000e+00
      vertex   3.836777e+01 -3.280194e+01 0.000000e+00
    endloop
  endfacet
  facet normal 0.000000e+00 0.000000e+00 -1.000000e+00
    outer loop
      vertex   3.650739e+01 -3.072943e+01 0.000000e+00
      vertex   3.836777e+01 -3.280194e+01 0.000000e+00
      vertex   3.794504e+01 -3.294986e+01 0.000000e+00
    endloop
  endfacet
  facet normal -0.000000e+00 0.000000e+00 -1.000000e+00
    outer loop
      vertex   3.794504e+01 -3.294986e+01 0.000000e+00
      vertex   3.750000e+01 -3.300000e+01 0.000000e+00
      vertex   3.650739e+01 -3.072943e+01 0.000000e+00
    endloop
  endfacet
  facet normal 0.000000e+00 -0.000000e+00 -1.000000e+00
    outer loop
      vertex   -3.041411e+01 -2.604548e+01 0.000000e+00
      vertex   -3.000000e+01 -2.610000e+01 0.000000e+00
      vertex   -3.050025e+01 -2.745800e+01 0.000000e+00
    endloop
  endfacet
  facet normal 0.000000e+00 0.000000e+00 -1.000000e+00
    outer loop
      vertex   3.041411e+01 2.604548e+01 0.000000e+00
      vertex   3.000000e+01 2.610000e+01 0.000000e+00
      vertex   3.050025e+01 2.745800e+01 0.000000e+00
    endloop
  endfacet
  facet normal 9.937116e-01 -1.119644e-01 -1.084751e-03
    outer loop
      vertex   3.944986e+01 -3.144504e+01 1.800000e+01
      vertex   3.943185e+01 -3.151764e+01 9.000000e+00
      vertex   3.950000e+01 -3.100000e+01 1.800000e+01
    endloop
  endfacet
  facet normal 9.895143e-01 -1.444327e-01 8.144572e-04
    outer loop
      vertex   3.950000e+01 -3.100000e+01 1.800000e+01
      vertex   3.943185e+01 -3.151764e+01 9.000000e+00
      vertex   3.944986e+01 -3.144504e+01 0.000000e+00
    endloop
  endfacet
  facet normal 9.937122e-01 -1.119645e-01 0.000000e+00
    outer loop
      vertex   3.950000e+01 -3.100000e+01 1.800000e+01
      vertex   3.944986e+01 -3.144504e+01 0.000000e+00
      vertex   3.950000e+01 -3.100000e+01 0.000000e+00
    endloop
  endfacet
  facet normal 9.438830e-01 -3.302790e-01 7.759081e-04
    outer loop
      vertex   3.944986e+01 -3.144504e+01 1.800000e+01
      vertex   3.930194e+01 -3.186777e+01 1.800000e+01
      vertex   3.943185e+01 -3.151764e+01 9.000000e+00
    endloop
  endfacet
  facet normal 9.238784e-01 -3.826830e-01 -1.551543e-03
    outer loop
      vertex   3.943185e+01 -3.151764e+01 9.000000e+00
      vertex   3.930194e+01 -3.186777e+01 1.800000e+01
      vertex   3.923205e+01 -3.200000e+01 9.000000e+00
    endloop
  endfacet
  facet normal 9.238784e-01 -3.826830e-01 1.551543e-03
    outer loop
      vertex   3.943185e+01 -3.151764e+01 9.000000e+00
      vertex   3.923205e+01 -3.200000e+01 9.000000e+00
      vertex   3.930194e+01 -3.186777e+01 0.000000e+00
    endloop
  endfacet
  facet normal 8.467235e-01 -5.320317e-01 -1.241887e-03
    outer loop
      vertex   3.930194e+01 -3.186777e+01 0.000000e+00
      vertex   3.923205e+01 -3.200000e+01 9.000000e+00
      vertex   3.906366e+01 -3.224698e+01 0.000000e+00
    endloop
  endfacet
  facet normal 7.933520e-01 -6.087604e-01 1.862286e-03
    outer loop
      vertex   3.906366e+01 -3.224698e+01 0.000000e+00
      vertex   3.923205e+01 -3.200000e+01 9.000000e+00
      vertex   3.891421e+01 -3.241421e+01 9.000000e+00
    endloop
  endfacet
  facet normal 7.071061e-01 -7.071061e-01 -1.397285e-03
    outer loop
      vertex   3.906366e+01 -3.224698e+01 0.000000e+00
      vertex   3.891421e+01 -3.241421e+01 9.000000e+00
      vertex   3.874698e+01 -3.256366e+01 0.000000e+00
    endloop
  endfacet
  facet normal 6.087604e-01 -7.933520e-01 1.862286e-03
    outer loop
      vertex   3.874698e+01 -3.256366e+01 0.000000e+00
      vertex   3.891421e+01 -3.241421e+01 9.000000e+00
      vertex   3.850000e+01 -3.273205e+01 9.000000e+00
    endloop
  endfacet
  facet normal 5.320317e-01 -8.467235e-01 -1.241887e-03
    outer loop
      vertex   3.874698e+01 -3.256366e+01 0.000000e+00
      vertex   3.850000e+01 -3.273205e+01 9.000000e+00
      vertex   3.836777e+01 -3.280194e+01 0.000000e+00
    endloop
  endfacet
  facet normal 3.826830e-01 -9.238784e-01 1.551543e-03
    outer loop
      vertex   3.836777e+01 -3.280194e+01 0.000000e+00
      vertex   3.850000e+01 -3.273205e+01 9.000000e+00
      vertex   3.801764e+01 -3.293185e+01 9.000000e+00
    endloop
  endfacet
  facet normal 3.302790e-01 -9.438830e-01 -7.759081e-04
    outer loop
      vertex   3.836777e+01 -3.280194e+01 0.000000e+00
      vertex   3.801764e+01 -3.293185e+01 9.000000e+00
      vertex   3.794504e+01 -3.294986e+01 0.000000e+00
    endloop
  endfacet
  facet normal 1.119644e-01 -9.937116e-01 1.084751e-03
    outer loop
      vertex   3.794504e+01 -3.294986e+01 0.000000e+00
      vertex   3.801764e+01 -3.293185e+01 9.000000e+00
      vertex   3.750000e+01 -3.300000e+01 0.000000e+00
    endloop
  endfacet
  facet normal 1.444327e-01 -9.895143e-01 -8.144572e-04
    outer loop
      vertex   3.750000e+01 -3.300000e+01 0.000000e+00
      vertex   3.801764e+01 -3.293185e+01 9.000000e+00
      vertex   3.794504e+01 -3.294986e+01 1.800000e+01
    endloop
  endfacet
  facet normal 1.119645e-01 -9.937122e-01 0.000000e+00
    outer loop
      vertex   3.750000e+01 -3.300000e+01 0.000000e+00
      vertex   3.794504e+01 -3.294986e+01 1.800000e+01
      vertex   3.750000e+01 -3.300000e+01 1.800000e+01
    endloop
  endfacet
  facet normal 8.467235e-01 -5.320317e-01 1.241887e-03
    outer loop
      vertex   3.930194e+01 -3.186777e+01 1.800000e+01
      vertex   3.906366e+01 -3.224698e+01 1.800000e+01
      vertex   3.923205e+01 -3.200000e+01 9.000000e+00
    endloop
  endfacet
  facet normal 7.933520e-01 -6.087604e-01 -1.862286e-03
    outer loop
      vertex   3.923205e+01 -3.200000e+01 9.000000e+00
      vertex   3.906366e+01 -3.224698e+01 1.800000e+01
      vertex   3.891421e+01 -3.241421e+01 9.000000e+00
    endloop
  endfacet
  facet normal 7.071061e-01 -7.071061e-01 1.397285e-03
    outer loop
      vertex   3.906366e+01 -3.224698e+01 1.800000e+01
      vertex   3.874698e+01 -3.256366e+01 1.800000e+01
      vertex   3.891421e+01 -3.241421e+01 9.000000e+00
    endloop
  endfacet
  facet normal 6.087604e-01 -7.933520e-01 -1.862286e-03
    outer loop
      vertex   3.891421e+01 -3.241421e+01 9.000000e+00
      vertex   3.874698e+01 -3.256366e+01 1.800000e+01
      vertex   3.850000e+01 -3.273205e+01 9.000000e+00
    endloop
  endfacet
  facet normal 5.320317e-01 -8.467235e-01 1.241887e-03
    outer loop
      vertex   3.874698e+01 -3.256366e+01 1.800000e+01
      vertex   3.836777e+01 -3.280194e+01 1.800000e+01
      vertex   3.850000e+01 -3.273205e+01 9.000000e+00
    endloop
  endfacet
  facet normal 3.826830e-01 -9.238784e-01 -1.551543e-03
    outer loop
      vertex   3.850000e+01 -3.273205e+01 9.000000e+00
      vertex   3.836777e+01 -3.280194e+01 1.800000e+01
      vertex   3.801764e+01 -3.293185e+01 9.000000e+00
    endloop
  endfacet
  facet normal 3.302790e-01 -9.438830e-01 7.759081e-04
    outer loop
      vertex   3.836777e+01 -3.280194e+01 1.800000e+01
      vertex   3.794504e+01 -3.294986e+01 1.800000e+01
      vertex   3.801764e+01 -3.293185e+01 9.000000e+00
    endloop
  endfacet
  facet normal 9.438830e-01 -3.302790e-01 -7.759081e-04
    outer loop
      vertex   3.930194e+01 -3.186777e+01 0.000000e+00
      vertex   3.944986e+01 -3.144504e+01 0.000000e+00
      vertex   3.943185e+01 -3.151764e+01 9.000000e+00
    endloop
  endfacet
  facet normal 1.000000e+00 0.000000e+00 0.000000e+00
    outer loop
      vertex   3.950000e+01 -3.100000e+01 0.000000e+00
      vertex   3.950000e+01 1.250000e+01 0.000000e+00
      vertex   3.950000e+01 -3.100000e+01 1.800000e+01
    endloop
  endfacet
  facet normal 1.000000e+00 -0.000000e+00 0.000000e+00
    outer loop
      vertex   3.950000e+01 -3.100000e+01 1.800000e+01
      vertex   3.950000e+01 1.250000e+01 0.000000e+00
      vertex   3.950000e+01 1.250000e+01 1.800000e+01
    endloop
  endfacet
  facet normal -9.937116e-01 1.119644e-01 -1.084751e-03
    outer loop
      vertex   -3.944986e+01 3.144504e+01 1.800000e+01
      vertex   -3.943185e+01 3.151764e+01 9.000000e+00
      vertex   -3.950000e+01 3.100000e+01 1.800000e+01
    endloop
  endfacet
  facet normal -9.895143e-01 1.444327e-01 8.144572e-04
    outer loop
      vertex   -3.950000e+01 3.100000e+01 1.800000e+01
      vertex   -3.943185e+01 3.151764e+01 9.000000e+00
      vertex   -3.944986e+01 3.144504e+01 0.000000e+00
    endloop
  endfacet
  facet normal -9.937122e-01 1.119645e-01 0.000000e+00
    outer loop
      vertex   -3.950000e+01 3.100000e+01 1.800000e+01
      vertex   -3.944986e+01 3.144504e+01 0.000000e+00
      vertex   -3.950000e+01 3.100000e+01 0.000000e+00
    endloop
  endfacet
  facet normal -9.438830e-01 3.302790e-01 7.759081e-04
    outer loop
      vertex   -3.944986e+01 3.144504e+01 1.800000e+01
      vertex   -3.930194e+01 3.186777e+01 1.800000e+01
      vertex   -3.943185e+01 3.151764e+01 9.000000e+00
    endloop
  endfacet
  facet normal -9.238784e-01 3.826830e-01 -1.551543e-03
    outer loop
      vertex   -3.943185e+01 3.151764e+01 9.000000e+00
      vertex   -3.930194e+01 3.186777e+01 1.800000e+01
      vertex   -3.923205e+01 3.200000e+01 9.000000e+00
    endloop
  endfacet
  facet normal -9.238784e-01 3.826830e-01 1.551543e-03
    outer loop
      vertex   -3.943185e+01 3.151764e+01 9.000000e+00
      vertex   -3.923205e+01 3.200000e+01 9.000000e+00
      vertex   -3.930194e+01 3.186777e+01 0.000000e+00
    endloop
  endfacet
  facet normal -8.467235e-01 5.320317e-01 -1.241887e-03
    outer loop
      vertex   -3.930194e+01 3.186777e+01 0.000000e+00
      vertex   -3.923205e+01 3.200000e+01 9.000000e+00
      vertex   -3.906366e+01 3.224698e+01 0.000000e+00
    endloop
  endfacet
  facet normal -7.933520e-01 6.087604e-01 1.862286e-03
    outer loop
      vertex   -3.906366e+01 3.224698e+01 0.000000e+00
      vertex   -3.923205e+01 3.200000e+01 9.000000e+00
      vertex   -3.891421e+01 3.241421e+01 9.000000e+00
    endloop
  endfacet
  facet normal -7.071061e-01 7.071061e-01 -1.397285e-03
    outer loop
      vertex   -3.906366e+01 3.224698e+01 0.000000e+00
      vertex   -3.891421e+01 3.241421e+01 9.000000e+00
      vertex   -3.874698e+01 3.256366e+01 0.000000e+00
    endloop
  endfacet
  facet normal -6.087604e-01 7.933520e-01 1.862286e-03
    outer loop
      vertex   -3.874698e+01 3.256366e+01 0.000000e+00
      vertex   -3.891421e+01 3.241421e+01 9.000000e+00
      vertex   -3.850000e+01 3.273205e+01 9.000000e+00
    endloop
  endfacet
  facet normal -5.320317e-01 8.467235e-01 -1.241887e-03
    outer loop
      vertex   -3.874698e+01 3.256366e+01 0.000000e+00
      vertex   -3.850000e+01 3.273205e+01 9.000000e+00
      vertex   -3.836777e+01 3.280194e+01 0.000000e+00
    endloop
  endfacet
  facet normal -3.826830e-01 9.238784e-01 1.551543e-03
    outer loop
      vertex   -3.836777e+01 3.280194e+01 0.000000e+00
      vertex   -3.850000e+01 3.273205e+01 9.000000e+00
      vertex   -3.801764e+01 3.293185e+01 9.000000e+00
    endloop
  endfacet
  facet normal -3.302790e-01 9.438830e-01 -7.759081e-04
    outer loop
      vertex   -3.836777e+01 3.280194e+01 0.000000e+00
      vertex   -3.801764e+01 3.293185e+01 9.000000e+00
      vertex   -3.794504e+01 3.294986e+01 0.000000e+00
    endloop
  endfacet
  facet normal -1.119644e-01 9.937116e-01 1.084751e-03
    outer loop
      vertex   -3.794504e+01 3.294986e+01 0.000000e+00
      vertex   -3.801764e+01 3.293185e+01 9.000000e+00
      vertex   -3.750000e+01 3.300000e+01 0.000000e+00
    endloop
  endfacet
  facet normal -1.444327e-01 9.895143e-01 -8.144572e-04
    outer loop
      vertex   -3.750000e+01 3.300000e+01 0.000000e+00
      vertex   -3.801764e+01 3.293185e+01 9.000000e+00
      vertex   -3.794504e+01 3.294986e+01 1.800000e+01
    endloop
  endfacet
  facet normal -1.119645e-01 9.937122e-01 0.000000e+00
    outer loop
      vertex   -3.750000e+01 3.300000e+01 0.000000e+00
      vertex   -3.794504e+01 3.294986e+01 1.800000e+01
      vertex   -3.750000e+01 3.300000e+01 1.800000e+01
    endloop
  endfacet
  facet normal -8.467235e-01 5.320317e-01 1.241887e-03
    outer loop
      vertex   -3.930194e+01 3.186777e+01 1.800000e+01
      vertex   -3.906366e+01 3.224698e+01 1.800000e+01
      vertex   -3.923205e+01 3.200000e+01 9.000000e+00
    endloop
  endfacet
  facet normal -7.933520e-01 6.087604e-01 -1.862286e-03
    outer loop
      vertex   -3.923205e+01 3.200000e+01 9.000000e+00
      vertex   -3.906366e+01 3.224698e+01 1.800000e+01
      vertex   -3.891421e+01 3.241421e+01 9.000000e+00
    endloop
  endfacet
  facet normal -7.071061e-01 7.071061e-01 1.397285e-03
    outer loop
      vertex   -3.906366e+01 3.224698e+01 1.800000e+01
      vertex   -3.874698e+01 3.256366e+01 1.800000e+01
      vertex   -3.891421e+01 3.241421e+01 9.000000e+00
    endloop
  endfacet
  facet normal -6.087604e-01 7.933520e-01 -1.862286e-03
    outer loop
      vertex   -3.891421e+01 3.241421e+01 9.000000e+00
      vertex   -3.874698e+01 3.256366e+01 1.800000e+01
      vertex   -3.850000e+01 3.273205e+01 9.000000e+00
    endloop
  endfacet
  facet normal -5.320317e-01 8.467235e-01 1.241887e-03
    outer loop
      vertex   -3.874698e+01 3.256366e+01 1.800000e+01
      vertex   -3.836777e+01 3.280194e+01 1.800000e+01
      vertex   -3.850000e+01 3.273205e+01 9.000000e+00
    endloop
  endfacet
  facet normal -3.826830e-01 9.238784e-01 -1.551543e-03
    outer loop
      vertex   -3.850000e+01 3.273205e+01 9.000000e+00
      vertex   -3.836777e+01 3.280194e+01 1.800000e+01
      vertex   -3.801764e+01 3.293185e+01 9.000000e+00
    endloop
  endfacet
  facet normal -3.302790e-01 9.438830e-01 7.759081e-04
    outer loop
      vertex   -3.836777e+01 3.280194e+01 1.800000e+01
      vertex   -3.794504e+01 3.294986e+01 1.800000e+01
      vertex   -3.801764e+01 3.293185e+01 9.000000e+00
    endloop
  endfacet
  facet normal -9.438830e-01 3.302790e-01 -7.759081e-04
    outer loop
      vertex   -3.930194e+01 3.186777e+01 0.000000e+00
      vertex   -3.944986e+01 3.144504e+01 0.000000e+00
      vertex   -3.943185e+01 3.151764e+01 9.000000e+00
    endloop
  endfacet
  facet normal -0.000000e+00 1.000000e+00 0.000000e+00
    outer loop
      vertex   -3.750000e+01 3.300000e+01 1.800000e+01
      vertex   3.750000e+01 3.300000e+01 1.800000e+01
      vertex   -3.750000e+01 3.300000e+01 0.000000e+00
    endloop
  endfacet
  facet normal 0.000000e+00 1.000000e+00 0.000000e+00
    outer loop
      vertex   -3.750000e+01 3.300000e+01 0.000000e+00
      vertex   3.750000e+01 3.300000e+01 1.800000e+01
      vertex   3.750000e+01 3.300000e+01 0.000000e+00
    endloop
  endfacet
  facet normal 1.119644e-01 9.937116e-01 -1.084751e-03
    outer loop
      vertex   3.794504e+01 3.294986e+01 1.800000e+01
      vertex   3.801764e+01 3.293185e+01 9.000000e+00
      vertex   3.750000e+01 3.300000e+01 1.800000e+01
    endloop
  endfacet
  facet normal 1.444327e-01 9.895143e-01 8.144572e-04
    outer loop
      vertex   3.750000e+01 3.300000e+01 1.800000e+01
      vertex   3.801764e+01 3.293185e+01 9.000000e+00
      vertex   3.794504e+01 3.294986e+01 0.000000e+00
    endloop
  endfacet
  facet normal 1.119645e-01 9.937122e-01 0.000000e+00
    outer loop
      vertex   3.750000e+01 3.300000e+01 1.800000e+01
      vertex   3.794504e+01 3.294986e+01 0.000000e+00
      vertex   3.750000e+01 3.300000e+01 0.000000e+00
    endloop
  endfacet
  facet normal 3.302790e-01 9.438830e-01 7.759081e-04
    outer loop
      vertex   3.794504e+01 3.294986e+01 1.800000e+01
      vertex   3.836777e+01 3.280194e+01 1.800000e+01
      vertex   3.801764e+01 3.293185e+01 9.000000e+00
    endloop
  endfacet
  facet normal 3.826830e-01 9.238784e-01 -1.551543e-03
    outer loop
      vertex   3.801764e+01 3.293185e+01 9.000000e+00
      vertex   3.836777e+01 3.280194e+01 1.800000e+01
      vertex   3.850000e+01 3.273205e+01 9.000000e+00
    endloop
  endfacet
  facet normal 3.826830e-01 9.238784e-01 1.551543e-03
    outer loop
      vertex   3.801764e+01 3.293185e+01 9.000000e+00
      vertex   3.850000e+01 3.273205e+01 9.000000e+00
      vertex   3.836777e+01 3.280194e+01 0.000000e+00
    endloop
  endfacet
  facet normal 5.320317e-01 8.467235e-01 -1.241887e-03
    outer loop
      vertex   3.836777e+01 3.280194e+01 0.000000e+00
      vertex   3.850000e+01 3.273205e+01 9.000000e+00
      vertex   3.874698e+01 3.256366e+01 0.000000e+00
    endloop
  endfacet
  facet normal 6.087604e-01 7.933520e-01 1.862286e-03
    outer loop
      vertex   3.874698e+01 3.256366e+01 0.000000e+00
      vertex   3.850000e+01 3.273205e+01 9.000000e+00
      vertex   3.891421e+01 3.241421e+01 9.000000e+00
    endloop
  endfacet
  facet normal 7.071061e-01 7.071061e-01 -1.397285e-03
    outer loop
      vertex   3.874698e+01 3.256366e+01 0.000000e+00
      vertex   3.891421e+01 3.241421e+01 9.000000e+00
      vertex   3.906366e+01 3.224698e+01 0.000000e+00
    endloop
  endfacet
  facet normal 7.933520e-01 6.087604e-01 1.862286e-03
    outer loop
      vertex   3.906366e+01 3.224698e+01 0.000000e+00
      vertex   3.891421e+01 3.241421e+01 9.000000e+00
      vertex   3.923205e+01 3.200000e+01 9.000000e+00
    endloop
  endfacet
  facet normal 8.467235e-01 5.320317e-01 -1.241887e-03
    outer loop
      vertex   3.906366e+01 3.224698e+01 0.000000e+00
      vertex   3.923205e+01 3.200000e+01 9.000000e+00
      vertex   3.930194e+01 3.186777e+01 0.000000e+00
    endloop
  endfacet
  facet normal 9.238784e-01 3.826830e-01 1.551543e-03
    outer loop
      vertex   3.930194e+01 3.186777e+01 0.000000e+00
      vertex   3.923205e+01 3.200000e+01 9.000000e+00
      vertex   3.943185e+01 3.151764e+01 9.000000e+00
    endloop
  endfacet
  facet normal 9.438830e-01 3.302790e-01 -7.759081e-04
    outer loop
      vertex   3.930194e+01 3.186777e+01 0.000000e+00
      vertex   3.943185e+01 3.151764e+01 9.000000e+00
      vertex   3.944986e+01 3.144504e+01 0.000000e+00
    endloop
  endfacet
  facet normal 9.937116e-01 1.119644e-01 1.084751e-03
    outer loop
      vertex   3.944986e+01 3.144504e+01 0.000000e+00
      vertex   3.943185e+01 3.151764e+01 9.000000e+00
      vertex   3.950000e+01 3.100000e+01 0.000000e+00
    endloop
  endfacet
  facet normal 9.895143e-01 1.444327e-01 -8.144572e-04
    outer loop
      vertex   3.950000e+01 3.100000e+01 0.000000e+00
      vertex   3.943185e+01 3.151764e+01 9.000000e+00
      vertex   3.944986e+01 3.144504e+01 1.800000e+01
    endloop
  endfacet
  facet normal 9.937122e-01 1.119645e-01 -0.000000e+00
    outer loop
      vertex   3.950000e+01 3.100000e+01 0.000000e+00
      vertex   3.944986e+01 3.144504e+01 1.800000e+01
      vertex   3.950000e+01 3.100000e+01 1.800000e+01
    endloop
  endfacet
  facet normal 5.320317e-01 8.467235e-01 1.241887e-03
    outer loop
      vertex   3.836777e+01 3.280194e+01 1.800000e+01
      vertex   3.874698e+01 3.256366e+01 1.800000e+01
      vertex   3.850000e+01 3.273205e+01 9.000000e+00
    endloop
  endfacet
  facet normal 6.087604e-01 7.933520e-01 -1.862286e-03
    outer loop
      vertex   3.850000e+01 3.273205e+01 9.000000e+00
      vertex   3.874698e+01 3.256366e+01 1.800000e+01
      vertex   3.891421e+01 3.241421e+01 9.000000e+00
    endloop
  endfacet
  facet normal 7.071061e-01 7.071061e-01 1.397285e-03
    outer loop
      vertex   3.874698e+01 3.256366e+01 1.800000e+01
      vertex   3.906366e+01 3.224698e+01 1.800000e+01
      vertex   3.891421e+01 3.241421e+01 9.000000e+00
    endloop
  endfacet
  facet normal 7.933520e-01 6.087604e-01 -1.862286e-03
    outer loop
      vertex   3.891421e+01 3.241421e+01 9.000000e+00
      vertex   3.906366e+01 3.224698e+01 1.800000e+01
      vertex   3.923205e+01 3.200000e+01 9.000000e+00
    endloop
  endfacet
  facet normal 8.467235e-01 5.320317e-01 1.241887e-03
    outer loop
      vertex   3.906366e+01 3.224698e+01 1.800000e+01
      vertex   3.930194e+01 3.186777e+01 1.800000e+01
      vertex   3.923205e+01 3.200000e+01 9.000000e+00
    endloop
  endfacet
  facet normal 9.238784e-01 3.826830e-01 -1.551543e-03
    outer loop
      vertex   3.923205e+01 3.200000e+01 9.000000e+00
      vertex   3.930194e+01 3.186777e+01 1.800000e+01
      vertex   3.943185e+01 3.151764e+01 9.000000e+00
    endloop
  endfacet
  facet normal 9.438830e-01 3.302790e-01 7.759081e-04
    outer loop
      vertex   3.930194e+01 3.186777e+01 1.800000e+01
      vertex   3.944986e+01 3.144504e+01 1.800000e+01
      vertex   3.943185e+01 3.151764e+01 9.000000e+00
    endloop
  endfacet
  facet normal 3.302790e-01 9.438830e-01 -7.759081e-04
    outer loop
      vertex   3.836777e+01 3.280194e+01 0.000000e+00
      vertex   3.794504e+01 3.294986e+01 0.000000e+00
      vertex   3.801764e+01 3.293185e+01 9.000000e+00
    endloop
  endfacet
  facet normal -9.951847e-01 -9.801714e-02 -0.000000e+00
    outer loop
      vertex   3.700000e+01 1.450000e+01 1.600000e+01
      vertex   3.700000e+01 1.450000e+01 0.000000e+00
      vertex   3.703843e+01 1.410982e+01 1.639018e+01
    endloop
  endfacet
  facet normal -9.881882e-01 -1.532392e-01 -1.331008e-03
    outer loop
      vertex   3.703843e+01 1.410982e+01 1.639018e+01
      vertex   3.700000e+01 1.450000e+01 0.000000e+00
      vertex   3.706815e+01 1.398236e+01 9.000000e+00
    endloop
  endfacet
  facet normal -9.572555e-01 -2.892413e-01 1.138994e-03
    outer loop
      vertex   3.703843e+01 1.410982e+01 1.639018e+01
      vertex   3.706815e+01 1.398236e+01 9.000000e+00
      vertex   3.715224e+01 1.373463e+01 1.676537e+01
    endloop
  endfacet
  facet normal -9.238773e-01 -3.826825e-01 -2.203403e-03
    outer loop
      vertex   3.715224e+01 1.373463e+01 1.676537e+01
      vertex   3.706815e+01 1.398236e+01 9.000000e+00
      vertex   3.726795e+01 1.350000e+01 9.000000e+00
    endloop
  endfacet
  facet normal -8.823654e-01 -4.705636e-01 1.070504e-03
    outer loop
      vertex   3.715224e+01 1.373463e+01 1.676537e+01
      vertex   3.726795e+01 1.350000e+01 9.000000e+00
      vertex   3.733706e+01 1.338886e+01 1.711114e+01
    endloop
  endfacet
  facet normal -7.933523e-01 -6.087607e-01 -1.581542e-03
    outer loop
      vertex   3.733706e+01 1.338886e+01 1.711114e+01
      vertex   3.726795e+01 1.350000e+01 9.000000e+00
      vertex   3.758579e+01 1.308579e+01 9.000000e+00
    endloop
  endfacet
  facet normal -7.730105e-01 -6.343933e-01 0.000000e+00
    outer loop
      vertex   3.733706e+01 1.338886e+01 1.711114e+01
      vertex   3.758579e+01 1.308579e+01 9.000000e+00
      vertex   3.758579e+01 1.308579e+01 1.741421e+01
    endloop
  endfacet
  facet normal -6.343933e-01 -7.730105e-01 -0.000000e+00
    outer loop
      vertex   3.758579e+01 1.308579e+01 1.741421e+01
      vertex   3.758579e+01 1.308579e+01 9.000000e+00
      vertex   3.788886e+01 1.283706e+01 1.766294e+01
    endloop
  endfacet
  facet normal -6.087608e-01 -7.933525e-01 -1.480803e-03
    outer loop
      vertex   3.788886e+01 1.283706e+01 1.766294e+01
      vertex   3.758579e+01 1.308579e+01 9.000000e+00
      vertex   3.800000e+01 1.276795e+01 9.000000e+00
    endloop
  endfacet
  facet normal -4.718043e-01 -8.817027e-01 9.811124e-04
    outer loop
      vertex   3.788886e+01 1.283706e+01 1.766294e+01
      vertex   3.800000e+01 1.276795e+01 9.000000e+00
      vertex   3.823463e+01 1.265224e+01 1.784776e+01
    endloop
  endfacet
  facet normal -3.826827e-01 -9.238778e-01 -1.933851e-03
    outer loop
      vertex   3.823463e+01 1.265224e+01 1.784776e+01
      vertex   3.800000e+01 1.276795e+01 9.000000e+00
      vertex   3.848236e+01 1.256815e+01 9.000000e+00
    endloop
  endfacet
  facet normal -2.905510e-01 -9.568590e-01 9.592159e-04
    outer loop
      vertex   3.823463e+01 1.265224e+01 1.784776e+01
      vertex   3.848236e+01 1.256815e+01 9.000000e+00
      vertex   3.860982e+01 1.253843e+01 1.796157e+01
    endloop
  endfacet
  facet normal -1.465568e-01 -9.892015e-01 -1.196022e-03
    outer loop
      vertex   3.860982e+01 1.253843e+01 1.796157e+01
      vertex   3.848236e+01 1.256815e+01 9.000000e+00
      vertex   3.880397e+01 1.250963e+01 1.799037e+01
    endloop
  endfacet
  facet normal -4.883412e-02 -9.987956e-01 -4.754207e-03
    outer loop
      vertex   3.880397e+01 1.250963e+01 1.799037e+01
      vertex   3.848236e+01 1.256815e+01 9.000000e+00
      vertex   3.900000e+01 1.250000e+01 1.800000e+01
    endloop
  endfacet
  facet normal -1.444327e-01 -9.895143e-01 8.144572e-04
    outer loop
      vertex   3.900000e+01 1.250000e+01 1.800000e+01
      vertex   3.848236e+01 1.256815e+01 9.000000e+00
      vertex   3.855496e+01 1.255014e+01 0.000000e+00
    endloop
  endfacet
  facet normal -1.119645e-01 -9.937122e-01 -0.000000e+00
    outer loop
      vertex   3.900000e+01 1.250000e+01 1.800000e+01
      vertex   3.855496e+01 1.255014e+01 0.000000e+00
      vertex   3.900000e+01 1.250000e+01 0.000000e+00
    endloop
  endfacet
  facet normal -9.937116e-01 -1.119644e-01 1.084751e-03
    outer loop
      vertex   3.700000e+01 1.450000e+01 0.000000e+00
      vertex   3.705014e+01 1.405496e+01 0.000000e+00
      vertex   3.706815e+01 1.398236e+01 9.000000e+00
    endloop
  endfacet
  facet normal -9.438830e-01 -3.302790e-01 -7.759081e-04
    outer loop
      vertex   3.706815e+01 1.398236e+01 9.000000e+00
      vertex   3.705014e+01 1.405496e+01 0.000000e+00
      vertex   3.719806e+01 1.363223e+01 0.000000e+00
    endloop
  endfacet
  facet normal -9.238784e-01 -3.826830e-01 1.551543e-03
    outer loop
      vertex   3.706815e+01 1.398236e+01 9.000000e+00
      vertex   3.719806e+01 1.363223e+01 0.000000e+00
      vertex   3.726795e+01 1.350000e+01 9.000000e+00
    endloop
  endfacet
  facet normal -8.467235e-01 -5.320317e-01 -1.241887e-03
    outer loop
      vertex   3.726795e+01 1.350000e+01 9.000000e+00
      vertex   3.719806e+01 1.363223e+01 0.000000e+00
      vertex   3.743634e+01 1.325302e+01 0.000000e+00
    endloop
  endfacet
  facet normal -7.933520e-01 -6.087604e-01 1.862286e-03
    outer loop
      vertex   3.726795e+01 1.350000e+01 9.000000e+00
      vertex   3.743634e+01 1.325302e+01 0.000000e+00
      vertex   3.758579e+01 1.308579e+01 9.000000e+00
    endloop
  endfacet
  facet normal -7.071061e-01 -7.071061e-01 -1.397285e-03
    outer loop
      vertex   3.758579e+01 1.308579e+01 9.000000e+00
      vertex   3.743634e+01 1.325302e+01 0.000000e+00
      vertex   3.775302e+01 1.293634e+01 0.000000e+00
    endloop
  endfacet
  facet normal -6.087604e-01 -7.933520e-01 1.862286e-03
    outer loop
      vertex   3.758579e+01 1.308579e+01 9.000000e+00
      vertex   3.775302e+01 1.293634e+01 0.000000e+00
      vertex   3.800000e+01 1.276795e+01 9.000000e+00
    endloop
  endfacet
  facet normal -5.320317e-01 -8.467235e-01 -1.241887e-03
    outer loop
      vertex   3.800000e+01 1.276795e+01 9.000000e+00
      vertex   3.775302e+01 1.293634e+01 0.000000e+00
      vertex   3.813223e+01 1.269806e+01 0.000000e+00
    endloop
  endfacet
  facet normal -3.826830e-01 -9.238784e-01 1.551543e-03
    outer loop
      vertex   3.800000e+01 1.276795e+01 9.000000e+00
      vertex   3.813223e+01 1.269806e+01 0.000000e+00
      vertex   3.848236e+01 1.256815e+01 9.000000e+00
    endloop
  endfacet
  facet normal -3.302790e-01 -9.438830e-01 -7.759081e-04
    outer loop
      vertex   3.848236e+01 1.256815e+01 9.000000e+00
      vertex   3.813223e+01 1.269806e+01 0.000000e+00
      vertex   3.855496e+01 1.255014e+01 0.000000e+00
    endloop
  endfacet
  facet normal -4.906767e-02 0.000000e+00 9.987955e-01
    outer loop
      vertex   3.900000e+01 1.250000e+01 1.800000e+01
      vertex   3.900000e+01 3.050000e+01 1.800000e+01
      vertex   3.880397e+01 1.250963e+01 1.799037e+01
    endloop
  endfacet
  facet normal -1.492512e-01 1.097014e-03 9.887987e-01
    outer loop
      vertex   3.880397e+01 1.250963e+01 1.799037e+01
      vertex   3.900000e+01 3.050000e+01 1.800000e+01
      vertex   3.848236e+01 2.150000e+01 1.793185e+01
    endloop
  endfacet
  facet normal -1.465568e-01 1.196022e-03 9.892015e-01
    outer loop
      vertex   3.880397e+01 1.250963e+01 1.799037e+01
      vertex   3.848236e+01 2.150000e+01 1.793185e+01
      vertex   3.860982e+01 1.253843e+01 1.796157e+01
    endloop
  endfacet
  facet normal -2.905510e-01 -9.592159e-04 9.568590e-01
    outer loop
      vertex   3.860982e+01 1.253843e+01 1.796157e+01
      vertex   3.848236e+01 2.150000e+01 1.793185e+01
      vertex   3.823463e+01 1.265224e+01 1.784776e+01
    endloop
  endfacet
  facet normal -3.826827e-01 1.933851e-03 9.238778e-01
    outer loop
      vertex   3.823463e+01 1.265224e+01 1.784776e+01
      vertex   3.848236e+01 2.150000e+01 1.793185e+01
      vertex   3.800000e+01 2.150000e+01 1.773205e+01
    endloop
  endfacet
  facet normal -4.718043e-01 -9.811124e-04 8.817027e-01
    outer loop
      vertex   3.823463e+01 1.265224e+01 1.784776e+01
      vertex   3.800000e+01 2.150000e+01 1.773205e+01
      vertex   3.788886e+01 1.283706e+01 1.766294e+01
    endloop
  endfacet
  facet normal -6.087608e-01 1.480803e-03 7.933525e-01
    outer loop
      vertex   3.788886e+01 1.283706e+01 1.766294e+01
      vertex   3.800000e+01 2.150000e+01 1.773205e+01
      vertex   3.758579e+01 2.150000e+01 1.741421e+01
    endloop
  endfacet
  facet normal -6.343933e-01 0.000000e+00 7.730105e-01
    outer loop
      vertex   3.788886e+01 1.283706e+01 1.766294e+01
      vertex   3.758579e+01 2.150000e+01 1.741421e+01
      vertex   3.758579e+01 1.308579e+01 1.741421e+01
    endloop
  endfacet
  facet normal -7.730105e-01 0.000000e+00 6.343933e-01
    outer loop
      vertex   3.758579e+01 1.308579e+01 1.741421e+01
      vertex   3.758579e+01 2.150000e+01 1.741421e+01
      vertex   3.733706e+01 1.338886e+01 1.711114e+01
    endloop
  endfacet
  facet normal -7.933523e-01 1.581542e-03 6.087607e-01
    outer loop
      vertex   3.733706e+01 1.338886e+01 1.711114e+01
      vertex   3.758579e+01 2.150000e+01 1.741421e+01
      vertex   3.726795e+01 2.150000e+01 1.700000e+01
    endloop
  endfacet
  facet normal -8.823654e-01 -1.070504e-03 4.705636e-01
    outer loop
      vertex   3.733706e+01 1.338886e+01 1.711114e+01
      vertex   3.726795e+01 2.150000e+01 1.700000e+01
      vertex   3.715224e+01 1.373463e+01 1.676537e+01
    endloop
  endfacet
  facet normal -9.238773e-01 2.203403e-03 3.826825e-01
    outer loop
      vertex   3.715224e+01 1.373463e+01 1.676537e+01
      vertex   3.726795e+01 2.150000e+01 1.700000e+01
      vertex   3.706815e+01 2.150000e+01 1.651764e+01
    endloop
  endfacet
  facet normal -9.572555e-01 -1.138994e-03 2.892413e-01
    outer loop
      vertex   3.715224e+01 1.373463e+01 1.676537e+01
      vertex   3.706815e+01 2.150000e+01 1.651764e+01
      vertex   3.703843e+01 1.410982e+01 1.639018e+01
    endloop
  endfacet
  facet normal -9.949580e-01 2.271844e-03 1.002667e-01
    outer loop
      vertex   3.703843e+01 1.410982e+01 1.639018e+01
      vertex   3.706815e+01 2.150000e+01 1.651764e+01
      vertex   3.700000e+01 1.450000e+01 1.600000e+01
    endloop
  endfacet
  facet normal -9.899160e-01 -8.376838e-04 1.416529e-01
    outer loop
      vertex   3.700000e+01 1.450000e+01 1.600000e+01
      vertex   3.706815e+01 2.150000e+01 1.651764e+01
      vertex   3.705014e+01 3.050000e+01 1.644504e+01
    endloop
  endfacet
  facet normal -9.937122e-01 0.000000e+00 1.119645e-01
    outer loop
      vertex   3.700000e+01 1.450000e+01 1.600000e+01
      vertex   3.705014e+01 3.050000e+01 1.644504e+01
      vertex   3.700000e+01 3.050000e+01 1.600000e+01
    endloop
  endfacet
  facet normal -1.119644e-01 -1.084751e-03 9.937116e-01
    outer loop
      vertex   3.900000e+01 3.050000e+01 1.800000e+01
      vertex   3.855496e+01 3.050000e+01 1.794986e+01
      vertex   3.848236e+01 2.150000e+01 1.793185e+01
    endloop
  endfacet
  facet normal -3.302790e-01 7.759081e-04 9.438830e-01
    outer loop
      vertex   3.848236e+01 2.150000e+01 1.793185e+01
      vertex   3.855496e+01 3.050000e+01 1.794986e+01
      vertex   3.813223e+01 3.050000e+01 1.780194e+01
    endloop
  endfacet
  facet normal -3.826830e-01 -1.551543e-03 9.238784e-01
    outer loop
      vertex   3.848236e+01 2.150000e+01 1.793185e+01
      vertex   3.813223e+01 3.050000e+01 1.780194e+01
      vertex   3.800000e+01 2.150000e+01 1.773205e+01
    endloop
  endfacet
  facet normal -5.320317e-01 1.241887e-03 8.467235e-01
    outer loop
      vertex   3.800000e+01 2.150000e+01 1.773205e+01
      vertex   3.813223e+01 3.050000e+01 1.780194e+01
      vertex   3.775302e+01 3.050000e+01 1.756366e+01
    endloop
  endfacet
  facet normal -6.087604e-01 -1.862286e-03 7.933520e-01
    outer loop
      vertex   3.800000e+01 2.150000e+01 1.773205e+01
      vertex   3.775302e+01 3.050000e+01 1.756366e+01
      vertex   3.758579e+01 2.150000e+01 1.741421e+01
    endloop
  endfacet
  facet normal -7.071061e-01 1.397285e-03 7.071061e-01
    outer loop
      vertex   3.758579e+01 2.150000e+01 1.741421e+01
      vertex   3.775302e+01 3.050000e+01 1.756366e+01
      vertex   3.743634e+01 3.050000e+01 1.724698e+01
    endloop
  endfacet
  facet normal -7.933520e-01 -1.862286e-03 6.087604e-01
    outer loop
      vertex   3.758579e+01 2.150000e+01 1.741421e+01
      vertex   3.743634e+01 3.050000e+01 1.724698e+01
      vertex   3.726795e+01 2.150000e+01 1.700000e+01
    endloop
  endfacet
  facet normal -8.467235e-01 1.241887e-03 5.320317e-01
    outer loop
      vertex   3.726795e+01 2.150000e+01 1.700000e+01
      vertex   3.743634e+01 3.050000e+01 1.724698e+01
      vertex   3.719806e+01 3.050000e+01 1.686777e+01
    endloop
  endfacet
  facet normal -9.238784e-01 -1.551543e-03 3.826830e-01
    outer loop
      vertex   3.726795e+01 2.150000e+01 1.700000e+01
      vertex   3.719806e+01 3.050000e+01 1.686777e+01
      vertex   3.706815e+01 2.150000e+01 1.651764e+01
    endloop
  endfacet
  facet normal -9.438830e-01 7.759081e-04 3.302790e-01
    outer loop
      vertex   3.706815e+01 2.150000e+01 1.651764e+01
      vertex   3.719806e+01 3.050000e+01 1.686777e+01
      vertex   3.705014e+01 3.050000e+01 1.644504e+01
    endloop
  endfacet
  facet normal -1.000000e+00 0.000000e+00 0.000000e+00
    outer loop
      vertex   3.700000e+01 2.569722e+01 0.000000e+00
      vertex   3.700000e+01 1.450000e+01 0.000000e+00
      vertex   3.700000e+01 2.569722e+01 2.500000e+00
    endloop
  endfacet
  facet normal -1.000000e+00 -0.000000e+00 0.000000e+00
    outer loop
      vertex   3.700000e+01 2.569722e+01 2.500000e+00
      vertex   3.700000e+01 1.450000e+01 0.000000e+00
      vertex   3.700000e+01 1.450000e+01 1.600000e+01
    endloop
  endfacet
  facet normal -1.000000e+00 0.000000e+00 0.000000e+00
    outer loop
      vertex   3.700000e+01 2.569722e+01 2.500000e+00
      vertex   3.700000e+01 1.450000e+01 1.600000e+01
      vertex   3.700000e+01 3.050000e+01 1.600000e+01
    endloop
  endfacet
  facet normal -1.000000e+00 0.000000e+00 0.000000e+00
    outer loop
      vertex   3.700000e+01 3.050000e+01 1.600000e+01
      vertex   3.700000e+01 3.050000e+01 2.500000e+00
      vertex   3.700000e+01 2.569722e+01 2.500000e+00
    endloop
  endfacet
  facet normal -8.935975e-01 4.488691e-01 0.000000e+00
    outer loop
      vertex   3.713709e+01 8.654111e+00 0.000000e+00
      vertex   3.713709e+01 8.654111e+00 6.000000e+00
      vertex   3.730400e+01 8.986405e+00 0.000000e+00
    endloop
  endfacet
  facet normal -8.935975e-01 4.488691e-01 1.337291e-16
    outer loop
      vertex   3.730400e+01 8.986405e+00 0.000000e+00
      vertex   3.713709e+01 8.654111e+00 6.000000e+00
      vertex   3.713709e+01 8.654111e+00 1.200000e+01
    endloop
  endfacet
  facet normal -8.935975e-01 4.488691e-01 0.000000e+00
    outer loop
      vertex   3.730400e+01 8.986405e+00 0.000000e+00
      vertex   3.713709e+01 8.654111e+00 1.200000e+01
      vertex   3.730400e+01 8.986405e+00 1.800000e+01
    endloop
  endfacet
  facet normal -8.935975e-01 4.488691e-01 0.000000e+00
    outer loop
      vertex   3.730400e+01 8.986405e+00 1.800000e+01
      vertex   3.713709e+01 8.654111e+00 1.200000e+01
      vertex   3.713709e+01 8.654111e+00 1.800000e+01
    endloop
  endfacet
  facet normal -9.612487e-01 2.756825e-01 0.000000e+00
    outer loop
      vertex   3.713709e+01 8.654111e+00 1.800000e+01
      vertex   3.713709e+01 8.654111e+00 1.200000e+01
      vertex   3.703457e+01 8.296659e+00 1.800000e+01
    endloop
  endfacet
  facet normal -9.612487e-01 2.756825e-01 0.000000e+00
    outer loop
      vertex   3.703457e+01 8.296659e+00 1.800000e+01
      vertex   3.713709e+01 8.654111e+00 1.200000e+01
      vertex   3.703457e+01 8.296659e+00 1.200000e+01
    endloop
  endfacet
  facet normal -9.956693e-01 9.296545e-02 0.000000e+00
    outer loop
      vertex   3.703457e+01 8.296659e+00 1.800000e+01
      vertex   3.703457e+01 8.296659e+00 1.200000e+01
      vertex   3.700000e+01 7.926408e+00 1.800000e+01
    endloop
  endfacet
  facet normal -9.956693e-01 9.296545e-02 0.000000e+00
    outer loop
      vertex   3.700000e+01 7.926408e+00 1.800000e+01
      vertex   3.703457e+01 8.296659e+00 1.200000e+01
      vertex   3.703457e+01 8.296659e+00 6.000000e+00
    endloop
  endfacet
  facet normal -9.956693e-01 9.296545e-02 0.000000e+00
    outer loop
      vertex   3.700000e+01 7.926408e+00 1.800000e+01
      vertex   3.703457e+01 8.296659e+00 6.000000e+00
      vertex   3.700000e+01 7.926408e+00 0.000000e+00
    endloop
  endfacet
  facet normal -9.956693e-01 9.296545e-02 0.000000e+00
    outer loop
      vertex   3.700000e+01 7.926408e+00 0.000000e+00
      vertex   3.703457e+01 8.296659e+00 6.000000e+00
      vertex   3.703457e+01 8.296659e+00 0.000000e+00
    endloop
  endfacet
  facet normal -9.612487e-01 2.756825e-01 0.000000e+00
    outer loop
      vertex   3.703457e+01 8.296659e+00 0.000000e+00
      vertex   3.703457e+01 8.296659e+00 6.000000e+00
      vertex   3.713709e+01 8.654111e+00 0.000000e+00
    endloop
  endfacet
  facet normal -9.612487e-01 2.756825e-01 0.000000e+00
    outer loop
      vertex   3.713709e+01 8.654111e+00 0.000000e+00
      vertex   3.703457e+01 8.296659e+00 6.000000e+00
      vertex   3.713709e+01 8.654111e+00 6.000000e+00
    endloop
  endfacet
  facet normal -9.612487e-01 2.756825e-01 8.085945e-17
    outer loop
      vertex   3.703457e+01 8.296659e+00 1.200000e+01
      vertex   3.713709e+01 8.654111e+00 1.200000e+01
      vertex   3.713709e+01 8.654111e+00 6.000000e+00
    endloop
  endfacet
  facet normal -9.612487e-01 2.756825e-01 0.000000e+00
    outer loop
      vertex   3.703457e+01 8.296659e+00 1.200000e+01
      vertex   3.713709e+01 8.654111e+00 6.000000e+00
      vertex   3.703457e+01 8.296659e+00 6.000000e+00
    endloop
  endfacet
  facet normal -8.479983e-01 5.299989e-01 0.000000e+00
    outer loop
      vertex   3.730400e+01 8.986405e+00 1.800000e+01
      vertex   3.950000e+01 1.250000e+01 1.800000e+01
      vertex   3.730400e+01 8.986405e+00 0.000000e+00
    endloop
  endfacet
  facet normal -8.479983e-01 5.299989e-01 0.000000e+00
    outer loop
      vertex   3.730400e+01 8.986405e+00 0.000000e+00
      vertex   3.950000e+01 1.250000e+01 1.800000e+01
      vertex   3.950000e+01 1.250000e+01 0.000000e+00
    endloop
  endfacet
  facet normal 0.000000e+00 -1.000000e+00 0.000000e+00
    outer loop
      vertex   3.900000e+01 1.250000e+01 0.000000e+00
      vertex   3.950000e+01 1.250000e+01 0.000000e+00
      vertex   3.900000e+01 1.250000e+01 1.800000e+01
    endloop
  endfacet
  facet normal 0.000000e+00 -1.000000e+00 0.000000e+00
    outer loop
      vertex   3.900000e+01 1.250000e+01 1.800000e+01
      vertex   3.950000e+01 1.250000e+01 0.000000e+00
      vertex   3.950000e+01 1.250000e+01 1.800000e+01
    endloop
  endfacet
  facet normal 1.000000e+00 0.000000e+00 0.000000e+00
    outer loop
      vertex   3.950000e+01 3.100000e+01 1.800000e+01
      vertex   3.950000e+01 1.250000e+01 1.800000e+01
      vertex   3.950000e+01 3.100000e+01 0.000000e+00
    endloop
  endfacet
  facet normal 1.000000e+00 0.000000e+00 0.000000e+00
    outer loop
      vertex   3.950000e+01 3.100000e+01 0.000000e+00
      vertex   3.950000e+01 1.250000e+01 1.800000e+01
      vertex   3.950000e+01 1.250000e+01 0.000000e+00
    endloop
  endfacet
  facet normal -1.000000e+00 0.000000e+00 4.584147e-16
    outer loop
      vertex   3.700000e+01 -3.050000e+01 1.800000e+01
      vertex   3.700000e+01 7.926408e+00 1.800000e+01
      vertex   3.700000e+01 -2.569722e+01 2.500000e+00
    endloop
  endfacet
  facet normal -1.000000e+00 2.113224e-16 0.000000e+00
    outer loop
      vertex   3.700000e+01 -2.569722e+01 2.500000e+00
      vertex   3.700000e+01 7.926408e+00 1.800000e+01
      vertex   3.700000e+01 7.926408e+00 0.000000e+00
    endloop
  endfacet
  facet normal -1.000000e+00 2.113224e-16 0.000000e+00
    outer loop
      vertex   3.700000e+01 -2.569722e+01 2.500000e+00
      vertex   3.700000e+01 7.926408e+00 0.000000e+00
      vertex   3.700000e+01 -2.569722e+01 0.000000e+00
    endloop
  endfacet
  facet normal -1.000000e+00 -1.479442e-15 0.000000e+00
    outer loop
      vertex   3.700000e+01 -2.569722e+01 2.500000e+00
      vertex   3.700000e+01 -3.050000e+01 2.500000e+00
      vertex   3.700000e+01 -3.050000e+01 1.800000e+01
    endloop
  endfacet
  facet normal -6.243441e-01 7.811495e-01 0.000000e+00
    outer loop
      vertex   3.485421e+01 -2.885289e+01 5.000000e-01
      vertex   3.485421e+01 -2.885289e+01 2.500000e+00
      vertex   3.513137e+01 -2.863137e+01 0.000000e+00
    endloop
  endfacet
  facet normal -6.364872e-01 7.712841e-01 -2.220403e-03
    outer loop
      vertex   3.513137e+01 -2.863137e+01 0.000000e+00
      vertex   3.485421e+01 -2.885289e+01 2.500000e+00
      vertex   3.516621e+01 -2.859542e+01 2.500000e+00
    endloop
  endfacet
  facet normal -7.933512e-01 6.087598e-01 2.302925e-03
    outer loop
      vertex   3.513137e+01 -2.863137e+01 0.000000e+00
      vertex   3.516621e+01 -2.859542e+01 2.500000e+00
      vertex   3.538564e+01 -2.830000e+01 0.000000e+00
    endloop
  endfacet
  facet normal -8.095821e-01 5.870042e-01 -1.692495e-03
    outer loop
      vertex   3.538564e+01 -2.830000e+01 0.000000e+00
      vertex   3.516621e+01 -2.859542e+01 2.500000e+00
      vertex   3.540367e+01 -2.826793e+01 2.500000e+00
    endloop
  endfacet
  facet normal -9.238781e-01 3.826828e-01 1.753115e-03
    outer loop
      vertex   3.538564e+01 -2.830000e+01 0.000000e+00
      vertex   3.540367e+01 -2.826793e+01 2.500000e+00
      vertex   3.554548e+01 -2.791411e+01 0.000000e+00
    endloop
  endfacet
  facet normal -9.309277e-01 3.652019e-01 -1.120789e-03
    outer loop
      vertex   3.554548e+01 -2.791411e+01 0.000000e+00
      vertex   3.540367e+01 -2.826793e+01 2.500000e+00
      vertex   3.555140e+01 -2.789135e+01 2.500000e+00
    endloop
  endfacet
  facet normal -9.914442e-01 1.305261e-01 1.159525e-03
    outer loop
      vertex   3.554548e+01 -2.791411e+01 0.000000e+00
      vertex   3.555140e+01 -2.789135e+01 2.500000e+00
      vertex   3.560000e+01 -2.750000e+01 0.000000e+00
    endloop
  endfacet
  facet normal -9.927671e-01 1.200550e-01 -5.053241e-04
    outer loop
      vertex   3.560000e+01 -2.750000e+01 0.000000e+00
      vertex   3.555140e+01 -2.789135e+01 2.500000e+00
      vertex   3.559997e+01 -2.748975e+01 2.500000e+00
    endloop
  endfacet
  facet normal -9.914447e-01 -1.305262e-01 5.221964e-04
    outer loop
      vertex   3.560000e+01 -2.750000e+01 0.000000e+00
      vertex   3.559997e+01 -2.748975e+01 2.500000e+00
      vertex   3.554548e+01 -2.708589e+01 0.000000e+00
    endloop
  endfacet
  facet normal -9.911474e-01 -1.327662e-01 1.538569e-04
    outer loop
      vertex   3.554548e+01 -2.708589e+01 0.000000e+00
      vertex   3.559997e+01 -2.748975e+01 2.500000e+00
      vertex   3.554626e+01 -2.708881e+01 2.500000e+00
    endloop
  endfacet
  facet normal -9.261722e-01 -3.771008e-01 -1.515946e-04
    outer loop
      vertex   3.554548e+01 -2.708589e+01 0.000000e+00
      vertex   3.554626e+01 -2.708881e+01 2.500000e+00
      vertex   3.539371e+01 -2.671415e+01 2.500000e+00
    endloop
  endfacet
  facet normal -9.238792e-01 -3.826833e-01 8.177042e-04
    outer loop
      vertex   3.554548e+01 -2.708589e+01 0.000000e+00
      vertex   3.539371e+01 -2.671415e+01 2.500000e+00
      vertex   3.538564e+01 -2.670000e+01 0.000000e+00
    endloop
  endfacet
  facet normal -8.019948e-01 -5.973305e-01 -7.908833e-04
    outer loop
      vertex   3.538564e+01 -2.670000e+01 0.000000e+00
      vertex   3.539371e+01 -2.671415e+01 2.500000e+00
      vertex   3.515208e+01 -2.638973e+01 2.500000e+00
    endloop
  endfacet
  facet normal -7.933525e-01 -6.087608e-01 1.435130e-03
    outer loop
      vertex   3.538564e+01 -2.670000e+01 0.000000e+00
      vertex   3.515208e+01 -2.638973e+01 2.500000e+00
      vertex   3.513137e+01 -2.636863e+01 0.000000e+00
    endloop
  endfacet
  facet normal -6.265529e-01 -7.793777e-01 -1.386436e-03
    outer loop
      vertex   3.513137e+01 -2.636863e+01 0.000000e+00
      vertex   3.515208e+01 -2.638973e+01 2.500000e+00
      vertex   3.483681e+01 -2.613627e+01 2.500000e+00
    endloop
  endfacet
  facet normal -6.087602e-01 -7.933517e-01 2.008798e-03
    outer loop
      vertex   3.513137e+01 -2.636863e+01 0.000000e+00
      vertex   3.483681e+01 -2.613627e+01 2.500000e+00
      vertex   3.480000e+01 -2.611436e+01 0.000000e+00
    endloop
  endfacet
  facet normal -4.110610e-01 -9.116058e-01 -1.938212e-03
    outer loop
      vertex   3.480000e+01 -2.611436e+01 0.000000e+00
      vertex   3.483681e+01 -2.613627e+01 2.500000e+00
      vertex   3.446804e+01 -2.596999e+01 2.500000e+00
    endloop
  endfacet
  facet normal -3.826822e-01 -9.238766e-01 2.538669e-03
    outer loop
      vertex   3.480000e+01 -2.611436e+01 0.000000e+00
      vertex   3.446804e+01 -2.596999e+01 2.500000e+00
      vertex   3.441411e+01 -2.595452e+01 0.000000e+00
    endloop
  endfacet
  facet normal -1.692941e-01 -9.855625e-01 -2.446172e-03
    outer loop
      vertex   3.441411e+01 -2.595452e+01 0.000000e+00
      vertex   3.446804e+01 -2.596999e+01 2.500000e+00
      vertex   3.406936e+01 -2.590150e+01 2.500000e+00
    endloop
  endfacet
  facet normal -1.305256e-01 -9.914403e-01 3.024707e-03
    outer loop
      vertex   3.441411e+01 -2.595452e+01 0.000000e+00
      vertex   3.406936e+01 -2.590150e+01 2.500000e+00
      vertex   3.400000e+01 -2.590000e+01 0.000000e+00
    endloop
  endfacet
  facet normal 8.329372e-02 -9.965208e-01 -2.910282e-03
    outer loop
      vertex   3.400000e+01 -2.590000e+01 0.000000e+00
      vertex   3.406936e+01 -2.590150e+01 2.500000e+00
      vertex   3.366624e+01 -2.593520e+01 2.500000e+00
    endloop
  endfacet
  facet normal 1.305254e-01 -9.914389e-01 3.466879e-03
    outer loop
      vertex   3.400000e+01 -2.590000e+01 0.000000e+00
      vertex   3.366624e+01 -2.593520e+01 2.500000e+00
      vertex   3.358589e+01 -2.595452e+01 0.000000e+00
    endloop
  endfacet
  facet normal 3.305567e-01 -9.437803e-01 -3.330510e-03
    outer loop
      vertex   3.358589e+01 -2.595452e+01 0.000000e+00
      vertex   3.366624e+01 -2.593520e+01 2.500000e+00
      vertex   3.328446e+01 -2.606892e+01 2.500000e+00
    endloop
  endfacet
  facet normal 3.826806e-01 -9.238726e-01 3.865153e-03
    outer loop
      vertex   3.358589e+01 -2.595452e+01 0.000000e+00
      vertex   3.328446e+01 -2.606892e+01 2.500000e+00
      vertex   3.320000e+01 -2.611436e+01 0.000000e+00
    endloop
  endfacet
  facet normal 5.566895e-01 -8.307124e-01 -3.706827e-03
    outer loop
      vertex   3.320000e+01 -2.611436e+01 0.000000e+00
      vertex   3.328446e+01 -2.606892e+01 2.500000e+00
      vertex   3.294841e+01 -2.629411e+01 2.500000e+00
    endloop
  endfacet
  facet normal 6.087560e-01 -7.933463e-01 4.219504e-03
    outer loop
      vertex   3.320000e+01 -2.611436e+01 0.000000e+00
      vertex   3.294841e+01 -2.629411e+01 2.500000e+00
      vertex   3.286863e+01 -2.636863e+01 0.000000e+00
    endloop
  endfacet
  facet normal 7.472375e-01 -6.645448e-01 -4.039209e-03
    outer loop
      vertex   3.286863e+01 -2.636863e+01 0.000000e+00
      vertex   3.294841e+01 -2.629411e+01 2.500000e+00
      vertex   3.267959e+01 -2.659639e+01 2.500000e+00
    endloop
  endfacet
  facet normal 7.933452e-01 -6.087552e-01 4.529908e-03
    outer loop
      vertex   3.286863e+01 -2.636863e+01 0.000000e+00
      vertex   3.267959e+01 -2.659639e+01 2.500000e+00
      vertex   3.261436e+01 -2.670000e+01 0.000000e+00
    endloop
  endfacet
  facet normal 8.900208e-01 -4.558993e-01 -4.327631e-03
    outer loop
      vertex   3.261436e+01 -2.670000e+01 0.000000e+00
      vertex   3.267959e+01 -2.659639e+01 2.500000e+00
      vertex   3.249517e+01 -2.695642e+01 2.500000e+00
    endloop
  endfacet
  facet normal 9.238689e-01 -3.826790e-01 4.796342e-03
    outer loop
      vertex   3.261436e+01 -2.670000e+01 0.000000e+00
      vertex   3.249517e+01 -2.695642e+01 2.500000e+00
      vertex   3.245452e+01 -2.708589e+01 0.000000e+00
    endloop
  endfacet
  facet normal 9.759129e-01 -2.181127e-01 -4.572076e-03
    outer loop
      vertex   3.245452e+01 -2.708589e+01 0.000000e+00
      vertex   3.249517e+01 -2.695642e+01 2.500000e+00
      vertex   3.240693e+01 -2.735121e+01 2.500000e+00
    endloop
  endfacet
  facet normal 9.914324e-01 -1.305245e-01 5.018790e-03
    outer loop
      vertex   3.245452e+01 -2.708589e+01 0.000000e+00
      vertex   3.240693e+01 -2.735121e+01 2.500000e+00
      vertex   3.240000e+01 -2.750000e+01 0.000000e+00
    endloop
  endfacet
  facet normal 9.994235e-01 3.361532e-02 -4.772526e-03
    outer loop
      vertex   3.240000e+01 -2.750000e+01 0.000000e+00
      vertex   3.240693e+01 -2.735121e+01 2.500000e+00
      vertex   3.242053e+01 -2.775550e+01 2.500000e+00
    endloop
  endfacet
  facet normal 9.914315e-01 1.305244e-01 5.197237e-03
    outer loop
      vertex   3.240000e+01 -2.750000e+01 0.000000e+00
      vertex   3.242053e+01 -2.775550e+01 2.500000e+00
      vertex   3.245452e+01 -2.791411e+01 0.000000e+00
    endloop
  endfacet
  facet normal 9.590499e-01 2.831942e-01 -4.928968e-03
    outer loop
      vertex   3.245452e+01 -2.791411e+01 0.000000e+00
      vertex   3.242053e+01 -2.775550e+01 2.500000e+00
      vertex   3.253509e+01 -2.814346e+01 2.500000e+00
    endloop
  endfacet
  facet normal 9.238664e-01 3.826780e-01 5.331671e-03
    outer loop
      vertex   3.245452e+01 -2.791411e+01 0.000000e+00
      vertex   3.253509e+01 -2.814346e+01 2.500000e+00
      vertex   3.261436e+01 -2.830000e+01 0.000000e+00
    endloop
  endfacet
  facet normal 8.573731e-01 5.146708e-01 -5.041392e-03
    outer loop
      vertex   3.261436e+01 -2.830000e+01 0.000000e+00
      vertex   3.253509e+01 -2.814346e+01 2.500000e+00
      vertex   3.274329e+01 -2.849029e+01 2.500000e+00
    endloop
  endfacet
  facet normal 7.933417e-01 6.087525e-01 5.422082e-03
    outer loop
      vertex   3.261436e+01 -2.830000e+01 0.000000e+00
      vertex   3.274329e+01 -2.849029e+01 2.500000e+00
      vertex   3.286863e+01 -2.863137e+01 0.000000e+00
    endloop
  endfacet
  facet normal 7.008922e-01 7.132489e-01 -5.109790e-03
    outer loop
      vertex   3.286863e+01 -2.863137e+01 0.000000e+00
      vertex   3.274329e+01 -2.849029e+01 2.500000e+00
      vertex   3.303182e+01 -2.877382e+01 2.500000e+00
    endloop
  endfacet
  facet normal 6.087523e-01 7.933415e-01 5.468464e-03
    outer loop
      vertex   3.286863e+01 -2.863137e+01 0.000000e+00
      vertex   3.303182e+01 -2.877382e+01 2.500000e+00
      vertex   3.320000e+01 -2.888564e+01 0.000000e+00
    endloop
  endfacet
  facet normal 4.996098e-01 8.662354e-01 -5.134157e-03
    outer loop
      vertex   3.320000e+01 -2.888564e+01 0.000000e+00
      vertex   3.303182e+01 -2.877382e+01 2.500000e+00
      vertex   3.338223e+01 -2.897593e+01 2.500000e+00
    endloop
  endfacet
  facet normal 3.826777e-01 9.238657e-01 5.470815e-03
    outer loop
      vertex   3.320000e+01 -2.888564e+01 0.000000e+00
      vertex   3.338223e+01 -2.897593e+01 2.500000e+00
      vertex   3.358589e+01 -2.904548e+01 0.000000e+00
    endloop
  endfacet
  facet normal 2.663918e-01 9.638513e-01 -5.114492e-03
    outer loop
      vertex   3.358589e+01 -2.904548e+01 0.000000e+00
      vertex   3.338223e+01 -2.897593e+01 2.500000e+00
      vertex   3.377214e+01 -2.908369e+01 2.500000e+00
    endloop
  endfacet
  facet normal 1.305243e-01 9.914302e-01 5.429135e-03
    outer loop
      vertex   3.358589e+01 -2.904548e+01 0.000000e+00
      vertex   3.377214e+01 -2.908369e+01 2.500000e+00
      vertex   3.400000e+01 -2.910000e+01 0.000000e+00
    endloop
  endfacet
  facet normal 1.614572e-02 9.998569e-01 -5.050797e-03
    outer loop
      vertex   3.400000e+01 -2.910000e+01 0.000000e+00
      vertex   3.377214e+01 -2.908369e+01 2.500000e+00
      vertex   3.417661e+01 -2.909022e+01 2.500000e+00
    endloop
  endfacet
  facet normal -1.305243e-01 9.914307e-01 5.343426e-03
    outer loop
      vertex   3.400000e+01 -2.910000e+01 0.000000e+00
      vertex   3.417661e+01 -2.909022e+01 2.500000e+00
      vertex   3.441411e+01 -2.904548e+01 0.000000e+00
    endloop
  endfacet
  facet normal -2.351326e-01 9.719507e-01 -4.943074e-03
    outer loop
      vertex   3.441411e+01 -2.904548e+01 0.000000e+00
      vertex   3.417661e+01 -2.909022e+01 2.500000e+00
      vertex   3.456979e+01 -2.899511e+01 2.500000e+00
    endloop
  endfacet
  facet normal -3.078713e-01 9.514280e-01 0.000000e+00
    outer loop
      vertex   3.441411e+01 -2.904548e+01 0.000000e+00
      vertex   3.456979e+01 -2.899511e+01 2.500000e+00
      vertex   3.456979e+01 -2.899511e+01 5.000000e-01
    endloop
  endfacet
  facet normal -3.825535e-01 9.235658e-01 2.605997e-02
    outer loop
      vertex   3.441411e+01 -2.904548e+01 0.000000e+00
      vertex   3.456979e+01 -2.899511e+01 5.000000e-01
      vertex   3.480000e+01 -2.888564e+01 0.000000e+00
    endloop
  endfacet
  facet normal -3.868114e-01 9.218536e-01 2.372469e-02
    outer loop
      vertex   3.480000e+01 -2.888564e+01 0.000000e+00
      vertex   3.456979e+01 -2.899511e+01 5.000000e-01
      vertex   3.466767e+01 -2.895403e+01 5.000000e-01
    endloop
  endfacet
  facet normal -4.472100e-01 8.944201e-01 3.987671e-03
    outer loop
      vertex   3.480000e+01 -2.888564e+01 0.000000e+00
      vertex   3.466767e+01 -2.895403e+01 5.000000e-01
      vertex   3.476262e+01 -2.890656e+01 5.000000e-01
    endloop
  endfacet
  facet normal -5.055376e-01 8.628029e-01 -1.695521e-03
    outer loop
      vertex   3.476262e+01 -2.890656e+01 5.000000e-01
      vertex   3.485421e+01 -2.885289e+01 5.000000e-01
      vertex   3.480000e+01 -2.888564e+01 0.000000e+00
    endloop
  endfacet
  facet normal -6.087014e-01 7.932751e-01 1.404326e-02
    outer loop
      vertex   3.480000e+01 -2.888564e+01 0.000000e+00
      vertex   3.485421e+01 -2.885289e+01 5.000000e-01
      vertex   3.513137e+01 -2.863137e+01 0.000000e+00
    endloop
  endfacet
  facet normal 0.000000e+00 -0.000000e+00 1.000000e+00
    outer loop
      vertex   3.245452e+01 -2.791411e+01 0.000000e+00
      vertex   3.554548e+01 -2.791411e+01 0.000000e+00
      vertex   3.240000e+01 -2.750000e+01 0.000000e+00
    endloop
  endfacet
  facet normal -0.000000e+00 0.000000e+00 1.000000e+00
    outer loop
      vertex   3.240000e+01 -2.750000e+01 0.000000e+00
      vertex   3.554548e+01 -2.791411e+01 0.000000e+00
      vertex   3.560000e+01 -2.750000e+01 0.000000e+00
    endloop
  endfacet
  facet normal 0.000000e+00 0.000000e+00 1.000000e+00
    outer loop
      vertex   3.240000e+01 -2.750000e+01 0.000000e+00
      vertex   3.560000e+01 -2.750000e+01 0.000000e+00
      vertex   3.245452e+01 -2.708589e+01 0.000000e+00
    endloop
  endfacet
  facet normal -0.000000e+00 0.000000e+00 1.000000e+00
    outer loop
      vertex   3.245452e+01 -2.708589e+01 0.000000e+00
      vertex   3.560000e+01 -2.750000e+01 0.000000e+00
      vertex   3.554548e+01 -2.708589e+01 0.000000e+00
    endloop
  endfacet
  facet normal 0.000000e+00 0.000000e+00 1.000000e+00
    outer loop
      vertex   3.245452e+01 -2.708589e+01 0.000000e+00
      vertex   3.554548e+01 -2.708589e+01 0.000000e+00
      vertex   3.261436e+01 -2.670000e+01 0.000000e+00
    endloop
  endfacet
  facet normal -0.000000e+00 0.000000e+00 1.000000e+00
    outer loop
      vertex   3.261436e+01 -2.670000e+01 0.000000e+00
      vertex   3.554548e+01 -2.708589e+01 0.000000e+00
      vertex   3.538564e+01 -2.670000e+01 0.000000e+00
    endloop
  endfacet
  facet normal 0.000000e+00 0.000000e+00 1.000000e+00
    outer loop
      vertex   3.261436e+01 -2.670000e+01 0.000000e+00
      vertex   3.538564e+01 -2.670000e+01 0.000000e+00
      vertex   3.286863e+01 -2.636863e+01 0.000000e+00
    endloop
  endfacet
  facet normal -0.000000e+00 0.000000e+00 1.000000e+00
    outer loop
      vertex   3.286863e+01 -2.636863e+01 0.000000e+00
      vertex   3.538564e+01 -2.670000e+01 0.000000e+00
      vertex   3.513137e+01 -2.636863e+01 0.000000e+00
    endloop
  endfacet
  facet normal 0.000000e+00 0.000000e+00 1.000000e+00
    outer loop
      vertex   3.286863e+01 -2.636863e+01 0.000000e+00
      vertex   3.513137e+01 -2.636863e+01 0.000000e+00
      vertex   3.320000e+01 -2.611436e+01 0.000000e+00
    endloop
  endfacet
  facet normal -0.000000e+00 0.000000e+00 1.000000e+00
    outer loop
      vertex   3.320000e+01 -2.611436e+01 0.000000e+00
      vertex   3.513137e+01 -2.636863e+01 0.000000e+00
      vertex   3.480000e+01 -2.611436e+01 0.000000e+00
    endloop
  endfacet
  facet normal 0.000000e+00 0.000000e+00 1.000000e+00
    outer loop
      vertex   3.320000e+01 -2.611436e+01 0.000000e+00
      vertex   3.480000e+01 -2.611436e+01 0.000000e+00
      vertex   3.358589e+01 -2.595452e+01 0.000000e+00
    endloop
  endfacet
  facet normal -0.000000e+00 0.000000e+00 1.000000e+00
    outer loop
      vertex   3.358589e+01 -2.595452e+01 0.000000e+00
      vertex   3.480000e+01 -2.611436e+01 0.000000e+00
      vertex   3.441411e+01 -2.595452e+01 0.000000e+00
    endloop
  endfacet
  facet normal 0.000000e+00 0.000000e+00 1.000000e+00
    outer loop
      vertex   3.358589e+01 -2.595452e+01 0.000000e+00
      vertex   3.441411e+01 -2.595452e+01 0.000000e+00
      vertex   3.400000e+01 -2.590000e+01 0.000000e+00
    endloop
  endfacet
  facet normal 0.000000e+00 0.000000e+00 1.000000e+00
    outer loop
      vertex   3.554548e+01 -2.791411e+01 0.000000e+00
      vertex   3.245452e+01 -2.791411e+01 0.000000e+00
      vertex   3.538564e+01 -2.830000e+01 0.000000e+00
    endloop
  endfacet
  facet normal 0.000000e+00 0.000000e+00 1.000000e+00
    outer loop
      vertex   3.538564e+01 -2.830000e+01 0.000000e+00
      vertex   3.245452e+01 -2.791411e+01 0.000000e+00
      vertex   3.261436e+01 -2.830000e+01 0.000000e+00
    endloop
  endfacet
  facet normal 0.000000e+00 0.000000e+00 1.000000e+00
    outer loop
      vertex   3.538564e+01 -2.830000e+01 0.000000e+00
      vertex   3.261436e+01 -2.830000e+01 0.000000e+00
      vertex   3.513137e+01 -2.863137e+01 0.000000e+00
    endloop
  endfacet
  facet normal 0.000000e+00 0.000000e+00 1.000000e+00
    outer loop
      vertex   3.513137e+01 -2.863137e+01 0.000000e+00
      vertex   3.261436e+01 -2.830000e+01 0.000000e+00
      vertex   3.286863e+01 -2.863137e+01 0.000000e+00
    endloop
  endfacet
  facet normal 0.000000e+00 0.000000e+00 1.000000e+00
    outer loop
      vertex   3.513137e+01 -2.863137e+01 0.000000e+00
      vertex   3.286863e+01 -2.863137e+01 0.000000e+00
      vertex   3.480000e+01 -2.888564e+01 0.000000e+00
    endloop
  endfacet
  facet normal 0.000000e+00 0.000000e+00 1.000000e+00
    outer loop
      vertex   3.480000e+01 -2.888564e+01 0.000000e+00
      vertex   3.286863e+01 -2.863137e+01 0.000000e+00
      vertex   3.320000e+01 -2.888564e+01 0.000000e+00
    endloop
  endfacet
  facet normal 0.000000e+00 0.000000e+00 1.000000e+00
    outer loop
      vertex   3.480000e+01 -2.888564e+01 0.000000e+00
      vertex   3.320000e+01 -2.888564e+01 0.000000e+00
      vertex   3.441411e+01 -2.904548e+01 0.000000e+00
    endloop
  endfacet
  facet normal 0.000000e+00 0.000000e+00 1.000000e+00
    outer loop
      vertex   3.441411e+01 -2.904548e+01 0.000000e+00
      vertex   3.320000e+01 -2.888564e+01 0.000000e+00
      vertex   3.358589e+01 -2.904548e+01 0.000000e+00
    endloop
  endfacet
  facet normal 0.000000e+00 0.000000e+00 1.000000e+00
    outer loop
      vertex   3.441411e+01 -2.904548e+01 0.000000e+00
      vertex   3.358589e+01 -2.904548e+01 0.000000e+00
      vertex   3.400000e+01 -2.910000e+01 0.000000e+00
    endloop
  endfacet
  facet normal 6.243441e-01 -7.811495e-01 0.000000e+00
    outer loop
      vertex   -3.485421e+01 2.885289e+01 5.000000e-01
      vertex   -3.485421e+01 2.885289e+01 2.500000e+00
      vertex   -3.513137e+01 2.863137e+01 0.000000e+00
    endloop
  endfacet
  facet normal 6.364872e-01 -7.712841e-01 -2.220403e-03
    outer loop
      vertex   -3.513137e+01 2.863137e+01 0.000000e+00
      vertex   -3.485421e+01 2.885289e+01 2.500000e+00
      vertex   -3.516621e+01 2.859542e+01 2.500000e+00
    endloop
  endfacet
  facet normal 7.933512e-01 -6.087598e-01 2.302925e-03
    outer loop
      vertex   -3.513137e+01 2.863137e+01 0.000000e+00
      vertex   -3.516621e+01 2.859542e+01 2.500000e+00
      vertex   -3.538564e+01 2.830000e+01 0.000000e+00
    endloop
  endfacet
  facet normal 8.095821e-01 -5.870042e-01 -1.692495e-03
    outer loop
      vertex   -3.538564e+01 2.830000e+01 0.000000e+00
      vertex   -3.516621e+01 2.859542e+01 2.500000e+00
      vertex   -3.540367e+01 2.826793e+01 2.500000e+00
    endloop
  endfacet
  facet normal 9.238781e-01 -3.826828e-01 1.753115e-03
    outer loop
      vertex   -3.538564e+01 2.830000e+01 0.000000e+00
      vertex   -3.540367e+01 2.826793e+01 2.500000e+00
      vertex   -3.554548e+01 2.791411e+01 0.000000e+00
    endloop
  endfacet
  facet normal 9.309277e-01 -3.652019e-01 -1.120789e-03
    outer loop
      vertex   -3.554548e+01 2.791411e+01 0.000000e+00
      vertex   -3.540367e+01 2.826793e+01 2.500000e+00
      vertex   -3.555140e+01 2.789135e+01 2.500000e+00
    endloop
  endfacet
  facet normal 9.914442e-01 -1.305261e-01 1.159525e-03
    outer loop
      vertex   -3.554548e+01 2.791411e+01 0.000000e+00
      vertex   -3.555140e+01 2.789135e+01 2.500000e+00
      vertex   -3.560000e+01 2.750000e+01 0.000000e+00
    endloop
  endfacet
  facet normal 9.927671e-01 -1.200550e-01 -5.053241e-04
    outer loop
      vertex   -3.560000e+01 2.750000e+01 0.000000e+00
      vertex   -3.555140e+01 2.789135e+01 2.500000e+00
      vertex   -3.559997e+01 2.748975e+01 2.500000e+00
    endloop
  endfacet
  facet normal 9.914447e-01 1.305262e-01 5.221964e-04
    outer loop
      vertex   -3.560000e+01 2.750000e+01 0.000000e+00
      vertex   -3.559997e+01 2.748975e+01 2.500000e+00
      vertex   -3.554548e+01 2.708589e+01 0.000000e+00
    endloop
  endfacet
  facet normal 9.911474e-01 1.327662e-01 1.538569e-04
    outer loop
      vertex   -3.554548e+01 2.708589e+01 0.000000e+00
      vertex   -3.559997e+01 2.748975e+01 2.500000e+00
      vertex   -3.554626e+01 2.708881e+01 2.500000e+00
    endloop
  endfacet
  facet normal 9.261722e-01 3.771008e-01 -1.515946e-04
    outer loop
      vertex   -3.554548e+01 2.708589e+01 0.000000e+00
      vertex   -3.554626e+01 2.708881e+01 2.500000e+00
      vertex   -3.539371e+01 2.671415e+01 2.500000e+00
    endloop
  endfacet
  facet normal 9.238792e-01 3.826833e-01 8.177042e-04
    outer loop
      vertex   -3.554548e+01 2.708589e+01 0.000000e+00
      vertex   -3.539371e+01 2.671415e+01 2.500000e+00
      vertex   -3.538564e+01 2.670000e+01 0.000000e+00
    endloop
  endfacet
  facet normal 8.019948e-01 5.973305e-01 -7.908833e-04
    outer loop
      vertex   -3.538564e+01 2.670000e+01 0.000000e+00
      vertex   -3.539371e+01 2.671415e+01 2.500000e+00
      vertex   -3.515208e+01 2.638973e+01 2.500000e+00
    endloop
  endfacet
  facet normal 7.933525e-01 6.087608e-01 1.435130e-03
    outer loop
      vertex   -3.538564e+01 2.670000e+01 0.000000e+00
      vertex   -3.515208e+01 2.638973e+01 2.500000e+00
      vertex   -3.513137e+01 2.636863e+01 0.000000e+00
    endloop
  endfacet
  facet normal 6.265529e-01 7.793777e-01 -1.386436e-03
    outer loop
      vertex   -3.513137e+01 2.636863e+01 0.000000e+00
      vertex   -3.515208e+01 2.638973e+01 2.500000e+00
      vertex   -3.483681e+01 2.613627e+01 2.500000e+00
    endloop
  endfacet
  facet normal 6.087602e-01 7.933517e-01 2.008798e-03
    outer loop
      vertex   -3.513137e+01 2.636863e+01 0.000000e+00
      vertex   -3.483681e+01 2.613627e+01 2.500000e+00
      vertex   -3.480000e+01 2.611436e+01 0.000000e+00
    endloop
  endfacet
  facet normal 4.110610e-01 9.116058e-01 -1.938212e-03
    outer loop
      vertex   -3.480000e+01 2.611436e+01 0.000000e+00
      vertex   -3.483681e+01 2.613627e+01 2.500000e+00
      vertex   -3.446804e+01 2.596999e+01 2.500000e+00
    endloop
  endfacet
  facet normal 3.826822e-01 9.238766e-01 2.538669e-03
    outer loop
      vertex   -3.480000e+01 2.611436e+01 0.000000e+00
      vertex   -3.446804e+01 2.596999e+01 2.500000e+00
      vertex   -3.441411e+01 2.595452e+01 0.000000e+00
    endloop
  endfacet
  facet normal 1.692941e-01 9.855625e-01 -2.446172e-03
    outer loop
      vertex   -3.441411e+01 2.595452e+01 0.000000e+00
      vertex   -3.446804e+01 2.596999e+01 2.500000e+00
      vertex   -3.406936e+01 2.590150e+01 2.500000e+00
    endloop
  endfacet
  facet normal 1.305256e-01 9.914403e-01 3.024707e-03
    outer loop
      vertex   -3.441411e+01 2.595452e+01 0.000000e+00
      vertex   -3.406936e+01 2.590150e+01 2.500000e+00
      vertex   -3.400000e+01 2.590000e+01 0.000000e+00
    endloop
  endfacet
  facet normal -8.329372e-02 9.965208e-01 -2.910282e-03
    outer loop
      vertex   -3.400000e+01 2.590000e+01 0.000000e+00
      vertex   -3.406936e+01 2.590150e+01 2.500000e+00
      vertex   -3.366624e+01 2.593520e+01 2.500000e+00
    endloop
  endfacet
  facet normal -1.305254e-01 9.914389e-01 3.466879e-03
    outer loop
      vertex   -3.400000e+01 2.590000e+01 0.000000e+00
      vertex   -3.366624e+01 2.593520e+01 2.500000e+00
      vertex   -3.358589e+01 2.595452e+01 0.000000e+00
    endloop
  endfacet
  facet normal -3.305567e-01 9.437803e-01 -3.330510e-03
    outer loop
      vertex   -3.358589e+01 2.595452e+01 0.000000e+00
      vertex   -3.366624e+01 2.593520e+01 2.500000e+00
      vertex   -3.328446e+01 2.606892e+01 2.500000e+00
    endloop
  endfacet
  facet normal -3.826806e-01 9.238726e-01 3.865153e-03
    outer loop
      vertex   -3.358589e+01 2.595452e+01 0.000000e+00
      vertex   -3.328446e+01 2.606892e+01 2.500000e+00
      vertex   -3.320000e+01 2.611436e+01 0.000000e+00
    endloop
  endfacet
  facet normal -5.566895e-01 8.307124e-01 -3.706827e-03
    outer loop
      vertex   -3.320000e+01 2.611436e+01 0.000000e+00
      vertex   -3.328446e+01 2.606892e+01 2.500000e+00
      vertex   -3.294841e+01 2.629411e+01 2.500000e+00
    endloop
  endfacet
  facet normal -6.087560e-01 7.933463e-01 4.219504e-03
    outer loop
      vertex   -3.320000e+01 2.611436e+01 0.000000e+00
      vertex   -3.294841e+01 2.629411e+01 2.500000e+00
      vertex   -3.286863e+01 2.636863e+01 0.000000e+00
    endloop
  endfacet
  facet normal -7.472375e-01 6.645448e-01 -4.039209e-03
    outer loop
      vertex   -3.286863e+01 2.636863e+01 0.000000e+00
      vertex   -3.294841e+01 2.629411e+01 2.500000e+00
      vertex   -3.267959e+01 2.659639e+01 2.500000e+00
    endloop
  endfacet
  facet normal -7.933452e-01 6.087552e-01 4.529908e-03
    outer loop
      vertex   -3.286863e+01 2.636863e+01 0.000000e+00
      vertex   -3.267959e+01 2.659639e+01 2.500000e+00
      vertex   -3.261436e+01 2.670000e+01 0.000000e+00
    endloop
  endfacet
  facet normal -8.900208e-01 4.558993e-01 -4.327631e-03
    outer loop
      vertex   -3.261436e+01 2.670000e+01 0.000000e+00
      vertex   -3.267959e+01 2.659639e+01 2.500000e+00
      vertex   -3.249517e+01 2.695642e+01 2.500000e+00
    endloop
  endfacet
  facet normal -9.238689e-01 3.826790e-01 4.796342e-03
    outer loop
      vertex   -3.261436e+01 2.670000e+01 0.000000e+00
      vertex   -3.249517e+01 2.695642e+01 2.500000e+00
      vertex   -3.245452e+01 2.708589e+01 0.000000e+00
    endloop
  endfacet
  facet normal -9.759129e-01 2.181127e-01 -4.572076e-03
    outer loop
      vertex   -3.245452e+01 2.708589e+01 0.000000e+00
      vertex   -3.249517e+01 2.695642e+01 2.500000e+00
      vertex   -3.240693e+01 2.735121e+01 2.500000e+00
    endloop
  endfacet
  facet normal -9.914324e-01 1.305245e-01 5.018790e-03
    outer loop
      vertex   -3.245452e+01 2.708589e+01 0.000000e+00
      vertex   -3.240693e+01 2.735121e+01 2.500000e+00
      vertex   -3.240000e+01 2.750000e+01 0.000000e+00
    endloop
  endfacet
  facet normal -9.994235e-01 -3.361532e-02 -4.772526e-03
    outer loop
      vertex   -3.240000e+01 2.750000e+01 0.000000e+00
      vertex   -3.240693e+01 2.735121e+01 2.500000e+00
      vertex   -3.242053e+01 2.775550e+01 2.500000e+00
    endloop
  endfacet
  facet normal -9.914315e-01 -1.305244e-01 5.197237e-03
    outer loop
      vertex   -3.240000e+01 2.750000e+01 0.000000e+00
      vertex   -3.242053e+01 2.775550e+01 2.500000e+00
      vertex   -3.245452e+01 2.791411e+01 0.000000e+00
    endloop
  endfacet
  facet normal -9.590499e-01 -2.831942e-01 -4.928968e-03
    outer loop
      vertex   -3.245452e+01 2.791411e+01 0.000000e+00
      vertex   -3.242053e+01 2.775550e+01 2.500000e+00
      vertex   -3.253509e+01 2.814346e+01 2.500000e+00
    endloop
  endfacet
  facet normal -9.238664e-01 -3.826780e-01 5.331671e-03
    outer loop
      vertex   -3.245452e+01 2.791411e+01 0.000000e+00
      vertex   -3.253509e+01 2.814346e+01 2.500000e+00
      vertex   -3.261436e+01 2.830000e+01 0.000000e+00
    endloop
  endfacet
  facet normal -8.573731e-01 -5.146708e-01 -5.041392e-03
    outer loop
      vertex   -3.261436e+01 2.830000e+01 0.000000e+00
      vertex   -3.253509e+01 2.814346e+01 2.500000e+00
      vertex   -3.274329e+01 2.849029e+01 2.500000e+00
    endloop
  endfacet
  facet normal -7.933417e-01 -6.087525e-01 5.422082e-03
    outer loop
      vertex   -3.261436e+01 2.830000e+01 0.000000e+00
      vertex   -3.274329e+01 2.849029e+01 2.500000e+00
      vertex   -3.286863e+01 2.863137e+01 0.000000e+00
    endloop
  endfacet
  facet normal -7.008922e-01 -7.132489e-01 -5.109790e-03
    outer loop
      vertex   -3.286863e+01 2.863137e+01 0.000000e+00
      vertex   -3.274329e+01 2.849029e+01 2.500000e+00
      vertex   -3.303182e+01 2.877382e+01 2.500000e+00
    endloop
  endfacet
  facet normal -6.087523e-01 -7.933415e-01 5.468464e-03
    outer loop
      vertex   -3.286863e+01 2.863137e+01 0.000000e+00
      vertex   -3.303182e+01 2.877382e+01 2.500000e+00
      vertex   -3.320000e+01 2.888564e+01 0.000000e+00
    endloop
  endfacet
  facet normal -4.996098e-01 -8.662354e-01 -5.134157e-03
    outer loop
      vertex   -3.320000e+01 2.888564e+01 0.000000e+00
      vertex   -3.303182e+01 2.877382e+01 2.500000e+00
      vertex   -3.338223e+01 2.897593e+01 2.500000e+00
    endloop
  endfacet
  facet normal -3.826777e-01 -9.238657e-01 5.470815e-03
    outer loop
      vertex   -3.320000e+01 2.888564e+01 0.000000e+00
      vertex   -3.338223e+01 2.897593e+01 2.500000e+00
      vertex   -3.358589e+01 2.904548e+01 0.000000e+00
    endloop
  endfacet
  facet normal -2.663918e-01 -9.638513e-01 -5.114492e-03
    outer loop
      vertex   -3.358589e+01 2.904548e+01 0.000000e+00
      vertex   -3.338223e+01 2.897593e+01 2.500000e+00
      vertex   -3.377214e+01 2.908369e+01 2.500000e+00
    endloop
  endfacet
  facet normal -1.305243e-01 -9.914302e-01 5.429135e-03
    outer loop
      vertex   -3.358589e+01 2.904548e+01 0.000000e+00
      vertex   -3.377214e+01 2.908369e+01 2.500000e+00
      vertex   -3.400000e+01 2.910000e+01 0.000000e+00
    endloop
  endfacet
  facet normal -1.614572e-02 -9.998569e-01 -5.050797e-03
    outer loop
      vertex   -3.400000e+01 2.910000e+01 0.000000e+00
      vertex   -3.377214e+01 2.908369e+01 2.500000e+00
      vertex   -3.417661e+01 2.909022e+01 2.500000e+00
    endloop
  endfacet
  facet normal 1.305243e-01 -9.914307e-01 5.343426e-03
    outer loop
      vertex   -3.400000e+01 2.910000e+01 0.000000e+00
      vertex   -3.417661e+01 2.909022e+01 2.500000e+00
      vertex   -3.441411e+01 2.904548e+01 0.000000e+00
    endloop
  endfacet
  facet normal 2.351326e-01 -9.719507e-01 -4.943074e-03
    outer loop
      vertex   -3.441411e+01 2.904548e+01 0.000000e+00
      vertex   -3.417661e+01 2.909022e+01 2.500000e+00
      vertex   -3.456979e+01 2.899511e+01 2.500000e+00
    endloop
  endfacet
  facet normal 3.078713e-01 -9.514280e-01 0.000000e+00
    outer loop
      vertex   -3.441411e+01 2.904548e+01 0.000000e+00
      vertex   -3.456979e+01 2.899511e+01 2.500000e+00
      vertex   -3.456979e+01 2.899511e+01 5.000000e-01
    endloop
  endfacet
  facet normal 3.825535e-01 -9.235658e-01 2.605997e-02
    outer loop
      vertex   -3.441411e+01 2.904548e+01 0.000000e+00
      vertex   -3.456979e+01 2.899511e+01 5.000000e-01
      vertex   -3.480000e+01 2.888564e+01 0.000000e+00
    endloop
  endfacet
  facet normal 3.868114e-01 -9.218536e-01 2.372469e-02
    outer loop
      vertex   -3.480000e+01 2.888564e+01 0.000000e+00
      vertex   -3.456979e+01 2.899511e+01 5.000000e-01
      vertex   -3.466767e+01 2.895403e+01 5.000000e-01
    endloop
  endfacet
  facet normal 4.472100e-01 -8.944201e-01 3.987671e-03
    outer loop
      vertex   -3.480000e+01 2.888564e+01 0.000000e+00
      vertex   -3.466767e+01 2.895403e+01 5.000000e-01
      vertex   -3.476262e+01 2.890656e+01 5.000000e-01
    endloop
  endfacet
  facet normal 5.055376e-01 -8.628029e-01 -1.695521e-03
    outer loop
      vertex   -3.476262e+01 2.890656e+01 5.000000e-01
      vertex   -3.485421e+01 2.885289e+01 5.000000e-01
      vertex   -3.480000e+01 2.888564e+01 0.000000e+00
    endloop
  endfacet
  facet normal 6.087014e-01 -7.932751e-01 1.404326e-02
    outer loop
      vertex   -3.480000e+01 2.888564e+01 0.000000e+00
      vertex   -3.485421e+01 2.885289e+01 5.000000e-01
      vertex   -3.513137e+01 2.863137e+01 0.000000e+00
    endloop
  endfacet
  facet normal 0.000000e+00 -0.000000e+00 1.000000e+00
    outer loop
      vertex   -3.554548e+01 2.708589e+01 0.000000e+00
      vertex   -3.245452e+01 2.708589e+01 0.000000e+00
      vertex   -3.560000e+01 2.750000e+01 0.000000e+00
    endloop
  endfacet
  facet normal -0.000000e+00 0.000000e+00 1.000000e+00
    outer loop
      vertex   -3.560000e+01 2.750000e+01 0.000000e+00
      vertex   -3.245452e+01 2.708589e+01 0.000000e+00
      vertex   -3.240000e+01 2.750000e+01 0.000000e+00
    endloop
  endfacet
  facet normal 0.000000e+00 0.000000e+00 1.000000e+00
    outer loop
      vertex   -3.560000e+01 2.750000e+01 0.000000e+00
      vertex   -3.240000e+01 2.750000e+01 0.000000e+00
      vertex   -3.554548e+01 2.791411e+01 0.000000e+00
    endloop
  endfacet
  facet normal -0.000000e+00 0.000000e+00 1.000000e+00
    outer loop
      vertex   -3.554548e+01 2.791411e+01 0.000000e+00
      vertex   -3.240000e+01 2.750000e+01 0.000000e+00
      vertex   -3.245452e+01 2.791411e+01 0.000000e+00
    endloop
  endfacet
  facet normal 0.000000e+00 0.000000e+00 1.000000e+00
    outer loop
      vertex   -3.554548e+01 2.791411e+01 0.000000e+00
      vertex   -3.245452e+01 2.791411e+01 0.000000e+00
      vertex   -3.538564e+01 2.830000e+01 0.000000e+00
    endloop
  endfacet
  facet normal -0.000000e+00 0.000000e+00 1.000000e+00
    outer loop
      vertex   -3.538564e+01 2.830000e+01 0.000000e+00
      vertex   -3.245452e+01 2.791411e+01 0.000000e+00
      vertex   -3.261436e+01 2.830000e+01 0.000000e+00
    endloop
  endfacet
  facet normal 0.000000e+00 0.000000e+00 1.000000e+00
    outer loop
      vertex   -3.538564e+01 2.830000e+01 0.000000e+00
      vertex   -3.261436e+01 2.830000e+01 0.000000e+00
      vertex   -3.513137e+01 2.863137e+01 0.000000e+00
    endloop
  endfacet
  facet normal -0.000000e+00 0.000000e+00 1.000000e+00
    outer loop
      vertex   -3.513137e+01 2.863137e+01 0.000000e+00
      vertex   -3.261436e+01 2.830000e+01 0.000000e+00
      vertex   -3.286863e+01 2.863137e+01 0.000000e+00
    endloop
  endfacet
  facet normal 0.000000e+00 0.000000e+00 1.000000e+00
    outer loop
      vertex   -3.513137e+01 2.863137e+01 0.000000e+00
      vertex   -3.286863e+01 2.863137e+01 0.000000e+00
      vertex   -3.480000e+01 2.888564e+01 0.000000e+00
    endloop
  endfacet
  facet normal -0.000000e+00 0.000000e+00 1.000000e+00
    outer loop
      vertex   -3.480000e+01 2.888564e+01 0.000000e+00
      vertex   -3.286863e+01 2.863137e+01 0.000000e+00
      vertex   -3.320000e+01 2.888564e+01 0.000000e+00
    endloop
  endfacet
  facet normal 0.000000e+00 0.000000e+00 1.000000e+00
    outer loop
      vertex   -3.480000e+01 2.888564e+01 0.000000e+00
      vertex   -3.320000e+01 2.888564e+01 0.000000e+00
      vertex   -3.441411e+01 2.904548e+01 0.000000e+00
    endloop
  endfacet
  facet normal -0.000000e+00 0.000000e+00 1.000000e+00
    outer loop
      vertex   -3.441411e+01 2.904548e+01 0.000000e+00
      vertex   -3.320000e+01 2.888564e+01 0.000000e+00
      vertex   -3.358589e+01 2.904548e+01 0.000000e+00
    endloop
  endfacet
  facet normal 0.000000e+00 0.000000e+00 1.000000e+00
    outer loop
      vertex   -3.441411e+01 2.904548e+01 0.000000e+00
      vertex   -3.358589e+01 2.904548e+01 0.000000e+00
      vertex   -3.400000e+01 2.910000e+01 0.000000e+00
    endloop
  endfacet
  facet normal 0.000000e+00 0.000000e+00 1.000000e+00
    outer loop
      vertex   -3.245452e+01 2.708589e+01 0.000000e+00
      vertex   -3.554548e+01 2.708589e+01 0.000000e+00
      vertex   -3.261436e+01 2.670000e+01 0.000000e+00
    endloop
  endfacet
  facet normal 0.000000e+00 0.000000e+00 1.000000e+00
    outer loop
      vertex   -3.261436e+01 2.670000e+01 0.000000e+00
      vertex   -3.554548e+01 2.708589e+01 0.000000e+00
      vertex   -3.538564e+01 2.670000e+01 0.000000e+00
    endloop
  endfacet
  facet normal 0.000000e+00 0.000000e+00 1.000000e+00
    outer loop
      vertex   -3.261436e+01 2.670000e+01 0.000000e+00
      vertex   -3.538564e+01 2.670000e+01 0.000000e+00
      vertex   -3.286863e+01 2.636863e+01 0.000000e+00
    endloop
  endfacet
  facet normal 0.000000e+00 0.000000e+00 1.000000e+00
    outer loop
      vertex   -3.286863e+01 2.636863e+01 0.000000e+00
      vertex   -3.538564e+01 2.670000e+01 0.000000e+00
      vertex   -3.513137e+01 2.636863e+01 0.000000e+00
    endloop
  endfacet
  facet normal 0.000000e+00 0.000000e+00 1.000000e+00
    outer loop
      vertex   -3.286863e+01 2.636863e+01 0.000000e+00
      vertex   -3.513137e+01 2.636863e+01 0.000000e+00
      vertex   -3.320000e+01 2.611436e+01 0.000000e+00
    endloop
  endfacet
  facet normal 0.000000e+00 0.000000e+00 1.000000e+00
    outer loop
      vertex   -3.320000e+01 2.611436e+01 0.000000e+00
      vertex   -3.513137e+01 2.636863e+01 0.000000e+00
      vertex   -3.480000e+01 2.611436e+01 0.000000e+00
    endloop
  endfacet
  facet normal 0.000000e+00 0.000000e+00 1.000000e+00
    outer loop
      vertex   -3.320000e+01 2.611436e+01 0.000000e+00
      vertex   -3.480000e+01 2.611436e+01 0.000000e+00
      vertex   -3.358589e+01 2.595452e+01 0.000000e+00
    endloop
  endfacet
  facet normal 0.000000e+00 0.000000e+00 1.000000e+00
    outer loop
      vertex   -3.358589e+01 2.595452e+01 0.000000e+00
      vertex   -3.480000e+01 2.611436e+01 0.000000e+00
      vertex   -3.441411e+01 2.595452e+01 0.000000e+00
    endloop
  endfacet
  facet normal 0.000000e+00 0.000000e+00 1.000000e+00
    outer loop
      vertex   -3.358589e+01 2.595452e+01 0.000000e+00
      vertex   -3.441411e+01 2.595452e+01 0.000000e+00
      vertex   -3.400000e+01 2.590000e+01 0.000000e+00
    endloop
  endfacet
  facet normal -3.078713e-01 -9.514280e-01 0.000000e+00
    outer loop
      vertex   3.456979e+01 2.899511e+01 5.000000e-01
      vertex   3.456979e+01 2.899511e+01 2.500000e+00
      vertex   3.441411e+01 2.904548e+01 0.000000e+00
    endloop
  endfacet
  facet normal -2.351326e-01 -9.719507e-01 -4.943074e-03
    outer loop
      vertex   3.441411e+01 2.904548e+01 0.000000e+00
      vertex   3.456979e+01 2.899511e+01 2.500000e+00
      vertex   3.417661e+01 2.909022e+01 2.500000e+00
    endloop
  endfacet
  facet normal -1.305243e-01 -9.914307e-01 5.343426e-03
    outer loop
      vertex   3.441411e+01 2.904548e+01 0.000000e+00
      vertex   3.417661e+01 2.909022e+01 2.500000e+00
      vertex   3.400000e+01 2.910000e+01 0.000000e+00
    endloop
  endfacet
  facet normal 1.614572e-02 -9.998569e-01 -5.050797e-03
    outer loop
      vertex   3.400000e+01 2.910000e+01 0.000000e+00
      vertex   3.417661e+01 2.909022e+01 2.500000e+00
      vertex   3.377214e+01 2.908369e+01 2.500000e+00
    endloop
  endfacet
  facet normal 1.305243e-01 -9.914302e-01 5.429135e-03
    outer loop
      vertex   3.400000e+01 2.910000e+01 0.000000e+00
      vertex   3.377214e+01 2.908369e+01 2.500000e+00
      vertex   3.358589e+01 2.904548e+01 0.000000e+00
    endloop
  endfacet
  facet normal 2.663918e-01 -9.638513e-01 -5.114492e-03
    outer loop
      vertex   3.358589e+01 2.904548e+01 0.000000e+00
      vertex   3.377214e+01 2.908369e+01 2.500000e+00
      vertex   3.338223e+01 2.897593e+01 2.500000e+00
    endloop
  endfacet
  facet normal 3.826777e-01 -9.238657e-01 5.470815e-03
    outer loop
      vertex   3.358589e+01 2.904548e+01 0.000000e+00
      vertex   3.338223e+01 2.897593e+01 2.500000e+00
      vertex   3.320000e+01 2.888564e+01 0.000000e+00
    endloop
  endfacet
  facet normal 4.996098e-01 -8.662354e-01 -5.134157e-03
    outer loop
      vertex   3.320000e+01 2.888564e+01 0.000000e+00
      vertex   3.338223e+01 2.897593e+01 2.500000e+00
      vertex   3.303182e+01 2.877382e+01 2.500000e+00
    endloop
  endfacet
  facet normal 6.087523e-01 -7.933415e-01 5.468464e-03
    outer loop
      vertex   3.320000e+01 2.888564e+01 0.000000e+00
      vertex   3.303182e+01 2.877382e+01 2.500000e+00
      vertex   3.286863e+01 2.863137e+01 0.000000e+00
    endloop
  endfacet
  facet normal 7.008922e-01 -7.132489e-01 -5.109790e-03
    outer loop
      vertex   3.286863e+01 2.863137e+01 0.000000e+00
      vertex   3.303182e+01 2.877382e+01 2.500000e+00
      vertex   3.274329e+01 2.849029e+01 2.500000e+00
    endloop
  endfacet
  facet normal 7.933417e-01 -6.087525e-01 5.422082e-03
    outer loop
      vertex   3.286863e+01 2.863137e+01 0.000000e+00
      vertex   3.274329e+01 2.849029e+01 2.500000e+00
      vertex   3.261436e+01 2.830000e+01 0.000000e+00
    endloop
  endfacet
  facet normal 8.573731e-01 -5.146708e-01 -5.041392e-03
    outer loop
      vertex   3.261436e+01 2.830000e+01 0.000000e+00
      vertex   3.274329e+01 2.849029e+01 2.500000e+00
      vertex   3.253509e+01 2.814346e+01 2.500000e+00
    endloop
  endfacet
  facet normal 9.238664e-01 -3.826780e-01 5.331671e-03
    outer loop
      vertex   3.261436e+01 2.830000e+01 0.000000e+00
      vertex   3.253509e+01 2.814346e+01 2.500000e+00
      vertex   3.245452e+01 2.791411e+01 0.000000e+00
    endloop
  endfacet
  facet normal 9.590499e-01 -2.831942e-01 -4.928968e-03
    outer loop
      vertex   3.245452e+01 2.791411e+01 0.000000e+00
      vertex   3.253509e+01 2.814346e+01 2.500000e+00
      vertex   3.242053e+01 2.775550e+01 2.500000e+00
    endloop
  endfacet
  facet normal 9.914315e-01 -1.305244e-01 5.197237e-03
    outer loop
      vertex   3.245452e+01 2.791411e+01 0.000000e+00
      vertex   3.242053e+01 2.775550e+01 2.500000e+00
      vertex   3.240000e+01 2.750000e+01 0.000000e+00
    endloop
  endfacet
  facet normal 9.994235e-01 -3.361532e-02 -4.772526e-03
    outer loop
      vertex   3.240000e+01 2.750000e+01 0.000000e+00
      vertex   3.242053e+01 2.775550e+01 2.500000e+00
      vertex   3.240693e+01 2.735121e+01 2.500000e+00
    endloop
  endfacet
  facet normal 9.914324e-01 1.305245e-01 5.018790e-03
    outer loop
      vertex   3.240000e+01 2.750000e+01 0.000000e+00
      vertex   3.240693e+01 2.735121e+01 2.500000e+00
      vertex   3.245452e+01 2.708589e+01 0.000000e+00
    endloop
  endfacet
  facet normal 9.759129e-01 2.181127e-01 -4.572076e-03
    outer loop
      vertex   3.245452e+01 2.708589e+01 0.000000e+00
      vertex   3.240693e+01 2.735121e+01 2.500000e+00
      vertex   3.249517e+01 2.695642e+01 2.500000e+00
    endloop
  endfacet
  facet normal 9.238689e-01 3.826790e-01 4.796342e-03
    outer loop
      vertex   3.245452e+01 2.708589e+01 0.000000e+00
      vertex   3.249517e+01 2.695642e+01 2.500000e+00
      vertex   3.261436e+01 2.670000e+01 0.000000e+00
    endloop
  endfacet
  facet normal 8.900208e-01 4.558993e-01 -4.327631e-03
    outer loop
      vertex   3.261436e+01 2.670000e+01 0.000000e+00
      vertex   3.249517e+01 2.695642e+01 2.500000e+00
      vertex   3.267959e+01 2.659639e+01 2.500000e+00
    endloop
  endfacet
  facet normal 7.933452e-01 6.087552e-01 4.529908e-03
    outer loop
      vertex   3.261436e+01 2.670000e+01 0.000000e+00
      vertex   3.267959e+01 2.659639e+01 2.500000e+00
      vertex   3.286863e+01 2.636863e+01 0.000000e+00
    endloop
  endfacet
  facet normal 7.472375e-01 6.645448e-01 -4.039209e-03
    outer loop
      vertex   3.286863e+01 2.636863e+01 0.000000e+00
      vertex   3.267959e+01 2.659639e+01 2.500000e+00
      vertex   3.294841e+01 2.629411e+01 2.500000e+00
    endloop
  endfacet
  facet normal 6.087560e-01 7.933463e-01 4.219504e-03
    outer loop
      vertex   3.286863e+01 2.636863e+01 0.000000e+00
      vertex   3.294841e+01 2.629411e+01 2.500000e+00
      vertex   3.320000e+01 2.611436e+01 0.000000e+00
    endloop
  endfacet
  facet normal 5.566895e-01 8.307124e-01 -3.706827e-03
    outer loop
      vertex   3.320000e+01 2.611436e+01 0.000000e+00
      vertex   3.294841e+01 2.629411e+01 2.500000e+00
      vertex   3.328446e+01 2.606892e+01 2.500000e+00
    endloop
  endfacet
  facet normal 3.826806e-01 9.238726e-01 3.865153e-03
    outer loop
      vertex   3.320000e+01 2.611436e+01 0.000000e+00
      vertex   3.328446e+01 2.606892e+01 2.500000e+00
      vertex   3.358589e+01 2.595452e+01 0.000000e+00
    endloop
  endfacet
  facet normal 3.305567e-01 9.437803e-01 -3.330510e-03
    outer loop
      vertex   3.358589e+01 2.595452e+01 0.000000e+00
      vertex   3.328446e+01 2.606892e+01 2.500000e+00
      vertex   3.366624e+01 2.593520e+01 2.500000e+00
    endloop
  endfacet
  facet normal 1.305254e-01 9.914389e-01 3.466879e-03
    outer loop
      vertex   3.358589e+01 2.595452e+01 0.000000e+00
      vertex   3.366624e+01 2.593520e+01 2.500000e+00
      vertex   3.400000e+01 2.590000e+01 0.000000e+00
    endloop
  endfacet
  facet normal 8.329372e-02 9.965208e-01 -2.910282e-03
    outer loop
      vertex   3.400000e+01 2.590000e+01 0.000000e+00
      vertex   3.366624e+01 2.593520e+01 2.500000e+00
      vertex   3.406936e+01 2.590150e+01 2.500000e+00
    endloop
  endfacet
  facet normal -1.305256e-01 9.914403e-01 3.024707e-03
    outer loop
      vertex   3.400000e+01 2.590000e+01 0.000000e+00
      vertex   3.406936e+01 2.590150e+01 2.500000e+00
      vertex   3.441411e+01 2.595452e+01 0.000000e+00
    endloop
  endfacet
  facet normal -1.692941e-01 9.855625e-01 -2.446172e-03
    outer loop
      vertex   3.441411e+01 2.595452e+01 0.000000e+00
      vertex   3.406936e+01 2.590150e+01 2.500000e+00
      vertex   3.446804e+01 2.596999e+01 2.500000e+00
    endloop
  endfacet
  facet normal -3.826822e-01 9.238766e-01 2.538669e-03
    outer loop
      vertex   3.441411e+01 2.595452e+01 0.000000e+00
      vertex   3.446804e+01 2.596999e+01 2.500000e+00
      vertex   3.480000e+01 2.611436e+01 0.000000e+00
    endloop
  endfacet
  facet normal -4.110610e-01 9.116058e-01 -1.938212e-03
    outer loop
      vertex   3.480000e+01 2.611436e+01 0.000000e+00
      vertex   3.446804e+01 2.596999e+01 2.500000e+00
      vertex   3.483681e+01 2.613627e+01 2.500000e+00
    endloop
  endfacet
  facet normal -6.087602e-01 7.933517e-01 2.008798e-03
    outer loop
      vertex   3.480000e+01 2.611436e+01 0.000000e+00
      vertex   3.483681e+01 2.613627e+01 2.500000e+00
      vertex   3.513137e+01 2.636863e+01 0.000000e+00
    endloop
  endfacet
  facet normal -6.265529e-01 7.793777e-01 -1.386436e-03
    outer loop
      vertex   3.513137e+01 2.636863e+01 0.000000e+00
      vertex   3.483681e+01 2.613627e+01 2.500000e+00
      vertex   3.515208e+01 2.638973e+01 2.500000e+00
    endloop
  endfacet
  facet normal -7.933525e-01 6.087608e-01 1.435130e-03
    outer loop
      vertex   3.513137e+01 2.636863e+01 0.000000e+00
      vertex   3.515208e+01 2.638973e+01 2.500000e+00
      vertex   3.538564e+01 2.670000e+01 0.000000e+00
    endloop
  endfacet
  facet normal -8.019948e-01 5.973305e-01 -7.908833e-04
    outer loop
      vertex   3.538564e+01 2.670000e+01 0.000000e+00
      vertex   3.515208e+01 2.638973e+01 2.500000e+00
      vertex   3.539371e+01 2.671415e+01 2.500000e+00
    endloop
  endfacet
  facet normal -9.238792e-01 3.826833e-01 8.177042e-04
    outer loop
      vertex   3.538564e+01 2.670000e+01 0.000000e+00
      vertex   3.539371e+01 2.671415e+01 2.500000e+00
      vertex   3.554548e+01 2.708589e+01 0.000000e+00
    endloop
  endfacet
  facet normal -9.261722e-01 3.771008e-01 -1.515946e-04
    outer loop
      vertex   3.554548e+01 2.708589e+01 0.000000e+00
      vertex   3.539371e+01 2.671415e+01 2.500000e+00
      vertex   3.554626e+01 2.708881e+01 2.500000e+00
    endloop
  endfacet
  facet normal -9.911474e-01 1.327662e-01 1.538569e-04
    outer loop
      vertex   3.554548e+01 2.708589e+01 0.000000e+00
      vertex   3.554626e+01 2.708881e+01 2.500000e+00
      vertex   3.559997e+01 2.748975e+01 2.500000e+00
    endloop
  endfacet
  facet normal -9.914447e-01 1.305262e-01 5.221964e-04
    outer loop
      vertex   3.554548e+01 2.708589e+01 0.000000e+00
      vertex   3.559997e+01 2.748975e+01 2.500000e+00
      vertex   3.560000e+01 2.750000e+01 0.000000e+00
    endloop
  endfacet
  facet normal -9.927671e-01 -1.200550e-01 -5.053241e-04
    outer loop
      vertex   3.560000e+01 2.750000e+01 0.000000e+00
      vertex   3.559997e+01 2.748975e+01 2.500000e+00
      vertex   3.555140e+01 2.789135e+01 2.500000e+00
    endloop
  endfacet
  facet normal -9.914442e-01 -1.305261e-01 1.159525e-03
    outer loop
      vertex   3.560000e+01 2.750000e+01 0.000000e+00
      vertex   3.555140e+01 2.789135e+01 2.500000e+00
      vertex   3.554548e+01 2.791411e+01 0.000000e+00
    endloop
  endfacet
  facet normal -9.309277e-01 -3.652019e-01 -1.120789e-03
    outer loop
      vertex   3.554548e+01 2.791411e+01 0.000000e+00
      vertex   3.555140e+01 2.789135e+01 2.500000e+00
      vertex   3.540367e+01 2.826793e+01 2.500000e+00
    endloop
  endfacet
  facet normal -9.238781e-01 -3.826828e-01 1.753115e-03
    outer loop
      vertex   3.554548e+01 2.791411e+01 0.000000e+00
      vertex   3.540367e+01 2.826793e+01 2.500000e+00
      vertex   3.538564e+01 2.830000e+01 0.000000e+00
    endloop
  endfacet
  facet normal -8.095821e-01 -5.870042e-01 -1.692495e-03
    outer loop
      vertex   3.538564e+01 2.830000e+01 0.000000e+00
      vertex   3.540367e+01 2.826793e+01 2.500000e+00
      vertex   3.516621e+01 2.859542e+01 2.500000e+00
    endloop
  endfacet
  facet normal -7.933512e-01 -6.087598e-01 2.302925e-03
    outer loop
      vertex   3.538564e+01 2.830000e+01 0.000000e+00
      vertex   3.516621e+01 2.859542e+01 2.500000e+00
      vertex   3.513137e+01 2.863137e+01 0.000000e+00
    endloop
  endfacet
  facet normal -6.364872e-01 -7.712841e-01 -2.220403e-03
    outer loop
      vertex   3.513137e+01 2.863137e+01 0.000000e+00
      vertex   3.516621e+01 2.859542e+01 2.500000e+00
      vertex   3.485421e+01 2.885289e+01 2.500000e+00
    endloop
  endfacet
  facet normal -6.243441e-01 -7.811495e-01 0.000000e+00
    outer loop
      vertex   3.513137e+01 2.863137e+01 0.000000e+00
      vertex   3.485421e+01 2.885289e+01 2.500000e+00
      vertex   3.485421e+01 2.885289e+01 5.000000e-01
    endloop
  endfacet
  facet normal -6.087014e-01 -7.932751e-01 1.404326e-02
    outer loop
      vertex   3.513137e+01 2.863137e+01 0.000000e+00
      vertex   3.485421e+01 2.885289e+01 5.000000e-01
      vertex   3.480000e+01 2.888564e+01 0.000000e+00
    endloop
  endfacet
  facet normal -5.055376e-01 -8.628029e-01 -1.695521e-03
    outer loop
      vertex   3.480000e+01 2.888564e+01 0.000000e+00
      vertex   3.485421e+01 2.885289e+01 5.000000e-01
      vertex   3.476262e+01 2.890656e+01 5.000000e-01
    endloop
  endfacet
  facet normal -4.472100e-01 -8.944201e-01 3.987671e-03
    outer loop
      vertex   3.480000e+01 2.888564e+01 0.000000e+00
      vertex   3.476262e+01 2.890656e+01 5.000000e-01
      vertex   3.466767e+01 2.895403e+01 5.000000e-01
    endloop
  endfacet
  facet normal -3.868114e-01 -9.218536e-01 2.372469e-02
    outer loop
      vertex   3.466767e+01 2.895403e+01 5.000000e-01
      vertex   3.456979e+01 2.899511e+01 5.000000e-01
      vertex   3.480000e+01 2.888564e+01 0.000000e+00
    endloop
  endfacet
  facet normal -3.825535e-01 -9.235658e-01 2.605997e-02
    outer loop
      vertex   3.480000e+01 2.888564e+01 0.000000e+00
      vertex   3.456979e+01 2.899511e+01 5.000000e-01
      vertex   3.441411e+01 2.904548e+01 0.000000e+00
    endloop
  endfacet
  facet normal 0.000000e+00 -0.000000e+00 1.000000e+00
    outer loop
      vertex   3.245452e+01 2.708589e+01 0.000000e+00
      vertex   3.554548e+01 2.708589e+01 0.000000e+00
      vertex   3.240000e+01 2.750000e+01 0.000000e+00
    endloop
  endfacet
  facet normal -0.000000e+00 0.000000e+00 1.000000e+00
    outer loop
      vertex   3.240000e+01 2.750000e+01 0.000000e+00
      vertex   3.554548e+01 2.708589e+01 0.000000e+00
      vertex   3.560000e+01 2.750000e+01 0.000000e+00
    endloop
  endfacet
  facet normal 0.000000e+00 0.000000e+00 1.000000e+00
    outer loop
      vertex   3.240000e+01 2.750000e+01 0.000000e+00
      vertex   3.560000e+01 2.750000e+01 0.000000e+00
      vertex   3.245452e+01 2.791411e+01 0.000000e+00
    endloop
  endfacet
  facet normal -0.000000e+00 0.000000e+00 1.000000e+00
    outer loop
      vertex   3.245452e+01 2.791411e+01 0.000000e+00
      vertex   3.560000e+01 2.750000e+01 0.000000e+00
      vertex   3.554548e+01 2.791411e+01 0.000000e+00
    endloop
  endfacet
  facet normal 0.000000e+00 0.000000e+00 1.000000e+00
    outer loop
      vertex   3.245452e+01 2.791411e+01 0.000000e+00
      vertex   3.554548e+01 2.791411e+01 0.000000e+00
      vertex   3.261436e+01 2.830000e+01 0.000000e+00
    endloop
  endfacet
  facet normal -0.000000e+00 0.000000e+00 1.000000e+00
    outer loop
      vertex   3.261436e+01 2.830000e+01 0.000000e+00
      vertex   3.554548e+01 2.791411e+01 0.000000e+00
      vertex   3.538564e+01 2.830000e+01 0.000000e+00
    endloop
  endfacet
  facet normal 0.000000e+00 0.000000e+00 1.000000e+00
    outer loop
      vertex   3.261436e+01 2.830000e+01 0.000000e+00
      vertex   3.538564e+01 2.830000e+01 0.000000e+00
      vertex   3.286863e+01 2.863137e+01 0.000000e+00
    endloop
  endfacet
  facet normal -0.000000e+00 0.000000e+00 1.000000e+00
    outer loop
      vertex   3.286863e+01 2.863137e+01 0.000000e+00
      vertex   3.538564e+01 2.830000e+01 0.000000e+00
      vertex   3.513137e+01 2.863137e+01 0.000000e+00
    endloop
  endfacet
  facet normal 0.000000e+00 0.000000e+00 1.000000e+00
    outer loop
      vertex   3.286863e+01 2.863137e+01 0.000000e+00
      vertex   3.513137e+01 2.863137e+01 0.000000e+00
      vertex   3.320000e+01 2.888564e+01 0.000000e+00
    endloop
  endfacet
  facet normal -0.000000e+00 0.000000e+00 1.000000e+00
    outer loop
      vertex   3.320000e+01 2.888564e+01 0.000000e+00
      vertex   3.513137e+01 2.863137e+01 0.000000e+00
      vertex   3.480000e+01 2.888564e+01 0.000000e+00
    endloop
  endfacet
  facet normal 0.000000e+00 0.000000e+00 1.000000e+00
    outer loop
      vertex   3.320000e+01 2.888564e+01 0.000000e+00
      vertex   3.480000e+01 2.888564e+01 0.000000e+00
      vertex   3.358589e+01 2.904548e+01 0.000000e+00
    endloop
  endfacet
  facet normal -0.000000e+00 0.000000e+00 1.000000e+00
    outer loop
      vertex   3.358589e+01 2.904548e+01 0.000000e+00
      vertex   3.480000e+01 2.888564e+01 0.000000e+00
      vertex   3.441411e+01 2.904548e+01 0.000000e+00
    endloop
  endfacet
  facet normal 0.000000e+00 0.000000e+00 1.000000e+00
    outer loop
      vertex   3.358589e+01 2.904548e+01 0.000000e+00
      vertex   3.441411e+01 2.904548e+01 0.000000e+00
      vertex   3.400000e+01 2.910000e+01 0.000000e+00
    endloop
  endfacet
  facet normal 0.000000e+00 0.000000e+00 1.000000e+00
    outer loop
      vertex   3.554548e+01 2.708589e+01 0.000000e+00
      vertex   3.245452e+01 2.708589e+01 0.000000e+00
      vertex   3.538564e+01 2.670000e+01 0.000000e+00
    endloop
  endfacet
  facet normal 0.000000e+00 0.000000e+00 1.000000e+00
    outer loop
      vertex   3.538564e+01 2.670000e+01 0.000000e+00
      vertex   3.245452e+01 2.708589e+01 0.000000e+00
      vertex   3.261436e+01 2.670000e+01 0.000000e+00
    endloop
  endfacet
  facet normal 0.000000e+00 0.000000e+00 1.000000e+00
    outer loop
      vertex   3.538564e+01 2.670000e+01 0.000000e+00
      vertex   3.261436e+01 2.670000e+01 0.000000e+00
      vertex   3.513137e+01 2.636863e+01 0.000000e+00
    endloop
  endfacet
  facet normal 0.000000e+00 0.000000e+00 1.000000e+00
    outer loop
      vertex   3.513137e+01 2.636863e+01 0.000000e+00
      vertex   3.261436e+01 2.670000e+01 0.000000e+00
      vertex   3.286863e+01 2.636863e+01 0.000000e+00
    endloop
  endfacet
  facet normal 0.000000e+00 0.000000e+00 1.000000e+00
    outer loop
      vertex   3.513137e+01 2.636863e+01 0.000000e+00
      vertex   3.286863e+01 2.636863e+01 0.000000e+00
      vertex   3.480000e+01 2.611436e+01 0.000000e+00
    endloop
  endfacet
  facet normal 0.000000e+00 0.000000e+00 1.000000e+00
    outer loop
      vertex   3.480000e+01 2.611436e+01 0.000000e+00
      vertex   3.286863e+01 2.636863e+01 0.000000e+00
      vertex   3.320000e+01 2.611436e+01 0.000000e+00
    endloop
  endfacet
  facet normal 0.000000e+00 0.000000e+00 1.000000e+00
    outer loop
      vertex   3.480000e+01 2.611436e+01 0.000000e+00
      vertex   3.320000e+01 2.611436e+01 0.000000e+00
      vertex   3.441411e+01 2.595452e+01 0.000000e+00
    endloop
  endfacet
  facet normal 0.000000e+00 0.000000e+00 1.000000e+00
    outer loop
      vertex   3.441411e+01 2.595452e+01 0.000000e+00
      vertex   3.320000e+01 2.611436e+01 0.000000e+00
      vertex   3.358589e+01 2.595452e+01 0.000000e+00
    endloop
  endfacet
  facet normal 0.000000e+00 0.000000e+00 1.000000e+00
    outer loop
      vertex   3.441411e+01 2.595452e+01 0.000000e+00
      vertex   3.358589e+01 2.595452e+01 0.000000e+00
      vertex   3.400000e+01 2.590000e+01 0.000000e+00
    endloop
  endfacet
  facet normal 3.078713e-01 9.514280e-01 -0.000000e+00
    outer loop
      vertex   -3.456979e+01 -2.899511e+01 5.000000e-01
      vertex   -3.456979e+01 -2.899511e+01 2.500000e+00
      vertex   -3.441411e+01 -2.904548e+01 0.000000e+00
    endloop
  endfacet
  facet normal 2.351326e-01 9.719507e-01 -4.943074e-03
    outer loop
      vertex   -3.441411e+01 -2.904548e+01 0.000000e+00
      vertex   -3.456979e+01 -2.899511e+01 2.500000e+00
      vertex   -3.417661e+01 -2.909022e+01 2.500000e+00
    endloop
  endfacet
  facet normal 1.305243e-01 9.914307e-01 5.343426e-03
    outer loop
      vertex   -3.441411e+01 -2.904548e+01 0.000000e+00
      vertex   -3.417661e+01 -2.909022e+01 2.500000e+00
      vertex   -3.400000e+01 -2.910000e+01 0.000000e+00
    endloop
  endfacet
  facet normal -1.614572e-02 9.998569e-01 -5.050797e-03
    outer loop
      vertex   -3.400000e+01 -2.910000e+01 0.000000e+00
      vertex   -3.417661e+01 -2.909022e+01 2.500000e+00
      vertex   -3.377214e+01 -2.908369e+01 2.500000e+00
    endloop
  endfacet
  facet normal -1.305243e-01 9.914302e-01 5.429135e-03
    outer loop
      vertex   -3.400000e+01 -2.910000e+01 0.000000e+00
      vertex   -3.377214e+01 -2.908369e+01 2.500000e+00
      vertex   -3.358589e+01 -2.904548e+01 0.000000e+00
    endloop
  endfacet
  facet normal -2.663918e-01 9.638513e-01 -5.114492e-03
    outer loop
      vertex   -3.358589e+01 -2.904548e+01 0.000000e+00
      vertex   -3.377214e+01 -2.908369e+01 2.500000e+00
      vertex   -3.338223e+01 -2.897593e+01 2.500000e+00
    endloop
  endfacet
  facet normal -3.826777e-01 9.238657e-01 5.470815e-03
    outer loop
      vertex   -3.358589e+01 -2.904548e+01 0.000000e+00
      vertex   -3.338223e+01 -2.897593e+01 2.500000e+00
      vertex   -3.320000e+01 -2.888564e+01 0.000000e+00
    endloop
  endfacet
  facet normal -4.996098e-01 8.662354e-01 -5.134157e-03
    outer loop
      vertex   -3.320000e+01 -2.888564e+01 0.000000e+00
      vertex   -3.338223e+01 -2.897593e+01 2.500000e+00
      vertex   -3.303182e+01 -2.877382e+01 2.500000e+00
    endloop
  endfacet
  facet normal -6.087523e-01 7.933415e-01 5.468464e-03
    outer loop
      vertex   -3.320000e+01 -2.888564e+01 0.000000e+00
      vertex   -3.303182e+01 -2.877382e+01 2.500000e+00
      vertex   -3.286863e+01 -2.863137e+01 0.000000e+00
    endloop
  endfacet
  facet normal -7.008922e-01 7.132489e-01 -5.109790e-03
    outer loop
      vertex   -3.286863e+01 -2.863137e+01 0.000000e+00
      vertex   -3.303182e+01 -2.877382e+01 2.500000e+00
      vertex   -3.274329e+01 -2.849029e+01 2.500000e+00
    endloop
  endfacet
  facet normal -7.933417e-01 6.087525e-01 5.422082e-03
    outer loop
      vertex   -3.286863e+01 -2.863137e+01 0.000000e+00
      vertex   -3.274329e+01 -2.849029e+01 2.500000e+00
      vertex   -3.261436e+01 -2.830000e+01 0.000000e+00
    endloop
  endfacet
  facet normal -8.573731e-01 5.146708e-01 -5.041392e-03
    outer loop
      vertex   -3.261436e+01 -2.830000e+01 0.000000e+00
      vertex   -3.274329e+01 -2.849029e+01 2.500000e+00
      vertex   -3.253509e+01 -2.814346e+01 2.500000e+00
    endloop
  endfacet
  facet normal -9.238664e-01 3.826780e-01 5.331671e-03
    outer loop
      vertex   -3.261436e+01 -2.830000e+01 0.000000e+00
      vertex   -3.253509e+01 -2.814346e+01 2.500000e+00
      vertex   -3.245452e+01 -2.791411e+01 0.000000e+00
    endloop
  endfacet
  facet normal -9.590499e-01 2.831942e-01 -4.928968e-03
    outer loop
      vertex   -3.245452e+01 -2.791411e+01 0.000000e+00
      vertex   -3.253509e+01 -2.814346e+01 2.500000e+00
      vertex   -3.242053e+01 -2.775550e+01 2.500000e+00
    endloop
  endfacet
  facet normal -9.914315e-01 1.305244e-01 5.197237e-03
    outer loop
      vertex   -3.245452e+01 -2.791411e+01 0.000000e+00
      vertex   -3.242053e+01 -2.775550e+01 2.500000e+00
      vertex   -3.240000e+01 -2.750000e+01 0.000000e+00
    endloop
  endfacet
  facet normal -9.994235e-01 3.361532e-02 -4.772526e-03
    outer loop
      vertex   -3.240000e+01 -2.750000e+01 0.000000e+00
      vertex   -3.242053e+01 -2.775550e+01 2.500000e+00
      vertex   -3.240693e+01 -2.735121e+01 2.500000e+00
    endloop
  endfacet
  facet normal -9.914324e-01 -1.305245e-01 5.018790e-03
    outer loop
      vertex   -3.240000e+01 -2.750000e+01 0.000000e+00
      vertex   -3.240693e+01 -2.735121e+01 2.500000e+00
      vertex   -3.245452e+01 -2.708589e+01 0.000000e+00
    endloop
  endfacet
  facet normal -9.759129e-01 -2.181127e-01 -4.572076e-03
    outer loop
      vertex   -3.245452e+01 -2.708589e+01 0.000000e+00
      vertex   -3.240693e+01 -2.735121e+01 2.500000e+00
      vertex   -3.249517e+01 -2.695642e+01 2.500000e+00
    endloop
  endfacet
  facet normal -9.238689e-01 -3.826790e-01 4.796342e-03
    outer loop
      vertex   -3.245452e+01 -2.708589e+01 0.000000e+00
      vertex   -3.249517e+01 -2.695642e+01 2.500000e+00
      vertex   -3.261436e+01 -2.670000e+01 0.000000e+00
    endloop
  endfacet
  facet normal -8.900208e-01 -4.558993e-01 -4.327631e-03
    outer loop
      vertex   -3.261436e+01 -2.670000e+01 0.000000e+00
      vertex   -3.249517e+01 -2.695642e+01 2.500000e+00
      vertex   -3.267959e+01 -2.659639e+01 2.500000e+00
    endloop
  endfacet
  facet normal -7.933452e-01 -6.087552e-01 4.529908e-03
    outer loop
      vertex   -3.261436e+01 -2.670000e+01 0.000000e+00
      vertex   -3.267959e+01 -2.659639e+01 2.500000e+00
      vertex   -3.286863e+01 -2.636863e+01 0.000000e+00
    endloop
  endfacet
  facet normal -7.472375e-01 -6.645448e-01 -4.039209e-03
    outer loop
      vertex   -3.286863e+01 -2.636863e+01 0.000000e+00
      vertex   -3.267959e+01 -2.659639e+01 2.500000e+00
      vertex   -3.294841e+01 -2.629411e+01 2.500000e+00
    endloop
  endfacet
  facet normal -6.087560e-01 -7.933463e-01 4.219504e-03
    outer loop
      vertex   -3.286863e+01 -2.636863e+01 0.000000e+00
      vertex   -3.294841e+01 -2.629411e+01 2.500000e+00
      vertex   -3.320000e+01 -2.611436e+01 0.000000e+00
    endloop
  endfacet
  facet normal -5.566895e-01 -8.307124e-01 -3.706827e-03
    outer loop
      vertex   -3.320000e+01 -2.611436e+01 0.000000e+00
      vertex   -3.294841e+01 -2.629411e+01 2.500000e+00
      vertex   -3.328446e+01 -2.606892e+01 2.500000e+00
    endloop
  endfacet
  facet normal -3.826806e-01 -9.238726e-01 3.865153e-03
    outer loop
      vertex   -3.320000e+01 -2.611436e+01 0.000000e+00
      vertex   -3.328446e+01 -2.606892e+01 2.500000e+00
      vertex   -3.358589e+01 -2.595452e+01 0.000000e+00
    endloop
  endfacet
  facet normal -3.305567e-01 -9.437803e-01 -3.330510e-03
    outer loop
      vertex   -3.358589e+01 -2.595452e+01 0.000000e+00
      vertex   -3.328446e+01 -2.606892e+01 2.500000e+00
      vertex   -3.366624e+01 -2.593520e+01 2.500000e+00
    endloop
  endfacet
  facet normal -1.305254e-01 -9.914389e-01 3.466879e-03
    outer loop
      vertex   -3.358589e+01 -2.595452e+01 0.000000e+00
      vertex   -3.366624e+01 -2.593520e+01 2.500000e+00
      vertex   -3.400000e+01 -2.590000e+01 0.000000e+00
    endloop
  endfacet
  facet normal -8.329372e-02 -9.965208e-01 -2.910282e-03
    outer loop
      vertex   -3.400000e+01 -2.590000e+01 0.000000e+00
      vertex   -3.366624e+01 -2.593520e+01 2.500000e+00
      vertex   -3.406936e+01 -2.590150e+01 2.500000e+00
    endloop
  endfacet
  facet normal 1.305256e-01 -9.914403e-01 3.024707e-03
    outer loop
      vertex   -3.400000e+01 -2.590000e+01 0.000000e+00
      vertex   -3.406936e+01 -2.590150e+01 2.500000e+00
      vertex   -3.441411e+01 -2.595452e+01 0.000000e+00
    endloop
  endfacet
  facet normal 1.692941e-01 -9.855625e-01 -2.446172e-03
    outer loop
      vertex   -3.441411e+01 -2.595452e+01 0.000000e+00
      vertex   -3.406936e+01 -2.590150e+01 2.500000e+00
      vertex   -3.446804e+01 -2.596999e+01 2.500000e+00
    endloop
  endfacet
  facet normal 3.826822e-01 -9.238766e-01 2.538669e-03
    outer loop
      vertex   -3.441411e+01 -2.595452e+01 0.000000e+00
      vertex   -3.446804e+01 -2.596999e+01 2.500000e+00
      vertex   -3.480000e+01 -2.611436e+01 0.000000e+00
    endloop
  endfacet
  facet normal 4.110610e-01 -9.116058e-01 -1.938212e-03
    outer loop
      vertex   -3.480000e+01 -2.611436e+01 0.000000e+00
      vertex   -3.446804e+01 -2.596999e+01 2.500000e+00
      vertex   -3.483681e+01 -2.613627e+01 2.500000e+00
    endloop
  endfacet
  facet normal 6.087602e-01 -7.933517e-01 2.008798e-03
    outer loop
      vertex   -3.480000e+01 -2.611436e+01 0.000000e+00
      vertex   -3.483681e+01 -2.613627e+01 2.500000e+00
      vertex   -3.513137e+01 -2.636863e+01 0.000000e+00
    endloop
  endfacet
  facet normal 6.265529e-01 -7.793777e-01 -1.386436e-03
    outer loop
      vertex   -3.513137e+01 -2.636863e+01 0.000000e+00
      vertex   -3.483681e+01 -2.613627e+01 2.500000e+00
      vertex   -3.515208e+01 -2.638973e+01 2.500000e+00
    endloop
  endfacet
  facet normal 7.933525e-01 -6.087608e-01 1.435130e-03
    outer loop
      vertex   -3.513137e+01 -2.636863e+01 0.000000e+00
      vertex   -3.515208e+01 -2.638973e+01 2.500000e+00
      vertex   -3.538564e+01 -2.670000e+01 0.000000e+00
    endloop
  endfacet
  facet normal 8.019948e-01 -5.973305e-01 -7.908833e-04
    outer loop
      vertex   -3.538564e+01 -2.670000e+01 0.000000e+00
      vertex   -3.515208e+01 -2.638973e+01 2.500000e+00
      vertex   -3.539371e+01 -2.671415e+01 2.500000e+00
    endloop
  endfacet
  facet normal 9.238792e-01 -3.826833e-01 8.177042e-04
    outer loop
      vertex   -3.538564e+01 -2.670000e+01 0.000000e+00
      vertex   -3.539371e+01 -2.671415e+01 2.500000e+00
      vertex   -3.554548e+01 -2.708589e+01 0.000000e+00
    endloop
  endfacet
  facet normal 9.261722e-01 -3.771008e-01 -1.515946e-04
    outer loop
      vertex   -3.554548e+01 -2.708589e+01 0.000000e+00
      vertex   -3.539371e+01 -2.671415e+01 2.500000e+00
      vertex   -3.554626e+01 -2.708881e+01 2.500000e+00
    endloop
  endfacet
  facet normal 9.911474e-01 -1.327662e-01 1.538569e-04
    outer loop
      vertex   -3.554548e+01 -2.708589e+01 0.000000e+00
      vertex   -3.554626e+01 -2.708881e+01 2.500000e+00
      vertex   -3.559997e+01 -2.748975e+01 2.500000e+00
    endloop
  endfacet
  facet normal 9.914447e-01 -1.305262e-01 5.221964e-04
    outer loop
      vertex   -3.554548e+01 -2.708589e+01 0.000000e+00
      vertex   -3.559997e+01 -2.748975e+01 2.500000e+00
      vertex   -3.560000e+01 -2.750000e+01 0.000000e+00
    endloop
  endfacet
  facet normal 9.927671e-01 1.200550e-01 -5.053241e-04
    outer loop
      vertex   -3.560000e+01 -2.750000e+01 0.000000e+00
      vertex   -3.559997e+01 -2.748975e+01 2.500000e+00
      vertex   -3.555140e+01 -2.789135e+01 2.500000e+00
    endloop
  endfacet
  facet normal 9.914442e-01 1.305261e-01 1.159525e-03
    outer loop
      vertex   -3.560000e+01 -2.750000e+01 0.000000e+00
      vertex   -3.555140e+01 -2.789135e+01 2.500000e+00
      vertex   -3.554548e+01 -2.791411e+01 0.000000e+00
    endloop
  endfacet
  facet normal 9.309277e-01 3.652019e-01 -1.120789e-03
    outer loop
      vertex   -3.554548e+01 -2.791411e+01 0.000000e+00
      vertex   -3.555140e+01 -2.789135e+01 2.500000e+00
      vertex   -3.540367e+01 -2.826793e+01 2.500000e+00
    endloop
  endfacet
  facet normal 9.238781e-01 3.826828e-01 1.753115e-03
    outer loop
      vertex   -3.554548e+01 -2.791411e+01 0.000000e+00
      vertex   -3.540367e+01 -2.826793e+01 2.500000e+00
      vertex   -3.538564e+01 -2.830000e+01 0.000000e+00
    endloop
  endfacet
  facet normal 8.095821e-01 5.870042e-01 -1.692495e-03
    outer loop
      vertex   -3.538564e+01 -2.830000e+01 0.000000e+00
      vertex   -3.540367e+01 -2.826793e+01 2.500000e+00
      vertex   -3.516621e+01 -2.859542e+01 2.500000e+00
    endloop
  endfacet
  facet normal 7.933512e-01 6.087598e-01 2.302925e-03
    outer loop
      vertex   -3.538564e+01 -2.830000e+01 0.000000e+00
      vertex   -3.516621e+01 -2.859542e+01 2.500000e+00
      vertex   -3.513137e+01 -2.863137e+01 0.000000e+00
    endloop
  endfacet
  facet normal 6.364872e-01 7.712841e-01 -2.220403e-03
    outer loop
      vertex   -3.513137e+01 -2.863137e+01 0.000000e+00
      vertex   -3.516621e+01 -2.859542e+01 2.500000e+00
      vertex   -3.485421e+01 -2.885289e+01 2.500000e+00
    endloop
  endfacet
  facet normal 6.243441e-01 7.811495e-01 0.000000e+00
    outer loop
      vertex   -3.513137e+01 -2.863137e+01 0.000000e+00
      vertex   -3.485421e+01 -2.885289e+01 2.500000e+00
      vertex   -3.485421e+01 -2.885289e+01 5.000000e-01
    endloop
  endfacet
  facet normal 6.087014e-01 7.932751e-01 1.404326e-02
    outer loop
      vertex   -3.513137e+01 -2.863137e+01 0.000000e+00
      vertex   -3.485421e+01 -2.885289e+01 5.000000e-01
      vertex   -3.480000e+01 -2.888564e+01 0.000000e+00
    endloop
  endfacet
  facet normal 5.055376e-01 8.628029e-01 -1.695521e-03
    outer loop
      vertex   -3.480000e+01 -2.888564e+01 0.000000e+00
      vertex   -3.485421e+01 -2.885289e+01 5.000000e-01
      vertex   -3.476262e+01 -2.890656e+01 5.000000e-01
    endloop
  endfacet
  facet normal 4.472100e-01 8.944201e-01 3.987671e-03
    outer loop
      vertex   -3.480000e+01 -2.888564e+01 0.000000e+00
      vertex   -3.476262e+01 -2.890656e+01 5.000000e-01
      vertex   -3.466767e+01 -2.895403e+01 5.000000e-01
    endloop
  endfacet
  facet normal 3.868114e-01 9.218536e-01 2.372469e-02
    outer loop
      vertex   -3.466767e+01 -2.895403e+01 5.000000e-01
      vertex   -3.456979e+01 -2.899511e+01 5.000000e-01
      vertex   -3.480000e+01 -2.888564e+01 0.000000e+00
    endloop
  endfacet
  facet normal 3.825535e-01 9.235658e-01 2.605997e-02
    outer loop
      vertex   -3.480000e+01 -2.888564e+01 0.000000e+00
      vertex   -3.456979e+01 -2.899511e+01 5.000000e-01
      vertex   -3.441411e+01 -2.904548e+01 0.000000e+00
    endloop
  endfacet
  facet normal 0.000000e+00 -0.000000e+00 1.000000e+00
    outer loop
      vertex   -3.554548e+01 -2.791411e+01 0.000000e+00
      vertex   -3.245452e+01 -2.791411e+01 0.000000e+00
      vertex   -3.560000e+01 -2.750000e+01 0.000000e+00
    endloop
  endfacet
  facet normal -0.000000e+00 0.000000e+00 1.000000e+00
    outer loop
      vertex   -3.560000e+01 -2.750000e+01 0.000000e+00
      vertex   -3.245452e+01 -2.791411e+01 0.000000e+00
      vertex   -3.240000e+01 -2.750000e+01 0.000000e+00
    endloop
  endfacet
  facet normal 0.000000e+00 0.000000e+00 1.000000e+00
    outer loop
      vertex   -3.560000e+01 -2.750000e+01 0.000000e+00
      vertex   -3.240000e+01 -2.750000e+01 0.000000e+00
      vertex   -3.554548e+01 -2.708589e+01 0.000000e+00
    endloop
  endfacet
  facet normal -0.000000e+00 0.000000e+00 1.000000e+00
    outer loop
      vertex   -3.554548e+01 -2.708589e+01 0.000000e+00
      vertex   -3.240000e+01 -2.750000e+01 0.000000e+00
      vertex   -3.245452e+01 -2.708589e+01 0.000000e+00
    endloop
  endfacet
  facet normal 0.000000e+00 0.000000e+00 1.000000e+00
    outer loop
      vertex   -3.554548e+01 -2.708589e+01 0.000000e+00
      vertex   -3.245452e+01 -2.708589e+01 0.000000e+00
      vertex   -3.538564e+01 -2.670000e+01 0.000000e+00
    endloop
  endfacet
  facet normal -0.000000e+00 0.000000e+00 1.000000e+00
    outer loop
      vertex   -3.538564e+01 -2.670000e+01 0.000000e+00
      vertex   -3.245452e+01 -2.708589e+01 0.000000e+00
      vertex   -3.261436e+01 -2.670000e+01 0.000000e+00
    endloop
  endfacet
  facet normal 0.000000e+00 0.000000e+00 1.000000e+00
    outer loop
      vertex   -3.538564e+01 -2.670000e+01 0.000000e+00
      vertex   -3.261436e+01 -2.670000e+01 0.000000e+00
      vertex   -3.513137e+01 -2.636863e+01 0.000000e+00
    endloop
  endfacet
  facet normal -0.000000e+00 0.000000e+00 1.000000e+00
    outer loop
      vertex   -3.513137e+01 -2.636863e+01 0.000000e+00
      vertex   -3.261436e+01 -2.670000e+01 0.000000e+00
      vertex   -3.286863e+01 -2.636863e+01 0.000000e+00
    endloop
  endfacet
  facet normal 0.000000e+00 0.000000e+00 1.000000e+00
    outer loop
      vertex   -3.513137e+01 -2.636863e+01 0.000000e+00
      vertex   -3.286863e+01 -2.636863e+01 0.000000e+00
      vertex   -3.480000e+01 -2.611436e+01 0.000000e+00
    endloop
  endfacet
  facet normal -0.000000e+00 0.000000e+00 1.000000e+00
    outer loop
      vertex   -3.480000e+01 -2.611436e+01 0.000000e+00
      vertex   -3.286863e+01 -2.636863e+01 0.000000e+00
      vertex   -3.320000e+01 -2.611436e+01 0.000000e+00
    endloop
  endfacet
  facet normal 0.000000e+00 0.000000e+00 1.000000e+00
    outer loop
      vertex   -3.480000e+01 -2.611436e+01 0.000000e+00
      vertex   -3.320000e+01 -2.611436e+01 0.000000e+00
      vertex   -3.441411e+01 -2.595452e+01 0.000000e+00
    endloop
  endfacet
  facet normal -0.000000e+00 0.000000e+00 1.000000e+00
    outer loop
      vertex   -3.441411e+01 -2.595452e+01 0.000000e+00
      vertex   -3.320000e+01 -2.611436e+01 0.000000e+00
      vertex   -3.358589e+01 -2.595452e+01 0.000000e+00
    endloop
  endfacet
  facet normal 0.000000e+00 0.000000e+00 1.000000e+00
    outer loop
      vertex   -3.441411e+01 -2.595452e+01 0.000000e+00
      vertex   -3.358589e+01 -2.595452e+01 0.000000e+00
      vertex   -3.400000e+01 -2.590000e+01 0.000000e+00
    endloop
  endfacet
  facet normal 0.000000e+00 0.000000e+00 1.000000e+00
    outer loop
      vertex   -3.245452e+01 -2.791411e+01 0.000000e+00
      vertex   -3.554548e+01 -2.791411e+01 0.000000e+00
      vertex   -3.261436e+01 -2.830000e+01 0.000000e+00
    endloop
  endfacet
  facet normal 0.000000e+00 0.000000e+00 1.000000e+00
    outer loop
      vertex   -3.261436e+01 -2.830000e+01 0.000000e+00
      vertex   -3.554548e+01 -2.791411e+01 0.000000e+00
      vertex   -3.538564e+01 -2.830000e+01 0.000000e+00
    endloop
  endfacet
  facet normal 0.000000e+00 0.000000e+00 1.000000e+00
    outer loop
      vertex   -3.261436e+01 -2.830000e+01 0.000000e+00
      vertex   -3.538564e+01 -2.830000e+01 0.000000e+00
      vertex   -3.286863e+01 -2.863137e+01 0.000000e+00
    endloop
  endfacet
  facet normal 0.000000e+00 0.000000e+00 1.000000e+00
    outer loop
      vertex   -3.286863e+01 -2.863137e+01 0.000000e+00
      vertex   -3.538564e+01 -2.830000e+01 0.000000e+00
      vertex   -3.513137e+01 -2.863137e+01 0.000000e+00
    endloop
  endfacet
  facet normal 0.000000e+00 0.000000e+00 1.000000e+00
    outer loop
      vertex   -3.286863e+01 -2.863137e+01 0.000000e+00
      vertex   -3.513137e+01 -2.863137e+01 0.000000e+00
      vertex   -3.320000e+01 -2.888564e+01 0.000000e+00
    endloop
  endfacet
  facet normal 0.000000e+00 0.000000e+00 1.000000e+00
    outer loop
      vertex   -3.320000e+01 -2.888564e+01 0.000000e+00
      vertex   -3.513137e+01 -2.863137e+01 0.000000e+00
      vertex   -3.480000e+01 -2.888564e+01 0.000000e+00
    endloop
  endfacet
  facet normal 0.000000e+00 0.000000e+00 1.000000e+00
    outer loop
      vertex   -3.320000e+01 -2.888564e+01 0.000000e+00
      vertex   -3.480000e+01 -2.888564e+01 0.000000e+00
      vertex   -3.358589e+01 -2.904548e+01 0.000000e+00
    endloop
  endfacet
  facet normal 0.000000e+00 0.000000e+00 1.000000e+00
    outer loop
      vertex   -3.358589e+01 -2.904548e+01 0.000000e+00
      vertex   -3.480000e+01 -2.888564e+01 0.000000e+00
      vertex   -3.441411e+01 -2.904548e+01 0.000000e+00
    endloop
  endfacet
  facet normal 0.000000e+00 0.000000e+00 1.000000e+00
    outer loop
      vertex   -3.358589e+01 -2.904548e+01 0.000000e+00
      vertex   -3.441411e+01 -2.904548e+01 0.000000e+00
      vertex   -3.400000e+01 -2.910000e+01 0.000000e+00
    endloop
  endfacet
  facet normal 0.000000e+00 0.000000e+00 1.000000e+00
    outer loop
      vertex   3.485421e+01 -2.885289e+01 5.000000e-01
      vertex   3.476262e+01 -2.890656e+01 5.000000e-01
      vertex   3.477045e+01 -2.892054e+01 5.000000e-01
    endloop
  endfacet
  facet normal 0.000000e+00 0.000000e+00 1.000000e+00
    outer loop
      vertex   3.477045e+01 -2.892054e+01 5.000000e-01
      vertex   3.476262e+01 -2.890656e+01 5.000000e-01
      vertex   3.466767e+01 -2.895403e+01 5.000000e-01
    endloop
  endfacet
  facet normal 0.000000e+00 0.000000e+00 1.000000e+00
    outer loop
      vertex   3.477045e+01 -2.892054e+01 5.000000e-01
      vertex   3.466767e+01 -2.895403e+01 5.000000e-01
      vertex   3.467416e+01 -2.896869e+01 5.000000e-01
    endloop
  endfacet
  facet normal 0.000000e+00 0.000000e+00 1.000000e+00
    outer loop
      vertex   3.467416e+01 -2.896869e+01 5.000000e-01
      vertex   3.466767e+01 -2.895403e+01 5.000000e-01
      vertex   3.456979e+01 -2.899511e+01 5.000000e-01
    endloop
  endfacet
  facet normal 0.000000e+00 0.000000e+00 1.000000e+00
    outer loop
      vertex   -3.485421e+01 2.885289e+01 5.000000e-01
      vertex   -3.476262e+01 2.890656e+01 5.000000e-01
      vertex   -3.477045e+01 2.892054e+01 5.000000e-01
    endloop
  endfacet
  facet normal -0.000000e+00 0.000000e+00 1.000000e+00
    outer loop
      vertex   -3.477045e+01 2.892054e+01 5.000000e-01
      vertex   -3.476262e+01 2.890656e+01 5.000000e-01
      vertex   -3.466767e+01 2.895403e+01 5.000000e-01
    endloop
  endfacet
  facet normal 0.000000e+00 0.000000e+00 1.000000e+00
    outer loop
      vertex   -3.477045e+01 2.892054e+01 5.000000e-01
      vertex   -3.466767e+01 2.895403e+01 5.000000e-01
      vertex   -3.467416e+01 2.896869e+01 5.000000e-01
    endloop
  endfacet
  facet normal -0.000000e+00 0.000000e+00 1.000000e+00
    outer loop
      vertex   -3.467416e+01 2.896869e+01 5.000000e-01
      vertex   -3.466767e+01 2.895403e+01 5.000000e-01
      vertex   -3.456979e+01 2.899511e+01 5.000000e-01
    endloop
  endfacet
  facet normal 0.000000e+00 0.000000e+00 1.000000e+00
    outer loop
      vertex   3.456979e+01 2.899511e+01 5.000000e-01
      vertex   3.466767e+01 2.895403e+01 5.000000e-01
      vertex   3.467416e+01 2.896869e+01 5.000000e-01
    endloop
  endfacet
  facet normal 0.000000e+00 0.000000e+00 1.000000e+00
    outer loop
      vertex   3.467416e+01 2.896869e+01 5.000000e-01
      vertex   3.466767e+01 2.895403e+01 5.000000e-01
      vertex   3.477045e+01 2.892054e+01 5.000000e-01
    endloop
  endfacet
  facet normal 0.000000e+00 0.000000e+00 1.000000e+00
    outer loop
      vertex   3.477045e+01 2.892054e+01 5.000000e-01
      vertex   3.466767e+01 2.895403e+01 5.000000e-01
      vertex   3.476262e+01 2.890656e+01 5.000000e-01
    endloop
  endfacet
  facet normal 0.000000e+00 0.000000e+00 1.000000e+00
    outer loop
      vertex   3.477045e+01 2.892054e+01 5.000000e-01
      vertex   3.476262e+01 2.890656e+01 5.000000e-01
      vertex   3.485421e+01 2.885289e+01 5.000000e-01
    endloop
  endfacet
  facet normal 0.000000e+00 0.000000e+00 1.000000e+00
    outer loop
      vertex   -3.456979e+01 -2.899511e+01 5.000000e-01
      vertex   -3.466767e+01 -2.895403e+01 5.000000e-01
      vertex   -3.467416e+01 -2.896869e+01 5.000000e-01
    endloop
  endfacet
  facet normal 0.000000e+00 -0.000000e+00 1.000000e+00
    outer loop
      vertex   -3.467416e+01 -2.896869e+01 5.000000e-01
      vertex   -3.466767e+01 -2.895403e+01 5.000000e-01
      vertex   -3.477045e+01 -2.892054e+01 5.000000e-01
    endloop
  endfacet
  facet normal -0.000000e+00 0.000000e+00 1.000000e+00
    outer loop
      vertex   -3.477045e+01 -2.892054e+01 5.000000e-01
      vertex   -3.466767e+01 -2.895403e+01 5.000000e-01
      vertex   -3.476262e+01 -2.890656e+01 5.000000e-01
    endloop
  endfacet
  facet normal 0.000000e+00 -0.000000e+00 1.000000e+00
    outer loop
      vertex   -3.477045e+01 -2.892054e+01 5.000000e-01
      vertex   -3.476262e+01 -2.890656e+01 5.000000e-01
      vertex   -3.485421e+01 -2.885289e+01 5.000000e-01
    endloop
  endfacet
  facet normal 9.914449e-01 1.305262e-01 0.000000e+00
    outer loop
      vertex   2.845452e+01 -2.491411e+01 2.500000e+00
      vertex   2.845452e+01 -2.491411e+01 0.000000e+00
      vertex   2.840000e+01 -2.450000e+01 2.500000e+00
    endloop
  endfacet
  facet normal 9.914449e-01 1.305262e-01 0.000000e+00
    outer loop
      vertex   2.840000e+01 -2.450000e+01 2.500000e+00
      vertex   2.845452e+01 -2.491411e+01 0.000000e+00
      vertex   2.840000e+01 -2.450000e+01 0.000000e+00
    endloop
  endfacet
  facet normal 9.914449e-01 -1.305262e-01 0.000000e+00
    outer loop
      vertex   2.840000e+01 -2.450000e+01 2.500000e+00
      vertex   2.840000e+01 -2.450000e+01 0.000000e+00
      vertex   2.845452e+01 -2.408589e+01 2.500000e+00
    endloop
  endfacet
  facet normal 9.914449e-01 -1.305262e-01 0.000000e+00
    outer loop
      vertex   2.845452e+01 -2.408589e+01 2.500000e+00
      vertex   2.840000e+01 -2.450000e+01 0.000000e+00
      vertex   2.845452e+01 -2.408589e+01 0.000000e+00
    endloop
  endfacet
  facet normal 9.238795e-01 -3.826834e-01 0.000000e+00
    outer loop
      vertex   2.845452e+01 -2.408589e+01 2.500000e+00
      vertex   2.845452e+01 -2.408589e+01 0.000000e+00
      vertex   2.861436e+01 -2.370000e+01 2.500000e+00
    endloop
  endfacet
  facet normal 9.238795e-01 -3.826834e-01 0.000000e+00
    outer loop
      vertex   2.861436e+01 -2.370000e+01 2.500000e+00
      vertex   2.845452e+01 -2.408589e+01 0.000000e+00
      vertex   2.861436e+01 -2.370000e+01 0.000000e+00
    endloop
  endfacet
  facet normal 7.933533e-01 -6.087614e-01 0.000000e+00
    outer loop
      vertex   2.861436e+01 -2.370000e+01 2.500000e+00
      vertex   2.861436e+01 -2.370000e+01 0.000000e+00
      vertex   2.886863e+01 -2.336863e+01 2.500000e+00
    endloop
  endfacet
  facet normal 7.933533e-01 -6.087614e-01 0.000000e+00
    outer loop
      vertex   2.886863e+01 -2.336863e+01 2.500000e+00
      vertex   2.861436e+01 -2.370000e+01 0.000000e+00
      vertex   2.886863e+01 -2.336863e+01 0.000000e+00
    endloop
  endfacet
  facet normal 6.087614e-01 -7.933533e-01 0.000000e+00
    outer loop
      vertex   2.886863e+01 -2.336863e+01 2.500000e+00
      vertex   2.886863e+01 -2.336863e+01 0.000000e+00
      vertex   2.920000e+01 -2.311436e+01 2.500000e+00
    endloop
  endfacet
  facet normal 6.087614e-01 -7.933533e-01 0.000000e+00
    outer loop
      vertex   2.920000e+01 -2.311436e+01 2.500000e+00
      vertex   2.886863e+01 -2.336863e+01 0.000000e+00
      vertex   2.920000e+01 -2.311436e+01 0.000000e+00
    endloop
  endfacet
  facet normal 3.826834e-01 -9.238795e-01 0.000000e+00
    outer loop
      vertex   2.920000e+01 -2.311436e+01 2.500000e+00
      vertex   2.920000e+01 -2.311436e+01 0.000000e+00
      vertex   2.958589e+01 -2.295452e+01 2.500000e+00
    endloop
  endfacet
  facet normal 3.826834e-01 -9.238795e-01 0.000000e+00
    outer loop
      vertex   2.958589e+01 -2.295452e+01 2.500000e+00
      vertex   2.920000e+01 -2.311436e+01 0.000000e+00
      vertex   2.958589e+01 -2.295452e+01 0.000000e+00
    endloop
  endfacet
  facet normal 1.305262e-01 -9.914449e-01 0.000000e+00
    outer loop
      vertex   2.958589e+01 -2.295452e+01 2.500000e+00
      vertex   2.958589e+01 -2.295452e+01 0.000000e+00
      vertex   3.000000e+01 -2.290000e+01 2.500000e+00
    endloop
  endfacet
  facet normal 1.305262e-01 -9.914449e-01 0.000000e+00
    outer loop
      vertex   3.000000e+01 -2.290000e+01 2.500000e+00
      vertex   2.958589e+01 -2.295452e+01 0.000000e+00
      vertex   3.000000e+01 -2.290000e+01 0.000000e+00
    endloop
  endfacet
  facet normal -1.305262e-01 -9.914449e-01 -0.000000e+00
    outer loop
      vertex   3.000000e+01 -2.290000e+01 2.500000e+00
      vertex   3.000000e+01 -2.290000e+01 0.000000e+00
      vertex   3.041411e+01 -2.295452e+01 2.500000e+00
    endloop
  endfacet
  facet normal -1.305262e-01 -9.914449e-01 -0.000000e+00
    outer loop
      vertex   3.041411e+01 -2.295452e+01 2.500000e+00
      vertex   3.000000e+01 -2.290000e+01 0.000000e+00
      vertex   3.041411e+01 -2.295452e+01 0.000000e+00
    endloop
  endfacet
  facet normal -3.826834e-01 -9.238795e-01 -0.000000e+00
    outer loop
      vertex   3.041411e+01 -2.295452e+01 2.500000e+00
      vertex   3.041411e+01 -2.295452e+01 0.000000e+00
      vertex   3.080000e+01 -2.311436e+01 2.500000e+00
    endloop
  endfacet
  facet normal -3.826834e-01 -9.238795e-01 -0.000000e+00
    outer loop
      vertex   3.080000e+01 -2.311436e+01 2.500000e+00
      vertex   3.041411e+01 -2.295452e+01 0.000000e+00
      vertex   3.080000e+01 -2.311436e+01 0.000000e+00
    endloop
  endfacet
  facet normal -6.087614e-01 -7.933533e-01 -0.000000e+00
    outer loop
      vertex   3.080000e+01 -2.311436e+01 2.500000e+00
      vertex   3.080000e+01 -2.311436e+01 0.000000e+00
      vertex   3.113137e+01 -2.336863e+01 2.500000e+00
    endloop
  endfacet
  facet normal -6.087614e-01 -7.933533e-01 -0.000000e+00
    outer loop
      vertex   3.113137e+01 -2.336863e+01 2.500000e+00
      vertex   3.080000e+01 -2.311436e+01 0.000000e+00
      vertex   3.113137e+01 -2.336863e+01 0.000000e+00
    endloop
  endfacet
  facet normal -7.933533e-01 -6.087614e-01 -0.000000e+00
    outer loop
      vertex   3.113137e+01 -2.336863e+01 2.500000e+00
      vertex   3.113137e+01 -2.336863e+01 0.000000e+00
      vertex   3.138564e+01 -2.370000e+01 2.500000e+00
    endloop
  endfacet
  facet normal -7.933533e-01 -6.087614e-01 -0.000000e+00
    outer loop
      vertex   3.138564e+01 -2.370000e+01 2.500000e+00
      vertex   3.113137e+01 -2.336863e+01 0.000000e+00
      vertex   3.138564e+01 -2.370000e+01 0.000000e+00
    endloop
  endfacet
  facet normal -9.238795e-01 -3.826834e-01 -0.000000e+00
    outer loop
      vertex   3.138564e+01 -2.370000e+01 2.500000e+00
      vertex   3.138564e+01 -2.370000e+01 0.000000e+00
      vertex   3.154548e+01 -2.408589e+01 2.500000e+00
    endloop
  endfacet
  facet normal -9.238795e-01 -3.826834e-01 -0.000000e+00
    outer loop
      vertex   3.154548e+01 -2.408589e+01 2.500000e+00
      vertex   3.138564e+01 -2.370000e+01 0.000000e+00
      vertex   3.154548e+01 -2.408589e+01 0.000000e+00
    endloop
  endfacet
  facet normal -9.914449e-01 -1.305262e-01 -0.000000e+00
    outer loop
      vertex   3.154548e+01 -2.408589e+01 2.500000e+00
      vertex   3.154548e+01 -2.408589e+01 0.000000e+00
      vertex   3.160000e+01 -2.450000e+01 2.500000e+00
    endloop
  endfacet
  facet normal -9.914449e-01 -1.305262e-01 -0.000000e+00
    outer loop
      vertex   3.160000e+01 -2.450000e+01 2.500000e+00
      vertex   3.154548e+01 -2.408589e+01 0.000000e+00
      vertex   3.160000e+01 -2.450000e+01 0.000000e+00
    endloop
  endfacet
  facet normal -9.914449e-01 1.305262e-01 0.000000e+00
    outer loop
      vertex   3.160000e+01 -2.450000e+01 2.500000e+00
      vertex   3.160000e+01 -2.450000e+01 0.000000e+00
      vertex   3.154548e+01 -2.491411e+01 2.500000e+00
    endloop
  endfacet
  facet normal -9.914449e-01 1.305262e-01 0.000000e+00
    outer loop
      vertex   3.154548e+01 -2.491411e+01 2.500000e+00
      vertex   3.160000e+01 -2.450000e+01 0.000000e+00
      vertex   3.154548e+01 -2.491411e+01 0.000000e+00
    endloop
  endfacet
  facet normal -9.238795e-01 3.826834e-01 0.000000e+00
    outer loop
      vertex   3.154548e+01 -2.491411e+01 2.500000e+00
      vertex   3.154548e+01 -2.491411e+01 0.000000e+00
      vertex   3.138564e+01 -2.530000e+01 2.500000e+00
    endloop
  endfacet
  facet normal -9.238795e-01 3.826834e-01 0.000000e+00
    outer loop
      vertex   3.138564e+01 -2.530000e+01 2.500000e+00
      vertex   3.154548e+01 -2.491411e+01 0.000000e+00
      vertex   3.138564e+01 -2.530000e+01 0.000000e+00
    endloop
  endfacet
  facet normal -7.933533e-01 6.087614e-01 0.000000e+00
    outer loop
      vertex   3.138564e+01 -2.530000e+01 2.500000e+00
      vertex   3.138564e+01 -2.530000e+01 0.000000e+00
      vertex   3.113137e+01 -2.563137e+01 2.500000e+00
    endloop
  endfacet
  facet normal -7.933533e-01 6.087614e-01 0.000000e+00
    outer loop
      vertex   3.113137e+01 -2.563137e+01 2.500000e+00
      vertex   3.138564e+01 -2.530000e+01 0.000000e+00
      vertex   3.113137e+01 -2.563137e+01 0.000000e+00
    endloop
  endfacet
  facet normal -6.087614e-01 7.933533e-01 0.000000e+00
    outer loop
      vertex   3.113137e+01 -2.563137e+01 2.500000e+00
      vertex   3.113137e+01 -2.563137e+01 0.000000e+00
      vertex   3.080000e+01 -2.588564e+01 2.500000e+00
    endloop
  endfacet
  facet normal -6.087614e-01 7.933533e-01 0.000000e+00
    outer loop
      vertex   3.080000e+01 -2.588564e+01 2.500000e+00
      vertex   3.113137e+01 -2.563137e+01 0.000000e+00
      vertex   3.080000e+01 -2.588564e+01 0.000000e+00
    endloop
  endfacet
  facet normal -3.826834e-01 9.238795e-01 0.000000e+00
    outer loop
      vertex   3.080000e+01 -2.588564e+01 2.500000e+00
      vertex   3.080000e+01 -2.588564e+01 0.000000e+00
      vertex   3.041411e+01 -2.604548e+01 2.500000e+00
    endloop
  endfacet
  facet normal -3.826834e-01 9.238795e-01 0.000000e+00
    outer loop
      vertex   3.041411e+01 -2.604548e+01 2.500000e+00
      vertex   3.080000e+01 -2.588564e+01 0.000000e+00
      vertex   3.041411e+01 -2.604548e+01 0.000000e+00
    endloop
  endfacet
  facet normal -1.305262e-01 9.914449e-01 0.000000e+00
    outer loop
      vertex   3.041411e+01 -2.604548e+01 2.500000e+00
      vertex   3.041411e+01 -2.604548e+01 0.000000e+00
      vertex   3.000000e+01 -2.610000e+01 2.500000e+00
    endloop
  endfacet
  facet normal -1.305262e-01 9.914449e-01 0.000000e+00
    outer loop
      vertex   3.000000e+01 -2.610000e+01 2.500000e+00
      vertex   3.041411e+01 -2.604548e+01 0.000000e+00
      vertex   3.000000e+01 -2.610000e+01 0.000000e+00
    endloop
  endfacet
  facet normal 1.305262e-01 9.914449e-01 0.000000e+00
    outer loop
      vertex   3.000000e+01 -2.610000e+01 2.500000e+00
      vertex   3.000000e+01 -2.610000e+01 0.000000e+00
      vertex   2.958589e+01 -2.604548e+01 2.500000e+00
    endloop
  endfacet
  facet normal 1.305262e-01 9.914449e-01 0.000000e+00
    outer loop
      vertex   2.958589e+01 -2.604548e+01 2.500000e+00
      vertex   3.000000e+01 -2.610000e+01 0.000000e+00
      vertex   2.958589e+01 -2.604548e+01 0.000000e+00
    endloop
  endfacet
  facet normal 3.826834e-01 9.238795e-01 0.000000e+00
    outer loop
      vertex   2.958589e+01 -2.604548e+01 2.500000e+00
      vertex   2.958589e+01 -2.604548e+01 0.000000e+00
      vertex   2.920000e+01 -2.588564e+01 2.500000e+00
    endloop
  endfacet
  facet normal 3.826834e-01 9.238795e-01 0.000000e+00
    outer loop
      vertex   2.920000e+01 -2.588564e+01 2.500000e+00
      vertex   2.958589e+01 -2.604548e+01 0.000000e+00
      vertex   2.920000e+01 -2.588564e+01 0.000000e+00
    endloop
  endfacet
  facet normal 6.087614e-01 7.933533e-01 0.000000e+00
    outer loop
      vertex   2.920000e+01 -2.588564e+01 2.500000e+00
      vertex   2.920000e+01 -2.588564e+01 0.000000e+00
      vertex   2.886863e+01 -2.563137e+01 2.500000e+00
    endloop
  endfacet
  facet normal 6.087614e-01 7.933533e-01 0.000000e+00
    outer loop
      vertex   2.886863e+01 -2.563137e+01 2.500000e+00
      vertex   2.920000e+01 -2.588564e+01 0.000000e+00
      vertex   2.886863e+01 -2.563137e+01 0.000000e+00
    endloop
  endfacet
  facet normal 7.933533e-01 6.087614e-01 0.000000e+00
    outer loop
      vertex   2.886863e+01 -2.563137e+01 2.500000e+00
      vertex   2.886863e+01 -2.563137e+01 0.000000e+00
      vertex   2.861436e+01 -2.530000e+01 2.500000e+00
    endloop
  endfacet
  facet normal 7.933533e-01 6.087614e-01 0.000000e+00
    outer loop
      vertex   2.861436e+01 -2.530000e+01 2.500000e+00
      vertex   2.886863e+01 -2.563137e+01 0.000000e+00
      vertex   2.861436e+01 -2.530000e+01 0.000000e+00
    endloop
  endfacet
  facet normal 9.238795e-01 3.826834e-01 0.000000e+00
    outer loop
      vertex   2.861436e+01 -2.530000e+01 2.500000e+00
      vertex   2.861436e+01 -2.530000e+01 0.000000e+00
      vertex   2.845452e+01 -2.491411e+01 2.500000e+00
    endloop
  endfacet
  facet normal 9.238795e-01 3.826834e-01 0.000000e+00
    outer loop
      vertex   2.845452e+01 -2.491411e+01 2.500000e+00
      vertex   2.861436e+01 -2.530000e+01 0.000000e+00
      vertex   2.845452e+01 -2.491411e+01 0.000000e+00
    endloop
  endfacet
  facet normal 9.914449e-01 1.305262e-01 0.000000e+00
    outer loop
      vertex   -3.154548e+01 2.408589e+01 2.500000e+00
      vertex   -3.154548e+01 2.408589e+01 0.000000e+00
      vertex   -3.160000e+01 2.450000e+01 2.500000e+00
    endloop
  endfacet
  facet normal 9.914449e-01 1.305262e-01 0.000000e+00
    outer loop
      vertex   -3.160000e+01 2.450000e+01 2.500000e+00
      vertex   -3.154548e+01 2.408589e+01 0.000000e+00
      vertex   -3.160000e+01 2.450000e+01 0.000000e+00
    endloop
  endfacet
  facet normal 9.914449e-01 -1.305262e-01 0.000000e+00
    outer loop
      vertex   -3.160000e+01 2.450000e+01 2.500000e+00
      vertex   -3.160000e+01 2.450000e+01 0.000000e+00
      vertex   -3.154548e+01 2.491411e+01 2.500000e+00
    endloop
  endfacet
  facet normal 9.914449e-01 -1.305262e-01 0.000000e+00
    outer loop
      vertex   -3.154548e+01 2.491411e+01 2.500000e+00
      vertex   -3.160000e+01 2.450000e+01 0.000000e+00
      vertex   -3.154548e+01 2.491411e+01 0.000000e+00
    endloop
  endfacet
  facet normal 9.238795e-01 -3.826834e-01 0.000000e+00
    outer loop
      vertex   -3.154548e+01 2.491411e+01 2.500000e+00
      vertex   -3.154548e+01 2.491411e+01 0.000000e+00
      vertex   -3.138564e+01 2.530000e+01 2.500000e+00
    endloop
  endfacet
  facet normal 9.238795e-01 -3.826834e-01 0.000000e+00
    outer loop
      vertex   -3.138564e+01 2.530000e+01 2.500000e+00
      vertex   -3.154548e+01 2.491411e+01 0.000000e+00
      vertex   -3.138564e+01 2.530000e+01 0.000000e+00
    endloop
  endfacet
  facet normal 7.933533e-01 -6.087614e-01 0.000000e+00
    outer loop
      vertex   -3.138564e+01 2.530000e+01 2.500000e+00
      vertex   -3.138564e+01 2.530000e+01 0.000000e+00
      vertex   -3.113137e+01 2.563137e+01 2.500000e+00
    endloop
  endfacet
  facet normal 7.933533e-01 -6.087614e-01 0.000000e+00
    outer loop
      vertex   -3.113137e+01 2.563137e+01 2.500000e+00
      vertex   -3.138564e+01 2.530000e+01 0.000000e+00
      vertex   -3.113137e+01 2.563137e+01 0.000000e+00
    endloop
  endfacet
  facet normal 6.087614e-01 -7.933533e-01 0.000000e+00
    outer loop
      vertex   -3.113137e+01 2.563137e+01 2.500000e+00
      vertex   -3.113137e+01 2.563137e+01 0.000000e+00
      vertex   -3.080000e+01 2.588564e+01 2.500000e+00
    endloop
  endfacet
  facet normal 6.087614e-01 -7.933533e-01 0.000000e+00
    outer loop
      vertex   -3.080000e+01 2.588564e+01 2.500000e+00
      vertex   -3.113137e+01 2.563137e+01 0.000000e+00
      vertex   -3.080000e+01 2.588564e+01 0.000000e+00
    endloop
  endfacet
  facet normal 3.826834e-01 -9.238795e-01 0.000000e+00
    outer loop
      vertex   -3.080000e+01 2.588564e+01 2.500000e+00
      vertex   -3.080000e+01 2.588564e+01 0.000000e+00
      vertex   -3.041411e+01 2.604548e+01 2.500000e+00
    endloop
  endfacet
  facet normal 3.826834e-01 -9.238795e-01 0.000000e+00
    outer loop
      vertex   -3.041411e+01 2.604548e+01 2.500000e+00
      vertex   -3.080000e+01 2.588564e+01 0.000000e+00
      vertex   -3.041411e+01 2.604548e+01 0.000000e+00
    endloop
  endfacet
  facet normal 1.305262e-01 -9.914449e-01 0.000000e+00
    outer loop
      vertex   -3.041411e+01 2.604548e+01 2.500000e+00
      vertex   -3.041411e+01 2.604548e+01 0.000000e+00
      vertex   -3.000000e+01 2.610000e+01 2.500000e+00
    endloop
  endfacet
  facet normal 1.305262e-01 -9.914449e-01 0.000000e+00
    outer loop
      vertex   -3.000000e+01 2.610000e+01 2.500000e+00
      vertex   -3.041411e+01 2.604548e+01 0.000000e+00
      vertex   -3.000000e+01 2.610000e+01 0.000000e+00
    endloop
  endfacet
  facet normal -1.305262e-01 -9.914449e-01 -0.000000e+00
    outer loop
      vertex   -3.000000e+01 2.610000e+01 2.500000e+00
      vertex   -3.000000e+01 2.610000e+01 0.000000e+00
      vertex   -2.958589e+01 2.604548e+01 2.500000e+00
    endloop
  endfacet
  facet normal -1.305262e-01 -9.914449e-01 -0.000000e+00
    outer loop
      vertex   -2.958589e+01 2.604548e+01 2.500000e+00
      vertex   -3.000000e+01 2.610000e+01 0.000000e+00
      vertex   -2.958589e+01 2.604548e+01 0.000000e+00
    endloop
  endfacet
  facet normal -3.826834e-01 -9.238795e-01 -0.000000e+00
    outer loop
      vertex   -2.958589e+01 2.604548e+01 2.500000e+00
      vertex   -2.958589e+01 2.604548e+01 0.000000e+00
      vertex   -2.920000e+01 2.588564e+01 2.500000e+00
    endloop
  endfacet
  facet normal -3.826834e-01 -9.238795e-01 -0.000000e+00
    outer loop
      vertex   -2.920000e+01 2.588564e+01 2.500000e+00
      vertex   -2.958589e+01 2.604548e+01 0.000000e+00
      vertex   -2.920000e+01 2.588564e+01 0.000000e+00
    endloop
  endfacet
  facet normal -6.087614e-01 -7.933533e-01 -0.000000e+00
    outer loop
      vertex   -2.920000e+01 2.588564e+01 2.500000e+00
      vertex   -2.920000e+01 2.588564e+01 0.000000e+00
      vertex   -2.886863e+01 2.563137e+01 2.500000e+00
    endloop
  endfacet
  facet normal -6.087614e-01 -7.933533e-01 -0.000000e+00
    outer loop
      vertex   -2.886863e+01 2.563137e+01 2.500000e+00
      vertex   -2.920000e+01 2.588564e+01 0.000000e+00
      vertex   -2.886863e+01 2.563137e+01 0.000000e+00
    endloop
  endfacet
  facet normal -7.933533e-01 -6.087614e-01 -0.000000e+00
    outer loop
      vertex   -2.886863e+01 2.563137e+01 2.500000e+00
      vertex   -2.886863e+01 2.563137e+01 0.000000e+00
      vertex   -2.861436e+01 2.530000e+01 2.500000e+00
    endloop
  endfacet
  facet normal -7.933533e-01 -6.087614e-01 -0.000000e+00
    outer loop
      vertex   -2.861436e+01 2.530000e+01 2.500000e+00
      vertex   -2.886863e+01 2.563137e+01 0.000000e+00
      vertex   -2.861436e+01 2.530000e+01 0.000000e+00
    endloop
  endfacet
  facet normal -9.238795e-01 -3.826834e-01 -0.000000e+00
    outer loop
      vertex   -2.861436e+01 2.530000e+01 2.500000e+00
      vertex   -2.861436e+01 2.530000e+01 0.000000e+00
      vertex   -2.845452e+01 2.491411e+01 2.500000e+00
    endloop
  endfacet
  facet normal -9.238795e-01 -3.826834e-01 -0.000000e+00
    outer loop
      vertex   -2.845452e+01 2.491411e+01 2.500000e+00
      vertex   -2.861436e+01 2.530000e+01 0.000000e+00
      vertex   -2.845452e+01 2.491411e+01 0.000000e+00
    endloop
  endfacet
  facet normal -9.914449e-01 -1.305262e-01 -0.000000e+00
    outer loop
      vertex   -2.845452e+01 2.491411e+01 2.500000e+00
      vertex   -2.845452e+01 2.491411e+01 0.000000e+00
      vertex   -2.840000e+01 2.450000e+01 2.500000e+00
    endloop
  endfacet
  facet normal -9.914449e-01 -1.305262e-01 -0.000000e+00
    outer loop
      vertex   -2.840000e+01 2.450000e+01 2.500000e+00
      vertex   -2.845452e+01 2.491411e+01 0.000000e+00
      vertex   -2.840000e+01 2.450000e+01 0.000000e+00
    endloop
  endfacet
  facet normal -9.914449e-01 1.305262e-01 0.000000e+00
    outer loop
      vertex   -2.840000e+01 2.450000e+01 2.500000e+00
      vertex   -2.840000e+01 2.450000e+01 0.000000e+00
      vertex   -2.845452e+01 2.408589e+01 2.500000e+00
    endloop
  endfacet
  facet normal -9.914449e-01 1.305262e-01 0.000000e+00
    outer loop
      vertex   -2.845452e+01 2.408589e+01 2.500000e+00
      vertex   -2.840000e+01 2.450000e+01 0.000000e+00
      vertex   -2.845452e+01 2.408589e+01 0.000000e+00
    endloop
  endfacet
  facet normal -9.238795e-01 3.826834e-01 0.000000e+00
    outer loop
      vertex   -2.845452e+01 2.408589e+01 2.500000e+00
      vertex   -2.845452e+01 2.408589e+01 0.000000e+00
      vertex   -2.861436e+01 2.370000e+01 2.500000e+00
    endloop
  endfacet
  facet normal -9.238795e-01 3.826834e-01 0.000000e+00
    outer loop
      vertex   -2.861436e+01 2.370000e+01 2.500000e+00
      vertex   -2.845452e+01 2.408589e+01 0.000000e+00
      vertex   -2.861436e+01 2.370000e+01 0.000000e+00
    endloop
  endfacet
  facet normal -7.933533e-01 6.087614e-01 0.000000e+00
    outer loop
      vertex   -2.861436e+01 2.370000e+01 2.500000e+00
      vertex   -2.861436e+01 2.370000e+01 0.000000e+00
      vertex   -2.886863e+01 2.336863e+01 2.500000e+00
    endloop
  endfacet
  facet normal -7.933533e-01 6.087614e-01 0.000000e+00
    outer loop
      vertex   -2.886863e+01 2.336863e+01 2.500000e+00
      vertex   -2.861436e+01 2.370000e+01 0.000000e+00
      vertex   -2.886863e+01 2.336863e+01 0.000000e+00
    endloop
  endfacet
  facet normal -6.087614e-01 7.933533e-01 0.000000e+00
    outer loop
      vertex   -2.886863e+01 2.336863e+01 2.500000e+00
      vertex   -2.886863e+01 2.336863e+01 0.000000e+00
      vertex   -2.920000e+01 2.311436e+01 2.500000e+00
    endloop
  endfacet
  facet normal -6.087614e-01 7.933533e-01 0.000000e+00
    outer loop
      vertex   -2.920000e+01 2.311436e+01 2.500000e+00
      vertex   -2.886863e+01 2.336863e+01 0.000000e+00
      vertex   -2.920000e+01 2.311436e+01 0.000000e+00
    endloop
  endfacet
  facet normal -3.826834e-01 9.238795e-01 0.000000e+00
    outer loop
      vertex   -2.920000e+01 2.311436e+01 2.500000e+00
      vertex   -2.920000e+01 2.311436e+01 0.000000e+00
      vertex   -2.958589e+01 2.295452e+01 2.500000e+00
    endloop
  endfacet
  facet normal -3.826834e-01 9.238795e-01 0.000000e+00
    outer loop
      vertex   -2.958589e+01 2.295452e+01 2.500000e+00
      vertex   -2.920000e+01 2.311436e+01 0.000000e+00
      vertex   -2.958589e+01 2.295452e+01 0.000000e+00
    endloop
  endfacet
  facet normal -1.305262e-01 9.914449e-01 0.000000e+00
    outer loop
      vertex   -2.958589e+01 2.295452e+01 2.500000e+00
      vertex   -2.958589e+01 2.295452e+01 0.000000e+00
      vertex   -3.000000e+01 2.290000e+01 2.500000e+00
    endloop
  endfacet
  facet normal -1.305262e-01 9.914449e-01 0.000000e+00
    outer loop
      vertex   -3.000000e+01 2.290000e+01 2.500000e+00
      vertex   -2.958589e+01 2.295452e+01 0.000000e+00
      vertex   -3.000000e+01 2.290000e+01 0.000000e+00
    endloop
  endfacet
  facet normal 1.305262e-01 9.914449e-01 0.000000e+00
    outer loop
      vertex   -3.000000e+01 2.290000e+01 2.500000e+00
      vertex   -3.000000e+01 2.290000e+01 0.000000e+00
      vertex   -3.041411e+01 2.295452e+01 2.500000e+00
    endloop
  endfacet
  facet normal 1.305262e-01 9.914449e-01 0.000000e+00
    outer loop
      vertex   -3.041411e+01 2.295452e+01 2.500000e+00
      vertex   -3.000000e+01 2.290000e+01 0.000000e+00
      vertex   -3.041411e+01 2.295452e+01 0.000000e+00
    endloop
  endfacet
  facet normal 3.826834e-01 9.238795e-01 0.000000e+00
    outer loop
      vertex   -3.041411e+01 2.295452e+01 2.500000e+00
      vertex   -3.041411e+01 2.295452e+01 0.000000e+00
      vertex   -3.080000e+01 2.311436e+01 2.500000e+00
    endloop
  endfacet
  facet normal 3.826834e-01 9.238795e-01 0.000000e+00
    outer loop
      vertex   -3.080000e+01 2.311436e+01 2.500000e+00
      vertex   -3.041411e+01 2.295452e+01 0.000000e+00
      vertex   -3.080000e+01 2.311436e+01 0.000000e+00
    endloop
  endfacet
  facet normal 6.087614e-01 7.933533e-01 0.000000e+00
    outer loop
      vertex   -3.080000e+01 2.311436e+01 2.500000e+00
      vertex   -3.080000e+01 2.311436e+01 0.000000e+00
      vertex   -3.113137e+01 2.336863e+01 2.500000e+00
    endloop
  endfacet
  facet normal 6.087614e-01 7.933533e-01 0.000000e+00
    outer loop
      vertex   -3.113137e+01 2.336863e+01 2.500000e+00
      vertex   -3.080000e+01 2.311436e+01 0.000000e+00
      vertex   -3.113137e+01 2.336863e+01 0.000000e+00
    endloop
  endfacet
  facet normal 7.933533e-01 6.087614e-01 0.000000e+00
    outer loop
      vertex   -3.113137e+01 2.336863e+01 2.500000e+00
      vertex   -3.113137e+01 2.336863e+01 0.000000e+00
      vertex   -3.138564e+01 2.370000e+01 2.500000e+00
    endloop
  endfacet
  facet normal 7.933533e-01 6.087614e-01 0.000000e+00
    outer loop
      vertex   -3.138564e+01 2.370000e+01 2.500000e+00
      vertex   -3.113137e+01 2.336863e+01 0.000000e+00
      vertex   -3.138564e+01 2.370000e+01 0.000000e+00
    endloop
  endfacet
  facet normal 9.238795e-01 3.826834e-01 0.000000e+00
    outer loop
      vertex   -3.138564e+01 2.370000e+01 2.500000e+00
      vertex   -3.138564e+01 2.370000e+01 0.000000e+00
      vertex   -3.154548e+01 2.408589e+01 2.500000e+00
    endloop
  endfacet
  facet normal 9.238795e-01 3.826834e-01 0.000000e+00
    outer loop
      vertex   -3.154548e+01 2.408589e+01 2.500000e+00
      vertex   -3.138564e+01 2.370000e+01 0.000000e+00
      vertex   -3.154548e+01 2.408589e+01 0.000000e+00
    endloop
  endfacet
  facet normal 9.914449e-01 1.305262e-01 0.000000e+00
    outer loop
      vertex   2.845452e+01 2.408589e+01 2.500000e+00
      vertex   2.845452e+01 2.408589e+01 0.000000e+00
      vertex   2.840000e+01 2.450000e+01 2.500000e+00
    endloop
  endfacet
  facet normal 9.914449e-01 1.305262e-01 0.000000e+00
    outer loop
      vertex   2.840000e+01 2.450000e+01 2.500000e+00
      vertex   2.845452e+01 2.408589e+01 0.000000e+00
      vertex   2.840000e+01 2.450000e+01 0.000000e+00
    endloop
  endfacet
  facet normal 9.914449e-01 -1.305262e-01 0.000000e+00
    outer loop
      vertex   2.840000e+01 2.450000e+01 2.500000e+00
      vertex   2.840000e+01 2.450000e+01 0.000000e+00
      vertex   2.845452e+01 2.491411e+01 2.500000e+00
    endloop
  endfacet
  facet normal 9.914449e-01 -1.305262e-01 0.000000e+00
    outer loop
      vertex   2.845452e+01 2.491411e+01 2.500000e+00
      vertex   2.840000e+01 2.450000e+01 0.000000e+00
      vertex   2.845452e+01 2.491411e+01 0.000000e+00
    endloop
  endfacet
  facet normal 9.238795e-01 -3.826834e-01 0.000000e+00
    outer loop
      vertex   2.845452e+01 2.491411e+01 2.500000e+00
      vertex   2.845452e+01 2.491411e+01 0.000000e+00
      vertex   2.861436e+01 2.530000e+01 2.500000e+00
    endloop
  endfacet
  facet normal 9.238795e-01 -3.826834e-01 0.000000e+00
    outer loop
      vertex   2.861436e+01 2.530000e+01 2.500000e+00
      vertex   2.845452e+01 2.491411e+01 0.000000e+00
      vertex   2.861436e+01 2.530000e+01 0.000000e+00
    endloop
  endfacet
  facet normal 7.933533e-01 -6.087614e-01 0.000000e+00
    outer loop
      vertex   2.861436e+01 2.530000e+01 2.500000e+00
      vertex   2.861436e+01 2.530000e+01 0.000000e+00
      vertex   2.886863e+01 2.563137e+01 2.500000e+00
    endloop
  endfacet
  facet normal 7.933533e-01 -6.087614e-01 0.000000e+00
    outer loop
      vertex   2.886863e+01 2.563137e+01 2.500000e+00
      vertex   2.861436e+01 2.530000e+01 0.000000e+00
      vertex   2.886863e+01 2.563137e+01 0.000000e+00
    endloop
  endfacet
  facet normal 6.087614e-01 -7.933533e-01 0.000000e+00
    outer loop
      vertex   2.886863e+01 2.563137e+01 2.500000e+00
      vertex   2.886863e+01 2.563137e+01 0.000000e+00
      vertex   2.920000e+01 2.588564e+01 2.500000e+00
    endloop
  endfacet
  facet normal 6.087614e-01 -7.933533e-01 0.000000e+00
    outer loop
      vertex   2.920000e+01 2.588564e+01 2.500000e+00
      vertex   2.886863e+01 2.563137e+01 0.000000e+00
      vertex   2.920000e+01 2.588564e+01 0.000000e+00
    endloop
  endfacet
  facet normal 3.826834e-01 -9.238795e-01 0.000000e+00
    outer loop
      vertex   2.920000e+01 2.588564e+01 2.500000e+00
      vertex   2.920000e+01 2.588564e+01 0.000000e+00
      vertex   2.958589e+01 2.604548e+01 2.500000e+00
    endloop
  endfacet
  facet normal 3.826834e-01 -9.238795e-01 0.000000e+00
    outer loop
      vertex   2.958589e+01 2.604548e+01 2.500000e+00
      vertex   2.920000e+01 2.588564e+01 0.000000e+00
      vertex   2.958589e+01 2.604548e+01 0.000000e+00
    endloop
  endfacet
  facet normal 1.305262e-01 -9.914449e-01 0.000000e+00
    outer loop
      vertex   2.958589e+01 2.604548e+01 2.500000e+00
      vertex   2.958589e+01 2.604548e+01 0.000000e+00
      vertex   3.000000e+01 2.610000e+01 2.500000e+00
    endloop
  endfacet
  facet normal 1.305262e-01 -9.914449e-01 0.000000e+00
    outer loop
      vertex   3.000000e+01 2.610000e+01 2.500000e+00
      vertex   2.958589e+01 2.604548e+01 0.000000e+00
      vertex   3.000000e+01 2.610000e+01 0.000000e+00
    endloop
  endfacet
  facet normal -1.305262e-01 -9.914449e-01 -0.000000e+00
    outer loop
      vertex   3.000000e+01 2.610000e+01 2.500000e+00
      vertex   3.000000e+01 2.610000e+01 0.000000e+00
      vertex   3.041411e+01 2.604548e+01 2.500000e+00
    endloop
  endfacet
  facet normal -1.305262e-01 -9.914449e-01 -0.000000e+00
    outer loop
      vertex   3.041411e+01 2.604548e+01 2.500000e+00
      vertex   3.000000e+01 2.610000e+01 0.000000e+00
      vertex   3.041411e+01 2.604548e+01 0.000000e+00
    endloop
  endfacet
  facet normal -3.826834e-01 -9.238795e-01 -0.000000e+00
    outer loop
      vertex   3.041411e+01 2.604548e+01 2.500000e+00
      vertex   3.041411e+01 2.604548e+01 0.000000e+00
      vertex   3.080000e+01 2.588564e+01 2.500000e+00
    endloop
  endfacet
  facet normal -3.826834e-01 -9.238795e-01 -0.000000e+00
    outer loop
      vertex   3.080000e+01 2.588564e+01 2.500000e+00
      vertex   3.041411e+01 2.604548e+01 0.000000e+00
      vertex   3.080000e+01 2.588564e+01 0.000000e+00
    endloop
  endfacet
  facet normal -6.087614e-01 -7.933533e-01 -0.000000e+00
    outer loop
      vertex   3.080000e+01 2.588564e+01 2.500000e+00
      vertex   3.080000e+01 2.588564e+01 0.000000e+00
      vertex   3.113137e+01 2.563137e+01 2.500000e+00
    endloop
  endfacet
  facet normal -6.087614e-01 -7.933533e-01 -0.000000e+00
    outer loop
      vertex   3.113137e+01 2.563137e+01 2.500000e+00
      vertex   3.080000e+01 2.588564e+01 0.000000e+00
      vertex   3.113137e+01 2.563137e+01 0.000000e+00
    endloop
  endfacet
  facet normal -7.933533e-01 -6.087614e-01 -0.000000e+00
    outer loop
      vertex   3.113137e+01 2.563137e+01 2.500000e+00
      vertex   3.113137e+01 2.563137e+01 0.000000e+00
      vertex   3.138564e+01 2.530000e+01 2.500000e+00
    endloop
  endfacet
  facet normal -7.933533e-01 -6.087614e-01 -0.000000e+00
    outer loop
      vertex   3.138564e+01 2.530000e+01 2.500000e+00
      vertex   3.113137e+01 2.563137e+01 0.000000e+00
      vertex   3.138564e+01 2.530000e+01 0.000000e+00
    endloop
  endfacet
  facet normal -9.238795e-01 -3.826834e-01 -0.000000e+00
    outer loop
      vertex   3.138564e+01 2.530000e+01 2.500000e+00
      vertex   3.138564e+01 2.530000e+01 0.000000e+00
      vertex   3.154548e+01 2.491411e+01 2.500000e+00
    endloop
  endfacet
  facet normal -9.238795e-01 -3.826834e-01 -0.000000e+00
    outer loop
      vertex   3.154548e+01 2.491411e+01 2.500000e+00
      vertex   3.138564e+01 2.530000e+01 0.000000e+00
      vertex   3.154548e+01 2.491411e+01 0.000000e+00
    endloop
  endfacet
  facet normal -9.914449e-01 -1.305262e-01 -0.000000e+00
    outer loop
      vertex   3.154548e+01 2.491411e+01 2.500000e+00
      vertex   3.154548e+01 2.491411e+01 0.000000e+00
      vertex   3.160000e+01 2.450000e+01 2.500000e+00
    endloop
  endfacet
  facet normal -9.914449e-01 -1.305262e-01 -0.000000e+00
    outer loop
      vertex   3.160000e+01 2.450000e+01 2.500000e+00
      vertex   3.154548e+01 2.491411e+01 0.000000e+00
      vertex   3.160000e+01 2.450000e+01 0.000000e+00
    endloop
  endfacet
  facet normal -9.914449e-01 1.305262e-01 0.000000e+00
    outer loop
      vertex   3.160000e+01 2.450000e+01 2.500000e+00
      vertex   3.160000e+01 2.450000e+01 0.000000e+00
      vertex   3.154548e+01 2.408589e+01 2.500000e+00
    endloop
  endfacet
  facet normal -9.914449e-01 1.305262e-01 0.000000e+00
    outer loop
      vertex   3.154548e+01 2.408589e+01 2.500000e+00
      vertex   3.160000e+01 2.450000e+01 0.000000e+00
      vertex   3.154548e+01 2.408589e+01 0.000000e+00
    endloop
  endfacet
  facet normal -9.238795e-01 3.826834e-01 0.000000e+00
    outer loop
      vertex   3.154548e+01 2.408589e+01 2.500000e+00
      vertex   3.154548e+01 2.408589e+01 0.000000e+00
      vertex   3.138564e+01 2.370000e+01 2.500000e+00
    endloop
  endfacet
  facet normal -9.238795e-01 3.826834e-01 0.000000e+00
    outer loop
      vertex   3.138564e+01 2.370000e+01 2.500000e+00
      vertex   3.154548e+01 2.408589e+01 0.000000e+00
      vertex   3.138564e+01 2.370000e+01 0.000000e+00
    endloop
  endfacet
  facet normal -7.933533e-01 6.087614e-01 0.000000e+00
    outer loop
      vertex   3.138564e+01 2.370000e+01 2.500000e+00
      vertex   3.138564e+01 2.370000e+01 0.000000e+00
      vertex   3.113137e+01 2.336863e+01 2.500000e+00
    endloop
  endfacet
  facet normal -7.933533e-01 6.087614e-01 0.000000e+00
    outer loop
      vertex   3.113137e+01 2.336863e+01 2.500000e+00
      vertex   3.138564e+01 2.370000e+01 0.000000e+00
      vertex   3.113137e+01 2.336863e+01 0.000000e+00
    endloop
  endfacet
  facet normal -6.087614e-01 7.933533e-01 0.000000e+00
    outer loop
      vertex   3.113137e+01 2.336863e+01 2.500000e+00
      vertex   3.113137e+01 2.336863e+01 0.000000e+00
      vertex   3.080000e+01 2.311436e+01 2.500000e+00
    endloop
  endfacet
  facet normal -6.087614e-01 7.933533e-01 0.000000e+00
    outer loop
      vertex   3.080000e+01 2.311436e+01 2.500000e+00
      vertex   3.113137e+01 2.336863e+01 0.000000e+00
      vertex   3.080000e+01 2.311436e+01 0.000000e+00
    endloop
  endfacet
  facet normal -3.826834e-01 9.238795e-01 0.000000e+00
    outer loop
      vertex   3.080000e+01 2.311436e+01 2.500000e+00
      vertex   3.080000e+01 2.311436e+01 0.000000e+00
      vertex   3.041411e+01 2.295452e+01 2.500000e+00
    endloop
  endfacet
  facet normal -3.826834e-01 9.238795e-01 0.000000e+00
    outer loop
      vertex   3.041411e+01 2.295452e+01 2.500000e+00
      vertex   3.080000e+01 2.311436e+01 0.000000e+00
      vertex   3.041411e+01 2.295452e+01 0.000000e+00
    endloop
  endfacet
  facet normal -1.305262e-01 9.914449e-01 0.000000e+00
    outer loop
      vertex   3.041411e+01 2.295452e+01 2.500000e+00
      vertex   3.041411e+01 2.295452e+01 0.000000e+00
      vertex   3.000000e+01 2.290000e+01 2.500000e+00
    endloop
  endfacet
  facet normal -1.305262e-01 9.914449e-01 0.000000e+00
    outer loop
      vertex   3.000000e+01 2.290000e+01 2.500000e+00
      vertex   3.041411e+01 2.295452e+01 0.000000e+00
      vertex   3.000000e+01 2.290000e+01 0.000000e+00
    endloop
  endfacet
  facet normal 1.305262e-01 9.914449e-01 0.000000e+00
    outer loop
      vertex   3.000000e+01 2.290000e+01 2.500000e+00
      vertex   3.000000e+01 2.290000e+01 0.000000e+00
      vertex   2.958589e+01 2.295452e+01 2.500000e+00
    endloop
  endfacet
  facet normal 1.305262e-01 9.914449e-01 0.000000e+00
    outer loop
      vertex   2.958589e+01 2.295452e+01 2.500000e+00
      vertex   3.000000e+01 2.290000e+01 0.000000e+00
      vertex   2.958589e+01 2.295452e+01 0.000000e+00
    endloop
  endfacet
  facet normal 3.826834e-01 9.238795e-01 0.000000e+00
    outer loop
      vertex   2.958589e+01 2.295452e+01 2.500000e+00
      vertex   2.958589e+01 2.295452e+01 0.000000e+00
      vertex   2.920000e+01 2.311436e+01 2.500000e+00
    endloop
  endfacet
  facet normal 3.826834e-01 9.238795e-01 0.000000e+00
    outer loop
      vertex   2.920000e+01 2.311436e+01 2.500000e+00
      vertex   2.958589e+01 2.295452e+01 0.000000e+00
      vertex   2.920000e+01 2.311436e+01 0.000000e+00
    endloop
  endfacet
  facet normal 6.087614e-01 7.933533e-01 0.000000e+00
    outer loop
      vertex   2.920000e+01 2.311436e+01 2.500000e+00
      vertex   2.920000e+01 2.311436e+01 0.000000e+00
      vertex   2.886863e+01 2.336863e+01 2.500000e+00
    endloop
  endfacet
  facet normal 6.087614e-01 7.933533e-01 0.000000e+00
    outer loop
      vertex   2.886863e+01 2.336863e+01 2.500000e+00
      vertex   2.920000e+01 2.311436e+01 0.000000e+00
      vertex   2.886863e+01 2.336863e+01 0.000000e+00
    endloop
  endfacet
  facet normal 7.933533e-01 6.087614e-01 0.000000e+00
    outer loop
      vertex   2.886863e+01 2.336863e+01 2.500000e+00
      vertex   2.886863e+01 2.336863e+01 0.000000e+00
      vertex   2.861436e+01 2.370000e+01 2.500000e+00
    endloop
  endfacet
  facet normal 7.933533e-01 6.087614e-01 0.000000e+00
    outer loop
      vertex   2.861436e+01 2.370000e+01 2.500000e+00
      vertex   2.886863e+01 2.336863e+01 0.000000e+00
      vertex   2.861436e+01 2.370000e+01 0.000000e+00
    endloop
  endfacet
  facet normal 9.238795e-01 3.826834e-01 0.000000e+00
    outer loop
      vertex   2.861436e+01 2.370000e+01 2.500000e+00
      vertex   2.861436e+01 2.370000e+01 0.000000e+00
      vertex   2.845452e+01 2.408589e+01 2.500000e+00
    endloop
  endfacet
  facet normal 9.238795e-01 3.826834e-01 0.000000e+00
    outer loop
      vertex   2.845452e+01 2.408589e+01 2.500000e+00
      vertex   2.861436e+01 2.370000e+01 0.000000e+00
      vertex   2.845452e+01 2.408589e+01 0.000000e+00
    endloop
  endfacet
  facet normal 9.914449e-01 1.305262e-01 0.000000e+00
    outer loop
      vertex   -3.154548e+01 -2.491411e+01 2.500000e+00
      vertex   -3.154548e+01 -2.491411e+01 0.000000e+00
      vertex   -3.160000e+01 -2.450000e+01 2.500000e+00
    endloop
  endfacet
  facet normal 9.914449e-01 1.305262e-01 0.000000e+00
    outer loop
      vertex   -3.160000e+01 -2.450000e+01 2.500000e+00
      vertex   -3.154548e+01 -2.491411e+01 0.000000e+00
      vertex   -3.160000e+01 -2.450000e+01 0.000000e+00
    endloop
  endfacet
  facet normal 9.914449e-01 -1.305262e-01 0.000000e+00
    outer loop
      vertex   -3.160000e+01 -2.450000e+01 2.500000e+00
      vertex   -3.160000e+01 -2.450000e+01 0.000000e+00
      vertex   -3.154548e+01 -2.408589e+01 2.500000e+00
    endloop
  endfacet
  facet normal 9.914449e-01 -1.305262e-01 0.000000e+00
    outer loop
      vertex   -3.154548e+01 -2.408589e+01 2.500000e+00
      vertex   -3.160000e+01 -2.450000e+01 0.000000e+00
      vertex   -3.154548e+01 -2.408589e+01 0.000000e+00
    endloop
  endfacet
  facet normal 9.238795e-01 -3.826834e-01 0.000000e+00
    outer loop
      vertex   -3.154548e+01 -2.408589e+01 2.500000e+00
      vertex   -3.154548e+01 -2.408589e+01 0.000000e+00
      vertex   -3.138564e+01 -2.370000e+01 2.500000e+00
    endloop
  endfacet
  facet normal 9.238795e-01 -3.826834e-01 0.000000e+00
    outer loop
      vertex   -3.138564e+01 -2.370000e+01 2.500000e+00
      vertex   -3.154548e+01 -2.408589e+01 0.000000e+00
      vertex   -3.138564e+01 -2.370000e+01 0.000000e+00
    endloop
  endfacet
  facet normal 7.933533e-01 -6.087614e-01 0.000000e+00
    outer loop
      vertex   -3.138564e+01 -2.370000e+01 2.500000e+00
      vertex   -3.138564e+01 -2.370000e+01 0.000000e+00
      vertex   -3.113137e+01 -2.336863e+01 2.500000e+00
    endloop
  endfacet
  facet normal 7.933533e-01 -6.087614e-01 0.000000e+00
    outer loop
      vertex   -3.113137e+01 -2.336863e+01 2.500000e+00
      vertex   -3.138564e+01 -2.370000e+01 0.000000e+00
      vertex   -3.113137e+01 -2.336863e+01 0.000000e+00
    endloop
  endfacet
  facet normal 6.087614e-01 -7.933533e-01 0.000000e+00
    outer loop
      vertex   -3.113137e+01 -2.336863e+01 2.500000e+00
      vertex   -3.113137e+01 -2.336863e+01 0.000000e+00
      vertex   -3.080000e+01 -2.311436e+01 2.500000e+00
    endloop
  endfacet
  facet normal 6.087614e-01 -7.933533e-01 0.000000e+00
    outer loop
      vertex   -3.080000e+01 -2.311436e+01 2.500000e+00
      vertex   -3.113137e+01 -2.336863e+01 0.000000e+00
      vertex   -3.080000e+01 -2.311436e+01 0.000000e+00
    endloop
  endfacet
  facet normal 3.826834e-01 -9.238795e-01 0.000000e+00
    outer loop
      vertex   -3.080000e+01 -2.311436e+01 2.500000e+00
      vertex   -3.080000e+01 -2.311436e+01 0.000000e+00
      vertex   -3.041411e+01 -2.295452e+01 2.500000e+00
    endloop
  endfacet
  facet normal 3.826834e-01 -9.238795e-01 0.000000e+00
    outer loop
      vertex   -3.041411e+01 -2.295452e+01 2.500000e+00
      vertex   -3.080000e+01 -2.311436e+01 0.000000e+00
      vertex   -3.041411e+01 -2.295452e+01 0.000000e+00
    endloop
  endfacet
  facet normal 1.305262e-01 -9.914449e-01 0.000000e+00
    outer loop
      vertex   -3.041411e+01 -2.295452e+01 2.500000e+00
      vertex   -3.041411e+01 -2.295452e+01 0.000000e+00
      vertex   -3.000000e+01 -2.290000e+01 2.500000e+00
    endloop
  endfacet
  facet normal 1.305262e-01 -9.914449e-01 0.000000e+00
    outer loop
      vertex   -3.000000e+01 -2.290000e+01 2.500000e+00
      vertex   -3.041411e+01 -2.295452e+01 0.000000e+00
      vertex   -3.000000e+01 -2.290000e+01 0.000000e+00
    endloop
  endfacet
  facet normal -1.305262e-01 -9.914449e-01 -0.000000e+00
    outer loop
      vertex   -3.000000e+01 -2.290000e+01 2.500000e+00
      vertex   -3.000000e+01 -2.290000e+01 0.000000e+00
      vertex   -2.958589e+01 -2.295452e+01 2.500000e+00
    endloop
  endfacet
  facet normal -1.305262e-01 -9.914449e-01 -0.000000e+00
    outer loop
      vertex   -2.958589e+01 -2.295452e+01 2.500000e+00
      vertex   -3.000000e+01 -2.290000e+01 0.000000e+00
      vertex   -2.958589e+01 -2.295452e+01 0.000000e+00
    endloop
  endfacet
  facet normal -3.826834e-01 -9.238795e-01 -0.000000e+00
    outer loop
      vertex   -2.958589e+01 -2.295452e+01 2.500000e+00
      vertex   -2.958589e+01 -2.295452e+01 0.000000e+00
      vertex   -2.920000e+01 -2.311436e+01 2.500000e+00
    endloop
  endfacet
  facet normal -3.826834e-01 -9.238795e-01 -0.000000e+00
    outer loop
      vertex   -2.920000e+01 -2.311436e+01 2.500000e+00
      vertex   -2.958589e+01 -2.295452e+01 0.000000e+00
      vertex   -2.920000e+01 -2.311436e+01 0.000000e+00
    endloop
  endfacet
  facet normal -6.087614e-01 -7.933533e-01 -0.000000e+00
    outer loop
      vertex   -2.920000e+01 -2.311436e+01 2.500000e+00
      vertex   -2.920000e+01 -2.311436e+01 0.000000e+00
      vertex   -2.886863e+01 -2.336863e+01 2.500000e+00
    endloop
  endfacet
  facet normal -6.087614e-01 -7.933533e-01 -0.000000e+00
    outer loop
      vertex   -2.886863e+01 -2.336863e+01 2.500000e+00
      vertex   -2.920000e+01 -2.311436e+01 0.000000e+00
      vertex   -2.886863e+01 -2.336863e+01 0.000000e+00
    endloop
  endfacet
  facet normal -7.933533e-01 -6.087614e-01 -0.000000e+00
    outer loop
      vertex   -2.886863e+01 -2.336863e+01 2.500000e+00
      vertex   -2.886863e+01 -2.336863e+01 0.000000e+00
      vertex   -2.861436e+01 -2.370000e+01 2.500000e+00
    endloop
  endfacet
  facet normal -7.933533e-01 -6.087614e-01 -0.000000e+00
    outer loop
      vertex   -2.861436e+01 -2.370000e+01 2.500000e+00
      vertex   -2.886863e+01 -2.336863e+01 0.000000e+00
      vertex   -2.861436e+01 -2.370000e+01 0.000000e+00
    endloop
  endfacet
  facet normal -9.238795e-01 -3.826834e-01 -0.000000e+00
    outer loop
      vertex   -2.861436e+01 -2.370000e+01 2.500000e+00
      vertex   -2.861436e+01 -2.370000e+01 0.000000e+00
      vertex   -2.845452e+01 -2.408589e+01 2.500000e+00
    endloop
  endfacet
  facet normal -9.238795e-01 -3.826834e-01 -0.000000e+00
    outer loop
      vertex   -2.845452e+01 -2.408589e+01 2.500000e+00
      vertex   -2.861436e+01 -2.370000e+01 0.000000e+00
      vertex   -2.845452e+01 -2.408589e+01 0.000000e+00
    endloop
  endfacet
  facet normal -9.914449e-01 -1.305262e-01 -0.000000e+00
    outer loop
      vertex   -2.845452e+01 -2.408589e+01 2.500000e+00
      vertex   -2.845452e+01 -2.408589e+01 0.000000e+00
      vertex   -2.840000e+01 -2.450000e+01 2.500000e+00
    endloop
  endfacet
  facet normal -9.914449e-01 -1.305262e-01 -0.000000e+00
    outer loop
      vertex   -2.840000e+01 -2.450000e+01 2.500000e+00
      vertex   -2.845452e+01 -2.408589e+01 0.000000e+00
      vertex   -2.840000e+01 -2.450000e+01 0.000000e+00
    endloop
  endfacet
  facet normal -9.914449e-01 1.305262e-01 0.000000e+00
    outer loop
      vertex   -2.840000e+01 -2.450000e+01 2.500000e+00
      vertex   -2.840000e+01 -2.450000e+01 0.000000e+00
      vertex   -2.845452e+01 -2.491411e+01 2.500000e+00
    endloop
  endfacet
  facet normal -9.914449e-01 1.305262e-01 0.000000e+00
    outer loop
      vertex   -2.845452e+01 -2.491411e+01 2.500000e+00
      vertex   -2.840000e+01 -2.450000e+01 0.000000e+00
      vertex   -2.845452e+01 -2.491411e+01 0.000000e+00
    endloop
  endfacet
  facet normal -9.238795e-01 3.826834e-01 0.000000e+00
    outer loop
      vertex   -2.845452e+01 -2.491411e+01 2.500000e+00
      vertex   -2.845452e+01 -2.491411e+01 0.000000e+00
      vertex   -2.861436e+01 -2.530000e+01 2.500000e+00
    endloop
  endfacet
  facet normal -9.238795e-01 3.826834e-01 0.000000e+00
    outer loop
      vertex   -2.861436e+01 -2.530000e+01 2.500000e+00
      vertex   -2.845452e+01 -2.491411e+01 0.000000e+00
      vertex   -2.861436e+01 -2.530000e+01 0.000000e+00
    endloop
  endfacet
  facet normal -7.933533e-01 6.087614e-01 0.000000e+00
    outer loop
      vertex   -2.861436e+01 -2.530000e+01 2.500000e+00
      vertex   -2.861436e+01 -2.530000e+01 0.000000e+00
      vertex   -2.886863e+01 -2.563137e+01 2.500000e+00
    endloop
  endfacet
  facet normal -7.933533e-01 6.087614e-01 0.000000e+00
    outer loop
      vertex   -2.886863e+01 -2.563137e+01 2.500000e+00
      vertex   -2.861436e+01 -2.530000e+01 0.000000e+00
      vertex   -2.886863e+01 -2.563137e+01 0.000000e+00
    endloop
  endfacet
  facet normal -6.087614e-01 7.933533e-01 0.000000e+00
    outer loop
      vertex   -2.886863e+01 -2.563137e+01 2.500000e+00
      vertex   -2.886863e+01 -2.563137e+01 0.000000e+00
      vertex   -2.920000e+01 -2.588564e+01 2.500000e+00
    endloop
  endfacet
  facet normal -6.087614e-01 7.933533e-01 0.000000e+00
    outer loop
      vertex   -2.920000e+01 -2.588564e+01 2.500000e+00
      vertex   -2.886863e+01 -2.563137e+01 0.000000e+00
      vertex   -2.920000e+01 -2.588564e+01 0.000000e+00
    endloop
  endfacet
  facet normal -3.826834e-01 9.238795e-01 0.000000e+00
    outer loop
      vertex   -2.920000e+01 -2.588564e+01 2.500000e+00
      vertex   -2.920000e+01 -2.588564e+01 0.000000e+00
      vertex   -2.958589e+01 -2.604548e+01 2.500000e+00
    endloop
  endfacet
  facet normal -3.826834e-01 9.238795e-01 0.000000e+00
    outer loop
      vertex   -2.958589e+01 -2.604548e+01 2.500000e+00
      vertex   -2.920000e+01 -2.588564e+01 0.000000e+00
      vertex   -2.958589e+01 -2.604548e+01 0.000000e+00
    endloop
  endfacet
  facet normal -1.305262e-01 9.914449e-01 0.000000e+00
    outer loop
      vertex   -2.958589e+01 -2.604548e+01 2.500000e+00
      vertex   -2.958589e+01 -2.604548e+01 0.000000e+00
      vertex   -3.000000e+01 -2.610000e+01 2.500000e+00
    endloop
  endfacet
  facet normal -1.305262e-01 9.914449e-01 0.000000e+00
    outer loop
      vertex   -3.000000e+01 -2.610000e+01 2.500000e+00
      vertex   -2.958589e+01 -2.604548e+01 0.000000e+00
      vertex   -3.000000e+01 -2.610000e+01 0.000000e+00
    endloop
  endfacet
  facet normal 1.305262e-01 9.914449e-01 0.000000e+00
    outer loop
      vertex   -3.000000e+01 -2.610000e+01 2.500000e+00
      vertex   -3.000000e+01 -2.610000e+01 0.000000e+00
      vertex   -3.041411e+01 -2.604548e+01 2.500000e+00
    endloop
  endfacet
  facet normal 1.305262e-01 9.914449e-01 0.000000e+00
    outer loop
      vertex   -3.041411e+01 -2.604548e+01 2.500000e+00
      vertex   -3.000000e+01 -2.610000e+01 0.000000e+00
      vertex   -3.041411e+01 -2.604548e+01 0.000000e+00
    endloop
  endfacet
  facet normal 3.826834e-01 9.238795e-01 0.000000e+00
    outer loop
      vertex   -3.041411e+01 -2.604548e+01 2.500000e+00
      vertex   -3.041411e+01 -2.604548e+01 0.000000e+00
      vertex   -3.080000e+01 -2.588564e+01 2.500000e+00
    endloop
  endfacet
  facet normal 3.826834e-01 9.238795e-01 0.000000e+00
    outer loop
      vertex   -3.080000e+01 -2.588564e+01 2.500000e+00
      vertex   -3.041411e+01 -2.604548e+01 0.000000e+00
      vertex   -3.080000e+01 -2.588564e+01 0.000000e+00
    endloop
  endfacet
  facet normal 6.087614e-01 7.933533e-01 0.000000e+00
    outer loop
      vertex   -3.080000e+01 -2.588564e+01 2.500000e+00
      vertex   -3.080000e+01 -2.588564e+01 0.000000e+00
      vertex   -3.113137e+01 -2.563137e+01 2.500000e+00
    endloop
  endfacet
  facet normal 6.087614e-01 7.933533e-01 0.000000e+00
    outer loop
      vertex   -3.113137e+01 -2.563137e+01 2.500000e+00
      vertex   -3.080000e+01 -2.588564e+01 0.000000e+00
      vertex   -3.113137e+01 -2.563137e+01 0.000000e+00
    endloop
  endfacet
  facet normal 7.933533e-01 6.087614e-01 0.000000e+00
    outer loop
      vertex   -3.113137e+01 -2.563137e+01 2.500000e+00
      vertex   -3.113137e+01 -2.563137e+01 0.000000e+00
      vertex   -3.138564e+01 -2.530000e+01 2.500000e+00
    endloop
  endfacet
  facet normal 7.933533e-01 6.087614e-01 0.000000e+00
    outer loop
      vertex   -3.138564e+01 -2.530000e+01 2.500000e+00
      vertex   -3.113137e+01 -2.563137e+01 0.000000e+00
      vertex   -3.138564e+01 -2.530000e+01 0.000000e+00
    endloop
  endfacet
  facet normal 9.238795e-01 3.826834e-01 0.000000e+00
    outer loop
      vertex   -3.138564e+01 -2.530000e+01 2.500000e+00
      vertex   -3.138564e+01 -2.530000e+01 0.000000e+00
      vertex   -3.154548e+01 -2.491411e+01 2.500000e+00
    endloop
  endfacet
  facet normal 9.238795e-01 3.826834e-01 0.000000e+00
    outer loop
      vertex   -3.154548e+01 -2.491411e+01 2.500000e+00
      vertex   -3.138564e+01 -2.530000e+01 0.000000e+00
      vertex   -3.154548e+01 -2.491411e+01 0.000000e+00
    endloop
  endfacet
  facet normal 1.997641e-01 -9.798440e-01 0.000000e+00
    outer loop
      vertex   -3.297975e+01 2.415200e+01 0.000000e+00
      vertex   -3.297975e+01 2.415200e+01 2.500000e+00
      vertex   -3.362817e+01 2.401981e+01 0.000000e+00
    endloop
  endfacet
  facet normal 1.997641e-01 -9.798440e-01 0.000000e+00
    outer loop
      vertex   -3.362817e+01 2.401981e+01 0.000000e+00
      vertex   -3.297975e+01 2.415200e+01 2.500000e+00
      vertex   -3.362817e+01 2.401981e+01 2.500000e+00
    endloop
  endfacet
  facet normal 1.176091e-02 -9.999308e-01 0.000000e+00
    outer loop
      vertex   -3.362817e+01 2.401981e+01 0.000000e+00
      vertex   -3.362817e+01 2.401981e+01 2.500000e+00
      vertex   -3.428988e+01 2.401202e+01 0.000000e+00
    endloop
  endfacet
  facet normal 1.176091e-02 -9.999308e-01 0.000000e+00
    outer loop
      vertex   -3.428988e+01 2.401202e+01 0.000000e+00
      vertex   -3.362817e+01 2.401981e+01 2.500000e+00
      vertex   -3.428988e+01 2.401202e+01 2.500000e+00
    endloop
  endfacet
  facet normal -1.766627e-01 -9.842714e-01 0.000000e+00
    outer loop
      vertex   -3.428988e+01 2.401202e+01 0.000000e+00
      vertex   -3.428988e+01 2.401202e+01 2.500000e+00
      vertex   -3.494122e+01 2.412893e+01 0.000000e+00
    endloop
  endfacet
  facet normal -1.766627e-01 -9.842714e-01 0.000000e+00
    outer loop
      vertex   -3.494122e+01 2.412893e+01 0.000000e+00
      vertex   -3.428988e+01 2.401202e+01 2.500000e+00
      vertex   -3.494122e+01 2.412893e+01 2.500000e+00
    endloop
  endfacet
  facet normal -3.587709e-01 -9.334256e-01 0.000000e+00
    outer loop
      vertex   -3.494122e+01 2.412893e+01 0.000000e+00
      vertex   -3.494122e+01 2.412893e+01 2.500000e+00
      vertex   -3.555892e+01 2.436635e+01 0.000000e+00
    endloop
  endfacet
  facet normal -3.587709e-01 -9.334256e-01 0.000000e+00
    outer loop
      vertex   -3.555892e+01 2.436635e+01 0.000000e+00
      vertex   -3.494122e+01 2.412893e+01 2.500000e+00
      vertex   -3.555892e+01 2.436635e+01 2.500000e+00
    endloop
  endfacet
  facet normal -5.280535e-01 -8.492111e-01 0.000000e+00
    outer loop
      vertex   -3.555892e+01 2.436635e+01 0.000000e+00
      vertex   -3.555892e+01 2.436635e+01 2.500000e+00
      vertex   -3.612090e+01 2.471579e+01 0.000000e+00
    endloop
  endfacet
  facet normal -5.280535e-01 -8.492111e-01 0.000000e+00
    outer loop
      vertex   -3.612090e+01 2.471579e+01 0.000000e+00
      vertex   -3.555892e+01 2.436635e+01 2.500000e+00
      vertex   -3.612090e+01 2.471579e+01 2.500000e+00
    endloop
  endfacet
  facet normal -6.784589e-01 -7.346384e-01 0.000000e+00
    outer loop
      vertex   -3.612090e+01 2.471579e+01 0.000000e+00
      vertex   -3.612090e+01 2.471579e+01 2.500000e+00
      vertex   -3.660705e+01 2.516477e+01 0.000000e+00
    endloop
  endfacet
  facet normal -6.784589e-01 -7.346384e-01 0.000000e+00
    outer loop
      vertex   -3.660705e+01 2.516477e+01 0.000000e+00
      vertex   -3.612090e+01 2.471579e+01 2.500000e+00
      vertex   -3.660705e+01 2.516477e+01 2.500000e+00
    endloop
  endfacet
  facet normal -8.046102e-01 -5.938033e-01 0.000000e+00
    outer loop
      vertex   -3.660705e+01 2.516477e+01 0.000000e+00
      vertex   -3.660705e+01 2.516477e+01 2.500000e+00
      vertex   -3.700000e+01 2.569722e+01 0.000000e+00
    endloop
  endfacet
  facet normal -8.046102e-01 -5.938033e-01 0.000000e+00
    outer loop
      vertex   -3.700000e+01 2.569722e+01 0.000000e+00
      vertex   -3.660705e+01 2.516477e+01 2.500000e+00
      vertex   -3.700000e+01 2.569722e+01 2.500000e+00
    endloop
  endfacet
  facet normal -6.393180e-02 9.979543e-01 0.000000e+00
    outer loop
      vertex   -3.050025e+01 2.745800e+01 0.000000e+00
      vertex   -3.050025e+01 2.745800e+01 2.500000e+00
      vertex   -2.988128e+01 2.749765e+01 0.000000e+00
    endloop
  endfacet
  facet normal -6.393180e-02 9.979543e-01 0.000000e+00
    outer loop
      vertex   -2.988128e+01 2.749765e+01 0.000000e+00
      vertex   -3.050025e+01 2.745800e+01 2.500000e+00
      vertex   -2.988128e+01 2.749765e+01 2.500000e+00
    endloop
  endfacet
  facet normal 1.426520e-01 9.897729e-01 -0.000000e+00
    outer loop
      vertex   -2.988128e+01 2.749765e+01 0.000000e+00
      vertex   -2.988128e+01 2.749765e+01 2.500000e+00
      vertex   -2.926739e+01 2.740917e+01 0.000000e+00
    endloop
  endfacet
  facet normal 1.426520e-01 9.897729e-01 -0.000000e+00
    outer loop
      vertex   -2.926739e+01 2.740917e+01 0.000000e+00
      vertex   -2.988128e+01 2.749765e+01 2.500000e+00
      vertex   -2.926739e+01 2.740917e+01 2.500000e+00
    endloop
  endfacet
  facet normal 3.431383e-01 9.392849e-01 -0.000000e+00
    outer loop
      vertex   -2.926739e+01 2.740917e+01 0.000000e+00
      vertex   -2.926739e+01 2.740917e+01 2.500000e+00
      vertex   -2.868481e+01 2.719634e+01 0.000000e+00
    endloop
  endfacet
  facet normal 3.431383e-01 9.392849e-01 -0.000000e+00
    outer loop
      vertex   -2.868481e+01 2.719634e+01 0.000000e+00
      vertex   -2.926739e+01 2.740917e+01 2.500000e+00
      vertex   -2.868481e+01 2.719634e+01 2.500000e+00
    endloop
  endfacet
  facet normal 5.289575e-01 8.486483e-01 -0.000000e+00
    outer loop
      vertex   -2.868481e+01 2.719634e+01 0.000000e+00
      vertex   -2.868481e+01 2.719634e+01 2.500000e+00
      vertex   -2.815845e+01 2.686827e+01 0.000000e+00
    endloop
  endfacet
  facet normal 5.289575e-01 8.486483e-01 -1.206002e-15
    outer loop
      vertex   -2.815845e+01 2.686827e+01 0.000000e+00
      vertex   -2.868481e+01 2.719634e+01 2.500000e+00
      vertex   -2.815845e+01 2.686827e+01 2.500000e+00
    endloop
  endfacet
  facet normal 6.921671e-01 7.217372e-01 -1.025650e-15
    outer loop
      vertex   -2.815845e+01 2.686827e+01 0.000000e+00
      vertex   -2.815845e+01 2.686827e+01 2.500000e+00
      vertex   -2.771080e+01 2.643896e+01 0.000000e+00
    endloop
  endfacet
  facet normal 6.921671e-01 7.217372e-01 -1.025650e-15
    outer loop
      vertex   -2.771080e+01 2.643896e+01 0.000000e+00
      vertex   -2.815845e+01 2.686827e+01 2.500000e+00
      vertex   -2.771080e+01 2.643896e+01 2.500000e+00
    endloop
  endfacet
  facet normal 8.257909e-01 5.639764e-01 -8.014587e-16
    outer loop
      vertex   -2.771080e+01 2.643896e+01 0.000000e+00
      vertex   -2.771080e+01 2.643896e+01 2.500000e+00
      vertex   -2.736100e+01 2.592677e+01 0.000000e+00
    endloop
  endfacet
  facet normal 8.257909e-01 5.639764e-01 -0.000000e+00
    outer loop
      vertex   -2.736100e+01 2.592677e+01 0.000000e+00
      vertex   -2.771080e+01 2.643896e+01 2.500000e+00
      vertex   -2.736100e+01 2.592677e+01 2.500000e+00
    endloop
  endfacet
  facet normal 9.241172e-01 3.821091e-01 -0.000000e+00
    outer loop
      vertex   -2.736100e+01 2.592677e+01 0.000000e+00
      vertex   -2.736100e+01 2.592677e+01 2.500000e+00
      vertex   -2.712400e+01 2.535360e+01 0.000000e+00
    endloop
  endfacet
  facet normal 9.241172e-01 3.821091e-01 -0.000000e+00
    outer loop
      vertex   -2.712400e+01 2.535360e+01 0.000000e+00
      vertex   -2.736100e+01 2.592677e+01 2.500000e+00
      vertex   -2.712400e+01 2.535360e+01 2.500000e+00
    endloop
  endfacet
  facet normal 9.829433e-01 1.839089e-01 -0.000000e+00
    outer loop
      vertex   -2.712400e+01 2.535360e+01 0.000000e+00
      vertex   -2.712400e+01 2.535360e+01 2.500000e+00
      vertex   -2.700993e+01 2.474394e+01 0.000000e+00
    endloop
  endfacet
  facet normal 9.829433e-01 1.839089e-01 -0.000000e+00
    outer loop
      vertex   -2.700993e+01 2.474394e+01 0.000000e+00
      vertex   -2.712400e+01 2.535360e+01 2.500000e+00
      vertex   -2.700993e+01 2.474394e+01 2.500000e+00
    endloop
  endfacet
  facet normal 9.997546e-01 -2.215215e-02 0.000000e+00
    outer loop
      vertex   -2.700993e+01 2.474394e+01 0.000000e+00
      vertex   -2.700993e+01 2.474394e+01 2.500000e+00
      vertex   -2.702367e+01 2.412386e+01 0.000000e+00
    endloop
  endfacet
  facet normal 9.997546e-01 -2.215215e-02 0.000000e+00
    outer loop
      vertex   -2.702367e+01 2.412386e+01 0.000000e+00
      vertex   -2.700993e+01 2.474394e+01 2.500000e+00
      vertex   -2.702367e+01 2.412386e+01 2.500000e+00
    endloop
  endfacet
  facet normal 9.738326e-01 -2.272664e-01 0.000000e+00
    outer loop
      vertex   -2.702367e+01 2.412386e+01 0.000000e+00
      vertex   -2.702367e+01 2.412386e+01 2.500000e+00
      vertex   -2.716463e+01 2.351985e+01 0.000000e+00
    endloop
  endfacet
  facet normal 9.738326e-01 -2.272664e-01 0.000000e+00
    outer loop
      vertex   -2.716463e+01 2.351985e+01 0.000000e+00
      vertex   -2.702367e+01 2.412386e+01 2.500000e+00
      vertex   -2.716463e+01 2.351985e+01 2.500000e+00
    endloop
  endfacet
  facet normal 9.062854e-01 -4.226664e-01 0.000000e+00
    outer loop
      vertex   -2.716463e+01 2.351985e+01 0.000000e+00
      vertex   -2.716463e+01 2.351985e+01 2.500000e+00
      vertex   -2.742679e+01 2.295774e+01 0.000000e+00
    endloop
  endfacet
  facet normal 9.062854e-01 -4.226664e-01 0.000000e+00
    outer loop
      vertex   -2.742679e+01 2.295774e+01 0.000000e+00
      vertex   -2.716463e+01 2.351985e+01 2.500000e+00
      vertex   -2.742679e+01 2.295774e+01 2.500000e+00
    endloop
  endfacet
  facet normal 8.000000e-01 -6.000000e-01 0.000000e+00
    outer loop
      vertex   -2.742679e+01 2.295774e+01 0.000000e+00
      vertex   -2.742679e+01 2.295774e+01 2.500000e+00
      vertex   -2.779893e+01 2.246155e+01 0.000000e+00
    endloop
  endfacet
  facet normal 8.000000e-01 -6.000000e-01 -1.136868e-15
    outer loop
      vertex   -2.779893e+01 2.246155e+01 0.000000e+00
      vertex   -2.742679e+01 2.295774e+01 2.500000e+00
      vertex   -2.779893e+01 2.246155e+01 2.500000e+00
    endloop
  endfacet
  facet normal 6.595196e-01 -7.516874e-01 -9.372337e-16
    outer loop
      vertex   -2.779893e+01 2.246155e+01 0.000000e+00
      vertex   -2.779893e+01 2.246155e+01 2.500000e+00
      vertex   -2.826515e+01 2.205249e+01 0.000000e+00
    endloop
  endfacet
  facet normal 6.595196e-01 -7.516874e-01 0.000000e+00
    outer loop
      vertex   -2.826515e+01 2.205249e+01 0.000000e+00
      vertex   -2.779893e+01 2.246155e+01 2.500000e+00
      vertex   -2.826515e+01 2.205249e+01 2.500000e+00
    endloop
  endfacet
  facet normal 4.908489e-01 -8.712447e-01 0.000000e+00
    outer loop
      vertex   -2.826515e+01 2.205249e+01 0.000000e+00
      vertex   -2.826515e+01 2.205249e+01 2.500000e+00
      vertex   -2.880553e+01 2.174805e+01 0.000000e+00
    endloop
  endfacet
  facet normal 4.908489e-01 -8.712447e-01 0.000000e+00
    outer loop
      vertex   -2.880553e+01 2.174805e+01 0.000000e+00
      vertex   -2.826515e+01 2.205249e+01 2.500000e+00
      vertex   -2.880553e+01 2.174805e+01 2.500000e+00
    endloop
  endfacet
  facet normal 3.011974e-01 -9.535618e-01 0.000000e+00
    outer loop
      vertex   -2.880553e+01 2.174805e+01 0.000000e+00
      vertex   -2.880553e+01 2.174805e+01 2.500000e+00
      vertex   -2.939697e+01 2.156123e+01 0.000000e+00
    endloop
  endfacet
  facet normal 3.011974e-01 -9.535618e-01 0.000000e+00
    outer loop
      vertex   -2.939697e+01 2.156123e+01 0.000000e+00
      vertex   -2.880553e+01 2.174805e+01 2.500000e+00
      vertex   -2.939697e+01 2.156123e+01 2.500000e+00
    endloop
  endfacet
  facet normal 9.867154e-02 -9.951201e-01 0.000000e+00
    outer loop
      vertex   -2.939697e+01 2.156123e+01 0.000000e+00
      vertex   -2.939697e+01 2.156123e+01 2.500000e+00
      vertex   -3.001418e+01 2.150003e+01 0.000000e+00
    endloop
  endfacet
  facet normal 9.867154e-02 -9.951201e-01 -1.402207e-16
    outer loop
      vertex   -3.001418e+01 2.150003e+01 0.000000e+00
      vertex   -2.939697e+01 2.156123e+01 2.500000e+00
      vertex   -3.001418e+01 2.150003e+01 2.500000e+00
    endloop
  endfacet
  facet normal -1.080719e-01 -9.941431e-01 1.535794e-16
    outer loop
      vertex   -3.001418e+01 2.150003e+01 0.000000e+00
      vertex   -3.001418e+01 2.150003e+01 2.500000e+00
      vertex   -3.063078e+01 2.156706e+01 0.000000e+00
    endloop
  endfacet
  facet normal -1.080719e-01 -9.941431e-01 1.535794e-16
    outer loop
      vertex   -3.063078e+01 2.156706e+01 0.000000e+00
      vertex   -3.001418e+01 2.150003e+01 2.500000e+00
      vertex   -3.063078e+01 2.156706e+01 2.500000e+00
    endloop
  endfacet
  facet normal -3.101959e-01 -9.506727e-01 4.408149e-16
    outer loop
      vertex   -3.063078e+01 2.156706e+01 0.000000e+00
      vertex   -3.063078e+01 2.156706e+01 2.500000e+00
      vertex   -3.122042e+01 2.175946e+01 0.000000e+00
    endloop
  endfacet
  facet normal -3.101959e-01 -9.506727e-01 0.000000e+00
    outer loop
      vertex   -3.122042e+01 2.175946e+01 0.000000e+00
      vertex   -3.063078e+01 2.156706e+01 2.500000e+00
      vertex   -3.122042e+01 2.175946e+01 2.500000e+00
    endloop
  endfacet
  facet normal -4.990609e-01 -8.665669e-01 0.000000e+00
    outer loop
      vertex   -3.122042e+01 2.175946e+01 0.000000e+00
      vertex   -3.122042e+01 2.175946e+01 2.500000e+00
      vertex   -3.175790e+01 2.206899e+01 0.000000e+00
    endloop
  endfacet
  facet normal -4.990609e-01 -8.665669e-01 -1.231466e-15
    outer loop
      vertex   -3.175790e+01 2.206899e+01 0.000000e+00
      vertex   -3.122042e+01 2.175946e+01 2.500000e+00
      vertex   -3.175790e+01 2.206899e+01 2.500000e+00
    endloop
  endfacet
  facet normal -6.665942e-01 -7.454208e-01 -1.059307e-15
    outer loop
      vertex   -3.175790e+01 2.206899e+01 0.000000e+00
      vertex   -3.175790e+01 2.206899e+01 2.500000e+00
      vertex   -3.222024e+01 2.248244e+01 0.000000e+00
    endloop
  endfacet
  facet normal -6.665942e-01 -7.454208e-01 0.000000e+00
    outer loop
      vertex   -3.222024e+01 2.248244e+01 0.000000e+00
      vertex   -3.175790e+01 2.206899e+01 2.500000e+00
      vertex   -3.222024e+01 2.248244e+01 2.500000e+00
    endloop
  endfacet
  facet normal -8.056348e-01 -5.924125e-01 0.000000e+00
    outer loop
      vertex   -3.222024e+01 2.248244e+01 0.000000e+00
      vertex   -3.222024e+01 2.248244e+01 2.500000e+00
      vertex   -3.258767e+01 2.298213e+01 0.000000e+00
    endloop
  endfacet
  facet normal -8.056348e-01 -5.924125e-01 0.000000e+00
    outer loop
      vertex   -3.258767e+01 2.298213e+01 0.000000e+00
      vertex   -3.222024e+01 2.248244e+01 2.500000e+00
      vertex   -3.258767e+01 2.298213e+01 2.500000e+00
    endloop
  endfacet
  facet normal -9.102394e-01 -4.140823e-01 0.000000e+00
    outer loop
      vertex   -3.258767e+01 2.298213e+01 0.000000e+00
      vertex   -3.258767e+01 2.298213e+01 2.500000e+00
      vertex   -3.284450e+01 2.354669e+01 0.000000e+00
    endloop
  endfacet
  facet normal -9.102394e-01 -4.140823e-01 0.000000e+00
    outer loop
      vertex   -3.284450e+01 2.354669e+01 0.000000e+00
      vertex   -3.258767e+01 2.298213e+01 2.500000e+00
      vertex   -3.284450e+01 2.354669e+01 2.500000e+00
    endloop
  endfacet
  facet normal -9.759370e-01 -2.180527e-01 0.000000e+00
    outer loop
      vertex   -3.284450e+01 2.354669e+01 0.000000e+00
      vertex   -3.284450e+01 2.354669e+01 2.500000e+00
      vertex   -3.297975e+01 2.415200e+01 0.000000e+00
    endloop
  endfacet
  facet normal -9.759370e-01 -2.180527e-01 0.000000e+00
    outer loop
      vertex   -3.297975e+01 2.415200e+01 0.000000e+00
      vertex   -3.284450e+01 2.354669e+01 2.500000e+00
      vertex   -3.297975e+01 2.415200e+01 2.500000e+00
    endloop
  endfacet
  facet normal 5.874528e-01 8.092584e-01 -0.000000e+00
    outer loop
      vertex   -3.219722e+01 3.050000e+01 0.000000e+00
      vertex   -3.219722e+01 3.050000e+01 2.500000e+00
      vertex   -3.170609e+01 3.014348e+01 0.000000e+00
    endloop
  endfacet
  facet normal 5.874528e-01 8.092584e-01 -8.348207e-16
    outer loop
      vertex   -3.170609e+01 3.014348e+01 0.000000e+00
      vertex   -3.219722e+01 3.050000e+01 2.500000e+00
      vertex   -3.170609e+01 3.014348e+01 2.500000e+00
    endloop
  endfacet
  facet normal 7.184170e-01 6.956127e-01 -1.020932e-15
    outer loop
      vertex   -3.170609e+01 3.014348e+01 0.000000e+00
      vertex   -3.170609e+01 3.014348e+01 2.500000e+00
      vertex   -3.128393e+01 2.970748e+01 0.000000e+00
    endloop
  endfacet
  facet normal 7.184170e-01 6.956127e-01 -1.020932e-15
    outer loop
      vertex   -3.128393e+01 2.970748e+01 0.000000e+00
      vertex   -3.170609e+01 3.014348e+01 2.500000e+00
      vertex   -3.128393e+01 2.970748e+01 2.500000e+00
    endloop
  endfacet
  facet normal 8.277806e-01 5.610519e-01 -1.176347e-15
    outer loop
      vertex   -3.128393e+01 2.970748e+01 0.000000e+00
      vertex   -3.128393e+01 2.970748e+01 2.500000e+00
      vertex   -3.094343e+01 2.920510e+01 0.000000e+00
    endloop
  endfacet
  facet normal 8.277806e-01 5.610519e-01 -3.790443e-16
    outer loop
      vertex   -3.094343e+01 2.920510e+01 0.000000e+00
      vertex   -3.128393e+01 2.970748e+01 2.500000e+00
      vertex   -3.094343e+01 2.920510e+01 2.500000e+00
    endloop
  endfacet
  facet normal 9.122553e-01 4.096220e-01 -7.142849e-16
    outer loop
      vertex   -3.094343e+01 2.920510e+01 0.000000e+00
      vertex   -3.094343e+01 2.920510e+01 2.500000e+00
      vertex   -3.069483e+01 2.865146e+01 0.000000e+00
    endloop
  endfacet
  facet normal 9.122553e-01 4.096220e-01 -0.000000e+00
    outer loop
      vertex   -3.069483e+01 2.865146e+01 0.000000e+00
      vertex   -3.094343e+01 2.920510e+01 2.500000e+00
      vertex   -3.069483e+01 2.865146e+01 2.500000e+00
    endloop
  endfacet
  facet normal 9.693013e-01 2.458761e-01 -0.000000e+00
    outer loop
      vertex   -3.069483e+01 2.865146e+01 0.000000e+00
      vertex   -3.069483e+01 2.865146e+01 2.500000e+00
      vertex   -3.054561e+01 2.806319e+01 0.000000e+00
    endloop
  endfacet
  facet normal 9.693013e-01 2.458761e-01 -0.000000e+00
    outer loop
      vertex   -3.054561e+01 2.806319e+01 0.000000e+00
      vertex   -3.069483e+01 2.865146e+01 2.500000e+00
      vertex   -3.054561e+01 2.806319e+01 2.500000e+00
    endloop
  endfacet
  facet normal 9.972033e-01 7.473734e-02 -0.000000e+00
    outer loop
      vertex   -3.054561e+01 2.806319e+01 0.000000e+00
      vertex   -3.054561e+01 2.806319e+01 2.500000e+00
      vertex   -3.050025e+01 2.745800e+01 0.000000e+00
    endloop
  endfacet
  facet normal 9.972033e-01 7.473734e-02 -0.000000e+00
    outer loop
      vertex   -3.050025e+01 2.745800e+01 0.000000e+00
      vertex   -3.054561e+01 2.806319e+01 2.500000e+00
      vertex   -3.050025e+01 2.745800e+01 2.500000e+00
    endloop
  endfacet
  facet normal -9.972033e-01 7.473734e-02 0.000000e+00
    outer loop
      vertex   3.050025e+01 2.745800e+01 0.000000e+00
      vertex   3.050025e+01 2.745800e+01 2.500000e+00
      vertex   3.054561e+01 2.806319e+01 0.000000e+00
    endloop
  endfacet
  facet normal -9.972033e-01 7.473734e-02 0.000000e+00
    outer loop
      vertex   3.054561e+01 2.806319e+01 0.000000e+00
      vertex   3.050025e+01 2.745800e+01 2.500000e+00
      vertex   3.054561e+01 2.806319e+01 2.500000e+00
    endloop
  endfacet
  facet normal -9.693013e-01 2.458761e-01 0.000000e+00
    outer loop
      vertex   3.054561e+01 2.806319e+01 0.000000e+00
      vertex   3.054561e+01 2.806319e+01 2.500000e+00
      vertex   3.069483e+01 2.865146e+01 0.000000e+00
    endloop
  endfacet
  facet normal -9.693013e-01 2.458761e-01 0.000000e+00
    outer loop
      vertex   3.069483e+01 2.865146e+01 0.000000e+00
      vertex   3.054561e+01 2.806319e+01 2.500000e+00
      vertex   3.069483e+01 2.865146e+01 2.500000e+00
    endloop
  endfacet
  facet normal -9.122553e-01 4.096220e-01 0.000000e+00
    outer loop
      vertex   3.069483e+01 2.865146e+01 0.000000e+00
      vertex   3.069483e+01 2.865146e+01 2.500000e+00
      vertex   3.094343e+01 2.920510e+01 0.000000e+00
    endloop
  endfacet
  facet normal -9.122553e-01 4.096220e-01 0.000000e+00
    outer loop
      vertex   3.094343e+01 2.920510e+01 0.000000e+00
      vertex   3.069483e+01 2.865146e+01 2.500000e+00
      vertex   3.094343e+01 2.920510e+01 2.500000e+00
    endloop
  endfacet
  facet normal -8.277806e-01 5.610519e-01 0.000000e+00
    outer loop
      vertex   3.094343e+01 2.920510e+01 0.000000e+00
      vertex   3.094343e+01 2.920510e+01 2.500000e+00
      vertex   3.128393e+01 2.970748e+01 0.000000e+00
    endloop
  endfacet
  facet normal -8.277806e-01 5.610519e-01 2.352694e-15
    outer loop
      vertex   3.128393e+01 2.970748e+01 0.000000e+00
      vertex   3.094343e+01 2.920510e+01 2.500000e+00
      vertex   3.128393e+01 2.970748e+01 2.500000e+00
    endloop
  endfacet
  facet normal -7.184170e-01 6.956127e-01 2.041864e-15
    outer loop
      vertex   3.128393e+01 2.970748e+01 0.000000e+00
      vertex   3.128393e+01 2.970748e+01 2.500000e+00
      vertex   3.170609e+01 3.014348e+01 0.000000e+00
    endloop
  endfacet
  facet normal -7.184170e-01 6.956127e-01 0.000000e+00
    outer loop
      vertex   3.170609e+01 3.014348e+01 0.000000e+00
      vertex   3.128393e+01 2.970748e+01 2.500000e+00
      vertex   3.170609e+01 3.014348e+01 2.500000e+00
    endloop
  endfacet
  facet normal -5.874528e-01 8.092584e-01 0.000000e+00
    outer loop
      vertex   3.170609e+01 3.014348e+01 0.000000e+00
      vertex   3.170609e+01 3.014348e+01 2.500000e+00
      vertex   3.219722e+01 3.050000e+01 0.000000e+00
    endloop
  endfacet
  facet normal -5.874528e-01 8.092584e-01 0.000000e+00
    outer loop
      vertex   3.219722e+01 3.050000e+01 0.000000e+00
      vertex   3.170609e+01 3.014348e+01 2.500000e+00
      vertex   3.219722e+01 3.050000e+01 2.500000e+00
    endloop
  endfacet
  facet normal 9.759370e-01 -2.180527e-01 0.000000e+00
    outer loop
      vertex   3.297975e+01 2.415200e+01 0.000000e+00
      vertex   3.297975e+01 2.415200e+01 2.500000e+00
      vertex   3.284450e+01 2.354669e+01 0.000000e+00
    endloop
  endfacet
  facet normal 9.759370e-01 -2.180527e-01 -3.098715e-16
    outer loop
      vertex   3.284450e+01 2.354669e+01 0.000000e+00
      vertex   3.297975e+01 2.415200e+01 2.500000e+00
      vertex   3.284450e+01 2.354669e+01 2.500000e+00
    endloop
  endfacet
  facet normal 9.102394e-01 -4.140823e-01 -5.884464e-16
    outer loop
      vertex   3.284450e+01 2.354669e+01 0.000000e+00
      vertex   3.284450e+01 2.354669e+01 2.500000e+00
      vertex   3.258767e+01 2.298213e+01 0.000000e+00
    endloop
  endfacet
  facet normal 9.102394e-01 -4.140823e-01 -1.176893e-15
    outer loop
      vertex   3.258767e+01 2.298213e+01 0.000000e+00
      vertex   3.284450e+01 2.354669e+01 2.500000e+00
      vertex   3.258767e+01 2.298213e+01 2.500000e+00
    endloop
  endfacet
  facet normal 8.056348e-01 -5.924125e-01 -1.683738e-15
    outer loop
      vertex   3.258767e+01 2.298213e+01 0.000000e+00
      vertex   3.258767e+01 2.298213e+01 2.500000e+00
      vertex   3.222024e+01 2.248244e+01 0.000000e+00
    endloop
  endfacet
  facet normal 8.056348e-01 -5.924125e-01 -8.418688e-16
    outer loop
      vertex   3.222024e+01 2.248244e+01 0.000000e+00
      vertex   3.258767e+01 2.298213e+01 2.500000e+00
      vertex   3.222024e+01 2.248244e+01 2.500000e+00
    endloop
  endfacet
  facet normal 6.665942e-01 -7.454208e-01 -1.059307e-15
    outer loop
      vertex   3.222024e+01 2.248244e+01 0.000000e+00
      vertex   3.222024e+01 2.248244e+01 2.500000e+00
      vertex   3.175790e+01 2.206899e+01 0.000000e+00
    endloop
  endfacet
  facet normal 6.665942e-01 -7.454208e-01 0.000000e+00
    outer loop
      vertex   3.175790e+01 2.206899e+01 0.000000e+00
      vertex   3.222024e+01 2.248244e+01 2.500000e+00
      vertex   3.175790e+01 2.206899e+01 2.500000e+00
    endloop
  endfacet
  facet normal 4.990609e-01 -8.665669e-01 0.000000e+00
    outer loop
      vertex   3.175790e+01 2.206899e+01 0.000000e+00
      vertex   3.175790e+01 2.206899e+01 2.500000e+00
      vertex   3.122042e+01 2.175946e+01 0.000000e+00
    endloop
  endfacet
  facet normal 4.990609e-01 -8.665669e-01 7.092083e-16
    outer loop
      vertex   3.122042e+01 2.175946e+01 0.000000e+00
      vertex   3.175790e+01 2.206899e+01 2.500000e+00
      vertex   3.122042e+01 2.175946e+01 2.500000e+00
    endloop
  endfacet
  facet normal 3.101959e-01 -9.506727e-01 4.408149e-16
    outer loop
      vertex   3.122042e+01 2.175946e+01 0.000000e+00
      vertex   3.122042e+01 2.175946e+01 2.500000e+00
      vertex   3.063078e+01 2.156706e+01 0.000000e+00
    endloop
  endfacet
  facet normal 3.101959e-01 -9.506727e-01 0.000000e+00
    outer loop
      vertex   3.063078e+01 2.156706e+01 0.000000e+00
      vertex   3.122042e+01 2.175946e+01 2.500000e+00
      vertex   3.063078e+01 2.156706e+01 2.500000e+00
    endloop
  endfacet
  facet normal 1.080719e-01 -9.941431e-01 0.000000e+00
    outer loop
      vertex   3.063078e+01 2.156706e+01 0.000000e+00
      vertex   3.063078e+01 2.156706e+01 2.500000e+00
      vertex   3.001418e+01 2.150003e+01 0.000000e+00
    endloop
  endfacet
  facet normal 1.080719e-01 -9.941431e-01 1.535794e-16
    outer loop
      vertex   3.001418e+01 2.150003e+01 0.000000e+00
      vertex   3.063078e+01 2.156706e+01 2.500000e+00
      vertex   3.001418e+01 2.150003e+01 2.500000e+00
    endloop
  endfacet
  facet normal -9.867154e-02 -9.951201e-01 -1.402207e-16
    outer loop
      vertex   3.001418e+01 2.150003e+01 0.000000e+00
      vertex   3.001418e+01 2.150003e+01 2.500000e+00
      vertex   2.939697e+01 2.156123e+01 0.000000e+00
    endloop
  endfacet
  facet normal -9.867154e-02 -9.951201e-01 0.000000e+00
    outer loop
      vertex   2.939697e+01 2.156123e+01 0.000000e+00
      vertex   3.001418e+01 2.150003e+01 2.500000e+00
      vertex   2.939697e+01 2.156123e+01 2.500000e+00
    endloop
  endfacet
  facet normal -3.011974e-01 -9.535618e-01 0.000000e+00
    outer loop
      vertex   2.939697e+01 2.156123e+01 0.000000e+00
      vertex   2.939697e+01 2.156123e+01 2.500000e+00
      vertex   2.880553e+01 2.174805e+01 0.000000e+00
    endloop
  endfacet
  facet normal -3.011974e-01 -9.535618e-01 0.000000e+00
    outer loop
      vertex   2.880553e+01 2.174805e+01 0.000000e+00
      vertex   2.939697e+01 2.156123e+01 2.500000e+00
      vertex   2.880553e+01 2.174805e+01 2.500000e+00
    endloop
  endfacet
  facet normal -4.908489e-01 -8.712447e-01 0.000000e+00
    outer loop
      vertex   2.880553e+01 2.174805e+01 0.000000e+00
      vertex   2.880553e+01 2.174805e+01 2.500000e+00
      vertex   2.826515e+01 2.205249e+01 0.000000e+00
    endloop
  endfacet
  facet normal -4.908489e-01 -8.712447e-01 0.000000e+00
    outer loop
      vertex   2.826515e+01 2.205249e+01 0.000000e+00
      vertex   2.880553e+01 2.174805e+01 2.500000e+00
      vertex   2.826515e+01 2.205249e+01 2.500000e+00
    endloop
  endfacet
  facet normal -6.595196e-01 -7.516874e-01 0.000000e+00
    outer loop
      vertex   2.826515e+01 2.205249e+01 0.000000e+00
      vertex   2.826515e+01 2.205249e+01 2.500000e+00
      vertex   2.779893e+01 2.246155e+01 0.000000e+00
    endloop
  endfacet
  facet normal -6.595196e-01 -7.516874e-01 -9.372337e-16
    outer loop
      vertex   2.779893e+01 2.246155e+01 0.000000e+00
      vertex   2.826515e+01 2.205249e+01 2.500000e+00
      vertex   2.779893e+01 2.246155e+01 2.500000e+00
    endloop
  endfacet
  facet normal -8.000000e-01 -6.000000e-01 -1.136868e-15
    outer loop
      vertex   2.779893e+01 2.246155e+01 0.000000e+00
      vertex   2.779893e+01 2.246155e+01 2.500000e+00
      vertex   2.742679e+01 2.295774e+01 0.000000e+00
    endloop
  endfacet
  facet normal -8.000000e-01 -6.000000e-01 0.000000e+00
    outer loop
      vertex   2.742679e+01 2.295774e+01 0.000000e+00
      vertex   2.779893e+01 2.246155e+01 2.500000e+00
      vertex   2.742679e+01 2.295774e+01 2.500000e+00
    endloop
  endfacet
  facet normal -9.062854e-01 -4.226664e-01 0.000000e+00
    outer loop
      vertex   2.742679e+01 2.295774e+01 0.000000e+00
      vertex   2.742679e+01 2.295774e+01 2.500000e+00
      vertex   2.716463e+01 2.351985e+01 0.000000e+00
    endloop
  endfacet
  facet normal -9.062854e-01 -4.226664e-01 0.000000e+00
    outer loop
      vertex   2.716463e+01 2.351985e+01 0.000000e+00
      vertex   2.742679e+01 2.295774e+01 2.500000e+00
      vertex   2.716463e+01 2.351985e+01 2.500000e+00
    endloop
  endfacet
  facet normal -9.738326e-01 -2.272664e-01 0.000000e+00
    outer loop
      vertex   2.716463e+01 2.351985e+01 0.000000e+00
      vertex   2.716463e+01 2.351985e+01 2.500000e+00
      vertex   2.702367e+01 2.412386e+01 0.000000e+00
    endloop
  endfacet
  facet normal -9.738326e-01 -2.272664e-01 0.000000e+00
    outer loop
      vertex   2.702367e+01 2.412386e+01 0.000000e+00
      vertex   2.716463e+01 2.351985e+01 2.500000e+00
      vertex   2.702367e+01 2.412386e+01 2.500000e+00
    endloop
  endfacet
  facet normal -9.997546e-01 -2.215215e-02 0.000000e+00
    outer loop
      vertex   2.702367e+01 2.412386e+01 0.000000e+00
      vertex   2.702367e+01 2.412386e+01 2.500000e+00
      vertex   2.700993e+01 2.474394e+01 0.000000e+00
    endloop
  endfacet
  facet normal -9.997546e-01 -2.215215e-02 0.000000e+00
    outer loop
      vertex   2.700993e+01 2.474394e+01 0.000000e+00
      vertex   2.702367e+01 2.412386e+01 2.500000e+00
      vertex   2.700993e+01 2.474394e+01 2.500000e+00
    endloop
  endfacet
  facet normal -9.829433e-01 1.839089e-01 0.000000e+00
    outer loop
      vertex   2.700993e+01 2.474394e+01 0.000000e+00
      vertex   2.700993e+01 2.474394e+01 2.500000e+00
      vertex   2.712400e+01 2.535360e+01 0.000000e+00
    endloop
  endfacet
  facet normal -9.829433e-01 1.839089e-01 0.000000e+00
    outer loop
      vertex   2.712400e+01 2.535360e+01 0.000000e+00
      vertex   2.700993e+01 2.474394e+01 2.500000e+00
      vertex   2.712400e+01 2.535360e+01 2.500000e+00
    endloop
  endfacet
  facet normal -9.241172e-01 3.821091e-01 0.000000e+00
    outer loop
      vertex   2.712400e+01 2.535360e+01 0.000000e+00
      vertex   2.712400e+01 2.535360e+01 2.500000e+00
      vertex   2.736100e+01 2.592677e+01 0.000000e+00
    endloop
  endfacet
  facet normal -9.241172e-01 3.821091e-01 0.000000e+00
    outer loop
      vertex   2.736100e+01 2.592677e+01 0.000000e+00
      vertex   2.712400e+01 2.535360e+01 2.500000e+00
      vertex   2.736100e+01 2.592677e+01 2.500000e+00
    endloop
  endfacet
  facet normal -8.257909e-01 5.639764e-01 0.000000e+00
    outer loop
      vertex   2.736100e+01 2.592677e+01 0.000000e+00
      vertex   2.736100e+01 2.592677e+01 2.500000e+00
      vertex   2.771080e+01 2.643896e+01 0.000000e+00
    endloop
  endfacet
  facet normal -8.257909e-01 5.639764e-01 0.000000e+00
    outer loop
      vertex   2.771080e+01 2.643896e+01 0.000000e+00
      vertex   2.736100e+01 2.592677e+01 2.500000e+00
      vertex   2.771080e+01 2.643896e+01 2.500000e+00
    endloop
  endfacet
  facet normal -6.921671e-01 7.217372e-01 0.000000e+00
    outer loop
      vertex   2.771080e+01 2.643896e+01 0.000000e+00
      vertex   2.771080e+01 2.643896e+01 2.500000e+00
      vertex   2.815845e+01 2.686827e+01 0.000000e+00
    endloop
  endfacet
  facet normal -6.921671e-01 7.217372e-01 1.025650e-15
    outer loop
      vertex   2.815845e+01 2.686827e+01 0.000000e+00
      vertex   2.771080e+01 2.643896e+01 2.500000e+00
      vertex   2.815845e+01 2.686827e+01 2.500000e+00
    endloop
  endfacet
  facet normal -5.289575e-01 8.486483e-01 1.206002e-15
    outer loop
      vertex   2.815845e+01 2.686827e+01 0.000000e+00
      vertex   2.815845e+01 2.686827e+01 2.500000e+00
      vertex   2.868481e+01 2.719634e+01 0.000000e+00
    endloop
  endfacet
  facet normal -5.289575e-01 8.486483e-01 0.000000e+00
    outer loop
      vertex   2.868481e+01 2.719634e+01 0.000000e+00
      vertex   2.815845e+01 2.686827e+01 2.500000e+00
      vertex   2.868481e+01 2.719634e+01 2.500000e+00
    endloop
  endfacet
  facet normal -3.431383e-01 9.392849e-01 0.000000e+00
    outer loop
      vertex   2.868481e+01 2.719634e+01 0.000000e+00
      vertex   2.868481e+01 2.719634e+01 2.500000e+00
      vertex   2.926739e+01 2.740917e+01 0.000000e+00
    endloop
  endfacet
  facet normal -3.431383e-01 9.392849e-01 0.000000e+00
    outer loop
      vertex   2.926739e+01 2.740917e+01 0.000000e+00
      vertex   2.868481e+01 2.719634e+01 2.500000e+00
      vertex   2.926739e+01 2.740917e+01 2.500000e+00
    endloop
  endfacet
  facet normal -1.426520e-01 9.897729e-01 0.000000e+00
    outer loop
      vertex   2.926739e+01 2.740917e+01 0.000000e+00
      vertex   2.926739e+01 2.740917e+01 2.500000e+00
      vertex   2.988128e+01 2.749765e+01 0.000000e+00
    endloop
  endfacet
  facet normal -1.426520e-01 9.897729e-01 0.000000e+00
    outer loop
      vertex   2.988128e+01 2.749765e+01 0.000000e+00
      vertex   2.926739e+01 2.740917e+01 2.500000e+00
      vertex   2.988128e+01 2.749765e+01 2.500000e+00
    endloop
  endfacet
  facet normal 6.393180e-02 9.979543e-01 -0.000000e+00
    outer loop
      vertex   2.988128e+01 2.749765e+01 0.000000e+00
      vertex   2.988128e+01 2.749765e+01 2.500000e+00
      vertex   3.050025e+01 2.745800e+01 0.000000e+00
    endloop
  endfacet
  facet normal 6.393180e-02 9.979543e-01 -0.000000e+00
    outer loop
      vertex   3.050025e+01 2.745800e+01 0.000000e+00
      vertex   2.988128e+01 2.749765e+01 2.500000e+00
      vertex   3.050025e+01 2.745800e+01 2.500000e+00
    endloop
  endfacet
  facet normal 8.046102e-01 -5.938033e-01 0.000000e+00
    outer loop
      vertex   3.700000e+01 2.569722e+01 0.000000e+00
      vertex   3.700000e+01 2.569722e+01 2.500000e+00
      vertex   3.660705e+01 2.516477e+01 0.000000e+00
    endloop
  endfacet
  facet normal 8.046102e-01 -5.938033e-01 0.000000e+00
    outer loop
      vertex   3.660705e+01 2.516477e+01 0.000000e+00
      vertex   3.700000e+01 2.569722e+01 2.500000e+00
      vertex   3.660705e+01 2.516477e+01 2.500000e+00
    endloop
  endfacet
  facet normal 6.784589e-01 -7.346384e-01 0.000000e+00
    outer loop
      vertex   3.660705e+01 2.516477e+01 0.000000e+00
      vertex   3.660705e+01 2.516477e+01 2.500000e+00
      vertex   3.612090e+01 2.471579e+01 0.000000e+00
    endloop
  endfacet
  facet normal 6.784589e-01 -7.346384e-01 0.000000e+00
    outer loop
      vertex   3.612090e+01 2.471579e+01 0.000000e+00
      vertex   3.660705e+01 2.516477e+01 2.500000e+00
      vertex   3.612090e+01 2.471579e+01 2.500000e+00
    endloop
  endfacet
  facet normal 5.280535e-01 -8.492111e-01 0.000000e+00
    outer loop
      vertex   3.612090e+01 2.471579e+01 0.000000e+00
      vertex   3.612090e+01 2.471579e+01 2.500000e+00
      vertex   3.555892e+01 2.436635e+01 0.000000e+00
    endloop
  endfacet
  facet normal 5.280535e-01 -8.492111e-01 0.000000e+00
    outer loop
      vertex   3.555892e+01 2.436635e+01 0.000000e+00
      vertex   3.612090e+01 2.471579e+01 2.500000e+00
      vertex   3.555892e+01 2.436635e+01 2.500000e+00
    endloop
  endfacet
  facet normal 3.587709e-01 -9.334256e-01 0.000000e+00
    outer loop
      vertex   3.555892e+01 2.436635e+01 0.000000e+00
      vertex   3.555892e+01 2.436635e+01 2.500000e+00
      vertex   3.494122e+01 2.412893e+01 0.000000e+00
    endloop
  endfacet
  facet normal 3.587709e-01 -9.334256e-01 0.000000e+00
    outer loop
      vertex   3.494122e+01 2.412893e+01 0.000000e+00
      vertex   3.555892e+01 2.436635e+01 2.500000e+00
      vertex   3.494122e+01 2.412893e+01 2.500000e+00
    endloop
  endfacet
  facet normal 1.766627e-01 -9.842714e-01 0.000000e+00
    outer loop
      vertex   3.494122e+01 2.412893e+01 0.000000e+00
      vertex   3.494122e+01 2.412893e+01 2.500000e+00
      vertex   3.428988e+01 2.401202e+01 0.000000e+00
    endloop
  endfacet
  facet normal 1.766627e-01 -9.842714e-01 0.000000e+00
    outer loop
      vertex   3.428988e+01 2.401202e+01 0.000000e+00
      vertex   3.494122e+01 2.412893e+01 2.500000e+00
      vertex   3.428988e+01 2.401202e+01 2.500000e+00
    endloop
  endfacet
  facet normal -1.176091e-02 -9.999308e-01 0.000000e+00
    outer loop
      vertex   3.428988e+01 2.401202e+01 0.000000e+00
      vertex   3.428988e+01 2.401202e+01 2.500000e+00
      vertex   3.362817e+01 2.401981e+01 0.000000e+00
    endloop
  endfacet
  facet normal -1.176091e-02 -9.999308e-01 0.000000e+00
    outer loop
      vertex   3.362817e+01 2.401981e+01 0.000000e+00
      vertex   3.428988e+01 2.401202e+01 2.500000e+00
      vertex   3.362817e+01 2.401981e+01 2.500000e+00
    endloop
  endfacet
  facet normal -1.997641e-01 -9.798440e-01 0.000000e+00
    outer loop
      vertex   3.362817e+01 2.401981e+01 0.000000e+00
      vertex   3.362817e+01 2.401981e+01 2.500000e+00
      vertex   3.297975e+01 2.415200e+01 0.000000e+00
    endloop
  endfacet
  facet normal -1.997641e-01 -9.798440e-01 0.000000e+00
    outer loop
      vertex   3.297975e+01 2.415200e+01 0.000000e+00
      vertex   3.362817e+01 2.401981e+01 2.500000e+00
      vertex   3.297975e+01 2.415200e+01 2.500000e+00
    endloop
  endfacet
  facet normal -1.997641e-01 9.798440e-01 0.000000e+00
    outer loop
      vertex   3.297975e+01 -2.415200e+01 0.000000e+00
      vertex   3.297975e+01 -2.415200e+01 2.500000e+00
      vertex   3.362817e+01 -2.401981e+01 0.000000e+00
    endloop
  endfacet
  facet normal -1.997641e-01 9.798440e-01 0.000000e+00
    outer loop
      vertex   3.362817e+01 -2.401981e+01 0.000000e+00
      vertex   3.297975e+01 -2.415200e+01 2.500000e+00
      vertex   3.362817e+01 -2.401981e+01 2.500000e+00
    endloop
  endfacet
  facet normal -1.176091e-02 9.999308e-01 0.000000e+00
    outer loop
      vertex   3.362817e+01 -2.401981e+01 0.000000e+00
      vertex   3.362817e+01 -2.401981e+01 2.500000e+00
      vertex   3.428988e+01 -2.401202e+01 0.000000e+00
    endloop
  endfacet
  facet normal -1.176091e-02 9.999308e-01 0.000000e+00
    outer loop
      vertex   3.428988e+01 -2.401202e+01 0.000000e+00
      vertex   3.362817e+01 -2.401981e+01 2.500000e+00
      vertex   3.428988e+01 -2.401202e+01 2.500000e+00
    endloop
  endfacet
  facet normal 1.766627e-01 9.842714e-01 -0.000000e+00
    outer loop
      vertex   3.428988e+01 -2.401202e+01 0.000000e+00
      vertex   3.428988e+01 -2.401202e+01 2.500000e+00
      vertex   3.494122e+01 -2.412893e+01 0.000000e+00
    endloop
  endfacet
  facet normal 1.766627e-01 9.842714e-01 1.398734e-15
    outer loop
      vertex   3.494122e+01 -2.412893e+01 0.000000e+00
      vertex   3.428988e+01 -2.401202e+01 2.500000e+00
      vertex   3.494122e+01 -2.412893e+01 2.500000e+00
    endloop
  endfacet
  facet normal 3.587709e-01 9.334256e-01 1.326478e-15
    outer loop
      vertex   3.494122e+01 -2.412893e+01 0.000000e+00
      vertex   3.494122e+01 -2.412893e+01 2.500000e+00
      vertex   3.555892e+01 -2.436635e+01 0.000000e+00
    endloop
  endfacet
  facet normal 3.587709e-01 9.334256e-01 -0.000000e+00
    outer loop
      vertex   3.555892e+01 -2.436635e+01 0.000000e+00
      vertex   3.494122e+01 -2.412893e+01 2.500000e+00
      vertex   3.555892e+01 -2.436635e+01 2.500000e+00
    endloop
  endfacet
  facet normal 5.280535e-01 8.492111e-01 -0.000000e+00
    outer loop
      vertex   3.555892e+01 -2.436635e+01 0.000000e+00
      vertex   3.555892e+01 -2.436635e+01 2.500000e+00
      vertex   3.612090e+01 -2.471579e+01 0.000000e+00
    endloop
  endfacet
  facet normal 5.280535e-01 8.492111e-01 -0.000000e+00
    outer loop
      vertex   3.612090e+01 -2.471579e+01 0.000000e+00
      vertex   3.555892e+01 -2.436635e+01 2.500000e+00
      vertex   3.612090e+01 -2.471579e+01 2.500000e+00
    endloop
  endfacet
  facet normal 6.784589e-01 7.346384e-01 -0.000000e+00
    outer loop
      vertex   3.612090e+01 -2.471579e+01 0.000000e+00
      vertex   3.612090e+01 -2.471579e+01 2.500000e+00
      vertex   3.660705e+01 -2.516477e+01 0.000000e+00
    endloop
  endfacet
  facet normal 6.784589e-01 7.346384e-01 -0.000000e+00
    outer loop
      vertex   3.660705e+01 -2.516477e+01 0.000000e+00
      vertex   3.612090e+01 -2.471579e+01 2.500000e+00
      vertex   3.660705e+01 -2.516477e+01 2.500000e+00
    endloop
  endfacet
  facet normal 8.046102e-01 5.938033e-01 -0.000000e+00
    outer loop
      vertex   3.660705e+01 -2.516477e+01 0.000000e+00
      vertex   3.660705e+01 -2.516477e+01 2.500000e+00
      vertex   3.700000e+01 -2.569722e+01 0.000000e+00
    endloop
  endfacet
  facet normal 8.046102e-01 5.938033e-01 -0.000000e+00
    outer loop
      vertex   3.700000e+01 -2.569722e+01 0.000000e+00
      vertex   3.660705e+01 -2.516477e+01 2.500000e+00
      vertex   3.700000e+01 -2.569722e+01 2.500000e+00
    endloop
  endfacet
  facet normal 6.393180e-02 -9.979543e-01 0.000000e+00
    outer loop
      vertex   3.050025e+01 -2.745800e+01 0.000000e+00
      vertex   3.050025e+01 -2.745800e+01 2.500000e+00
      vertex   2.988128e+01 -2.749765e+01 0.000000e+00
    endloop
  endfacet
  facet normal 6.393180e-02 -9.979543e-01 0.000000e+00
    outer loop
      vertex   2.988128e+01 -2.749765e+01 0.000000e+00
      vertex   3.050025e+01 -2.745800e+01 2.500000e+00
      vertex   2.988128e+01 -2.749765e+01 2.500000e+00
    endloop
  endfacet
  facet normal -1.426520e-01 -9.897729e-01 0.000000e+00
    outer loop
      vertex   2.988128e+01 -2.749765e+01 0.000000e+00
      vertex   2.988128e+01 -2.749765e+01 2.500000e+00
      vertex   2.926739e+01 -2.740917e+01 0.000000e+00
    endloop
  endfacet
  facet normal -1.426520e-01 -9.897729e-01 0.000000e+00
    outer loop
      vertex   2.926739e+01 -2.740917e+01 0.000000e+00
      vertex   2.988128e+01 -2.749765e+01 2.500000e+00
      vertex   2.926739e+01 -2.740917e+01 2.500000e+00
    endloop
  endfacet
  facet normal -3.431383e-01 -9.392849e-01 0.000000e+00
    outer loop
      vertex   2.926739e+01 -2.740917e+01 0.000000e+00
      vertex   2.926739e+01 -2.740917e+01 2.500000e+00
      vertex   2.868481e+01 -2.719634e+01 0.000000e+00
    endloop
  endfacet
  facet normal -3.431383e-01 -9.392849e-01 0.000000e+00
    outer loop
      vertex   2.868481e+01 -2.719634e+01 0.000000e+00
      vertex   2.926739e+01 -2.740917e+01 2.500000e+00
      vertex   2.868481e+01 -2.719634e+01 2.500000e+00
    endloop
  endfacet
  facet normal -5.289575e-01 -8.486483e-01 0.000000e+00
    outer loop
      vertex   2.868481e+01 -2.719634e+01 0.000000e+00
      vertex   2.868481e+01 -2.719634e+01 2.500000e+00
      vertex   2.815845e+01 -2.686827e+01 0.000000e+00
    endloop
  endfacet
  facet normal -5.289575e-01 -8.486483e-01 -1.206002e-15
    outer loop
      vertex   2.815845e+01 -2.686827e+01 0.000000e+00
      vertex   2.868481e+01 -2.719634e+01 2.500000e+00
      vertex   2.815845e+01 -2.686827e+01 2.500000e+00
    endloop
  endfacet
  facet normal -6.921671e-01 -7.217372e-01 -1.025650e-15
    outer loop
      vertex   2.815845e+01 -2.686827e+01 0.000000e+00
      vertex   2.815845e+01 -2.686827e+01 2.500000e+00
      vertex   2.771080e+01 -2.643896e+01 0.000000e+00
    endloop
  endfacet
  facet normal -6.921671e-01 -7.217372e-01 0.000000e+00
    outer loop
      vertex   2.771080e+01 -2.643896e+01 0.000000e+00
      vertex   2.815845e+01 -2.686827e+01 2.500000e+00
      vertex   2.771080e+01 -2.643896e+01 2.500000e+00
    endloop
  endfacet
  facet normal -8.257909e-01 -5.639764e-01 0.000000e+00
    outer loop
      vertex   2.771080e+01 -2.643896e+01 0.000000e+00
      vertex   2.771080e+01 -2.643896e+01 2.500000e+00
      vertex   2.736100e+01 -2.592677e+01 0.000000e+00
    endloop
  endfacet
  facet normal -8.257909e-01 -5.639764e-01 0.000000e+00
    outer loop
      vertex   2.736100e+01 -2.592677e+01 0.000000e+00
      vertex   2.771080e+01 -2.643896e+01 2.500000e+00
      vertex   2.736100e+01 -2.592677e+01 2.500000e+00
    endloop
  endfacet
  facet normal -9.241172e-01 -3.821091e-01 0.000000e+00
    outer loop
      vertex   2.736100e+01 -2.592677e+01 0.000000e+00
      vertex   2.736100e+01 -2.592677e+01 2.500000e+00
      vertex   2.712400e+01 -2.535360e+01 0.000000e+00
    endloop
  endfacet
  facet normal -9.241172e-01 -3.821091e-01 0.000000e+00
    outer loop
      vertex   2.712400e+01 -2.535360e+01 0.000000e+00
      vertex   2.736100e+01 -2.592677e+01 2.500000e+00
      vertex   2.712400e+01 -2.535360e+01 2.500000e+00
    endloop
  endfacet
  facet normal -9.829433e-01 -1.839089e-01 0.000000e+00
    outer loop
      vertex   2.712400e+01 -2.535360e+01 0.000000e+00
      vertex   2.712400e+01 -2.535360e+01 2.500000e+00
      vertex   2.700993e+01 -2.474394e+01 0.000000e+00
    endloop
  endfacet
  facet normal -9.829433e-01 -1.839089e-01 0.000000e+00
    outer loop
      vertex   2.700993e+01 -2.474394e+01 0.000000e+00
      vertex   2.712400e+01 -2.535360e+01 2.500000e+00
      vertex   2.700993e+01 -2.474394e+01 2.500000e+00
    endloop
  endfacet
  facet normal -9.997546e-01 2.215215e-02 0.000000e+00
    outer loop
      vertex   2.700993e+01 -2.474394e+01 0.000000e+00
      vertex   2.700993e+01 -2.474394e+01 2.500000e+00
      vertex   2.702367e+01 -2.412386e+01 0.000000e+00
    endloop
  endfacet
  facet normal -9.997546e-01 2.215215e-02 0.000000e+00
    outer loop
      vertex   2.702367e+01 -2.412386e+01 0.000000e+00
      vertex   2.700993e+01 -2.474394e+01 2.500000e+00
      vertex   2.702367e+01 -2.412386e+01 2.500000e+00
    endloop
  endfacet
  facet normal -9.738326e-01 2.272664e-01 0.000000e+00
    outer loop
      vertex   2.702367e+01 -2.412386e+01 0.000000e+00
      vertex   2.702367e+01 -2.412386e+01 2.500000e+00
      vertex   2.716463e+01 -2.351985e+01 0.000000e+00
    endloop
  endfacet
  facet normal -9.738326e-01 2.272664e-01 0.000000e+00
    outer loop
      vertex   2.716463e+01 -2.351985e+01 0.000000e+00
      vertex   2.702367e+01 -2.412386e+01 2.500000e+00
      vertex   2.716463e+01 -2.351985e+01 2.500000e+00
    endloop
  endfacet
  facet normal -9.062854e-01 4.226664e-01 0.000000e+00
    outer loop
      vertex   2.716463e+01 -2.351985e+01 0.000000e+00
      vertex   2.716463e+01 -2.351985e+01 2.500000e+00
      vertex   2.742679e+01 -2.295774e+01 0.000000e+00
    endloop
  endfacet
  facet normal -9.062854e-01 4.226664e-01 0.000000e+00
    outer loop
      vertex   2.742679e+01 -2.295774e+01 0.000000e+00
      vertex   2.716463e+01 -2.351985e+01 2.500000e+00
      vertex   2.742679e+01 -2.295774e+01 2.500000e+00
    endloop
  endfacet
  facet normal -8.000000e-01 6.000000e-01 0.000000e+00
    outer loop
      vertex   2.742679e+01 -2.295774e+01 0.000000e+00
      vertex   2.742679e+01 -2.295774e+01 2.500000e+00
      vertex   2.779893e+01 -2.246155e+01 0.000000e+00
    endloop
  endfacet
  facet normal -8.000000e-01 6.000000e-01 1.136868e-15
    outer loop
      vertex   2.779893e+01 -2.246155e+01 0.000000e+00
      vertex   2.742679e+01 -2.295774e+01 2.500000e+00
      vertex   2.779893e+01 -2.246155e+01 2.500000e+00
    endloop
  endfacet
  facet normal -6.595196e-01 7.516874e-01 9.372337e-16
    outer loop
      vertex   2.779893e+01 -2.246155e+01 0.000000e+00
      vertex   2.779893e+01 -2.246155e+01 2.500000e+00
      vertex   2.826515e+01 -2.205249e+01 0.000000e+00
    endloop
  endfacet
  facet normal -6.595196e-01 7.516874e-01 0.000000e+00
    outer loop
      vertex   2.826515e+01 -2.205249e+01 0.000000e+00
      vertex   2.779893e+01 -2.246155e+01 2.500000e+00
      vertex   2.826515e+01 -2.205249e+01 2.500000e+00
    endloop
  endfacet
  facet normal -4.908489e-01 8.712447e-01 0.000000e+00
    outer loop
      vertex   2.826515e+01 -2.205249e+01 0.000000e+00
      vertex   2.826515e+01 -2.205249e+01 2.500000e+00
      vertex   2.880553e+01 -2.174805e+01 0.000000e+00
    endloop
  endfacet
  facet normal -4.908489e-01 8.712447e-01 0.000000e+00
    outer loop
      vertex   2.880553e+01 -2.174805e+01 0.000000e+00
      vertex   2.826515e+01 -2.205249e+01 2.500000e+00
      vertex   2.880553e+01 -2.174805e+01 2.500000e+00
    endloop
  endfacet
  facet normal -3.011974e-01 9.535618e-01 0.000000e+00
    outer loop
      vertex   2.880553e+01 -2.174805e+01 0.000000e+00
      vertex   2.880553e+01 -2.174805e+01 2.500000e+00
      vertex   2.939697e+01 -2.156123e+01 0.000000e+00
    endloop
  endfacet
  facet normal -3.011974e-01 9.535618e-01 0.000000e+00
    outer loop
      vertex   2.939697e+01 -2.156123e+01 0.000000e+00
      vertex   2.880553e+01 -2.174805e+01 2.500000e+00
      vertex   2.939697e+01 -2.156123e+01 2.500000e+00
    endloop
  endfacet
  facet normal -9.867154e-02 9.951201e-01 0.000000e+00
    outer loop
      vertex   2.939697e+01 -2.156123e+01 0.000000e+00
      vertex   2.939697e+01 -2.156123e+01 2.500000e+00
      vertex   3.001418e+01 -2.150003e+01 0.000000e+00
    endloop
  endfacet
  facet normal -9.867154e-02 9.951201e-01 1.402207e-16
    outer loop
      vertex   3.001418e+01 -2.150003e+01 0.000000e+00
      vertex   2.939697e+01 -2.156123e+01 2.500000e+00
      vertex   3.001418e+01 -2.150003e+01 2.500000e+00
    endloop
  endfacet
  facet normal 1.080719e-01 9.941431e-01 -1.535794e-16
    outer loop
      vertex   3.001418e+01 -2.150003e+01 0.000000e+00
      vertex   3.001418e+01 -2.150003e+01 2.500000e+00
      vertex   3.063078e+01 -2.156706e+01 0.000000e+00
    endloop
  endfacet
  facet normal 1.080719e-01 9.941431e-01 -0.000000e+00
    outer loop
      vertex   3.063078e+01 -2.156706e+01 0.000000e+00
      vertex   3.001418e+01 -2.150003e+01 2.500000e+00
      vertex   3.063078e+01 -2.156706e+01 2.500000e+00
    endloop
  endfacet
  facet normal 3.101959e-01 9.506727e-01 -0.000000e+00
    outer loop
      vertex   3.063078e+01 -2.156706e+01 0.000000e+00
      vertex   3.063078e+01 -2.156706e+01 2.500000e+00
      vertex   3.122042e+01 -2.175946e+01 0.000000e+00
    endloop
  endfacet
  facet normal 3.101959e-01 9.506727e-01 -4.408149e-16
    outer loop
      vertex   3.122042e+01 -2.175946e+01 0.000000e+00
      vertex   3.063078e+01 -2.156706e+01 2.500000e+00
      vertex   3.122042e+01 -2.175946e+01 2.500000e+00
    endloop
  endfacet
  facet normal 4.990609e-01 8.665669e-01 -7.092083e-16
    outer loop
      vertex   3.122042e+01 -2.175946e+01 0.000000e+00
      vertex   3.122042e+01 -2.175946e+01 2.500000e+00
      vertex   3.175790e+01 -2.206899e+01 0.000000e+00
    endloop
  endfacet
  facet normal 4.990609e-01 8.665669e-01 -0.000000e+00
    outer loop
      vertex   3.175790e+01 -2.206899e+01 0.000000e+00
      vertex   3.122042e+01 -2.175946e+01 2.500000e+00
      vertex   3.175790e+01 -2.206899e+01 2.500000e+00
    endloop
  endfacet
  facet normal 6.665942e-01 7.454208e-01 -0.000000e+00
    outer loop
      vertex   3.175790e+01 -2.206899e+01 0.000000e+00
      vertex   3.175790e+01 -2.206899e+01 2.500000e+00
      vertex   3.222024e+01 -2.248244e+01 0.000000e+00
    endloop
  endfacet
  facet normal 6.665942e-01 7.454208e-01 1.059307e-15
    outer loop
      vertex   3.222024e+01 -2.248244e+01 0.000000e+00
      vertex   3.175790e+01 -2.206899e+01 2.500000e+00
      vertex   3.222024e+01 -2.248244e+01 2.500000e+00
    endloop
  endfacet
  facet normal 8.056348e-01 5.924125e-01 8.418688e-16
    outer loop
      vertex   3.222024e+01 -2.248244e+01 0.000000e+00
      vertex   3.222024e+01 -2.248244e+01 2.500000e+00
      vertex   3.258767e+01 -2.298213e+01 0.000000e+00
    endloop
  endfacet
  facet normal 8.056348e-01 5.924125e-01 1.683738e-15
    outer loop
      vertex   3.258767e+01 -2.298213e+01 0.000000e+00
      vertex   3.222024e+01 -2.248244e+01 2.500000e+00
      vertex   3.258767e+01 -2.298213e+01 2.500000e+00
    endloop
  endfacet
  facet normal 9.102394e-01 4.140823e-01 1.176893e-15
    outer loop
      vertex   3.258767e+01 -2.298213e+01 0.000000e+00
      vertex   3.258767e+01 -2.298213e+01 2.500000e+00
      vertex   3.284450e+01 -2.354669e+01 0.000000e+00
    endloop
  endfacet
  facet normal 9.102394e-01 4.140823e-01 5.884464e-16
    outer loop
      vertex   3.284450e+01 -2.354669e+01 0.000000e+00
      vertex   3.258767e+01 -2.298213e+01 2.500000e+00
      vertex   3.284450e+01 -2.354669e+01 2.500000e+00
    endloop
  endfacet
  facet normal 9.759370e-01 2.180527e-01 3.098715e-16
    outer loop
      vertex   3.284450e+01 -2.354669e+01 0.000000e+00
      vertex   3.284450e+01 -2.354669e+01 2.500000e+00
      vertex   3.297975e+01 -2.415200e+01 0.000000e+00
    endloop
  endfacet
  facet normal 9.759370e-01 2.180527e-01 -0.000000e+00
    outer loop
      vertex   3.297975e+01 -2.415200e+01 0.000000e+00
      vertex   3.284450e+01 -2.354669e+01 2.500000e+00
      vertex   3.297975e+01 -2.415200e+01 2.500000e+00
    endloop
  endfacet
  facet normal -5.874528e-01 -8.092584e-01 1.669641e-15
    outer loop
      vertex   3.219722e+01 -3.050000e+01 0.000000e+00
      vertex   3.219722e+01 -3.050000e+01 2.500000e+00
      vertex   3.170609e+01 -3.014348e+01 0.000000e+00
    endloop
  endfacet
  facet normal -5.874528e-01 -8.092584e-01 -1.465230e-15
    outer loop
      vertex   3.170609e+01 -3.014348e+01 0.000000e+00
      vertex   3.219722e+01 -3.050000e+01 2.500000e+00
      vertex   3.170609e+01 -3.014348e+01 2.500000e+00
    endloop
  endfacet
  facet normal -7.184170e-01 -6.956127e-01 -9.561181e-16
    outer loop
      vertex   3.170609e+01 -3.014348e+01 0.000000e+00
      vertex   3.170609e+01 -3.014348e+01 2.500000e+00
      vertex   3.128393e+01 -2.970748e+01 0.000000e+00
    endloop
  endfacet
  facet normal -7.184170e-01 -6.956127e-01 -9.885250e-16
    outer loop
      vertex   3.128393e+01 -2.970748e+01 0.000000e+00
      vertex   3.170609e+01 -3.014348e+01 2.500000e+00
      vertex   3.128393e+01 -2.970748e+01 2.500000e+00
    endloop
  endfacet
  facet normal -8.277806e-01 -5.610519e-01 -7.973027e-16
    outer loop
      vertex   3.128393e+01 -2.970748e+01 0.000000e+00
      vertex   3.128393e+01 -2.970748e+01 2.500000e+00
      vertex   3.094343e+01 -2.920510e+01 0.000000e+00
    endloop
  endfacet
  facet normal -8.277806e-01 -5.610519e-01 0.000000e+00
    outer loop
      vertex   3.094343e+01 -2.920510e+01 0.000000e+00
      vertex   3.128393e+01 -2.970748e+01 2.500000e+00
      vertex   3.094343e+01 -2.920510e+01 2.500000e+00
    endloop
  endfacet
  facet normal -9.122553e-01 -4.096220e-01 0.000000e+00
    outer loop
      vertex   3.094343e+01 -2.920510e+01 0.000000e+00
      vertex   3.094343e+01 -2.920510e+01 2.500000e+00
      vertex   3.069483e+01 -2.865146e+01 0.000000e+00
    endloop
  endfacet
  facet normal -9.122553e-01 -4.096220e-01 0.000000e+00
    outer loop
      vertex   3.069483e+01 -2.865146e+01 0.000000e+00
      vertex   3.094343e+01 -2.920510e+01 2.500000e+00
      vertex   3.069483e+01 -2.865146e+01 2.500000e+00
    endloop
  endfacet
  facet normal -9.693013e-01 -2.458761e-01 0.000000e+00
    outer loop
      vertex   3.069483e+01 -2.865146e+01 0.000000e+00
      vertex   3.069483e+01 -2.865146e+01 2.500000e+00
      vertex   3.054561e+01 -2.806319e+01 0.000000e+00
    endloop
  endfacet
  facet normal -9.693013e-01 -2.458761e-01 0.000000e+00
    outer loop
      vertex   3.054561e+01 -2.806319e+01 0.000000e+00
      vertex   3.069483e+01 -2.865146e+01 2.500000e+00
      vertex   3.054561e+01 -2.806319e+01 2.500000e+00
    endloop
  endfacet
  facet normal -9.972033e-01 -7.473734e-02 0.000000e+00
    outer loop
      vertex   3.054561e+01 -2.806319e+01 0.000000e+00
      vertex   3.054561e+01 -2.806319e+01 2.500000e+00
      vertex   3.050025e+01 -2.745800e+01 0.000000e+00
    endloop
  endfacet
  facet normal -9.972033e-01 -7.473734e-02 0.000000e+00
    outer loop
      vertex   3.050025e+01 -2.745800e+01 0.000000e+00
      vertex   3.054561e+01 -2.806319e+01 2.500000e+00
      vertex   3.050025e+01 -2.745800e+01 2.500000e+00
    endloop
  endfacet
  facet normal 9.972033e-01 -7.473734e-02 0.000000e+00
    outer loop
      vertex   -3.050025e+01 -2.745800e+01 0.000000e+00
      vertex   -3.050025e+01 -2.745800e+01 2.500000e+00
      vertex   -3.054561e+01 -2.806319e+01 0.000000e+00
    endloop
  endfacet
  facet normal 9.972033e-01 -7.473734e-02 2.124163e-16
    outer loop
      vertex   -3.054561e+01 -2.806319e+01 0.000000e+00
      vertex   -3.050025e+01 -2.745800e+01 2.500000e+00
      vertex   -3.054561e+01 -2.806319e+01 2.500000e+00
    endloop
  endfacet
  facet normal 9.693013e-01 -2.458761e-01 6.988218e-16
    outer loop
      vertex   -3.054561e+01 -2.806319e+01 0.000000e+00
      vertex   -3.054561e+01 -2.806319e+01 2.500000e+00
      vertex   -3.069483e+01 -2.865146e+01 0.000000e+00
    endloop
  endfacet
  facet normal 9.693013e-01 -2.458761e-01 0.000000e+00
    outer loop
      vertex   -3.069483e+01 -2.865146e+01 0.000000e+00
      vertex   -3.054561e+01 -2.806319e+01 2.500000e+00
      vertex   -3.069483e+01 -2.865146e+01 2.500000e+00
    endloop
  endfacet
  facet normal 9.122553e-01 -4.096220e-01 0.000000e+00
    outer loop
      vertex   -3.069483e+01 -2.865146e+01 0.000000e+00
      vertex   -3.069483e+01 -2.865146e+01 2.500000e+00
      vertex   -3.094343e+01 -2.920510e+01 0.000000e+00
    endloop
  endfacet
  facet normal 9.122553e-01 -4.096220e-01 -7.142849e-16
    outer loop
      vertex   -3.094343e+01 -2.920510e+01 0.000000e+00
      vertex   -3.069483e+01 -2.865146e+01 2.500000e+00
      vertex   -3.094343e+01 -2.920510e+01 2.500000e+00
    endloop
  endfacet
  facet normal 8.277806e-01 -5.610519e-01 -3.790443e-16
    outer loop
      vertex   -3.094343e+01 -2.920510e+01 0.000000e+00
      vertex   -3.094343e+01 -2.920510e+01 2.500000e+00
      vertex   -3.128393e+01 -2.970748e+01 0.000000e+00
    endloop
  endfacet
  facet normal 8.277806e-01 -5.610519e-01 -1.176347e-15
    outer loop
      vertex   -3.128393e+01 -2.970748e+01 0.000000e+00
      vertex   -3.094343e+01 -2.920510e+01 2.500000e+00
      vertex   -3.128393e+01 -2.970748e+01 2.500000e+00
    endloop
  endfacet
  facet normal 7.184170e-01 -6.956127e-01 -1.020932e-15
    outer loop
      vertex   -3.128393e+01 -2.970748e+01 0.000000e+00
      vertex   -3.128393e+01 -2.970748e+01 2.500000e+00
      vertex   -3.170609e+01 -3.014348e+01 0.000000e+00
    endloop
  endfacet
  facet normal 7.184170e-01 -6.956127e-01 -3.240697e-17
    outer loop
      vertex   -3.170609e+01 -3.014348e+01 0.000000e+00
      vertex   -3.128393e+01 -2.970748e+01 2.500000e+00
      vertex   -3.170609e+01 -3.014348e+01 2.500000e+00
    endloop
  endfacet
  facet normal 5.874528e-01 -8.092584e-01 3.152047e-16
    outer loop
      vertex   -3.170609e+01 -3.014348e+01 0.000000e+00
      vertex   -3.170609e+01 -3.014348e+01 2.500000e+00
      vertex   -3.219722e+01 -3.050000e+01 0.000000e+00
    endloop
  endfacet
  facet normal 5.874528e-01 -8.092584e-01 0.000000e+00
    outer loop
      vertex   -3.219722e+01 -3.050000e+01 0.000000e+00
      vertex   -3.170609e+01 -3.014348e+01 2.500000e+00
      vertex   -3.219722e+01 -3.050000e+01 2.500000e+00
    endloop
  endfacet
  facet normal -9.759370e-01 2.180527e-01 0.000000e+00
    outer loop
      vertex   -3.297975e+01 -2.415200e+01 0.000000e+00
      vertex   -3.297975e+01 -2.415200e+01 2.500000e+00
      vertex   -3.284450e+01 -2.354669e+01 0.000000e+00
    endloop
  endfacet
  facet normal -9.759370e-01 2.180527e-01 0.000000e+00
    outer loop
      vertex   -3.284450e+01 -2.354669e+01 0.000000e+00
      vertex   -3.297975e+01 -2.415200e+01 2.500000e+00
      vertex   -3.284450e+01 -2.354669e+01 2.500000e+00
    endloop
  endfacet
  facet normal -9.102394e-01 4.140823e-01 0.000000e+00
    outer loop
      vertex   -3.284450e+01 -2.354669e+01 0.000000e+00
      vertex   -3.284450e+01 -2.354669e+01 2.500000e+00
      vertex   -3.258767e+01 -2.298213e+01 0.000000e+00
    endloop
  endfacet
  facet normal -9.102394e-01 4.140823e-01 0.000000e+00
    outer loop
      vertex   -3.258767e+01 -2.298213e+01 0.000000e+00
      vertex   -3.284450e+01 -2.354669e+01 2.500000e+00
      vertex   -3.258767e+01 -2.298213e+01 2.500000e+00
    endloop
  endfacet
  facet normal -8.056348e-01 5.924125e-01 0.000000e+00
    outer loop
      vertex   -3.258767e+01 -2.298213e+01 0.000000e+00
      vertex   -3.258767e+01 -2.298213e+01 2.500000e+00
      vertex   -3.222024e+01 -2.248244e+01 0.000000e+00
    endloop
  endfacet
  facet normal -8.056348e-01 5.924125e-01 0.000000e+00
    outer loop
      vertex   -3.222024e+01 -2.248244e+01 0.000000e+00
      vertex   -3.258767e+01 -2.298213e+01 2.500000e+00
      vertex   -3.222024e+01 -2.248244e+01 2.500000e+00
    endloop
  endfacet
  facet normal -6.665942e-01 7.454208e-01 0.000000e+00
    outer loop
      vertex   -3.222024e+01 -2.248244e+01 0.000000e+00
      vertex   -3.222024e+01 -2.248244e+01 2.500000e+00
      vertex   -3.175790e+01 -2.206899e+01 0.000000e+00
    endloop
  endfacet
  facet normal -6.665942e-01 7.454208e-01 1.059307e-15
    outer loop
      vertex   -3.175790e+01 -2.206899e+01 0.000000e+00
      vertex   -3.222024e+01 -2.248244e+01 2.500000e+00
      vertex   -3.175790e+01 -2.206899e+01 2.500000e+00
    endloop
  endfacet
  facet normal -4.990609e-01 8.665669e-01 1.231466e-15
    outer loop
      vertex   -3.175790e+01 -2.206899e+01 0.000000e+00
      vertex   -3.175790e+01 -2.206899e+01 2.500000e+00
      vertex   -3.122042e+01 -2.175946e+01 0.000000e+00
    endloop
  endfacet
  facet normal -4.990609e-01 8.665669e-01 0.000000e+00
    outer loop
      vertex   -3.122042e+01 -2.175946e+01 0.000000e+00
      vertex   -3.175790e+01 -2.206899e+01 2.500000e+00
      vertex   -3.122042e+01 -2.175946e+01 2.500000e+00
    endloop
  endfacet
  facet normal -3.101959e-01 9.506727e-01 0.000000e+00
    outer loop
      vertex   -3.122042e+01 -2.175946e+01 0.000000e+00
      vertex   -3.122042e+01 -2.175946e+01 2.500000e+00
      vertex   -3.063078e+01 -2.156706e+01 0.000000e+00
    endloop
  endfacet
  facet normal -3.101959e-01 9.506727e-01 -4.408149e-16
    outer loop
      vertex   -3.063078e+01 -2.156706e+01 0.000000e+00
      vertex   -3.122042e+01 -2.175946e+01 2.500000e+00
      vertex   -3.063078e+01 -2.156706e+01 2.500000e+00
    endloop
  endfacet
  facet normal -1.080719e-01 9.941431e-01 -1.535794e-16
    outer loop
      vertex   -3.063078e+01 -2.156706e+01 0.000000e+00
      vertex   -3.063078e+01 -2.156706e+01 2.500000e+00
      vertex   -3.001418e+01 -2.150003e+01 0.000000e+00
    endloop
  endfacet
  facet normal -1.080719e-01 9.941431e-01 -1.535794e-16
    outer loop
      vertex   -3.001418e+01 -2.150003e+01 0.000000e+00
      vertex   -3.063078e+01 -2.156706e+01 2.500000e+00
      vertex   -3.001418e+01 -2.150003e+01 2.500000e+00
    endloop
  endfacet
  facet normal 9.867154e-02 9.951201e-01 1.402207e-16
    outer loop
      vertex   -3.001418e+01 -2.150003e+01 0.000000e+00
      vertex   -3.001418e+01 -2.150003e+01 2.500000e+00
      vertex   -2.939697e+01 -2.156123e+01 0.000000e+00
    endloop
  endfacet
  facet normal 9.867154e-02 9.951201e-01 -0.000000e+00
    outer loop
      vertex   -2.939697e+01 -2.156123e+01 0.000000e+00
      vertex   -3.001418e+01 -2.150003e+01 2.500000e+00
      vertex   -2.939697e+01 -2.156123e+01 2.500000e+00
    endloop
  endfacet
  facet normal 3.011974e-01 9.535618e-01 -0.000000e+00
    outer loop
      vertex   -2.939697e+01 -2.156123e+01 0.000000e+00
      vertex   -2.939697e+01 -2.156123e+01 2.500000e+00
      vertex   -2.880553e+01 -2.174805e+01 0.000000e+00
    endloop
  endfacet
  facet normal 3.011974e-01 9.535618e-01 -0.000000e+00
    outer loop
      vertex   -2.880553e+01 -2.174805e+01 0.000000e+00
      vertex   -2.939697e+01 -2.156123e+01 2.500000e+00
      vertex   -2.880553e+01 -2.174805e+01 2.500000e+00
    endloop
  endfacet
  facet normal 4.908489e-01 8.712447e-01 -0.000000e+00
    outer loop
      vertex   -2.880553e+01 -2.174805e+01 0.000000e+00
      vertex   -2.880553e+01 -2.174805e+01 2.500000e+00
      vertex   -2.826515e+01 -2.205249e+01 0.000000e+00
    endloop
  endfacet
  facet normal 4.908489e-01 8.712447e-01 -0.000000e+00
    outer loop
      vertex   -2.826515e+01 -2.205249e+01 0.000000e+00
      vertex   -2.880553e+01 -2.174805e+01 2.500000e+00
      vertex   -2.826515e+01 -2.205249e+01 2.500000e+00
    endloop
  endfacet
  facet normal 6.595196e-01 7.516874e-01 -0.000000e+00
    outer loop
      vertex   -2.826515e+01 -2.205249e+01 0.000000e+00
      vertex   -2.826515e+01 -2.205249e+01 2.500000e+00
      vertex   -2.779893e+01 -2.246155e+01 0.000000e+00
    endloop
  endfacet
  facet normal 6.595196e-01 7.516874e-01 9.372337e-16
    outer loop
      vertex   -2.779893e+01 -2.246155e+01 0.000000e+00
      vertex   -2.826515e+01 -2.205249e+01 2.500000e+00
      vertex   -2.779893e+01 -2.246155e+01 2.500000e+00
    endloop
  endfacet
  facet normal 8.000000e-01 6.000000e-01 1.136868e-15
    outer loop
      vertex   -2.779893e+01 -2.246155e+01 0.000000e+00
      vertex   -2.779893e+01 -2.246155e+01 2.500000e+00
      vertex   -2.742679e+01 -2.295774e+01 0.000000e+00
    endloop
  endfacet
  facet normal 8.000000e-01 6.000000e-01 -0.000000e+00
    outer loop
      vertex   -2.742679e+01 -2.295774e+01 0.000000e+00
      vertex   -2.779893e+01 -2.246155e+01 2.500000e+00
      vertex   -2.742679e+01 -2.295774e+01 2.500000e+00
    endloop
  endfacet
  facet normal 9.062854e-01 4.226664e-01 -0.000000e+00
    outer loop
      vertex   -2.742679e+01 -2.295774e+01 0.000000e+00
      vertex   -2.742679e+01 -2.295774e+01 2.500000e+00
      vertex   -2.716463e+01 -2.351985e+01 0.000000e+00
    endloop
  endfacet
  facet normal 9.062854e-01 4.226664e-01 -0.000000e+00
    outer loop
      vertex   -2.716463e+01 -2.351985e+01 0.000000e+00
      vertex   -2.742679e+01 -2.295774e+01 2.500000e+00
      vertex   -2.716463e+01 -2.351985e+01 2.500000e+00
    endloop
  endfacet
  facet normal 9.738326e-01 2.272664e-01 -0.000000e+00
    outer loop
      vertex   -2.716463e+01 -2.351985e+01 0.000000e+00
      vertex   -2.716463e+01 -2.351985e+01 2.500000e+00
      vertex   -2.702367e+01 -2.412386e+01 0.000000e+00
    endloop
  endfacet
  facet normal 9.738326e-01 2.272664e-01 -0.000000e+00
    outer loop
      vertex   -2.702367e+01 -2.412386e+01 0.000000e+00
      vertex   -2.716463e+01 -2.351985e+01 2.500000e+00
      vertex   -2.702367e+01 -2.412386e+01 2.500000e+00
    endloop
  endfacet
  facet normal 9.997546e-01 2.215215e-02 -0.000000e+00
    outer loop
      vertex   -2.702367e+01 -2.412386e+01 0.000000e+00
      vertex   -2.702367e+01 -2.412386e+01 2.500000e+00
      vertex   -2.700993e+01 -2.474394e+01 0.000000e+00
    endloop
  endfacet
  facet normal 9.997546e-01 2.215215e-02 -0.000000e+00
    outer loop
      vertex   -2.700993e+01 -2.474394e+01 0.000000e+00
      vertex   -2.702367e+01 -2.412386e+01 2.500000e+00
      vertex   -2.700993e+01 -2.474394e+01 2.500000e+00
    endloop
  endfacet
  facet normal 9.829433e-01 -1.839089e-01 0.000000e+00
    outer loop
      vertex   -2.700993e+01 -2.474394e+01 0.000000e+00
      vertex   -2.700993e+01 -2.474394e+01 2.500000e+00
      vertex   -2.712400e+01 -2.535360e+01 0.000000e+00
    endloop
  endfacet
  facet normal 9.829433e-01 -1.839089e-01 0.000000e+00
    outer loop
      vertex   -2.712400e+01 -2.535360e+01 0.000000e+00
      vertex   -2.700993e+01 -2.474394e+01 2.500000e+00
      vertex   -2.712400e+01 -2.535360e+01 2.500000e+00
    endloop
  endfacet
  facet normal 9.241172e-01 -3.821091e-01 0.000000e+00
    outer loop
      vertex   -2.712400e+01 -2.535360e+01 0.000000e+00
      vertex   -2.712400e+01 -2.535360e+01 2.500000e+00
      vertex   -2.736100e+01 -2.592677e+01 0.000000e+00
    endloop
  endfacet
  facet normal 9.241172e-01 -3.821091e-01 0.000000e+00
    outer loop
      vertex   -2.736100e+01 -2.592677e+01 0.000000e+00
      vertex   -2.712400e+01 -2.535360e+01 2.500000e+00
      vertex   -2.736100e+01 -2.592677e+01 2.500000e+00
    endloop
  endfacet
  facet normal 8.257909e-01 -5.639764e-01 0.000000e+00
    outer loop
      vertex   -2.736100e+01 -2.592677e+01 0.000000e+00
      vertex   -2.736100e+01 -2.592677e+01 2.500000e+00
      vertex   -2.771080e+01 -2.643896e+01 0.000000e+00
    endloop
  endfacet
  facet normal 8.257909e-01 -5.639764e-01 8.014587e-16
    outer loop
      vertex   -2.771080e+01 -2.643896e+01 0.000000e+00
      vertex   -2.736100e+01 -2.592677e+01 2.500000e+00
      vertex   -2.771080e+01 -2.643896e+01 2.500000e+00
    endloop
  endfacet
  facet normal 6.921671e-01 -7.217372e-01 1.025650e-15
    outer loop
      vertex   -2.771080e+01 -2.643896e+01 0.000000e+00
      vertex   -2.771080e+01 -2.643896e+01 2.500000e+00
      vertex   -2.815845e+01 -2.686827e+01 0.000000e+00
    endloop
  endfacet
  facet normal 6.921671e-01 -7.217372e-01 1.025650e-15
    outer loop
      vertex   -2.815845e+01 -2.686827e+01 0.000000e+00
      vertex   -2.771080e+01 -2.643896e+01 2.500000e+00
      vertex   -2.815845e+01 -2.686827e+01 2.500000e+00
    endloop
  endfacet
  facet normal 5.289575e-01 -8.486483e-01 1.206002e-15
    outer loop
      vertex   -2.815845e+01 -2.686827e+01 0.000000e+00
      vertex   -2.815845e+01 -2.686827e+01 2.500000e+00
      vertex   -2.868481e+01 -2.719634e+01 0.000000e+00
    endloop
  endfacet
  facet normal 5.289575e-01 -8.486483e-01 0.000000e+00
    outer loop
      vertex   -2.868481e+01 -2.719634e+01 0.000000e+00
      vertex   -2.815845e+01 -2.686827e+01 2.500000e+00
      vertex   -2.868481e+01 -2.719634e+01 2.500000e+00
    endloop
  endfacet
  facet normal 3.431383e-01 -9.392849e-01 0.000000e+00
    outer loop
      vertex   -2.868481e+01 -2.719634e+01 0.000000e+00
      vertex   -2.868481e+01 -2.719634e+01 2.500000e+00
      vertex   -2.926739e+01 -2.740917e+01 0.000000e+00
    endloop
  endfacet
  facet normal 3.431383e-01 -9.392849e-01 0.000000e+00
    outer loop
      vertex   -2.926739e+01 -2.740917e+01 0.000000e+00
      vertex   -2.868481e+01 -2.719634e+01 2.500000e+00
      vertex   -2.926739e+01 -2.740917e+01 2.500000e+00
    endloop
  endfacet
  facet normal 1.426520e-01 -9.897729e-01 0.000000e+00
    outer loop
      vertex   -2.926739e+01 -2.740917e+01 0.000000e+00
      vertex   -2.926739e+01 -2.740917e+01 2.500000e+00
      vertex   -2.988128e+01 -2.749765e+01 0.000000e+00
    endloop
  endfacet
  facet normal 1.426520e-01 -9.897729e-01 0.000000e+00
    outer loop
      vertex   -2.988128e+01 -2.749765e+01 0.000000e+00
      vertex   -2.926739e+01 -2.740917e+01 2.500000e+00
      vertex   -2.988128e+01 -2.749765e+01 2.500000e+00
    endloop
  endfacet
  facet normal -6.393180e-02 -9.979543e-01 0.000000e+00
    outer loop
      vertex   -2.988128e+01 -2.749765e+01 0.000000e+00
      vertex   -2.988128e+01 -2.749765e+01 2.500000e+00
      vertex   -3.050025e+01 -2.745800e+01 0.000000e+00
    endloop
  endfacet
  facet normal -6.393180e-02 -9.979543e-01 0.000000e+00
    outer loop
      vertex   -3.050025e+01 -2.745800e+01 0.000000e+00
      vertex   -2.988128e+01 -2.749765e+01 2.500000e+00
      vertex   -3.050025e+01 -2.745800e+01 2.500000e+00
    endloop
  endfacet
  facet normal -8.046102e-01 5.938033e-01 1.442995e-15
    outer loop
      vertex   -3.700000e+01 -2.569722e+01 0.000000e+00
      vertex   -3.700000e+01 -2.569722e+01 2.500000e+00
      vertex   -3.660705e+01 -2.516477e+01 0.000000e+00
    endloop
  endfacet
  facet normal -8.046102e-01 5.938033e-01 -8.438452e-16
    outer loop
      vertex   -3.660705e+01 -2.516477e+01 0.000000e+00
      vertex   -3.700000e+01 -2.569722e+01 2.500000e+00
      vertex   -3.660705e+01 -2.516477e+01 2.500000e+00
    endloop
  endfacet
  facet normal -6.784589e-01 7.346384e-01 -1.043984e-15
    outer loop
      vertex   -3.660705e+01 -2.516477e+01 0.000000e+00
      vertex   -3.660705e+01 -2.516477e+01 2.500000e+00
      vertex   -3.612090e+01 -2.471579e+01 0.000000e+00
    endloop
  endfacet
  facet normal -6.784589e-01 7.346384e-01 -1.043984e-15
    outer loop
      vertex   -3.612090e+01 -2.471579e+01 0.000000e+00
      vertex   -3.660705e+01 -2.516477e+01 2.500000e+00
      vertex   -3.612090e+01 -2.471579e+01 2.500000e+00
    endloop
  endfacet
  facet normal -5.280535e-01 8.492111e-01 -1.206802e-15
    outer loop
      vertex   -3.612090e+01 -2.471579e+01 0.000000e+00
      vertex   -3.612090e+01 -2.471579e+01 2.500000e+00
      vertex   -3.555892e+01 -2.436635e+01 0.000000e+00
    endloop
  endfacet
  facet normal -5.280535e-01 8.492111e-01 -1.206802e-15
    outer loop
      vertex   -3.555892e+01 -2.436635e+01 0.000000e+00
      vertex   -3.612090e+01 -2.471579e+01 2.500000e+00
      vertex   -3.555892e+01 -2.436635e+01 2.500000e+00
    endloop
  endfacet
  facet normal -3.587709e-01 9.334256e-01 -1.326478e-15
    outer loop
      vertex   -3.555892e+01 -2.436635e+01 0.000000e+00
      vertex   -3.555892e+01 -2.436635e+01 2.500000e+00
      vertex   -3.494122e+01 -2.412893e+01 0.000000e+00
    endloop
  endfacet
  facet normal -3.587709e-01 9.334256e-01 0.000000e+00
    outer loop
      vertex   -3.494122e+01 -2.412893e+01 0.000000e+00
      vertex   -3.555892e+01 -2.436635e+01 2.500000e+00
      vertex   -3.494122e+01 -2.412893e+01 2.500000e+00
    endloop
  endfacet
  facet normal -1.766627e-01 9.842714e-01 0.000000e+00
    outer loop
      vertex   -3.494122e+01 -2.412893e+01 0.000000e+00
      vertex   -3.494122e+01 -2.412893e+01 2.500000e+00
      vertex   -3.428988e+01 -2.401202e+01 0.000000e+00
    endloop
  endfacet
  facet normal -1.766627e-01 9.842714e-01 0.000000e+00
    outer loop
      vertex   -3.428988e+01 -2.401202e+01 0.000000e+00
      vertex   -3.494122e+01 -2.412893e+01 2.500000e+00
      vertex   -3.428988e+01 -2.401202e+01 2.500000e+00
    endloop
  endfacet
  facet normal 1.176091e-02 9.999308e-01 -0.000000e+00
    outer loop
      vertex   -3.428988e+01 -2.401202e+01 0.000000e+00
      vertex   -3.428988e+01 -2.401202e+01 2.500000e+00
      vertex   -3.362817e+01 -2.401981e+01 0.000000e+00
    endloop
  endfacet
  facet normal 1.176091e-02 9.999308e-01 -0.000000e+00
    outer loop
      vertex   -3.362817e+01 -2.401981e+01 0.000000e+00
      vertex   -3.428988e+01 -2.401202e+01 2.500000e+00
      vertex   -3.362817e+01 -2.401981e+01 2.500000e+00
    endloop
  endfacet
  facet normal 1.997641e-01 9.798440e-01 -0.000000e+00
    outer loop
      vertex   -3.362817e+01 -2.401981e+01 0.000000e+00
      vertex   -3.362817e+01 -2.401981e+01 2.500000e+00
      vertex   -3.297975e+01 -2.415200e+01 0.000000e+00
    endloop
  endfacet
  facet normal 1.997641e-01 9.798440e-01 -0.000000e+00
    outer loop
      vertex   -3.297975e+01 -2.415200e+01 0.000000e+00
      vertex   -3.362817e+01 -2.401981e+01 2.500000e+00
      vertex   -3.297975e+01 -2.415200e+01 2.500000e+00
    endloop
  endfacet
  facet normal -0.000000e+00 -1.000000e+00 -0.000000e+00
    outer loop
      vertex   -2.700000e+01 -2.050000e+01 2.500000e+00
      vertex   -3.700000e+01 -2.050000e+01 2.500000e+00
      vertex   -2.700000e+01 -2.050000e+01 0.000000e+00
    endloop
  endfacet
  facet normal 0.000000e+00 -1.000000e+00 0.000000e+00
    outer loop
      vertex   -2.700000e+01 -2.050000e+01 0.000000e+00
      vertex   -3.700000e+01 -2.050000e+01 2.500000e+00
      vertex   -3.700000e+01 -2.050000e+01 0.000000e+00
    endloop
  endfacet
  facet normal 1.000000e+00 0.000000e+00 0.000000e+00
    outer loop
      vertex   -2.700000e+01 -4.500000e+00 2.500000e+00
      vertex   -2.700000e+01 -2.050000e+01 2.500000e+00
      vertex   -2.700000e+01 -4.500000e+00 0.000000e+00
    endloop
  endfacet
  facet normal 1.000000e+00 0.000000e+00 0.000000e+00
    outer loop
      vertex   -2.700000e+01 -4.500000e+00 0.000000e+00
      vertex   -2.700000e+01 -2.050000e+01 2.500000e+00
      vertex   -2.700000e+01 -2.050000e+01 0.000000e+00
    endloop
  endfacet
  facet normal -1.776357e-16 1.000000e+00 7.105427e-16
    outer loop
      vertex   -3.700000e+01 -4.500000e+00 2.500000e+00
      vertex   -2.700000e+01 -4.500000e+00 2.500000e+00
      vertex   -3.700000e+01 -4.500000e+00 0.000000e+00
    endloop
  endfacet
  facet normal 0.000000e+00 1.000000e+00 0.000000e+00
    outer loop
      vertex   -3.700000e+01 -4.500000e+00 0.000000e+00
      vertex   -2.700000e+01 -4.500000e+00 2.500000e+00
      vertex   -2.700000e+01 -4.500000e+00 0.000000e+00
    endloop
  endfacet
  facet normal -0.000000e+00 -1.000000e+00 -0.000000e+00
    outer loop
      vertex   -2.700000e+01 4.500000e+00 2.500000e+00
      vertex   -3.700000e+01 4.500000e+00 2.500000e+00
      vertex   -2.700000e+01 4.500000e+00 0.000000e+00
    endloop
  endfacet
  facet normal 0.000000e+00 -1.000000e+00 0.000000e+00
    outer loop
      vertex   -2.700000e+01 4.500000e+00 0.000000e+00
      vertex   -3.700000e+01 4.500000e+00 2.500000e+00
      vertex   -3.700000e+01 4.500000e+00 0.000000e+00
    endloop
  endfacet
  facet normal 1.000000e+00 0.000000e+00 0.000000e+00
    outer loop
      vertex   -2.700000e+01 2.050000e+01 2.500000e+00
      vertex   -2.700000e+01 4.500000e+00 2.500000e+00
      vertex   -2.700000e+01 2.050000e+01 0.000000e+00
    endloop
  endfacet
  facet normal 1.000000e+00 0.000000e+00 0.000000e+00
    outer loop
      vertex   -2.700000e+01 2.050000e+01 0.000000e+00
      vertex   -2.700000e+01 4.500000e+00 2.500000e+00
      vertex   -2.700000e+01 4.500000e+00 0.000000e+00
    endloop
  endfacet
  facet normal -0.000000e+00 1.000000e+00 0.000000e+00
    outer loop
      vertex   -3.700000e+01 2.050000e+01 2.500000e+00
      vertex   -2.700000e+01 2.050000e+01 2.500000e+00
      vertex   -3.700000e+01 2.050000e+01 0.000000e+00
    endloop
  endfacet
  facet normal 0.000000e+00 1.000000e+00 0.000000e+00
    outer loop
      vertex   -3.700000e+01 2.050000e+01 0.000000e+00
      vertex   -2.700000e+01 2.050000e+01 2.500000e+00
      vertex   -2.700000e+01 2.050000e+01 0.000000e+00
    endloop
  endfacet
  facet normal -1.479442e-15 -1.000000e+00 5.263280e-16
    outer loop
      vertex   3.700000e+01 3.050000e+01 2.500000e+00
      vertex   3.700000e+01 3.050000e+01 1.600000e+01
      vertex   3.219722e+01 3.050000e+01 2.500000e+00
    endloop
  endfacet
  facet normal 9.510484e-17 -1.000000e+00 -3.383461e-17
    outer loop
      vertex   3.219722e+01 3.050000e+01 2.500000e+00
      vertex   3.700000e+01 3.050000e+01 1.600000e+01
      vertex   -3.700000e+01 3.050000e+01 1.800000e+01
    endloop
  endfacet
  facet normal -0.000000e+00 -1.000000e+00 -4.584147e-16
    outer loop
      vertex   3.219722e+01 3.050000e+01 2.500000e+00
      vertex   -3.700000e+01 3.050000e+01 1.800000e+01
      vertex   -3.219722e+01 3.050000e+01 2.500000e+00
    endloop
  endfacet
  facet normal 1.479442e-15 -1.000000e+00 0.000000e+00
    outer loop
      vertex   -3.219722e+01 3.050000e+01 2.500000e+00
      vertex   -3.700000e+01 3.050000e+01 1.800000e+01
      vertex   -3.700000e+01 3.050000e+01 2.500000e+00
    endloop
  endfacet
  facet normal -3.344689e-16 -1.000000e+00 -1.592806e-14
    outer loop
      vertex   3.700000e+01 3.050000e+01 1.600000e+01
      vertex   3.705014e+01 3.050000e+01 1.644504e+01
      vertex   -3.700000e+01 3.050000e+01 1.800000e+01
    endloop
  endfacet
  facet normal 0.000000e+00 -1.000000e+00 0.000000e+00
    outer loop
      vertex   -3.700000e+01 3.050000e+01 1.800000e+01
      vertex   3.705014e+01 3.050000e+01 1.644504e+01
      vertex   3.719806e+01 3.050000e+01 1.686777e+01
    endloop
  endfacet
  facet normal 0.000000e+00 -1.000000e+00 0.000000e+00
    outer loop
      vertex   -3.700000e+01 3.050000e+01 1.800000e+01
      vertex   3.719806e+01 3.050000e+01 1.686777e+01
      vertex   3.743634e+01 3.050000e+01 1.724698e+01
    endloop
  endfacet
  facet normal 0.000000e+00 -1.000000e+00 0.000000e+00
    outer loop
      vertex   3.743634e+01 3.050000e+01 1.724698e+01
      vertex   3.775302e+01 3.050000e+01 1.756366e+01
      vertex   -3.700000e+01 3.050000e+01 1.800000e+01
    endloop
  endfacet
  facet normal 0.000000e+00 -1.000000e+00 0.000000e+00
    outer loop
      vertex   -3.700000e+01 3.050000e+01 1.800000e+01
      vertex   3.775302e+01 3.050000e+01 1.756366e+01
      vertex   3.813223e+01 3.050000e+01 1.780194e+01
    endloop
  endfacet
  facet normal 0.000000e+00 -1.000000e+00 0.000000e+00
    outer loop
      vertex   -3.700000e+01 3.050000e+01 1.800000e+01
      vertex   3.813223e+01 3.050000e+01 1.780194e+01
      vertex   3.855496e+01 3.050000e+01 1.794986e+01
    endloop
  endfacet
  facet normal 0.000000e+00 -1.000000e+00 0.000000e+00
    outer loop
      vertex   3.855496e+01 3.050000e+01 1.794986e+01
      vertex   3.900000e+01 3.050000e+01 1.800000e+01
      vertex   -3.700000e+01 3.050000e+01 1.800000e+01
    endloop
  endfacet
  facet normal 0.000000e+00 -1.000000e+00 0.000000e+00
    outer loop
      vertex   -3.219722e+01 3.050000e+01 0.000000e+00
      vertex   3.219722e+01 3.050000e+01 0.000000e+00
      vertex   -3.219722e+01 3.050000e+01 2.500000e+00
    endloop
  endfacet
  facet normal 0.000000e+00 -1.000000e+00 0.000000e+00
    outer loop
      vertex   -3.219722e+01 3.050000e+01 2.500000e+00
      vertex   3.219722e+01 3.050000e+01 0.000000e+00
      vertex   3.219722e+01 3.050000e+01 2.500000e+00
    endloop
  endfacet
  facet normal 1.000000e+00 -1.479442e-15 0.000000e+00
    outer loop
      vertex   -3.700000e+01 3.050000e+01 2.500000e+00
      vertex   -3.700000e+01 3.050000e+01 1.800000e+01
      vertex   -3.700000e+01 2.569722e+01 2.500000e+00
    endloop
  endfacet
  facet normal 1.000000e+00 1.367158e-15 -8.820375e-16
    outer loop
      vertex   -3.700000e+01 2.569722e+01 2.500000e+00
      vertex   -3.700000e+01 3.050000e+01 1.800000e+01
      vertex   -3.700000e+01 2.050000e+01 2.500000e+00
    endloop
  endfacet
  facet normal 1.000000e+00 1.367158e-15 0.000000e+00
    outer loop
      vertex   -3.700000e+01 2.569722e+01 2.500000e+00
      vertex   -3.700000e+01 2.050000e+01 2.500000e+00
      vertex   -3.700000e+01 2.569722e+01 0.000000e+00
    endloop
  endfacet
  facet normal 1.000000e+00 1.367158e-15 0.000000e+00
    outer loop
      vertex   -3.700000e+01 2.569722e+01 0.000000e+00
      vertex   -3.700000e+01 2.050000e+01 2.500000e+00
      vertex   -3.700000e+01 2.050000e+01 0.000000e+00
    endloop
  endfacet
  facet normal 1.000000e+00 0.000000e+00 -0.000000e+00
    outer loop
      vertex   -3.700000e+01 2.050000e+01 2.500000e+00
      vertex   -3.700000e+01 3.050000e+01 1.800000e+01
      vertex   -3.700000e+01 4.500000e+00 2.500000e+00
    endloop
  endfacet
  facet normal 1.000000e+00 0.000000e+00 -0.000000e+00
    outer loop
      vertex   -3.700000e+01 4.500000e+00 2.500000e+00
      vertex   -3.700000e+01 3.050000e+01 1.800000e+01
      vertex   -3.700000e+01 -3.050000e+01 1.800000e+01
    endloop
  endfacet
  facet normal 1.000000e+00 0.000000e+00 0.000000e+00
    outer loop
      vertex   -3.700000e+01 4.500000e+00 2.500000e+00
      vertex   -3.700000e+01 -3.050000e+01 1.800000e+01
      vertex   -3.700000e+01 -4.500000e+00 2.500000e+00
    endloop
  endfacet
  facet normal 1.000000e+00 0.000000e+00 0.000000e+00
    outer loop
      vertex   -3.700000e+01 -4.500000e+00 2.500000e+00
      vertex   -3.700000e+01 -3.050000e+01 1.800000e+01
      vertex   -3.700000e+01 -2.050000e+01 2.500000e+00
    endloop
  endfacet
  facet normal 1.000000e+00 0.000000e+00 0.000000e+00
    outer loop
      vertex   -3.700000e+01 -2.050000e+01 2.500000e+00
      vertex   -3.700000e+01 -3.050000e+01 1.800000e+01
      vertex   -3.700000e+01 -2.569722e+01 2.500000e+00
    endloop
  endfacet
  facet normal 1.000000e+00 0.000000e+00 0.000000e+00
    outer loop
      vertex   -3.700000e+01 -2.050000e+01 2.500000e+00
      vertex   -3.700000e+01 -2.569722e+01 2.500000e+00
      vertex   -3.700000e+01 -2.050000e+01 0.000000e+00
    endloop
  endfacet
  facet normal 1.000000e+00 -1.367158e-15 -2.842171e-15
    outer loop
      vertex   -3.700000e+01 -2.050000e+01 0.000000e+00
      vertex   -3.700000e+01 -2.569722e+01 2.500000e+00
      vertex   -3.700000e+01 -2.569722e+01 0.000000e+00
    endloop
  endfacet
  facet normal 1.000000e+00 0.000000e+00 0.000000e+00
    outer loop
      vertex   -3.700000e+01 -3.050000e+01 1.800000e+01
      vertex   -3.700000e+01 -3.050000e+01 2.500000e+00
      vertex   -3.700000e+01 -2.569722e+01 2.500000e+00
    endloop
  endfacet
  facet normal 1.000000e+00 0.000000e+00 -0.000000e+00
    outer loop
      vertex   -3.700000e+01 -4.500000e+00 0.000000e+00
      vertex   -3.700000e+01 4.500000e+00 0.000000e+00
      vertex   -3.700000e+01 -4.500000e+00 2.500000e+00
    endloop
  endfacet
  facet normal 1.000000e+00 -0.000000e+00 0.000000e+00
    outer loop
      vertex   -3.700000e+01 -4.500000e+00 2.500000e+00
      vertex   -3.700000e+01 4.500000e+00 0.000000e+00
      vertex   -3.700000e+01 4.500000e+00 2.500000e+00
    endloop
  endfacet
  facet normal 0.000000e+00 0.000000e+00 1.000000e+00
    outer loop
      vertex   3.467416e+01 -2.896869e+01 2.500000e+00
      vertex   3.456979e+01 -2.899511e+01 2.500000e+00
      vertex   3.700000e+01 -3.050000e+01 2.500000e+00
    endloop
  endfacet
  facet normal 0.000000e+00 0.000000e+00 1.000000e+00
    outer loop
      vertex   3.700000e+01 -3.050000e+01 2.500000e+00
      vertex   3.456979e+01 -2.899511e+01 2.500000e+00
      vertex   3.417661e+01 -2.909022e+01 2.500000e+00
    endloop
  endfacet
  facet normal 0.000000e+00 0.000000e+00 1.000000e+00
    outer loop
      vertex   3.700000e+01 -3.050000e+01 2.500000e+00
      vertex   3.417661e+01 -2.909022e+01 2.500000e+00
      vertex   3.219722e+01 -3.050000e+01 2.500000e+00
    endloop
  endfacet
  facet normal 0.000000e+00 0.000000e+00 1.000000e+00
    outer loop
      vertex   3.219722e+01 -3.050000e+01 2.500000e+00
      vertex   3.417661e+01 -2.909022e+01 2.500000e+00
      vertex   3.377214e+01 -2.908369e+01 2.500000e+00
    endloop
  endfacet
  facet normal 0.000000e+00 0.000000e+00 1.000000e+00
    outer loop
      vertex   3.219722e+01 -3.050000e+01 2.500000e+00
      vertex   3.377214e+01 -2.908369e+01 2.500000e+00
      vertex   3.338223e+01 -2.897593e+01 2.500000e+00
    endloop
  endfacet
  facet normal 0.000000e+00 0.000000e+00 1.000000e+00
    outer loop
      vertex   3.338223e+01 -2.897593e+01 2.500000e+00
      vertex   3.303182e+01 -2.877382e+01 2.500000e+00
      vertex   3.219722e+01 -3.050000e+01 2.500000e+00
    endloop
  endfacet
  facet normal 0.000000e+00 -0.000000e+00 1.000000e+00
    outer loop
      vertex   3.219722e+01 -3.050000e+01 2.500000e+00
      vertex   3.303182e+01 -2.877382e+01 2.500000e+00
      vertex   3.170609e+01 -3.014348e+01 2.500000e+00
    endloop
  endfacet
  facet normal 0.000000e+00 -0.000000e+00 1.000000e+00
    outer loop
      vertex   3.170609e+01 -3.014348e+01 2.500000e+00
      vertex   3.303182e+01 -2.877382e+01 2.500000e+00
      vertex   3.128393e+01 -2.970748e+01 2.500000e+00
    endloop
  endfacet
  facet normal 0.000000e+00 0.000000e+00 1.000000e+00
    outer loop
      vertex   3.128393e+01 -2.970748e+01 2.500000e+00
      vertex   3.303182e+01 -2.877382e+01 2.500000e+00
      vertex   3.274329e+01 -2.849029e+01 2.500000e+00
    endloop
  endfacet
  facet normal 0.000000e+00 -0.000000e+00 1.000000e+00
    outer loop
      vertex   3.128393e+01 -2.970748e+01 2.500000e+00
      vertex   3.274329e+01 -2.849029e+01 2.500000e+00
      vertex   3.094343e+01 -2.920510e+01 2.500000e+00
    endloop
  endfacet
  facet normal 0.000000e+00 0.000000e+00 1.000000e+00
    outer loop
      vertex   3.094343e+01 -2.920510e+01 2.500000e+00
      vertex   3.274329e+01 -2.849029e+01 2.500000e+00
      vertex   3.253509e+01 -2.814346e+01 2.500000e+00
    endloop
  endfacet
  facet normal 0.000000e+00 -0.000000e+00 1.000000e+00
    outer loop
      vertex   3.094343e+01 -2.920510e+01 2.500000e+00
      vertex   3.253509e+01 -2.814346e+01 2.500000e+00
      vertex   3.069483e+01 -2.865146e+01 2.500000e+00
    endloop
  endfacet
  facet normal 0.000000e+00 0.000000e+00 1.000000e+00
    outer loop
      vertex   3.069483e+01 -2.865146e+01 2.500000e+00
      vertex   3.253509e+01 -2.814346e+01 2.500000e+00
      vertex   3.242053e+01 -2.775550e+01 2.500000e+00
    endloop
  endfacet
  facet normal 0.000000e+00 -0.000000e+00 1.000000e+00
    outer loop
      vertex   3.069483e+01 -2.865146e+01 2.500000e+00
      vertex   3.242053e+01 -2.775550e+01 2.500000e+00
      vertex   3.054561e+01 -2.806319e+01 2.500000e+00
    endloop
  endfacet
  facet normal 0.000000e+00 -0.000000e+00 1.000000e+00
    outer loop
      vertex   3.054561e+01 -2.806319e+01 2.500000e+00
      vertex   3.242053e+01 -2.775550e+01 2.500000e+00
      vertex   3.050025e+01 -2.745800e+01 2.500000e+00
    endloop
  endfacet
  facet normal -0.000000e+00 0.000000e+00 1.000000e+00
    outer loop
      vertex   3.050025e+01 -2.745800e+01 2.500000e+00
      vertex   3.242053e+01 -2.775550e+01 2.500000e+00
      vertex   3.240693e+01 -2.735121e+01 2.500000e+00
    endloop
  endfacet
  facet normal 0.000000e+00 0.000000e+00 1.000000e+00
    outer loop
      vertex   3.050025e+01 -2.745800e+01 2.500000e+00
      vertex   3.240693e+01 -2.735121e+01 2.500000e+00
      vertex   3.249517e+01 -2.695642e+01 2.500000e+00
    endloop
  endfacet
  facet normal 0.000000e+00 0.000000e+00 1.000000e+00
    outer loop
      vertex   3.267959e+01 -2.659639e+01 2.500000e+00
      vertex   3.113137e+01 -2.563137e+01 2.500000e+00
      vertex   3.249517e+01 -2.695642e+01 2.500000e+00
    endloop
  endfacet
  facet normal 0.000000e+00 0.000000e+00 1.000000e+00
    outer loop
      vertex   3.249517e+01 -2.695642e+01 2.500000e+00
      vertex   3.113137e+01 -2.563137e+01 2.500000e+00
      vertex   3.080000e+01 -2.588564e+01 2.500000e+00
    endloop
  endfacet
  facet normal 0.000000e+00 0.000000e+00 1.000000e+00
    outer loop
      vertex   3.249517e+01 -2.695642e+01 2.500000e+00
      vertex   3.080000e+01 -2.588564e+01 2.500000e+00
      vertex   3.050025e+01 -2.745800e+01 2.500000e+00
    endloop
  endfacet
  facet normal 0.000000e+00 -0.000000e+00 1.000000e+00
    outer loop
      vertex   3.050025e+01 -2.745800e+01 2.500000e+00
      vertex   3.080000e+01 -2.588564e+01 2.500000e+00
      vertex   3.041411e+01 -2.604548e+01 2.500000e+00
    endloop
  endfacet
  facet normal 0.000000e+00 0.000000e+00 1.000000e+00
    outer loop
      vertex   3.050025e+01 -2.745800e+01 2.500000e+00
      vertex   3.041411e+01 -2.604548e+01 2.500000e+00
      vertex   3.000000e+01 -2.610000e+01 2.500000e+00
    endloop
  endfacet
  facet normal -0.000000e+00 0.000000e+00 1.000000e+00
    outer loop
      vertex   3.113137e+01 -2.563137e+01 2.500000e+00
      vertex   3.267959e+01 -2.659639e+01 2.500000e+00
      vertex   3.138564e+01 -2.530000e+01 2.500000e+00
    endloop
  endfacet
  facet normal 0.000000e+00 0.000000e+00 1.000000e+00
    outer loop
      vertex   3.138564e+01 -2.530000e+01 2.500000e+00
      vertex   3.267959e+01 -2.659639e+01 2.500000e+00
      vertex   3.294841e+01 -2.629411e+01 2.500000e+00
    endloop
  endfacet
  facet normal -0.000000e+00 0.000000e+00 1.000000e+00
    outer loop
      vertex   3.138564e+01 -2.530000e+01 2.500000e+00
      vertex   3.294841e+01 -2.629411e+01 2.500000e+00
      vertex   3.154548e+01 -2.491411e+01 2.500000e+00
    endloop
  endfacet
  facet normal 0.000000e+00 0.000000e+00 1.000000e+00
    outer loop
      vertex   3.154548e+01 -2.491411e+01 2.500000e+00
      vertex   3.294841e+01 -2.629411e+01 2.500000e+00
      vertex   3.328446e+01 -2.606892e+01 2.500000e+00
    endloop
  endfacet
  facet normal -0.000000e+00 0.000000e+00 1.000000e+00
    outer loop
      vertex   3.154548e+01 -2.491411e+01 2.500000e+00
      vertex   3.328446e+01 -2.606892e+01 2.500000e+00
      vertex   3.297975e+01 -2.415200e+01 2.500000e+00
    endloop
  endfacet
  facet normal 0.000000e+00 0.000000e+00 1.000000e+00
    outer loop
      vertex   3.297975e+01 -2.415200e+01 2.500000e+00
      vertex   3.328446e+01 -2.606892e+01 2.500000e+00
      vertex   3.366624e+01 -2.593520e+01 2.500000e+00
    endloop
  endfacet
  facet normal -0.000000e+00 0.000000e+00 1.000000e+00
    outer loop
      vertex   3.297975e+01 -2.415200e+01 2.500000e+00
      vertex   3.366624e+01 -2.593520e+01 2.500000e+00
      vertex   3.362817e+01 -2.401981e+01 2.500000e+00
    endloop
  endfacet
  facet normal 0.000000e+00 0.000000e+00 1.000000e+00
    outer loop
      vertex   3.362817e+01 -2.401981e+01 2.500000e+00
      vertex   3.366624e+01 -2.593520e+01 2.500000e+00
      vertex   3.406936e+01 -2.590150e+01 2.500000e+00
    endloop
  endfacet
  facet normal -0.000000e+00 0.000000e+00 1.000000e+00
    outer loop
      vertex   3.362817e+01 -2.401981e+01 2.500000e+00
      vertex   3.406936e+01 -2.590150e+01 2.500000e+00
      vertex   3.428988e+01 -2.401202e+01 2.500000e+00
    endloop
  endfacet
  facet normal 0.000000e+00 0.000000e+00 1.000000e+00
    outer loop
      vertex   3.428988e+01 -2.401202e+01 2.500000e+00
      vertex   3.406936e+01 -2.590150e+01 2.500000e+00
      vertex   3.494122e+01 -2.412893e+01 2.500000e+00
    endloop
  endfacet
  facet normal 0.000000e+00 0.000000e+00 1.000000e+00
    outer loop
      vertex   3.494122e+01 -2.412893e+01 2.500000e+00
      vertex   3.406936e+01 -2.590150e+01 2.500000e+00
      vertex   3.446804e+01 -2.596999e+01 2.500000e+00
    endloop
  endfacet
  facet normal 0.000000e+00 0.000000e+00 1.000000e+00
    outer loop
      vertex   3.494122e+01 -2.412893e+01 2.500000e+00
      vertex   3.446804e+01 -2.596999e+01 2.500000e+00
      vertex   3.555892e+01 -2.436635e+01 2.500000e+00
    endloop
  endfacet
  facet normal 0.000000e+00 0.000000e+00 1.000000e+00
    outer loop
      vertex   3.555892e+01 -2.436635e+01 2.500000e+00
      vertex   3.446804e+01 -2.596999e+01 2.500000e+00
      vertex   3.483681e+01 -2.613627e+01 2.500000e+00
    endloop
  endfacet
  facet normal 0.000000e+00 0.000000e+00 1.000000e+00
    outer loop
      vertex   3.555892e+01 -2.436635e+01 2.500000e+00
      vertex   3.483681e+01 -2.613627e+01 2.500000e+00
      vertex   3.612090e+01 -2.471579e+01 2.500000e+00
    endloop
  endfacet
  facet normal 0.000000e+00 0.000000e+00 1.000000e+00
    outer loop
      vertex   3.612090e+01 -2.471579e+01 2.500000e+00
      vertex   3.483681e+01 -2.613627e+01 2.500000e+00
      vertex   3.660705e+01 -2.516477e+01 2.500000e+00
    endloop
  endfacet
  facet normal 0.000000e+00 0.000000e+00 1.000000e+00
    outer loop
      vertex   3.660705e+01 -2.516477e+01 2.500000e+00
      vertex   3.483681e+01 -2.613627e+01 2.500000e+00
      vertex   3.515208e+01 -2.638973e+01 2.500000e+00
    endloop
  endfacet
  facet normal 0.000000e+00 0.000000e+00 1.000000e+00
    outer loop
      vertex   3.660705e+01 -2.516477e+01 2.500000e+00
      vertex   3.515208e+01 -2.638973e+01 2.500000e+00
      vertex   3.700000e+01 -2.569722e+01 2.500000e+00
    endloop
  endfacet
  facet normal 0.000000e+00 0.000000e+00 1.000000e+00
    outer loop
      vertex   3.700000e+01 -2.569722e+01 2.500000e+00
      vertex   3.515208e+01 -2.638973e+01 2.500000e+00
      vertex   3.539371e+01 -2.671415e+01 2.500000e+00
    endloop
  endfacet
  facet normal 0.000000e+00 0.000000e+00 1.000000e+00
    outer loop
      vertex   3.700000e+01 -2.569722e+01 2.500000e+00
      vertex   3.539371e+01 -2.671415e+01 2.500000e+00
      vertex   3.554626e+01 -2.708881e+01 2.500000e+00
    endloop
  endfacet
  facet normal -0.000000e+00 0.000000e+00 1.000000e+00
    outer loop
      vertex   3.554626e+01 -2.708881e+01 2.500000e+00
      vertex   3.559997e+01 -2.748975e+01 2.500000e+00
      vertex   3.700000e+01 -2.569722e+01 2.500000e+00
    endloop
  endfacet
  facet normal 0.000000e+00 0.000000e+00 1.000000e+00
    outer loop
      vertex   3.700000e+01 -2.569722e+01 2.500000e+00
      vertex   3.559997e+01 -2.748975e+01 2.500000e+00
      vertex   3.555140e+01 -2.789135e+01 2.500000e+00
    endloop
  endfacet
  facet normal 0.000000e+00 0.000000e+00 1.000000e+00
    outer loop
      vertex   3.700000e+01 -2.569722e+01 2.500000e+00
      vertex   3.555140e+01 -2.789135e+01 2.500000e+00
      vertex   3.700000e+01 -3.050000e+01 2.500000e+00
    endloop
  endfacet
  facet normal 0.000000e+00 0.000000e+00 1.000000e+00
    outer loop
      vertex   3.700000e+01 -3.050000e+01 2.500000e+00
      vertex   3.555140e+01 -2.789135e+01 2.500000e+00
      vertex   3.540367e+01 -2.826793e+01 2.500000e+00
    endloop
  endfacet
  facet normal 0.000000e+00 0.000000e+00 1.000000e+00
    outer loop
      vertex   3.700000e+01 -3.050000e+01 2.500000e+00
      vertex   3.540367e+01 -2.826793e+01 2.500000e+00
      vertex   3.516621e+01 -2.859542e+01 2.500000e+00
    endloop
  endfacet
  facet normal 0.000000e+00 0.000000e+00 1.000000e+00
    outer loop
      vertex   3.516621e+01 -2.859542e+01 2.500000e+00
      vertex   3.485421e+01 -2.885289e+01 2.500000e+00
      vertex   3.700000e+01 -3.050000e+01 2.500000e+00
    endloop
  endfacet
  facet normal 0.000000e+00 0.000000e+00 1.000000e+00
    outer loop
      vertex   3.700000e+01 -3.050000e+01 2.500000e+00
      vertex   3.485421e+01 -2.885289e+01 2.500000e+00
      vertex   3.477045e+01 -2.892054e+01 2.500000e+00
    endloop
  endfacet
  facet normal 0.000000e+00 0.000000e+00 1.000000e+00
    outer loop
      vertex   3.700000e+01 -3.050000e+01 2.500000e+00
      vertex   3.477045e+01 -2.892054e+01 2.500000e+00
      vertex   3.467416e+01 -2.896869e+01 2.500000e+00
    endloop
  endfacet
  facet normal 0.000000e+00 0.000000e+00 1.000000e+00
    outer loop
      vertex   2.845452e+01 -2.408589e+01 2.500000e+00
      vertex   2.702367e+01 -2.412386e+01 2.500000e+00
      vertex   2.840000e+01 -2.450000e+01 2.500000e+00
    endloop
  endfacet
  facet normal 0.000000e+00 0.000000e+00 1.000000e+00
    outer loop
      vertex   2.840000e+01 -2.450000e+01 2.500000e+00
      vertex   2.702367e+01 -2.412386e+01 2.500000e+00
      vertex   2.700993e+01 -2.474394e+01 2.500000e+00
    endloop
  endfacet
  facet normal 0.000000e+00 0.000000e+00 1.000000e+00
    outer loop
      vertex   2.840000e+01 -2.450000e+01 2.500000e+00
      vertex   2.700993e+01 -2.474394e+01 2.500000e+00
      vertex   2.845452e+01 -2.491411e+01 2.500000e+00
    endloop
  endfacet
  facet normal 0.000000e+00 0.000000e+00 1.000000e+00
    outer loop
      vertex   2.845452e+01 -2.491411e+01 2.500000e+00
      vertex   2.700993e+01 -2.474394e+01 2.500000e+00
      vertex   2.712400e+01 -2.535360e+01 2.500000e+00
    endloop
  endfacet
  facet normal 0.000000e+00 0.000000e+00 1.000000e+00
    outer loop
      vertex   2.845452e+01 -2.491411e+01 2.500000e+00
      vertex   2.712400e+01 -2.535360e+01 2.500000e+00
      vertex   2.861436e+01 -2.530000e+01 2.500000e+00
    endloop
  endfacet
  facet normal 0.000000e+00 0.000000e+00 1.000000e+00
    outer loop
      vertex   2.861436e+01 -2.530000e+01 2.500000e+00
      vertex   2.712400e+01 -2.535360e+01 2.500000e+00
      vertex   2.736100e+01 -2.592677e+01 2.500000e+00
    endloop
  endfacet
  facet normal 0.000000e+00 0.000000e+00 1.000000e+00
    outer loop
      vertex   2.861436e+01 -2.530000e+01 2.500000e+00
      vertex   2.736100e+01 -2.592677e+01 2.500000e+00
      vertex   2.886863e+01 -2.563137e+01 2.500000e+00
    endloop
  endfacet
  facet normal 0.000000e+00 0.000000e+00 1.000000e+00
    outer loop
      vertex   2.886863e+01 -2.563137e+01 2.500000e+00
      vertex   2.736100e+01 -2.592677e+01 2.500000e+00
      vertex   2.771080e+01 -2.643896e+01 2.500000e+00
    endloop
  endfacet
  facet normal 0.000000e+00 0.000000e+00 1.000000e+00
    outer loop
      vertex   2.886863e+01 -2.563137e+01 2.500000e+00
      vertex   2.771080e+01 -2.643896e+01 2.500000e+00
      vertex   2.815845e+01 -2.686827e+01 2.500000e+00
    endloop
  endfacet
  facet normal 0.000000e+00 0.000000e+00 1.000000e+00
    outer loop
      vertex   2.702367e+01 -2.412386e+01 2.500000e+00
      vertex   2.845452e+01 -2.408589e+01 2.500000e+00
      vertex   2.716463e+01 -2.351985e+01 2.500000e+00
    endloop
  endfacet
  facet normal 0.000000e+00 0.000000e+00 1.000000e+00
    outer loop
      vertex   2.716463e+01 -2.351985e+01 2.500000e+00
      vertex   2.845452e+01 -2.408589e+01 2.500000e+00
      vertex   2.861436e+01 -2.370000e+01 2.500000e+00
    endloop
  endfacet
  facet normal -0.000000e+00 0.000000e+00 1.000000e+00
    outer loop
      vertex   2.716463e+01 -2.351985e+01 2.500000e+00
      vertex   2.861436e+01 -2.370000e+01 2.500000e+00
      vertex   2.742679e+01 -2.295774e+01 2.500000e+00
    endloop
  endfacet
  facet normal 0.000000e+00 0.000000e+00 1.000000e+00
    outer loop
      vertex   2.742679e+01 -2.295774e+01 2.500000e+00
      vertex   2.861436e+01 -2.370000e+01 2.500000e+00
      vertex   2.886863e+01 -2.336863e+01 2.500000e+00
    endloop
  endfacet
  facet normal -0.000000e+00 0.000000e+00 1.000000e+00
    outer loop
      vertex   2.742679e+01 -2.295774e+01 2.500000e+00
      vertex   2.886863e+01 -2.336863e+01 2.500000e+00
      vertex   2.779893e+01 -2.246155e+01 2.500000e+00
    endloop
  endfacet
  facet normal -0.000000e+00 0.000000e+00 1.000000e+00
    outer loop
      vertex   2.779893e+01 -2.246155e+01 2.500000e+00
      vertex   2.886863e+01 -2.336863e+01 2.500000e+00
      vertex   2.826515e+01 -2.205249e+01 2.500000e+00
    endloop
  endfacet
  facet normal 0.000000e+00 0.000000e+00 1.000000e+00
    outer loop
      vertex   2.826515e+01 -2.205249e+01 2.500000e+00
      vertex   2.886863e+01 -2.336863e+01 2.500000e+00
      vertex   2.920000e+01 -2.311436e+01 2.500000e+00
    endloop
  endfacet
  facet normal -0.000000e+00 0.000000e+00 1.000000e+00
    outer loop
      vertex   2.826515e+01 -2.205249e+01 2.500000e+00
      vertex   2.920000e+01 -2.311436e+01 2.500000e+00
      vertex   2.880553e+01 -2.174805e+01 2.500000e+00
    endloop
  endfacet
  facet normal 0.000000e+00 0.000000e+00 1.000000e+00
    outer loop
      vertex   2.880553e+01 -2.174805e+01 2.500000e+00
      vertex   2.920000e+01 -2.311436e+01 2.500000e+00
      vertex   2.958589e+01 -2.295452e+01 2.500000e+00
    endloop
  endfacet
  facet normal -0.000000e+00 0.000000e+00 1.000000e+00
    outer loop
      vertex   2.880553e+01 -2.174805e+01 2.500000e+00
      vertex   2.958589e+01 -2.295452e+01 2.500000e+00
      vertex   2.939697e+01 -2.156123e+01 2.500000e+00
    endloop
  endfacet
  facet normal 0.000000e+00 0.000000e+00 1.000000e+00
    outer loop
      vertex   2.939697e+01 -2.156123e+01 2.500000e+00
      vertex   2.958589e+01 -2.295452e+01 2.500000e+00
      vertex   3.000000e+01 -2.290000e+01 2.500000e+00
    endloop
  endfacet
  facet normal -0.000000e+00 0.000000e+00 1.000000e+00
    outer loop
      vertex   2.939697e+01 -2.156123e+01 2.500000e+00
      vertex   3.000000e+01 -2.290000e+01 2.500000e+00
      vertex   3.001418e+01 -2.150003e+01 2.500000e+00
    endloop
  endfacet
  facet normal 0.000000e+00 0.000000e+00 1.000000e+00
    outer loop
      vertex   3.001418e+01 -2.150003e+01 2.500000e+00
      vertex   3.000000e+01 -2.290000e+01 2.500000e+00
      vertex   3.063078e+01 -2.156706e+01 2.500000e+00
    endloop
  endfacet
  facet normal 0.000000e+00 0.000000e+00 1.000000e+00
    outer loop
      vertex   3.063078e+01 -2.156706e+01 2.500000e+00
      vertex   3.000000e+01 -2.290000e+01 2.500000e+00
      vertex   3.041411e+01 -2.295452e+01 2.500000e+00
    endloop
  endfacet
  facet normal 0.000000e+00 0.000000e+00 1.000000e+00
    outer loop
      vertex   3.063078e+01 -2.156706e+01 2.500000e+00
      vertex   3.041411e+01 -2.295452e+01 2.500000e+00
      vertex   3.122042e+01 -2.175946e+01 2.500000e+00
    endloop
  endfacet
  facet normal 0.000000e+00 0.000000e+00 1.000000e+00
    outer loop
      vertex   3.122042e+01 -2.175946e+01 2.500000e+00
      vertex   3.041411e+01 -2.295452e+01 2.500000e+00
      vertex   3.080000e+01 -2.311436e+01 2.500000e+00
    endloop
  endfacet
  facet normal 0.000000e+00 0.000000e+00 1.000000e+00
    outer loop
      vertex   3.122042e+01 -2.175946e+01 2.500000e+00
      vertex   3.080000e+01 -2.311436e+01 2.500000e+00
      vertex   3.175790e+01 -2.206899e+01 2.500000e+00
    endloop
  endfacet
  facet normal 0.000000e+00 0.000000e+00 1.000000e+00
    outer loop
      vertex   3.175790e+01 -2.206899e+01 2.500000e+00
      vertex   3.080000e+01 -2.311436e+01 2.500000e+00
      vertex   3.113137e+01 -2.336863e+01 2.500000e+00
    endloop
  endfacet
  facet normal 0.000000e+00 0.000000e+00 1.000000e+00
    outer loop
      vertex   3.175790e+01 -2.206899e+01 2.500000e+00
      vertex   3.113137e+01 -2.336863e+01 2.500000e+00
      vertex   3.222024e+01 -2.248244e+01 2.500000e+00
    endloop
  endfacet
  facet normal 0.000000e+00 0.000000e+00 1.000000e+00
    outer loop
      vertex   3.222024e+01 -2.248244e+01 2.500000e+00
      vertex   3.113137e+01 -2.336863e+01 2.500000e+00
      vertex   3.258767e+01 -2.298213e+01 2.500000e+00
    endloop
  endfacet
  facet normal 0.000000e+00 0.000000e+00 1.000000e+00
    outer loop
      vertex   3.258767e+01 -2.298213e+01 2.500000e+00
      vertex   3.113137e+01 -2.336863e+01 2.500000e+00
      vertex   3.138564e+01 -2.370000e+01 2.500000e+00
    endloop
  endfacet
  facet normal 0.000000e+00 0.000000e+00 1.000000e+00
    outer loop
      vertex   3.258767e+01 -2.298213e+01 2.500000e+00
      vertex   3.138564e+01 -2.370000e+01 2.500000e+00
      vertex   3.284450e+01 -2.354669e+01 2.500000e+00
    endloop
  endfacet
  facet normal 0.000000e+00 0.000000e+00 1.000000e+00
    outer loop
      vertex   3.284450e+01 -2.354669e+01 2.500000e+00
      vertex   3.138564e+01 -2.370000e+01 2.500000e+00
      vertex   3.154548e+01 -2.408589e+01 2.500000e+00
    endloop
  endfacet
  facet normal 0.000000e+00 0.000000e+00 1.000000e+00
    outer loop
      vertex   3.284450e+01 -2.354669e+01 2.500000e+00
      vertex   3.154548e+01 -2.408589e+01 2.500000e+00
      vertex   3.297975e+01 -2.415200e+01 2.500000e+00
    endloop
  endfacet
  facet normal 0.000000e+00 0.000000e+00 1.000000e+00
    outer loop
      vertex   3.297975e+01 -2.415200e+01 2.500000e+00
      vertex   3.154548e+01 -2.408589e+01 2.500000e+00
      vertex   3.160000e+01 -2.450000e+01 2.500000e+00
    endloop
  endfacet
  facet normal 0.000000e+00 0.000000e+00 1.000000e+00
    outer loop
      vertex   3.297975e+01 -2.415200e+01 2.500000e+00
      vertex   3.160000e+01 -2.450000e+01 2.500000e+00
      vertex   3.154548e+01 -2.491411e+01 2.500000e+00
    endloop
  endfacet
  facet normal 0.000000e+00 0.000000e+00 1.000000e+00
    outer loop
      vertex   2.958589e+01 -2.604548e+01 2.500000e+00
      vertex   2.926739e+01 -2.740917e+01 2.500000e+00
      vertex   3.000000e+01 -2.610000e+01 2.500000e+00
    endloop
  endfacet
  facet normal 0.000000e+00 0.000000e+00 1.000000e+00
    outer loop
      vertex   3.000000e+01 -2.610000e+01 2.500000e+00
      vertex   2.926739e+01 -2.740917e+01 2.500000e+00
      vertex   2.988128e+01 -2.749765e+01 2.500000e+00
    endloop
  endfacet
  facet normal 0.000000e+00 0.000000e+00 1.000000e+00
    outer loop
      vertex   3.000000e+01 -2.610000e+01 2.500000e+00
      vertex   2.988128e+01 -2.749765e+01 2.500000e+00
      vertex   3.050025e+01 -2.745800e+01 2.500000e+00
    endloop
  endfacet
  facet normal 0.000000e+00 -0.000000e+00 1.000000e+00
    outer loop
      vertex   2.926739e+01 -2.740917e+01 2.500000e+00
      vertex   2.958589e+01 -2.604548e+01 2.500000e+00
      vertex   2.868481e+01 -2.719634e+01 2.500000e+00
    endloop
  endfacet
  facet normal 0.000000e+00 0.000000e+00 1.000000e+00
    outer loop
      vertex   2.868481e+01 -2.719634e+01 2.500000e+00
      vertex   2.958589e+01 -2.604548e+01 2.500000e+00
      vertex   2.920000e+01 -2.588564e+01 2.500000e+00
    endloop
  endfacet
  facet normal 0.000000e+00 -0.000000e+00 1.000000e+00
    outer loop
      vertex   2.868481e+01 -2.719634e+01 2.500000e+00
      vertex   2.920000e+01 -2.588564e+01 2.500000e+00
      vertex   2.815845e+01 -2.686827e+01 2.500000e+00
    endloop
  endfacet
  facet normal 0.000000e+00 0.000000e+00 1.000000e+00
    outer loop
      vertex   2.815845e+01 -2.686827e+01 2.500000e+00
      vertex   2.920000e+01 -2.588564e+01 2.500000e+00
      vertex   2.886863e+01 -2.563137e+01 2.500000e+00
    endloop
  endfacet
  facet normal -0.000000e+00 0.000000e+00 1.000000e+00
    outer loop
      vertex   3.477045e+01 2.892054e+01 2.500000e+00
      vertex   3.485421e+01 2.885289e+01 2.500000e+00
      vertex   3.700000e+01 3.050000e+01 2.500000e+00
    endloop
  endfacet
  facet normal 0.000000e+00 0.000000e+00 1.000000e+00
    outer loop
      vertex   3.700000e+01 3.050000e+01 2.500000e+00
      vertex   3.485421e+01 2.885289e+01 2.500000e+00
      vertex   3.516621e+01 2.859542e+01 2.500000e+00
    endloop
  endfacet
  facet normal 0.000000e+00 0.000000e+00 1.000000e+00
    outer loop
      vertex   3.700000e+01 3.050000e+01 2.500000e+00
      vertex   3.516621e+01 2.859542e+01 2.500000e+00
      vertex   3.540367e+01 2.826793e+01 2.500000e+00
    endloop
  endfacet
  facet normal -0.000000e+00 0.000000e+00 1.000000e+00
    outer loop
      vertex   3.540367e+01 2.826793e+01 2.500000e+00
      vertex   3.555140e+01 2.789135e+01 2.500000e+00
      vertex   3.700000e+01 3.050000e+01 2.500000e+00
    endloop
  endfacet
  facet normal 0.000000e+00 0.000000e+00 1.000000e+00
    outer loop
      vertex   3.700000e+01 3.050000e+01 2.500000e+00
      vertex   3.555140e+01 2.789135e+01 2.500000e+00
      vertex   3.700000e+01 2.569722e+01 2.500000e+00
    endloop
  endfacet
  facet normal 0.000000e+00 0.000000e+00 1.000000e+00
    outer loop
      vertex   3.700000e+01 2.569722e+01 2.500000e+00
      vertex   3.555140e+01 2.789135e+01 2.500000e+00
      vertex   3.559997e+01 2.748975e+01 2.500000e+00
    endloop
  endfacet
  facet normal 0.000000e+00 0.000000e+00 1.000000e+00
    outer loop
      vertex   3.700000e+01 2.569722e+01 2.500000e+00
      vertex   3.559997e+01 2.748975e+01 2.500000e+00
      vertex   3.554626e+01 2.708881e+01 2.500000e+00
    endloop
  endfacet
  facet normal 0.000000e+00 0.000000e+00 1.000000e+00
    outer loop
      vertex   3.554626e+01 2.708881e+01 2.500000e+00
      vertex   3.539371e+01 2.671415e+01 2.500000e+00
      vertex   3.700000e+01 2.569722e+01 2.500000e+00
    endloop
  endfacet
  facet normal 0.000000e+00 0.000000e+00 1.000000e+00
    outer loop
      vertex   3.700000e+01 2.569722e+01 2.500000e+00
      vertex   3.539371e+01 2.671415e+01 2.500000e+00
      vertex   3.515208e+01 2.638973e+01 2.500000e+00
    endloop
  endfacet
  facet normal 0.000000e+00 0.000000e+00 1.000000e+00
    outer loop
      vertex   3.700000e+01 2.569722e+01 2.500000e+00
      vertex   3.515208e+01 2.638973e+01 2.500000e+00
      vertex   3.660705e+01 2.516477e+01 2.500000e+00
    endloop
  endfacet
  facet normal 0.000000e+00 0.000000e+00 1.000000e+00
    outer loop
      vertex   3.660705e+01 2.516477e+01 2.500000e+00
      vertex   3.515208e+01 2.638973e+01 2.500000e+00
      vertex   3.483681e+01 2.613627e+01 2.500000e+00
    endloop
  endfacet
  facet normal 0.000000e+00 0.000000e+00 1.000000e+00
    outer loop
      vertex   3.660705e+01 2.516477e+01 2.500000e+00
      vertex   3.483681e+01 2.613627e+01 2.500000e+00
      vertex   3.612090e+01 2.471579e+01 2.500000e+00
    endloop
  endfacet
  facet normal 0.000000e+00 0.000000e+00 1.000000e+00
    outer loop
      vertex   3.612090e+01 2.471579e+01 2.500000e+00
      vertex   3.483681e+01 2.613627e+01 2.500000e+00
      vertex   3.555892e+01 2.436635e+01 2.500000e+00
    endloop
  endfacet
  facet normal 0.000000e+00 0.000000e+00 1.000000e+00
    outer loop
      vertex   3.555892e+01 2.436635e+01 2.500000e+00
      vertex   3.483681e+01 2.613627e+01 2.500000e+00
      vertex   3.446804e+01 2.596999e+01 2.500000e+00
    endloop
  endfacet
  facet normal 0.000000e+00 0.000000e+00 1.000000e+00
    outer loop
      vertex   3.555892e+01 2.436635e+01 2.500000e+00
      vertex   3.446804e+01 2.596999e+01 2.500000e+00
      vertex   3.494122e+01 2.412893e+01 2.500000e+00
    endloop
  endfacet
  facet normal 0.000000e+00 0.000000e+00 1.000000e+00
    outer loop
      vertex   3.494122e+01 2.412893e+01 2.500000e+00
      vertex   3.446804e+01 2.596999e+01 2.500000e+00
      vertex   3.406936e+01 2.590150e+01 2.500000e+00
    endloop
  endfacet
  facet normal 0.000000e+00 0.000000e+00 1.000000e+00
    outer loop
      vertex   3.494122e+01 2.412893e+01 2.500000e+00
      vertex   3.406936e+01 2.590150e+01 2.500000e+00
      vertex   3.428988e+01 2.401202e+01 2.500000e+00
    endloop
  endfacet
  facet normal 0.000000e+00 0.000000e+00 1.000000e+00
    outer loop
      vertex   3.428988e+01 2.401202e+01 2.500000e+00
      vertex   3.406936e+01 2.590150e+01 2.500000e+00
      vertex   3.362817e+01 2.401981e+01 2.500000e+00
    endloop
  endfacet
  facet normal 0.000000e+00 0.000000e+00 1.000000e+00
    outer loop
      vertex   3.362817e+01 2.401981e+01 2.500000e+00
      vertex   3.406936e+01 2.590150e+01 2.500000e+00
      vertex   3.366624e+01 2.593520e+01 2.500000e+00
    endloop
  endfacet
  facet normal 0.000000e+00 -0.000000e+00 1.000000e+00
    outer loop
      vertex   3.362817e+01 2.401981e+01 2.500000e+00
      vertex   3.366624e+01 2.593520e+01 2.500000e+00
      vertex   3.297975e+01 2.415200e+01 2.500000e+00
    endloop
  endfacet
  facet normal 0.000000e+00 0.000000e+00 1.000000e+00
    outer loop
      vertex   3.297975e+01 2.415200e+01 2.500000e+00
      vertex   3.366624e+01 2.593520e+01 2.500000e+00
      vertex   3.328446e+01 2.606892e+01 2.500000e+00
    endloop
  endfacet
  facet normal 0.000000e+00 -0.000000e+00 1.000000e+00
    outer loop
      vertex   3.297975e+01 2.415200e+01 2.500000e+00
      vertex   3.328446e+01 2.606892e+01 2.500000e+00
      vertex   3.154548e+01 2.491411e+01 2.500000e+00
    endloop
  endfacet
  facet normal 0.000000e+00 0.000000e+00 1.000000e+00
    outer loop
      vertex   3.154548e+01 2.491411e+01 2.500000e+00
      vertex   3.328446e+01 2.606892e+01 2.500000e+00
      vertex   3.294841e+01 2.629411e+01 2.500000e+00
    endloop
  endfacet
  facet normal 0.000000e+00 -0.000000e+00 1.000000e+00
    outer loop
      vertex   3.154548e+01 2.491411e+01 2.500000e+00
      vertex   3.294841e+01 2.629411e+01 2.500000e+00
      vertex   3.138564e+01 2.530000e+01 2.500000e+00
    endloop
  endfacet
  facet normal 0.000000e+00 0.000000e+00 1.000000e+00
    outer loop
      vertex   3.138564e+01 2.530000e+01 2.500000e+00
      vertex   3.294841e+01 2.629411e+01 2.500000e+00
      vertex   3.267959e+01 2.659639e+01 2.500000e+00
    endloop
  endfacet
  facet normal 0.000000e+00 -0.000000e+00 1.000000e+00
    outer loop
      vertex   3.138564e+01 2.530000e+01 2.500000e+00
      vertex   3.267959e+01 2.659639e+01 2.500000e+00
      vertex   3.113137e+01 2.563137e+01 2.500000e+00
    endloop
  endfacet
  facet normal 0.000000e+00 0.000000e+00 1.000000e+00
    outer loop
      vertex   3.113137e+01 2.563137e+01 2.500000e+00
      vertex   3.267959e+01 2.659639e+01 2.500000e+00
      vertex   3.249517e+01 2.695642e+01 2.500000e+00
    endloop
  endfacet
  facet normal 0.000000e+00 -0.000000e+00 1.000000e+00
    outer loop
      vertex   3.113137e+01 2.563137e+01 2.500000e+00
      vertex   3.249517e+01 2.695642e+01 2.500000e+00
      vertex   3.080000e+01 2.588564e+01 2.500000e+00
    endloop
  endfacet
  facet normal 0.000000e+00 -0.000000e+00 1.000000e+00
    outer loop
      vertex   3.080000e+01 2.588564e+01 2.500000e+00
      vertex   3.249517e+01 2.695642e+01 2.500000e+00
      vertex   3.050025e+01 2.745800e+01 2.500000e+00
    endloop
  endfacet
  facet normal 0.000000e+00 0.000000e+00 1.000000e+00
    outer loop
      vertex   3.080000e+01 2.588564e+01 2.500000e+00
      vertex   3.050025e+01 2.745800e+01 2.500000e+00
      vertex   3.041411e+01 2.604548e+01 2.500000e+00
    endloop
  endfacet
  facet normal 0.000000e+00 -0.000000e+00 1.000000e+00
    outer loop
      vertex   3.041411e+01 2.604548e+01 2.500000e+00
      vertex   3.050025e+01 2.745800e+01 2.500000e+00
      vertex   3.000000e+01 2.610000e+01 2.500000e+00
    endloop
  endfacet
  facet normal 0.000000e+00 -0.000000e+00 1.000000e+00
    outer loop
      vertex   3.000000e+01 2.610000e+01 2.500000e+00
      vertex   3.050025e+01 2.745800e+01 2.500000e+00
      vertex   2.988128e+01 2.749765e+01 2.500000e+00
    endloop
  endfacet
  facet normal 0.000000e+00 0.000000e+00 1.000000e+00
    outer loop
      vertex   3.000000e+01 2.610000e+01 2.500000e+00
      vertex   2.988128e+01 2.749765e+01 2.500000e+00
      vertex   2.926739e+01 2.740917e+01 2.500000e+00
    endloop
  endfacet
  facet normal 0.000000e+00 0.000000e+00 1.000000e+00
    outer loop
      vertex   3.249517e+01 2.695642e+01 2.500000e+00
      vertex   3.240693e+01 2.735121e+01 2.500000e+00
      vertex   3.050025e+01 2.745800e+01 2.500000e+00
    endloop
  endfacet
  facet normal -0.000000e+00 0.000000e+00 1.000000e+00
    outer loop
      vertex   3.050025e+01 2.745800e+01 2.500000e+00
      vertex   3.240693e+01 2.735121e+01 2.500000e+00
      vertex   3.242053e+01 2.775550e+01 2.500000e+00
    endloop
  endfacet
  facet normal 0.000000e+00 0.000000e+00 1.000000e+00
    outer loop
      vertex   3.050025e+01 2.745800e+01 2.500000e+00
      vertex   3.242053e+01 2.775550e+01 2.500000e+00
      vertex   3.054561e+01 2.806319e+01 2.500000e+00
    endloop
  endfacet
  facet normal -0.000000e+00 0.000000e+00 1.000000e+00
    outer loop
      vertex   3.054561e+01 2.806319e+01 2.500000e+00
      vertex   3.242053e+01 2.775550e+01 2.500000e+00
      vertex   3.069483e+01 2.865146e+01 2.500000e+00
    endloop
  endfacet
  facet normal 0.000000e+00 0.000000e+00 1.000000e+00
    outer loop
      vertex   3.069483e+01 2.865146e+01 2.500000e+00
      vertex   3.242053e+01 2.775550e+01 2.500000e+00
      vertex   3.253509e+01 2.814346e+01 2.500000e+00
    endloop
  endfacet
  facet normal -0.000000e+00 0.000000e+00 1.000000e+00
    outer loop
      vertex   3.069483e+01 2.865146e+01 2.500000e+00
      vertex   3.253509e+01 2.814346e+01 2.500000e+00
      vertex   3.094343e+01 2.920510e+01 2.500000e+00
    endloop
  endfacet
  facet normal 0.000000e+00 0.000000e+00 1.000000e+00
    outer loop
      vertex   3.094343e+01 2.920510e+01 2.500000e+00
      vertex   3.253509e+01 2.814346e+01 2.500000e+00
      vertex   3.274329e+01 2.849029e+01 2.500000e+00
    endloop
  endfacet
  facet normal -0.000000e+00 0.000000e+00 1.000000e+00
    outer loop
      vertex   3.094343e+01 2.920510e+01 2.500000e+00
      vertex   3.274329e+01 2.849029e+01 2.500000e+00
      vertex   3.128393e+01 2.970748e+01 2.500000e+00
    endloop
  endfacet
  facet normal 0.000000e+00 0.000000e+00 1.000000e+00
    outer loop
      vertex   3.128393e+01 2.970748e+01 2.500000e+00
      vertex   3.274329e+01 2.849029e+01 2.500000e+00
      vertex   3.303182e+01 2.877382e+01 2.500000e+00
    endloop
  endfacet
  facet normal -0.000000e+00 0.000000e+00 1.000000e+00
    outer loop
      vertex   3.128393e+01 2.970748e+01 2.500000e+00
      vertex   3.303182e+01 2.877382e+01 2.500000e+00
      vertex   3.170609e+01 3.014348e+01 2.500000e+00
    endloop
  endfacet
  facet normal -0.000000e+00 0.000000e+00 1.000000e+00
    outer loop
      vertex   3.170609e+01 3.014348e+01 2.500000e+00
      vertex   3.303182e+01 2.877382e+01 2.500000e+00
      vertex   3.219722e+01 3.050000e+01 2.500000e+00
    endloop
  endfacet
  facet normal 0.000000e+00 0.000000e+00 1.000000e+00
    outer loop
      vertex   3.219722e+01 3.050000e+01 2.500000e+00
      vertex   3.303182e+01 2.877382e+01 2.500000e+00
      vertex   3.338223e+01 2.897593e+01 2.500000e+00
    endloop
  endfacet
  facet normal 0.000000e+00 0.000000e+00 1.000000e+00
    outer loop
      vertex   3.219722e+01 3.050000e+01 2.500000e+00
      vertex   3.338223e+01 2.897593e+01 2.500000e+00
      vertex   3.377214e+01 2.908369e+01 2.500000e+00
    endloop
  endfacet
  facet normal 0.000000e+00 -0.000000e+00 1.000000e+00
    outer loop
      vertex   3.377214e+01 2.908369e+01 2.500000e+00
      vertex   3.417661e+01 2.909022e+01 2.500000e+00
      vertex   3.219722e+01 3.050000e+01 2.500000e+00
    endloop
  endfacet
  facet normal 0.000000e+00 0.000000e+00 1.000000e+00
    outer loop
      vertex   3.219722e+01 3.050000e+01 2.500000e+00
      vertex   3.417661e+01 2.909022e+01 2.500000e+00
      vertex   3.700000e+01 3.050000e+01 2.500000e+00
    endloop
  endfacet
  facet normal 0.000000e+00 0.000000e+00 1.000000e+00
    outer loop
      vertex   3.700000e+01 3.050000e+01 2.500000e+00
      vertex   3.417661e+01 2.909022e+01 2.500000e+00
      vertex   3.456979e+01 2.899511e+01 2.500000e+00
    endloop
  endfacet
  facet normal 0.000000e+00 0.000000e+00 1.000000e+00
    outer loop
      vertex   3.700000e+01 3.050000e+01 2.500000e+00
      vertex   3.456979e+01 2.899511e+01 2.500000e+00
      vertex   3.467416e+01 2.896869e+01 2.500000e+00
    endloop
  endfacet
  facet normal -0.000000e+00 0.000000e+00 1.000000e+00
    outer loop
      vertex   3.467416e+01 2.896869e+01 2.500000e+00
      vertex   3.477045e+01 2.892054e+01 2.500000e+00
      vertex   3.700000e+01 3.050000e+01 2.500000e+00
    endloop
  endfacet
  facet normal 0.000000e+00 0.000000e+00 1.000000e+00
    outer loop
      vertex   2.845452e+01 2.491411e+01 2.500000e+00
      vertex   2.700993e+01 2.474394e+01 2.500000e+00
      vertex   2.840000e+01 2.450000e+01 2.500000e+00
    endloop
  endfacet
  facet normal 0.000000e+00 0.000000e+00 1.000000e+00
    outer loop
      vertex   2.840000e+01 2.450000e+01 2.500000e+00
      vertex   2.700993e+01 2.474394e+01 2.500000e+00
      vertex   2.702367e+01 2.412386e+01 2.500000e+00
    endloop
  endfacet
  facet normal 0.000000e+00 0.000000e+00 1.000000e+00
    outer loop
      vertex   2.840000e+01 2.450000e+01 2.500000e+00
      vertex   2.702367e+01 2.412386e+01 2.500000e+00
      vertex   2.845452e+01 2.408589e+01 2.500000e+00
    endloop
  endfacet
  facet normal 0.000000e+00 0.000000e+00 1.000000e+00
    outer loop
      vertex   2.845452e+01 2.408589e+01 2.500000e+00
      vertex   2.702367e+01 2.412386e+01 2.500000e+00
      vertex   2.716463e+01 2.351985e+01 2.500000e+00
    endloop
  endfacet
  facet normal 0.000000e+00 0.000000e+00 1.000000e+00
    outer loop
      vertex   2.845452e+01 2.408589e+01 2.500000e+00
      vertex   2.716463e+01 2.351985e+01 2.500000e+00
      vertex   2.861436e+01 2.370000e+01 2.500000e+00
    endloop
  endfacet
  facet normal 0.000000e+00 0.000000e+00 1.000000e+00
    outer loop
      vertex   2.861436e+01 2.370000e+01 2.500000e+00
      vertex   2.716463e+01 2.351985e+01 2.500000e+00
      vertex   2.742679e+01 2.295774e+01 2.500000e+00
    endloop
  endfacet
  facet normal 0.000000e+00 0.000000e+00 1.000000e+00
    outer loop
      vertex   2.861436e+01 2.370000e+01 2.500000e+00
      vertex   2.742679e+01 2.295774e+01 2.500000e+00
      vertex   2.886863e+01 2.336863e+01 2.500000e+00
    endloop
  endfacet
  facet normal 0.000000e+00 0.000000e+00 1.000000e+00
    outer loop
      vertex   2.886863e+01 2.336863e+01 2.500000e+00
      vertex   2.742679e+01 2.295774e+01 2.500000e+00
      vertex   2.779893e+01 2.246155e+01 2.500000e+00
    endloop
  endfacet
  facet normal 0.000000e+00 0.000000e+00 1.000000e+00
    outer loop
      vertex   2.886863e+01 2.336863e+01 2.500000e+00
      vertex   2.779893e+01 2.246155e+01 2.500000e+00
      vertex   2.826515e+01 2.205249e+01 2.500000e+00
    endloop
  endfacet
  facet normal 0.000000e+00 0.000000e+00 1.000000e+00
    outer loop
      vertex   2.700993e+01 2.474394e+01 2.500000e+00
      vertex   2.845452e+01 2.491411e+01 2.500000e+00
      vertex   2.712400e+01 2.535360e+01 2.500000e+00
    endloop
  endfacet
  facet normal 0.000000e+00 0.000000e+00 1.000000e+00
    outer loop
      vertex   2.712400e+01 2.535360e+01 2.500000e+00
      vertex   2.845452e+01 2.491411e+01 2.500000e+00
      vertex   2.861436e+01 2.530000e+01 2.500000e+00
    endloop
  endfacet
  facet normal -0.000000e+00 0.000000e+00 1.000000e+00
    outer loop
      vertex   2.712400e+01 2.535360e+01 2.500000e+00
      vertex   2.861436e+01 2.530000e+01 2.500000e+00
      vertex   2.736100e+01 2.592677e+01 2.500000e+00
    endloop
  endfacet
  facet normal 0.000000e+00 0.000000e+00 1.000000e+00
    outer loop
      vertex   2.736100e+01 2.592677e+01 2.500000e+00
      vertex   2.861436e+01 2.530000e+01 2.500000e+00
      vertex   2.886863e+01 2.563137e+01 2.500000e+00
    endloop
  endfacet
  facet normal -0.000000e+00 0.000000e+00 1.000000e+00
    outer loop
      vertex   2.736100e+01 2.592677e+01 2.500000e+00
      vertex   2.886863e+01 2.563137e+01 2.500000e+00
      vertex   2.771080e+01 2.643896e+01 2.500000e+00
    endloop
  endfacet
  facet normal -0.000000e+00 0.000000e+00 1.000000e+00
    outer loop
      vertex   2.771080e+01 2.643896e+01 2.500000e+00
      vertex   2.886863e+01 2.563137e+01 2.500000e+00
      vertex   2.815845e+01 2.686827e+01 2.500000e+00
    endloop
  endfacet
  facet normal 0.000000e+00 0.000000e+00 1.000000e+00
    outer loop
      vertex   2.815845e+01 2.686827e+01 2.500000e+00
      vertex   2.886863e+01 2.563137e+01 2.500000e+00
      vertex   2.920000e+01 2.588564e+01 2.500000e+00
    endloop
  endfacet
  facet normal -0.000000e+00 0.000000e+00 1.000000e+00
    outer loop
      vertex   2.815845e+01 2.686827e+01 2.500000e+00
      vertex   2.920000e+01 2.588564e+01 2.500000e+00
      vertex   2.868481e+01 2.719634e+01 2.500000e+00
    endloop
  endfacet
  facet normal 0.000000e+00 0.000000e+00 1.000000e+00
    outer loop
      vertex   2.868481e+01 2.719634e+01 2.500000e+00
      vertex   2.920000e+01 2.588564e+01 2.500000e+00
      vertex   2.958589e+01 2.604548e+01 2.500000e+00
    endloop
  endfacet
  facet normal -0.000000e+00 0.000000e+00 1.000000e+00
    outer loop
      vertex   2.868481e+01 2.719634e+01 2.500000e+00
      vertex   2.958589e+01 2.604548e+01 2.500000e+00
      vertex   2.926739e+01 2.740917e+01 2.500000e+00
    endloop
  endfacet
  facet normal 0.000000e+00 0.000000e+00 1.000000e+00
    outer loop
      vertex   2.926739e+01 2.740917e+01 2.500000e+00
      vertex   2.958589e+01 2.604548e+01 2.500000e+00
      vertex   3.000000e+01 2.610000e+01 2.500000e+00
    endloop
  endfacet
  facet normal 0.000000e+00 0.000000e+00 1.000000e+00
    outer loop
      vertex   3.154548e+01 2.491411e+01 2.500000e+00
      vertex   3.160000e+01 2.450000e+01 2.500000e+00
      vertex   3.297975e+01 2.415200e+01 2.500000e+00
    endloop
  endfacet
  facet normal 0.000000e+00 0.000000e+00 1.000000e+00
    outer loop
      vertex   3.297975e+01 2.415200e+01 2.500000e+00
      vertex   3.160000e+01 2.450000e+01 2.500000e+00
      vertex   3.154548e+01 2.408589e+01 2.500000e+00
    endloop
  endfacet
  facet normal 0.000000e+00 0.000000e+00 1.000000e+00
    outer loop
      vertex   3.297975e+01 2.415200e+01 2.500000e+00
      vertex   3.154548e+01 2.408589e+01 2.500000e+00
      vertex   3.284450e+01 2.354669e+01 2.500000e+00
    endloop
  endfacet
  facet normal 0.000000e+00 0.000000e+00 1.000000e+00
    outer loop
      vertex   3.284450e+01 2.354669e+01 2.500000e+00
      vertex   3.154548e+01 2.408589e+01 2.500000e+00
      vertex   3.138564e+01 2.370000e+01 2.500000e+00
    endloop
  endfacet
  facet normal 0.000000e+00 0.000000e+00 1.000000e+00
    outer loop
      vertex   3.284450e+01 2.354669e+01 2.500000e+00
      vertex   3.138564e+01 2.370000e+01 2.500000e+00
      vertex   3.258767e+01 2.298213e+01 2.500000e+00
    endloop
  endfacet
  facet normal 0.000000e+00 0.000000e+00 1.000000e+00
    outer loop
      vertex   3.258767e+01 2.298213e+01 2.500000e+00
      vertex   3.138564e+01 2.370000e+01 2.500000e+00
      vertex   3.113137e+01 2.336863e+01 2.500000e+00
    endloop
  endfacet
  facet normal 0.000000e+00 0.000000e+00 1.000000e+00
    outer loop
      vertex   3.258767e+01 2.298213e+01 2.500000e+00
      vertex   3.113137e+01 2.336863e+01 2.500000e+00
      vertex   3.222024e+01 2.248244e+01 2.500000e+00
    endloop
  endfacet
  facet normal 0.000000e+00 0.000000e+00 1.000000e+00
    outer loop
      vertex   3.222024e+01 2.248244e+01 2.500000e+00
      vertex   3.113137e+01 2.336863e+01 2.500000e+00
      vertex   3.175790e+01 2.206899e+01 2.500000e+00
    endloop
  endfacet
  facet normal 0.000000e+00 0.000000e+00 1.000000e+00
    outer loop
      vertex   3.175790e+01 2.206899e+01 2.500000e+00
      vertex   3.113137e+01 2.336863e+01 2.500000e+00
      vertex   3.080000e+01 2.311436e+01 2.500000e+00
    endloop
  endfacet
  facet normal 0.000000e+00 0.000000e+00 1.000000e+00
    outer loop
      vertex   3.175790e+01 2.206899e+01 2.500000e+00
      vertex   3.080000e+01 2.311436e+01 2.500000e+00
      vertex   3.122042e+01 2.175946e+01 2.500000e+00
    endloop
  endfacet
  facet normal 0.000000e+00 0.000000e+00 1.000000e+00
    outer loop
      vertex   3.122042e+01 2.175946e+01 2.500000e+00
      vertex   3.080000e+01 2.311436e+01 2.500000e+00
      vertex   3.041411e+01 2.295452e+01 2.500000e+00
    endloop
  endfacet
  facet normal 0.000000e+00 0.000000e+00 1.000000e+00
    outer loop
      vertex   3.122042e+01 2.175946e+01 2.500000e+00
      vertex   3.041411e+01 2.295452e+01 2.500000e+00
      vertex   3.063078e+01 2.156706e+01 2.500000e+00
    endloop
  endfacet
  facet normal 0.000000e+00 0.000000e+00 1.000000e+00
    outer loop
      vertex   3.063078e+01 2.156706e+01 2.500000e+00
      vertex   3.041411e+01 2.295452e+01 2.500000e+00
      vertex   3.000000e+01 2.290000e+01 2.500000e+00
    endloop
  endfacet
  facet normal 0.000000e+00 0.000000e+00 1.000000e+00
    outer loop
      vertex   3.063078e+01 2.156706e+01 2.500000e+00
      vertex   3.000000e+01 2.290000e+01 2.500000e+00
      vertex   3.001418e+01 2.150003e+01 2.500000e+00
    endloop
  endfacet
  facet normal 0.000000e+00 0.000000e+00 1.000000e+00
    outer loop
      vertex   3.001418e+01 2.150003e+01 2.500000e+00
      vertex   3.000000e+01 2.290000e+01 2.500000e+00
      vertex   2.939697e+01 2.156123e+01 2.500000e+00
    endloop
  endfacet
  facet normal 0.000000e+00 0.000000e+00 1.000000e+00
    outer loop
      vertex   2.939697e+01 2.156123e+01 2.500000e+00
      vertex   3.000000e+01 2.290000e+01 2.500000e+00
      vertex   2.958589e+01 2.295452e+01 2.500000e+00
    endloop
  endfacet
  facet normal 0.000000e+00 -0.000000e+00 1.000000e+00
    outer loop
      vertex   2.939697e+01 2.156123e+01 2.500000e+00
      vertex   2.958589e+01 2.295452e+01 2.500000e+00
      vertex   2.880553e+01 2.174805e+01 2.500000e+00
    endloop
  endfacet
  facet normal 0.000000e+00 0.000000e+00 1.000000e+00
    outer loop
      vertex   2.880553e+01 2.174805e+01 2.500000e+00
      vertex   2.958589e+01 2.295452e+01 2.500000e+00
      vertex   2.920000e+01 2.311436e+01 2.500000e+00
    endloop
  endfacet
  facet normal 0.000000e+00 -0.000000e+00 1.000000e+00
    outer loop
      vertex   2.880553e+01 2.174805e+01 2.500000e+00
      vertex   2.920000e+01 2.311436e+01 2.500000e+00
      vertex   2.826515e+01 2.205249e+01 2.500000e+00
    endloop
  endfacet
  facet normal 0.000000e+00 0.000000e+00 1.000000e+00
    outer loop
      vertex   2.826515e+01 2.205249e+01 2.500000e+00
      vertex   2.920000e+01 2.311436e+01 2.500000e+00
      vertex   2.886863e+01 2.336863e+01 2.500000e+00
    endloop
  endfacet
  facet normal 0.000000e+00 0.000000e+00 1.000000e+00
    outer loop
      vertex   -3.477045e+01 -2.892054e+01 2.500000e+00
      vertex   -3.485421e+01 -2.885289e+01 2.500000e+00
      vertex   -3.700000e+01 -3.050000e+01 2.500000e+00
    endloop
  endfacet
  facet normal 0.000000e+00 0.000000e+00 1.000000e+00
    outer loop
      vertex   -3.700000e+01 -3.050000e+01 2.500000e+00
      vertex   -3.485421e+01 -2.885289e+01 2.500000e+00
      vertex   -3.516621e+01 -2.859542e+01 2.500000e+00
    endloop
  endfacet
  facet normal 0.000000e+00 0.000000e+00 1.000000e+00
    outer loop
      vertex   -3.700000e+01 -3.050000e+01 2.500000e+00
      vertex   -3.516621e+01 -2.859542e+01 2.500000e+00
      vertex   -3.540367e+01 -2.826793e+01 2.500000e+00
    endloop
  endfacet
  facet normal 0.000000e+00 0.000000e+00 1.000000e+00
    outer loop
      vertex   -3.540367e+01 -2.826793e+01 2.500000e+00
      vertex   -3.555140e+01 -2.789135e+01 2.500000e+00
      vertex   -3.700000e+01 -3.050000e+01 2.500000e+00
    endloop
  endfacet
  facet normal 0.000000e+00 0.000000e+00 1.000000e+00
    outer loop
      vertex   -3.700000e+01 -3.050000e+01 2.500000e+00
      vertex   -3.555140e+01 -2.789135e+01 2.500000e+00
      vertex   -3.700000e+01 -2.569722e+01 2.500000e+00
    endloop
  endfacet
  facet normal 0.000000e+00 0.000000e+00 1.000000e+00
    outer loop
      vertex   -3.700000e+01 -2.569722e+01 2.500000e+00
      vertex   -3.555140e+01 -2.789135e+01 2.500000e+00
      vertex   -3.559997e+01 -2.748975e+01 2.500000e+00
    endloop
  endfacet
  facet normal 0.000000e+00 0.000000e+00 1.000000e+00
    outer loop
      vertex   -3.700000e+01 -2.569722e+01 2.500000e+00
      vertex   -3.559997e+01 -2.748975e+01 2.500000e+00
      vertex   -3.554626e+01 -2.708881e+01 2.500000e+00
    endloop
  endfacet
  facet normal 0.000000e+00 -0.000000e+00 1.000000e+00
    outer loop
      vertex   -3.554626e+01 -2.708881e+01 2.500000e+00
      vertex   -3.539371e+01 -2.671415e+01 2.500000e+00
      vertex   -3.700000e+01 -2.569722e+01 2.500000e+00
    endloop
  endfacet
  facet normal 0.000000e+00 0.000000e+00 1.000000e+00
    outer loop
      vertex   -3.700000e+01 -2.569722e+01 2.500000e+00
      vertex   -3.539371e+01 -2.671415e+01 2.500000e+00
      vertex   -3.515208e+01 -2.638973e+01 2.500000e+00
    endloop
  endfacet
  facet normal -0.000000e+00 0.000000e+00 1.000000e+00
    outer loop
      vertex   -3.700000e+01 -2.569722e+01 2.500000e+00
      vertex   -3.515208e+01 -2.638973e+01 2.500000e+00
      vertex   -3.660705e+01 -2.516477e+01 2.500000e+00
    endloop
  endfacet
  facet normal 0.000000e+00 0.000000e+00 1.000000e+00
    outer loop
      vertex   -3.660705e+01 -2.516477e+01 2.500000e+00
      vertex   -3.515208e+01 -2.638973e+01 2.500000e+00
      vertex   -3.483681e+01 -2.613627e+01 2.500000e+00
    endloop
  endfacet
  facet normal -0.000000e+00 0.000000e+00 1.000000e+00
    outer loop
      vertex   -3.660705e+01 -2.516477e+01 2.500000e+00
      vertex   -3.483681e+01 -2.613627e+01 2.500000e+00
      vertex   -3.612090e+01 -2.471579e+01 2.500000e+00
    endloop
  endfacet
  facet normal -0.000000e+00 0.000000e+00 1.000000e+00
    outer loop
      vertex   -3.612090e+01 -2.471579e+01 2.500000e+00
      vertex   -3.483681e+01 -2.613627e+01 2.500000e+00
      vertex   -3.555892e+01 -2.436635e+01 2.500000e+00
    endloop
  endfacet
  facet normal 0.000000e+00 0.000000e+00 1.000000e+00
    outer loop
      vertex   -3.555892e+01 -2.436635e+01 2.500000e+00
      vertex   -3.483681e+01 -2.613627e+01 2.500000e+00
      vertex   -3.446804e+01 -2.596999e+01 2.500000e+00
    endloop
  endfacet
  facet normal -0.000000e+00 0.000000e+00 1.000000e+00
    outer loop
      vertex   -3.555892e+01 -2.436635e+01 2.500000e+00
      vertex   -3.446804e+01 -2.596999e+01 2.500000e+00
      vertex   -3.494122e+01 -2.412893e+01 2.500000e+00
    endloop
  endfacet
  facet normal 0.000000e+00 0.000000e+00 1.000000e+00
    outer loop
      vertex   -3.494122e+01 -2.412893e+01 2.500000e+00
      vertex   -3.446804e+01 -2.596999e+01 2.500000e+00
      vertex   -3.406936e+01 -2.590150e+01 2.500000e+00
    endloop
  endfacet
  facet normal -0.000000e+00 0.000000e+00 1.000000e+00
    outer loop
      vertex   -3.494122e+01 -2.412893e+01 2.500000e+00
      vertex   -3.406936e+01 -2.590150e+01 2.500000e+00
      vertex   -3.428988e+01 -2.401202e+01 2.500000e+00
    endloop
  endfacet
  facet normal 0.000000e+00 0.000000e+00 1.000000e+00
    outer loop
      vertex   -3.428988e+01 -2.401202e+01 2.500000e+00
      vertex   -3.406936e+01 -2.590150e+01 2.500000e+00
      vertex   -3.362817e+01 -2.401981e+01 2.500000e+00
    endloop
  endfacet
  facet normal 0.000000e+00 0.000000e+00 1.000000e+00
    outer loop
      vertex   -3.362817e+01 -2.401981e+01 2.500000e+00
      vertex   -3.406936e+01 -2.590150e+01 2.500000e+00
      vertex   -3.366624e+01 -2.593520e+01 2.500000e+00
    endloop
  endfacet
  facet normal 0.000000e+00 0.000000e+00 1.000000e+00
    outer loop
      vertex   -3.362817e+01 -2.401981e+01 2.500000e+00
      vertex   -3.366624e+01 -2.593520e+01 2.500000e+00
      vertex   -3.297975e+01 -2.415200e+01 2.500000e+00
    endloop
  endfacet
  facet normal 0.000000e+00 0.000000e+00 1.000000e+00
    outer loop
      vertex   -3.297975e+01 -2.415200e+01 2.500000e+00
      vertex   -3.366624e+01 -2.593520e+01 2.500000e+00
      vertex   -3.328446e+01 -2.606892e+01 2.500000e+00
    endloop
  endfacet
  facet normal 0.000000e+00 0.000000e+00 1.000000e+00
    outer loop
      vertex   -3.297975e+01 -2.415200e+01 2.500000e+00
      vertex   -3.328446e+01 -2.606892e+01 2.500000e+00
      vertex   -3.154548e+01 -2.491411e+01 2.500000e+00
    endloop
  endfacet
  facet normal 0.000000e+00 0.000000e+00 1.000000e+00
    outer loop
      vertex   -3.154548e+01 -2.491411e+01 2.500000e+00
      vertex   -3.328446e+01 -2.606892e+01 2.500000e+00
      vertex   -3.294841e+01 -2.629411e+01 2.500000e+00
    endloop
  endfacet
  facet normal 0.000000e+00 0.000000e+00 1.000000e+00
    outer loop
      vertex   -3.154548e+01 -2.491411e+01 2.500000e+00
      vertex   -3.294841e+01 -2.629411e+01 2.500000e+00
      vertex   -3.138564e+01 -2.530000e+01 2.500000e+00
    endloop
  endfacet
  facet normal 0.000000e+00 0.000000e+00 1.000000e+00
    outer loop
      vertex   -3.138564e+01 -2.530000e+01 2.500000e+00
      vertex   -3.294841e+01 -2.629411e+01 2.500000e+00
      vertex   -3.267959e+01 -2.659639e+01 2.500000e+00
    endloop
  endfacet
  facet normal 0.000000e+00 0.000000e+00 1.000000e+00
    outer loop
      vertex   -3.138564e+01 -2.530000e+01 2.500000e+00
      vertex   -3.267959e+01 -2.659639e+01 2.500000e+00
      vertex   -3.113137e+01 -2.563137e+01 2.500000e+00
    endloop
  endfacet
  facet normal 0.000000e+00 0.000000e+00 1.000000e+00
    outer loop
      vertex   -3.113137e+01 -2.563137e+01 2.500000e+00
      vertex   -3.267959e+01 -2.659639e+01 2.500000e+00
      vertex   -3.249517e+01 -2.695642e+01 2.500000e+00
    endloop
  endfacet
  facet normal 0.000000e+00 0.000000e+00 1.000000e+00
    outer loop
      vertex   -3.113137e+01 -2.563137e+01 2.500000e+00
      vertex   -3.249517e+01 -2.695642e+01 2.500000e+00
      vertex   -3.080000e+01 -2.588564e+01 2.500000e+00
    endloop
  endfacet
  facet normal 0.000000e+00 0.000000e+00 1.000000e+00
    outer loop
      vertex   -3.080000e+01 -2.588564e+01 2.500000e+00
      vertex   -3.249517e+01 -2.695642e+01 2.500000e+00
      vertex   -3.050025e+01 -2.745800e+01 2.500000e+00
    endloop
  endfacet
  facet normal 0.000000e+00 0.000000e+00 1.000000e+00
    outer loop
      vertex   -3.080000e+01 -2.588564e+01 2.500000e+00
      vertex   -3.050025e+01 -2.745800e+01 2.500000e+00
      vertex   -3.041411e+01 -2.604548e+01 2.500000e+00
    endloop
  endfacet
  facet normal 0.000000e+00 0.000000e+00 1.000000e+00
    outer loop
      vertex   -3.041411e+01 -2.604548e+01 2.500000e+00
      vertex   -3.050025e+01 -2.745800e+01 2.500000e+00
      vertex   -3.000000e+01 -2.610000e+01 2.500000e+00
    endloop
  endfacet
  facet normal 0.000000e+00 0.000000e+00 1.000000e+00
    outer loop
      vertex   -3.000000e+01 -2.610000e+01 2.500000e+00
      vertex   -3.050025e+01 -2.745800e+01 2.500000e+00
      vertex   -2.988128e+01 -2.749765e+01 2.500000e+00
    endloop
  endfacet
  facet normal 0.000000e+00 0.000000e+00 1.000000e+00
    outer loop
      vertex   -3.000000e+01 -2.610000e+01 2.500000e+00
      vertex   -2.988128e+01 -2.749765e+01 2.500000e+00
      vertex   -2.926739e+01 -2.740917e+01 2.500000e+00
    endloop
  endfacet
  facet normal 0.000000e+00 0.000000e+00 1.000000e+00
    outer loop
      vertex   -3.249517e+01 -2.695642e+01 2.500000e+00
      vertex   -3.240693e+01 -2.735121e+01 2.500000e+00
      vertex   -3.050025e+01 -2.745800e+01 2.500000e+00
    endloop
  endfacet
  facet normal 0.000000e+00 0.000000e+00 1.000000e+00
    outer loop
      vertex   -3.050025e+01 -2.745800e+01 2.500000e+00
      vertex   -3.240693e+01 -2.735121e+01 2.500000e+00
      vertex   -3.242053e+01 -2.775550e+01 2.500000e+00
    endloop
  endfacet
  facet normal 0.000000e+00 0.000000e+00 1.000000e+00
    outer loop
      vertex   -3.050025e+01 -2.745800e+01 2.500000e+00
      vertex   -3.242053e+01 -2.775550e+01 2.500000e+00
      vertex   -3.054561e+01 -2.806319e+01 2.500000e+00
    endloop
  endfacet
  facet normal 0.000000e+00 0.000000e+00 1.000000e+00
    outer loop
      vertex   -3.054561e+01 -2.806319e+01 2.500000e+00
      vertex   -3.242053e+01 -2.775550e+01 2.500000e+00
      vertex   -3.069483e+01 -2.865146e+01 2.500000e+00
    endloop
  endfacet
  facet normal 0.000000e+00 0.000000e+00 1.000000e+00
    outer loop
      vertex   -3.069483e+01 -2.865146e+01 2.500000e+00
      vertex   -3.242053e+01 -2.775550e+01 2.500000e+00
      vertex   -3.253509e+01 -2.814346e+01 2.500000e+00
    endloop
  endfacet
  facet normal 0.000000e+00 0.000000e+00 1.000000e+00
    outer loop
      vertex   -3.069483e+01 -2.865146e+01 2.500000e+00
      vertex   -3.253509e+01 -2.814346e+01 2.500000e+00
      vertex   -3.094343e+01 -2.920510e+01 2.500000e+00
    endloop
  endfacet
  facet normal 0.000000e+00 0.000000e+00 1.000000e+00
    outer loop
      vertex   -3.094343e+01 -2.920510e+01 2.500000e+00
      vertex   -3.253509e+01 -2.814346e+01 2.500000e+00
      vertex   -3.274329e+01 -2.849029e+01 2.500000e+00
    endloop
  endfacet
  facet normal 0.000000e+00 0.000000e+00 1.000000e+00
    outer loop
      vertex   -3.094343e+01 -2.920510e+01 2.500000e+00
      vertex   -3.274329e+01 -2.849029e+01 2.500000e+00
      vertex   -3.128393e+01 -2.970748e+01 2.500000e+00
    endloop
  endfacet
  facet normal 0.000000e+00 0.000000e+00 1.000000e+00
    outer loop
      vertex   -3.128393e+01 -2.970748e+01 2.500000e+00
      vertex   -3.274329e+01 -2.849029e+01 2.500000e+00
      vertex   -3.303182e+01 -2.877382e+01 2.500000e+00
    endloop
  endfacet
  facet normal 0.000000e+00 0.000000e+00 1.000000e+00
    outer loop
      vertex   -3.128393e+01 -2.970748e+01 2.500000e+00
      vertex   -3.303182e+01 -2.877382e+01 2.500000e+00
      vertex   -3.170609e+01 -3.014348e+01 2.500000e+00
    endloop
  endfacet
  facet normal 0.000000e+00 0.000000e+00 1.000000e+00
    outer loop
      vertex   -3.170609e+01 -3.014348e+01 2.500000e+00
      vertex   -3.303182e+01 -2.877382e+01 2.500000e+00
      vertex   -3.219722e+01 -3.050000e+01 2.500000e+00
    endloop
  endfacet
  facet normal 0.000000e+00 0.000000e+00 1.000000e+00
    outer loop
      vertex   -3.219722e+01 -3.050000e+01 2.500000e+00
      vertex   -3.303182e+01 -2.877382e+01 2.500000e+00
      vertex   -3.338223e+01 -2.897593e+01 2.500000e+00
    endloop
  endfacet
  facet normal 0.000000e+00 0.000000e+00 1.000000e+00
    outer loop
      vertex   -3.219722e+01 -3.050000e+01 2.500000e+00
      vertex   -3.338223e+01 -2.897593e+01 2.500000e+00
      vertex   -3.377214e+01 -2.908369e+01 2.500000e+00
    endloop
  endfacet
  facet normal 0.000000e+00 0.000000e+00 1.000000e+00
    outer loop
      vertex   -3.377214e+01 -2.908369e+01 2.500000e+00
      vertex   -3.417661e+01 -2.909022e+01 2.500000e+00
      vertex   -3.219722e+01 -3.050000e+01 2.500000e+00
    endloop
  endfacet
  facet normal 0.000000e+00 0.000000e+00 1.000000e+00
    outer loop
      vertex   -3.219722e+01 -3.050000e+01 2.500000e+00
      vertex   -3.417661e+01 -2.909022e+01 2.500000e+00
      vertex   -3.700000e+01 -3.050000e+01 2.500000e+00
    endloop
  endfacet
  facet normal 0.000000e+00 0.000000e+00 1.000000e+00
    outer loop
      vertex   -3.700000e+01 -3.050000e+01 2.500000e+00
      vertex   -3.417661e+01 -2.909022e+01 2.500000e+00
      vertex   -3.456979e+01 -2.899511e+01 2.500000e+00
    endloop
  endfacet
  facet normal 0.000000e+00 0.000000e+00 1.000000e+00
    outer loop
      vertex   -3.700000e+01 -3.050000e+01 2.500000e+00
      vertex   -3.456979e+01 -2.899511e+01 2.500000e+00
      vertex   -3.467416e+01 -2.896869e+01 2.500000e+00
    endloop
  endfacet
  facet normal 0.000000e+00 0.000000e+00 1.000000e+00
    outer loop
      vertex   -3.467416e+01 -2.896869e+01 2.500000e+00
      vertex   -3.477045e+01 -2.892054e+01 2.500000e+00
      vertex   -3.700000e+01 -3.050000e+01 2.500000e+00
    endloop
  endfacet
  facet normal 0.000000e+00 0.000000e+00 1.000000e+00
    outer loop
      vertex   -3.154548e+01 -2.491411e+01 2.500000e+00
      vertex   -3.160000e+01 -2.450000e+01 2.500000e+00
      vertex   -3.297975e+01 -2.415200e+01 2.500000e+00
    endloop
  endfacet
  facet normal -0.000000e+00 0.000000e+00 1.000000e+00
    outer loop
      vertex   -3.297975e+01 -2.415200e+01 2.500000e+00
      vertex   -3.160000e+01 -2.450000e+01 2.500000e+00
      vertex   -3.154548e+01 -2.408589e+01 2.500000e+00
    endloop
  endfacet
  facet normal 0.000000e+00 0.000000e+00 1.000000e+00
    outer loop
      vertex   -3.297975e+01 -2.415200e+01 2.500000e+00
      vertex   -3.154548e+01 -2.408589e+01 2.500000e+00
      vertex   -3.284450e+01 -2.354669e+01 2.500000e+00
    endloop
  endfacet
  facet normal 0.000000e+00 0.000000e+00 1.000000e+00
    outer loop
      vertex   -3.284450e+01 -2.354669e+01 2.500000e+00
      vertex   -3.154548e+01 -2.408589e+01 2.500000e+00
      vertex   -3.138564e+01 -2.370000e+01 2.500000e+00
    endloop
  endfacet
  facet normal -0.000000e+00 0.000000e+00 1.000000e+00
    outer loop
      vertex   -3.284450e+01 -2.354669e+01 2.500000e+00
      vertex   -3.138564e+01 -2.370000e+01 2.500000e+00
      vertex   -3.258767e+01 -2.298213e+01 2.500000e+00
    endloop
  endfacet
  facet normal 0.000000e+00 0.000000e+00 1.000000e+00
    outer loop
      vertex   -3.258767e+01 -2.298213e+01 2.500000e+00
      vertex   -3.138564e+01 -2.370000e+01 2.500000e+00
      vertex   -3.113137e+01 -2.336863e+01 2.500000e+00
    endloop
  endfacet
  facet normal -0.000000e+00 0.000000e+00 1.000000e+00
    outer loop
      vertex   -3.258767e+01 -2.298213e+01 2.500000e+00
      vertex   -3.113137e+01 -2.336863e+01 2.500000e+00
      vertex   -3.222024e+01 -2.248244e+01 2.500000e+00
    endloop
  endfacet
  facet normal -0.000000e+00 0.000000e+00 1.000000e+00
    outer loop
      vertex   -3.222024e+01 -2.248244e+01 2.500000e+00
      vertex   -3.113137e+01 -2.336863e+01 2.500000e+00
      vertex   -3.175790e+01 -2.206899e+01 2.500000e+00
    endloop
  endfacet
  facet normal 0.000000e+00 0.000000e+00 1.000000e+00
    outer loop
      vertex   -3.175790e+01 -2.206899e+01 2.500000e+00
      vertex   -3.113137e+01 -2.336863e+01 2.500000e+00
      vertex   -3.080000e+01 -2.311436e+01 2.500000e+00
    endloop
  endfacet
  facet normal -0.000000e+00 0.000000e+00 1.000000e+00
    outer loop
      vertex   -3.175790e+01 -2.206899e+01 2.500000e+00
      vertex   -3.080000e+01 -2.311436e+01 2.500000e+00
      vertex   -3.122042e+01 -2.175946e+01 2.500000e+00
    endloop
  endfacet
  facet normal 0.000000e+00 0.000000e+00 1.000000e+00
    outer loop
      vertex   -3.122042e+01 -2.175946e+01 2.500000e+00
      vertex   -3.080000e+01 -2.311436e+01 2.500000e+00
      vertex   -3.041411e+01 -2.295452e+01 2.500000e+00
    endloop
  endfacet
  facet normal -0.000000e+00 0.000000e+00 1.000000e+00
    outer loop
      vertex   -3.122042e+01 -2.175946e+01 2.500000e+00
      vertex   -3.041411e+01 -2.295452e+01 2.500000e+00
      vertex   -3.063078e+01 -2.156706e+01 2.500000e+00
    endloop
  endfacet
  facet normal 0.000000e+00 0.000000e+00 1.000000e+00
    outer loop
      vertex   -3.063078e+01 -2.156706e+01 2.500000e+00
      vertex   -3.041411e+01 -2.295452e+01 2.500000e+00
      vertex   -3.000000e+01 -2.290000e+01 2.500000e+00
    endloop
  endfacet
  facet normal -0.000000e+00 0.000000e+00 1.000000e+00
    outer loop
      vertex   -3.063078e+01 -2.156706e+01 2.500000e+00
      vertex   -3.000000e+01 -2.290000e+01 2.500000e+00
      vertex   -3.001418e+01 -2.150003e+01 2.500000e+00
    endloop
  endfacet
  facet normal 0.000000e+00 0.000000e+00 1.000000e+00
    outer loop
      vertex   -3.001418e+01 -2.150003e+01 2.500000e+00
      vertex   -3.000000e+01 -2.290000e+01 2.500000e+00
      vertex   -2.939697e+01 -2.156123e+01 2.500000e+00
    endloop
  endfacet
  facet normal 0.000000e+00 0.000000e+00 1.000000e+00
    outer loop
      vertex   -2.939697e+01 -2.156123e+01 2.500000e+00
      vertex   -3.000000e+01 -2.290000e+01 2.500000e+00
      vertex   -2.958589e+01 -2.295452e+01 2.500000e+00
    endloop
  endfacet
  facet normal 0.000000e+00 0.000000e+00 1.000000e+00
    outer loop
      vertex   -2.939697e+01 -2.156123e+01 2.500000e+00
      vertex   -2.958589e+01 -2.295452e+01 2.500000e+00
      vertex   -2.880553e+01 -2.174805e+01 2.500000e+00
    endloop
  endfacet
  facet normal 0.000000e+00 0.000000e+00 1.000000e+00
    outer loop
      vertex   -2.880553e+01 -2.174805e+01 2.500000e+00
      vertex   -2.958589e+01 -2.295452e+01 2.500000e+00
      vertex   -2.920000e+01 -2.311436e+01 2.500000e+00
    endloop
  endfacet
  facet normal 0.000000e+00 0.000000e+00 1.000000e+00
    outer loop
      vertex   -2.880553e+01 -2.174805e+01 2.500000e+00
      vertex   -2.920000e+01 -2.311436e+01 2.500000e+00
      vertex   -2.826515e+01 -2.205249e+01 2.500000e+00
    endloop
  endfacet
  facet normal 0.000000e+00 0.000000e+00 1.000000e+00
    outer loop
      vertex   -2.826515e+01 -2.205249e+01 2.500000e+00
      vertex   -2.920000e+01 -2.311436e+01 2.500000e+00
      vertex   -2.886863e+01 -2.336863e+01 2.500000e+00
    endloop
  endfacet
  facet normal 0.000000e+00 0.000000e+00 1.000000e+00
    outer loop
      vertex   -2.826515e+01 -2.205249e+01 2.500000e+00
      vertex   -2.886863e+01 -2.336863e+01 2.500000e+00
      vertex   -2.779893e+01 -2.246155e+01 2.500000e+00
    endloop
  endfacet
  facet normal 0.000000e+00 0.000000e+00 1.000000e+00
    outer loop
      vertex   -2.779893e+01 -2.246155e+01 2.500000e+00
      vertex   -2.886863e+01 -2.336863e+01 2.500000e+00
      vertex   -2.742679e+01 -2.295774e+01 2.500000e+00
    endloop
  endfacet
  facet normal 0.000000e+00 0.000000e+00 1.000000e+00
    outer loop
      vertex   -2.742679e+01 -2.295774e+01 2.500000e+00
      vertex   -2.886863e+01 -2.336863e+01 2.500000e+00
      vertex   -2.861436e+01 -2.370000e+01 2.500000e+00
    endloop
  endfacet
  facet normal 0.000000e+00 0.000000e+00 1.000000e+00
    outer loop
      vertex   -2.742679e+01 -2.295774e+01 2.500000e+00
      vertex   -2.861436e+01 -2.370000e+01 2.500000e+00
      vertex   -2.716463e+01 -2.351985e+01 2.500000e+00
    endloop
  endfacet
  facet normal 0.000000e+00 0.000000e+00 1.000000e+00
    outer loop
      vertex   -2.716463e+01 -2.351985e+01 2.500000e+00
      vertex   -2.861436e+01 -2.370000e+01 2.500000e+00
      vertex   -2.845452e+01 -2.408589e+01 2.500000e+00
    endloop
  endfacet
  facet normal 0.000000e+00 0.000000e+00 1.000000e+00
    outer loop
      vertex   -2.716463e+01 -2.351985e+01 2.500000e+00
      vertex   -2.845452e+01 -2.408589e+01 2.500000e+00
      vertex   -2.702367e+01 -2.412386e+01 2.500000e+00
    endloop
  endfacet
  facet normal 0.000000e+00 0.000000e+00 1.000000e+00
    outer loop
      vertex   -2.702367e+01 -2.412386e+01 2.500000e+00
      vertex   -2.845452e+01 -2.408589e+01 2.500000e+00
      vertex   -2.840000e+01 -2.450000e+01 2.500000e+00
    endloop
  endfacet
  facet normal 0.000000e+00 0.000000e+00 1.000000e+00
    outer loop
      vertex   -2.702367e+01 -2.412386e+01 2.500000e+00
      vertex   -2.840000e+01 -2.450000e+01 2.500000e+00
      vertex   -2.700993e+01 -2.474394e+01 2.500000e+00
    endloop
  endfacet
  facet normal 0.000000e+00 0.000000e+00 1.000000e+00
    outer loop
      vertex   -2.700993e+01 -2.474394e+01 2.500000e+00
      vertex   -2.840000e+01 -2.450000e+01 2.500000e+00
      vertex   -2.845452e+01 -2.491411e+01 2.500000e+00
    endloop
  endfacet
  facet normal 0.000000e+00 0.000000e+00 1.000000e+00
    outer loop
      vertex   -2.700993e+01 -2.474394e+01 2.500000e+00
      vertex   -2.845452e+01 -2.491411e+01 2.500000e+00
      vertex   -2.712400e+01 -2.535360e+01 2.500000e+00
    endloop
  endfacet
  facet normal 0.000000e+00 0.000000e+00 1.000000e+00
    outer loop
      vertex   -2.712400e+01 -2.535360e+01 2.500000e+00
      vertex   -2.845452e+01 -2.491411e+01 2.500000e+00
      vertex   -2.861436e+01 -2.530000e+01 2.500000e+00
    endloop
  endfacet
  facet normal 0.000000e+00 0.000000e+00 1.000000e+00
    outer loop
      vertex   -2.712400e+01 -2.535360e+01 2.500000e+00
      vertex   -2.861436e+01 -2.530000e+01 2.500000e+00
      vertex   -2.736100e+01 -2.592677e+01 2.500000e+00
    endloop
  endfacet
  facet normal 0.000000e+00 0.000000e+00 1.000000e+00
    outer loop
      vertex   -2.736100e+01 -2.592677e+01 2.500000e+00
      vertex   -2.861436e+01 -2.530000e+01 2.500000e+00
      vertex   -2.886863e+01 -2.563137e+01 2.500000e+00
    endloop
  endfacet
  facet normal 0.000000e+00 0.000000e+00 1.000000e+00
    outer loop
      vertex   -2.736100e+01 -2.592677e+01 2.500000e+00
      vertex   -2.886863e+01 -2.563137e+01 2.500000e+00
      vertex   -2.771080e+01 -2.643896e+01 2.500000e+00
    endloop
  endfacet
  facet normal 0.000000e+00 0.000000e+00 1.000000e+00
    outer loop
      vertex   -2.771080e+01 -2.643896e+01 2.500000e+00
      vertex   -2.886863e+01 -2.563137e+01 2.500000e+00
      vertex   -2.815845e+01 -2.686827e+01 2.500000e+00
    endloop
  endfacet
  facet normal 0.000000e+00 0.000000e+00 1.000000e+00
    outer loop
      vertex   -2.815845e+01 -2.686827e+01 2.500000e+00
      vertex   -2.886863e+01 -2.563137e+01 2.500000e+00
      vertex   -2.920000e+01 -2.588564e+01 2.500000e+00
    endloop
  endfacet
  facet normal 0.000000e+00 0.000000e+00 1.000000e+00
    outer loop
      vertex   -2.815845e+01 -2.686827e+01 2.500000e+00
      vertex   -2.920000e+01 -2.588564e+01 2.500000e+00
      vertex   -2.868481e+01 -2.719634e+01 2.500000e+00
    endloop
  endfacet
  facet normal 0.000000e+00 0.000000e+00 1.000000e+00
    outer loop
      vertex   -2.868481e+01 -2.719634e+01 2.500000e+00
      vertex   -2.920000e+01 -2.588564e+01 2.500000e+00
      vertex   -2.958589e+01 -2.604548e+01 2.500000e+00
    endloop
  endfacet
  facet normal 0.000000e+00 0.000000e+00 1.000000e+00
    outer loop
      vertex   -2.868481e+01 -2.719634e+01 2.500000e+00
      vertex   -2.958589e+01 -2.604548e+01 2.500000e+00
      vertex   -2.926739e+01 -2.740917e+01 2.500000e+00
    endloop
  endfacet
  facet normal 0.000000e+00 0.000000e+00 1.000000e+00
    outer loop
      vertex   -2.926739e+01 -2.740917e+01 2.500000e+00
      vertex   -2.958589e+01 -2.604548e+01 2.500000e+00
      vertex   -3.000000e+01 -2.610000e+01 2.500000e+00
    endloop
  endfacet
  facet normal 0.000000e+00 -0.000000e+00 1.000000e+00
    outer loop
      vertex   -3.467416e+01 2.896869e+01 2.500000e+00
      vertex   -3.456979e+01 2.899511e+01 2.500000e+00
      vertex   -3.700000e+01 3.050000e+01 2.500000e+00
    endloop
  endfacet
  facet normal 0.000000e+00 0.000000e+00 1.000000e+00
    outer loop
      vertex   -3.700000e+01 3.050000e+01 2.500000e+00
      vertex   -3.456979e+01 2.899511e+01 2.500000e+00
      vertex   -3.417661e+01 2.909022e+01 2.500000e+00
    endloop
  endfacet
  facet normal -0.000000e+00 0.000000e+00 1.000000e+00
    outer loop
      vertex   -3.700000e+01 3.050000e+01 2.500000e+00
      vertex   -3.417661e+01 2.909022e+01 2.500000e+00
      vertex   -3.219722e+01 3.050000e+01 2.500000e+00
    endloop
  endfacet
  facet normal 0.000000e+00 0.000000e+00 1.000000e+00
    outer loop
      vertex   -3.219722e+01 3.050000e+01 2.500000e+00
      vertex   -3.417661e+01 2.909022e+01 2.500000e+00
      vertex   -3.377214e+01 2.908369e+01 2.500000e+00
    endloop
  endfacet
  facet normal 0.000000e+00 0.000000e+00 1.000000e+00
    outer loop
      vertex   -3.219722e+01 3.050000e+01 2.500000e+00
      vertex   -3.377214e+01 2.908369e+01 2.500000e+00
      vertex   -3.338223e+01 2.897593e+01 2.500000e+00
    endloop
  endfacet
  facet normal -0.000000e+00 0.000000e+00 1.000000e+00
    outer loop
      vertex   -3.338223e+01 2.897593e+01 2.500000e+00
      vertex   -3.303182e+01 2.877382e+01 2.500000e+00
      vertex   -3.219722e+01 3.050000e+01 2.500000e+00
    endloop
  endfacet
  facet normal 0.000000e+00 0.000000e+00 1.000000e+00
    outer loop
      vertex   -3.219722e+01 3.050000e+01 2.500000e+00
      vertex   -3.303182e+01 2.877382e+01 2.500000e+00
      vertex   -3.170609e+01 3.014348e+01 2.500000e+00
    endloop
  endfacet
  facet normal 0.000000e+00 0.000000e+00 1.000000e+00
    outer loop
      vertex   -3.170609e+01 3.014348e+01 2.500000e+00
      vertex   -3.303182e+01 2.877382e+01 2.500000e+00
      vertex   -3.128393e+01 2.970748e+01 2.500000e+00
    endloop
  endfacet
  facet normal 0.000000e+00 0.000000e+00 1.000000e+00
    outer loop
      vertex   -3.128393e+01 2.970748e+01 2.500000e+00
      vertex   -3.303182e+01 2.877382e+01 2.500000e+00
      vertex   -3.274329e+01 2.849029e+01 2.500000e+00
    endloop
  endfacet
  facet normal 0.000000e+00 0.000000e+00 1.000000e+00
    outer loop
      vertex   -3.128393e+01 2.970748e+01 2.500000e+00
      vertex   -3.274329e+01 2.849029e+01 2.500000e+00
      vertex   -3.094343e+01 2.920510e+01 2.500000e+00
    endloop
  endfacet
  facet normal 0.000000e+00 0.000000e+00 1.000000e+00
    outer loop
      vertex   -3.094343e+01 2.920510e+01 2.500000e+00
      vertex   -3.274329e+01 2.849029e+01 2.500000e+00
      vertex   -3.253509e+01 2.814346e+01 2.500000e+00
    endloop
  endfacet
  facet normal 0.000000e+00 0.000000e+00 1.000000e+00
    outer loop
      vertex   -3.094343e+01 2.920510e+01 2.500000e+00
      vertex   -3.253509e+01 2.814346e+01 2.500000e+00
      vertex   -3.069483e+01 2.865146e+01 2.500000e+00
    endloop
  endfacet
  facet normal 0.000000e+00 0.000000e+00 1.000000e+00
    outer loop
      vertex   -3.069483e+01 2.865146e+01 2.500000e+00
      vertex   -3.253509e+01 2.814346e+01 2.500000e+00
      vertex   -3.242053e+01 2.775550e+01 2.500000e+00
    endloop
  endfacet
  facet normal 0.000000e+00 0.000000e+00 1.000000e+00
    outer loop
      vertex   -3.069483e+01 2.865146e+01 2.500000e+00
      vertex   -3.242053e+01 2.775550e+01 2.500000e+00
      vertex   -3.054561e+01 2.806319e+01 2.500000e+00
    endloop
  endfacet
  facet normal 0.000000e+00 0.000000e+00 1.000000e+00
    outer loop
      vertex   -3.054561e+01 2.806319e+01 2.500000e+00
      vertex   -3.242053e+01 2.775550e+01 2.500000e+00
      vertex   -3.050025e+01 2.745800e+01 2.500000e+00
    endloop
  endfacet
  facet normal 0.000000e+00 0.000000e+00 1.000000e+00
    outer loop
      vertex   -3.050025e+01 2.745800e+01 2.500000e+00
      vertex   -3.242053e+01 2.775550e+01 2.500000e+00
      vertex   -3.240693e+01 2.735121e+01 2.500000e+00
    endloop
  endfacet
  facet normal 0.000000e+00 0.000000e+00 1.000000e+00
    outer loop
      vertex   -3.050025e+01 2.745800e+01 2.500000e+00
      vertex   -3.240693e+01 2.735121e+01 2.500000e+00
      vertex   -3.249517e+01 2.695642e+01 2.500000e+00
    endloop
  endfacet
  facet normal -0.000000e+00 0.000000e+00 1.000000e+00
    outer loop
      vertex   -3.267959e+01 2.659639e+01 2.500000e+00
      vertex   -3.113137e+01 2.563137e+01 2.500000e+00
      vertex   -3.249517e+01 2.695642e+01 2.500000e+00
    endloop
  endfacet
  facet normal 0.000000e+00 0.000000e+00 1.000000e+00
    outer loop
      vertex   -3.249517e+01 2.695642e+01 2.500000e+00
      vertex   -3.113137e+01 2.563137e+01 2.500000e+00
      vertex   -3.080000e+01 2.588564e+01 2.500000e+00
    endloop
  endfacet
  facet normal -0.000000e+00 0.000000e+00 1.000000e+00
    outer loop
      vertex   -3.249517e+01 2.695642e+01 2.500000e+00
      vertex   -3.080000e+01 2.588564e+01 2.500000e+00
      vertex   -3.050025e+01 2.745800e+01 2.500000e+00
    endloop
  endfacet
  facet normal 0.000000e+00 0.000000e+00 1.000000e+00
    outer loop
      vertex   -3.050025e+01 2.745800e+01 2.500000e+00
      vertex   -3.080000e+01 2.588564e+01 2.500000e+00
      vertex   -3.041411e+01 2.604548e+01 2.500000e+00
    endloop
  endfacet
  facet normal 0.000000e+00 0.000000e+00 1.000000e+00
    outer loop
      vertex   -3.050025e+01 2.745800e+01 2.500000e+00
      vertex   -3.041411e+01 2.604548e+01 2.500000e+00
      vertex   -3.000000e+01 2.610000e+01 2.500000e+00
    endloop
  endfacet
  facet normal 0.000000e+00 0.000000e+00 1.000000e+00
    outer loop
      vertex   -3.113137e+01 2.563137e+01 2.500000e+00
      vertex   -3.267959e+01 2.659639e+01 2.500000e+00
      vertex   -3.138564e+01 2.530000e+01 2.500000e+00
    endloop
  endfacet
  facet normal 0.000000e+00 0.000000e+00 1.000000e+00
    outer loop
      vertex   -3.138564e+01 2.530000e+01 2.500000e+00
      vertex   -3.267959e+01 2.659639e+01 2.500000e+00
      vertex   -3.294841e+01 2.629411e+01 2.500000e+00
    endloop
  endfacet
  facet normal 0.000000e+00 0.000000e+00 1.000000e+00
    outer loop
      vertex   -3.138564e+01 2.530000e+01 2.500000e+00
      vertex   -3.294841e+01 2.629411e+01 2.500000e+00
      vertex   -3.154548e+01 2.491411e+01 2.500000e+00
    endloop
  endfacet
  facet normal 0.000000e+00 0.000000e+00 1.000000e+00
    outer loop
      vertex   -3.154548e+01 2.491411e+01 2.500000e+00
      vertex   -3.294841e+01 2.629411e+01 2.500000e+00
      vertex   -3.328446e+01 2.606892e+01 2.500000e+00
    endloop
  endfacet
  facet normal 0.000000e+00 0.000000e+00 1.000000e+00
    outer loop
      vertex   -3.154548e+01 2.491411e+01 2.500000e+00
      vertex   -3.328446e+01 2.606892e+01 2.500000e+00
      vertex   -3.297975e+01 2.415200e+01 2.500000e+00
    endloop
  endfacet
  facet normal 0.000000e+00 0.000000e+00 1.000000e+00
    outer loop
      vertex   -3.297975e+01 2.415200e+01 2.500000e+00
      vertex   -3.328446e+01 2.606892e+01 2.500000e+00
      vertex   -3.366624e+01 2.593520e+01 2.500000e+00
    endloop
  endfacet
  facet normal 0.000000e+00 0.000000e+00 1.000000e+00
    outer loop
      vertex   -3.297975e+01 2.415200e+01 2.500000e+00
      vertex   -3.366624e+01 2.593520e+01 2.500000e+00
      vertex   -3.362817e+01 2.401981e+01 2.500000e+00
    endloop
  endfacet
  facet normal 0.000000e+00 0.000000e+00 1.000000e+00
    outer loop
      vertex   -3.362817e+01 2.401981e+01 2.500000e+00
      vertex   -3.366624e+01 2.593520e+01 2.500000e+00
      vertex   -3.406936e+01 2.590150e+01 2.500000e+00
    endloop
  endfacet
  facet normal 0.000000e+00 0.000000e+00 1.000000e+00
    outer loop
      vertex   -3.362817e+01 2.401981e+01 2.500000e+00
      vertex   -3.406936e+01 2.590150e+01 2.500000e+00
      vertex   -3.428988e+01 2.401202e+01 2.500000e+00
    endloop
  endfacet
  facet normal 0.000000e+00 -0.000000e+00 1.000000e+00
    outer loop
      vertex   -3.428988e+01 2.401202e+01 2.500000e+00
      vertex   -3.406936e+01 2.590150e+01 2.500000e+00
      vertex   -3.494122e+01 2.412893e+01 2.500000e+00
    endloop
  endfacet
  facet normal 0.000000e+00 0.000000e+00 1.000000e+00
    outer loop
      vertex   -3.494122e+01 2.412893e+01 2.500000e+00
      vertex   -3.406936e+01 2.590150e+01 2.500000e+00
      vertex   -3.446804e+01 2.596999e+01 2.500000e+00
    endloop
  endfacet
  facet normal 0.000000e+00 -0.000000e+00 1.000000e+00
    outer loop
      vertex   -3.494122e+01 2.412893e+01 2.500000e+00
      vertex   -3.446804e+01 2.596999e+01 2.500000e+00
      vertex   -3.555892e+01 2.436635e+01 2.500000e+00
    endloop
  endfacet
  facet normal 0.000000e+00 0.000000e+00 1.000000e+00
    outer loop
      vertex   -3.555892e+01 2.436635e+01 2.500000e+00
      vertex   -3.446804e+01 2.596999e+01 2.500000e+00
      vertex   -3.483681e+01 2.613627e+01 2.500000e+00
    endloop
  endfacet
  facet normal 0.000000e+00 -0.000000e+00 1.000000e+00
    outer loop
      vertex   -3.555892e+01 2.436635e+01 2.500000e+00
      vertex   -3.483681e+01 2.613627e+01 2.500000e+00
      vertex   -3.612090e+01 2.471579e+01 2.500000e+00
    endloop
  endfacet
  facet normal 0.000000e+00 -0.000000e+00 1.000000e+00
    outer loop
      vertex   -3.612090e+01 2.471579e+01 2.500000e+00
      vertex   -3.483681e+01 2.613627e+01 2.500000e+00
      vertex   -3.660705e+01 2.516477e+01 2.500000e+00
    endloop
  endfacet
  facet normal 0.000000e+00 0.000000e+00 1.000000e+00
    outer loop
      vertex   -3.660705e+01 2.516477e+01 2.500000e+00
      vertex   -3.483681e+01 2.613627e+01 2.500000e+00
      vertex   -3.515208e+01 2.638973e+01 2.500000e+00
    endloop
  endfacet
  facet normal 0.000000e+00 -0.000000e+00 1.000000e+00
    outer loop
      vertex   -3.660705e+01 2.516477e+01 2.500000e+00
      vertex   -3.515208e+01 2.638973e+01 2.500000e+00
      vertex   -3.700000e+01 2.569722e+01 2.500000e+00
    endloop
  endfacet
  facet normal 0.000000e+00 0.000000e+00 1.000000e+00
    outer loop
      vertex   -3.700000e+01 2.569722e+01 2.500000e+00
      vertex   -3.515208e+01 2.638973e+01 2.500000e+00
      vertex   -3.539371e+01 2.671415e+01 2.500000e+00
    endloop
  endfacet
  facet normal 0.000000e+00 0.000000e+00 1.000000e+00
    outer loop
      vertex   -3.700000e+01 2.569722e+01 2.500000e+00
      vertex   -3.539371e+01 2.671415e+01 2.500000e+00
      vertex   -3.554626e+01 2.708881e+01 2.500000e+00
    endloop
  endfacet
  facet normal 0.000000e+00 0.000000e+00 1.000000e+00
    outer loop
      vertex   -3.554626e+01 2.708881e+01 2.500000e+00
      vertex   -3.559997e+01 2.748975e+01 2.500000e+00
      vertex   -3.700000e+01 2.569722e+01 2.500000e+00
    endloop
  endfacet
  facet normal 0.000000e+00 0.000000e+00 1.000000e+00
    outer loop
      vertex   -3.700000e+01 2.569722e+01 2.500000e+00
      vertex   -3.559997e+01 2.748975e+01 2.500000e+00
      vertex   -3.555140e+01 2.789135e+01 2.500000e+00
    endloop
  endfacet
  facet normal 0.000000e+00 0.000000e+00 1.000000e+00
    outer loop
      vertex   -3.700000e+01 2.569722e+01 2.500000e+00
      vertex   -3.555140e+01 2.789135e+01 2.500000e+00
      vertex   -3.700000e+01 3.050000e+01 2.500000e+00
    endloop
  endfacet
  facet normal 0.000000e+00 0.000000e+00 1.000000e+00
    outer loop
      vertex   -3.700000e+01 3.050000e+01 2.500000e+00
      vertex   -3.555140e+01 2.789135e+01 2.500000e+00
      vertex   -3.540367e+01 2.826793e+01 2.500000e+00
    endloop
  endfacet
  facet normal 0.000000e+00 0.000000e+00 1.000000e+00
    outer loop
      vertex   -3.700000e+01 3.050000e+01 2.500000e+00
      vertex   -3.540367e+01 2.826793e+01 2.500000e+00
      vertex   -3.516621e+01 2.859542e+01 2.500000e+00
    endloop
  endfacet
  facet normal 0.000000e+00 -0.000000e+00 1.000000e+00
    outer loop
      vertex   -3.516621e+01 2.859542e+01 2.500000e+00
      vertex   -3.485421e+01 2.885289e+01 2.500000e+00
      vertex   -3.700000e+01 3.050000e+01 2.500000e+00
    endloop
  endfacet
  facet normal 0.000000e+00 0.000000e+00 1.000000e+00
    outer loop
      vertex   -3.700000e+01 3.050000e+01 2.500000e+00
      vertex   -3.485421e+01 2.885289e+01 2.500000e+00
      vertex   -3.477045e+01 2.892054e+01 2.500000e+00
    endloop
  endfacet
  facet normal 0.000000e+00 0.000000e+00 1.000000e+00
    outer loop
      vertex   -3.700000e+01 3.050000e+01 2.500000e+00
      vertex   -3.477045e+01 2.892054e+01 2.500000e+00
      vertex   -3.467416e+01 2.896869e+01 2.500000e+00
    endloop
  endfacet
  facet normal 0.000000e+00 0.000000e+00 1.000000e+00
    outer loop
      vertex   -3.154548e+01 2.408589e+01 2.500000e+00
      vertex   -3.160000e+01 2.450000e+01 2.500000e+00
      vertex   -3.297975e+01 2.415200e+01 2.500000e+00
    endloop
  endfacet
  facet normal 0.000000e+00 0.000000e+00 1.000000e+00
    outer loop
      vertex   -3.297975e+01 2.415200e+01 2.500000e+00
      vertex   -3.160000e+01 2.450000e+01 2.500000e+00
      vertex   -3.154548e+01 2.491411e+01 2.500000e+00
    endloop
  endfacet
  facet normal 0.000000e+00 -0.000000e+00 1.000000e+00
    outer loop
      vertex   -2.958589e+01 2.604548e+01 2.500000e+00
      vertex   -2.926739e+01 2.740917e+01 2.500000e+00
      vertex   -3.000000e+01 2.610000e+01 2.500000e+00
    endloop
  endfacet
  facet normal 0.000000e+00 0.000000e+00 1.000000e+00
    outer loop
      vertex   -3.000000e+01 2.610000e+01 2.500000e+00
      vertex   -2.926739e+01 2.740917e+01 2.500000e+00
      vertex   -2.988128e+01 2.749765e+01 2.500000e+00
    endloop
  endfacet
  facet normal 0.000000e+00 -0.000000e+00 1.000000e+00
    outer loop
      vertex   -3.000000e+01 2.610000e+01 2.500000e+00
      vertex   -2.988128e+01 2.749765e+01 2.500000e+00
      vertex   -3.050025e+01 2.745800e+01 2.500000e+00
    endloop
  endfacet
  facet normal 0.000000e+00 0.000000e+00 1.000000e+00
    outer loop
      vertex   -2.926739e+01 2.740917e+01 2.500000e+00
      vertex   -2.958589e+01 2.604548e+01 2.500000e+00
      vertex   -2.868481e+01 2.719634e+01 2.500000e+00
    endloop
  endfacet
  facet normal 0.000000e+00 0.000000e+00 1.000000e+00
    outer loop
      vertex   -2.868481e+01 2.719634e+01 2.500000e+00
      vertex   -2.958589e+01 2.604548e+01 2.500000e+00
      vertex   -2.920000e+01 2.588564e+01 2.500000e+00
    endloop
  endfacet
  facet normal 0.000000e+00 0.000000e+00 1.000000e+00
    outer loop
      vertex   -2.868481e+01 2.719634e+01 2.500000e+00
      vertex   -2.920000e+01 2.588564e+01 2.500000e+00
      vertex   -2.815845e+01 2.686827e+01 2.500000e+00
    endloop
  endfacet
  facet normal 0.000000e+00 0.000000e+00 1.000000e+00
    outer loop
      vertex   -2.815845e+01 2.686827e+01 2.500000e+00
      vertex   -2.920000e+01 2.588564e+01 2.500000e+00
      vertex   -2.886863e+01 2.563137e+01 2.500000e+00
    endloop
  endfacet
  facet normal 0.000000e+00 0.000000e+00 1.000000e+00
    outer loop
      vertex   -2.815845e+01 2.686827e+01 2.500000e+00
      vertex   -2.886863e+01 2.563137e+01 2.500000e+00
      vertex   -2.771080e+01 2.643896e+01 2.500000e+00
    endloop
  endfacet
  facet normal 0.000000e+00 0.000000e+00 1.000000e+00
    outer loop
      vertex   -2.771080e+01 2.643896e+01 2.500000e+00
      vertex   -2.886863e+01 2.563137e+01 2.500000e+00
      vertex   -2.736100e+01 2.592677e+01 2.500000e+00
    endloop
  endfacet
  facet normal 0.000000e+00 0.000000e+00 1.000000e+00
    outer loop
      vertex   -2.736100e+01 2.592677e+01 2.500000e+00
      vertex   -2.886863e+01 2.563137e+01 2.500000e+00
      vertex   -2.861436e+01 2.530000e+01 2.500000e+00
    endloop
  endfacet
  facet normal 0.000000e+00 0.000000e+00 1.000000e+00
    outer loop
      vertex   -2.736100e+01 2.592677e+01 2.500000e+00
      vertex   -2.861436e+01 2.530000e+01 2.500000e+00
      vertex   -2.712400e+01 2.535360e+01 2.500000e+00
    endloop
  endfacet
  facet normal 0.000000e+00 0.000000e+00 1.000000e+00
    outer loop
      vertex   -2.712400e+01 2.535360e+01 2.500000e+00
      vertex   -2.861436e+01 2.530000e+01 2.500000e+00
      vertex   -2.845452e+01 2.491411e+01 2.500000e+00
    endloop
  endfacet
  facet normal 0.000000e+00 0.000000e+00 1.000000e+00
    outer loop
      vertex   -2.712400e+01 2.535360e+01 2.500000e+00
      vertex   -2.845452e+01 2.491411e+01 2.500000e+00
      vertex   -2.700993e+01 2.474394e+01 2.500000e+00
    endloop
  endfacet
  facet normal 0.000000e+00 0.000000e+00 1.000000e+00
    outer loop
      vertex   -2.700993e+01 2.474394e+01 2.500000e+00
      vertex   -2.845452e+01 2.491411e+01 2.500000e+00
      vertex   -2.840000e+01 2.450000e+01 2.500000e+00
    endloop
  endfacet
  facet normal 0.000000e+00 0.000000e+00 1.000000e+00
    outer loop
      vertex   -2.700993e+01 2.474394e+01 2.500000e+00
      vertex   -2.840000e+01 2.450000e+01 2.500000e+00
      vertex   -2.702367e+01 2.412386e+01 2.500000e+00
    endloop
  endfacet
  facet normal 0.000000e+00 0.000000e+00 1.000000e+00
    outer loop
      vertex   -2.702367e+01 2.412386e+01 2.500000e+00
      vertex   -2.840000e+01 2.450000e+01 2.500000e+00
      vertex   -2.845452e+01 2.408589e+01 2.500000e+00
    endloop
  endfacet
  facet normal 0.000000e+00 0.000000e+00 1.000000e+00
    outer loop
      vertex   -2.702367e+01 2.412386e+01 2.500000e+00
      vertex   -2.845452e+01 2.408589e+01 2.500000e+00
      vertex   -2.716463e+01 2.351985e+01 2.500000e+00
    endloop
  endfacet
  facet normal 0.000000e+00 0.000000e+00 1.000000e+00
    outer loop
      vertex   -2.716463e+01 2.351985e+01 2.500000e+00
      vertex   -2.845452e+01 2.408589e+01 2.500000e+00
      vertex   -2.861436e+01 2.370000e+01 2.500000e+00
    endloop
  endfacet
  facet normal 0.000000e+00 0.000000e+00 1.000000e+00
    outer loop
      vertex   -2.716463e+01 2.351985e+01 2.500000e+00
      vertex   -2.861436e+01 2.370000e+01 2.500000e+00
      vertex   -2.742679e+01 2.295774e+01 2.500000e+00
    endloop
  endfacet
  facet normal 0.000000e+00 0.000000e+00 1.000000e+00
    outer loop
      vertex   -2.742679e+01 2.295774e+01 2.500000e+00
      vertex   -2.861436e+01 2.370000e+01 2.500000e+00
      vertex   -2.886863e+01 2.336863e+01 2.500000e+00
    endloop
  endfacet
  facet normal 0.000000e+00 0.000000e+00 1.000000e+00
    outer loop
      vertex   -2.742679e+01 2.295774e+01 2.500000e+00
      vertex   -2.886863e+01 2.336863e+01 2.500000e+00
      vertex   -2.779893e+01 2.246155e+01 2.500000e+00
    endloop
  endfacet
  facet normal 0.000000e+00 0.000000e+00 1.000000e+00
    outer loop
      vertex   -2.779893e+01 2.246155e+01 2.500000e+00
      vertex   -2.886863e+01 2.336863e+01 2.500000e+00
      vertex   -2.826515e+01 2.205249e+01 2.500000e+00
    endloop
  endfacet
  facet normal 0.000000e+00 0.000000e+00 1.000000e+00
    outer loop
      vertex   -2.826515e+01 2.205249e+01 2.500000e+00
      vertex   -2.886863e+01 2.336863e+01 2.500000e+00
      vertex   -2.920000e+01 2.311436e+01 2.500000e+00
    endloop
  endfacet
  facet normal 0.000000e+00 0.000000e+00 1.000000e+00
    outer loop
      vertex   -2.826515e+01 2.205249e+01 2.500000e+00
      vertex   -2.920000e+01 2.311436e+01 2.500000e+00
      vertex   -2.880553e+01 2.174805e+01 2.500000e+00
    endloop
  endfacet
  facet normal 0.000000e+00 0.000000e+00 1.000000e+00
    outer loop
      vertex   -2.880553e+01 2.174805e+01 2.500000e+00
      vertex   -2.920000e+01 2.311436e+01 2.500000e+00
      vertex   -2.958589e+01 2.295452e+01 2.500000e+00
    endloop
  endfacet
  facet normal 0.000000e+00 0.000000e+00 1.000000e+00
    outer loop
      vertex   -2.880553e+01 2.174805e+01 2.500000e+00
      vertex   -2.958589e+01 2.295452e+01 2.500000e+00
      vertex   -2.939697e+01 2.156123e+01 2.500000e+00
    endloop
  endfacet
  facet normal 0.000000e+00 0.000000e+00 1.000000e+00
    outer loop
      vertex   -2.939697e+01 2.156123e+01 2.500000e+00
      vertex   -2.958589e+01 2.295452e+01 2.500000e+00
      vertex   -3.000000e+01 2.290000e+01 2.500000e+00
    endloop
  endfacet
  facet normal 0.000000e+00 0.000000e+00 1.000000e+00
    outer loop
      vertex   -2.939697e+01 2.156123e+01 2.500000e+00
      vertex   -3.000000e+01 2.290000e+01 2.500000e+00
      vertex   -3.001418e+01 2.150003e+01 2.500000e+00
    endloop
  endfacet
  facet normal 0.000000e+00 -0.000000e+00 1.000000e+00
    outer loop
      vertex   -3.001418e+01 2.150003e+01 2.500000e+00
      vertex   -3.000000e+01 2.290000e+01 2.500000e+00
      vertex   -3.063078e+01 2.156706e+01 2.500000e+00
    endloop
  endfacet
  facet normal 0.000000e+00 0.000000e+00 1.000000e+00
    outer loop
      vertex   -3.063078e+01 2.156706e+01 2.500000e+00
      vertex   -3.000000e+01 2.290000e+01 2.500000e+00
      vertex   -3.041411e+01 2.295452e+01 2.500000e+00
    endloop
  endfacet
  facet normal 0.000000e+00 -0.000000e+00 1.000000e+00
    outer loop
      vertex   -3.063078e+01 2.156706e+01 2.500000e+00
      vertex   -3.041411e+01 2.295452e+01 2.500000e+00
      vertex   -3.122042e+01 2.175946e+01 2.500000e+00
    endloop
  endfacet
  facet normal 0.000000e+00 0.000000e+00 1.000000e+00
    outer loop
      vertex   -3.122042e+01 2.175946e+01 2.500000e+00
      vertex   -3.041411e+01 2.295452e+01 2.500000e+00
      vertex   -3.080000e+01 2.311436e+01 2.500000e+00
    endloop
  endfacet
  facet normal 0.000000e+00 -0.000000e+00 1.000000e+00
    outer loop
      vertex   -3.122042e+01 2.175946e+01 2.500000e+00
      vertex   -3.080000e+01 2.311436e+01 2.500000e+00
      vertex   -3.175790e+01 2.206899e+01 2.500000e+00
    endloop
  endfacet
  facet normal 0.000000e+00 0.000000e+00 1.000000e+00
    outer loop
      vertex   -3.175790e+01 2.206899e+01 2.500000e+00
      vertex   -3.080000e+01 2.311436e+01 2.500000e+00
      vertex   -3.113137e+01 2.336863e+01 2.500000e+00
    endloop
  endfacet
  facet normal 0.000000e+00 -0.000000e+00 1.000000e+00
    outer loop
      vertex   -3.175790e+01 2.206899e+01 2.500000e+00
      vertex   -3.113137e+01 2.336863e+01 2.500000e+00
      vertex   -3.222024e+01 2.248244e+01 2.500000e+00
    endloop
  endfacet
  facet normal 0.000000e+00 -0.000000e+00 1.000000e+00
    outer loop
      vertex   -3.222024e+01 2.248244e+01 2.500000e+00
      vertex   -3.113137e+01 2.336863e+01 2.500000e+00
      vertex   -3.258767e+01 2.298213e+01 2.500000e+00
    endloop
  endfacet
  facet normal 0.000000e+00 0.000000e+00 1.000000e+00
    outer loop
      vertex   -3.258767e+01 2.298213e+01 2.500000e+00
      vertex   -3.113137e+01 2.336863e+01 2.500000e+00
      vertex   -3.138564e+01 2.370000e+01 2.500000e+00
    endloop
  endfacet
  facet normal 0.000000e+00 -0.000000e+00 1.000000e+00
    outer loop
      vertex   -3.258767e+01 2.298213e+01 2.500000e+00
      vertex   -3.138564e+01 2.370000e+01 2.500000e+00
      vertex   -3.284450e+01 2.354669e+01 2.500000e+00
    endloop
  endfacet
  facet normal 0.000000e+00 0.000000e+00 1.000000e+00
    outer loop
      vertex   -3.284450e+01 2.354669e+01 2.500000e+00
      vertex   -3.138564e+01 2.370000e+01 2.500000e+00
      vertex   -3.154548e+01 2.408589e+01 2.500000e+00
    endloop
  endfacet
  facet normal 0.000000e+00 -0.000000e+00 1.000000e+00
    outer loop
      vertex   -3.284450e+01 2.354669e+01 2.500000e+00
      vertex   -3.154548e+01 2.408589e+01 2.500000e+00
      vertex   -3.297975e+01 2.415200e+01 2.500000e+00
    endloop
  endfacet
  facet normal 0.000000e+00 0.000000e+00 1.000000e+00
    outer loop
      vertex   -2.700000e+01 -4.500000e+00 2.500000e+00
      vertex   -3.700000e+01 -4.500000e+00 2.500000e+00
      vertex   -2.700000e+01 -2.050000e+01 2.500000e+00
    endloop
  endfacet
  facet normal 0.000000e+00 0.000000e+00 1.000000e+00
    outer loop
      vertex   -2.700000e+01 -2.050000e+01 2.500000e+00
      vertex   -3.700000e+01 -4.500000e+00 2.500000e+00
      vertex   -3.700000e+01 -2.050000e+01 2.500000e+00
    endloop
  endfacet
  facet normal 2.453744e-01 9.694284e-01 0.000000e+00
    outer loop
      vertex   -3.456979e+01 -2.899511e+01 2.500000e+00
      vertex   -3.456979e+01 -2.899511e+01 5.000000e-01
      vertex   -3.467416e+01 -2.896869e+01 2.500000e+00
    endloop
  endfacet
  facet normal 2.453744e-01 9.694284e-01 0.000000e+00
    outer loop
      vertex   -3.467416e+01 -2.896869e+01 2.500000e+00
      vertex   -3.456979e+01 -2.899511e+01 5.000000e-01
      vertex   -3.467416e+01 -2.896869e+01 5.000000e-01
    endloop
  endfacet
  facet normal 4.472136e-01 8.944272e-01 0.000000e+00
    outer loop
      vertex   -3.467416e+01 -2.896869e+01 2.500000e+00
      vertex   -3.467416e+01 -2.896869e+01 5.000000e-01
      vertex   -3.477045e+01 -2.892054e+01 2.500000e+00
    endloop
  endfacet
  facet normal 4.472136e-01 8.944272e-01 0.000000e+00
    outer loop
      vertex   -3.477045e+01 -2.892054e+01 2.500000e+00
      vertex   -3.467416e+01 -2.896869e+01 5.000000e-01
      vertex   -3.477045e+01 -2.892054e+01 5.000000e-01
    endloop
  endfacet
  facet normal 6.283181e-01 7.779566e-01 0.000000e+00
    outer loop
      vertex   -3.477045e+01 -2.892054e+01 2.500000e+00
      vertex   -3.477045e+01 -2.892054e+01 5.000000e-01
      vertex   -3.485421e+01 -2.885289e+01 2.500000e+00
    endloop
  endfacet
  facet normal 6.283181e-01 7.779566e-01 0.000000e+00
    outer loop
      vertex   -3.485421e+01 -2.885289e+01 2.500000e+00
      vertex   -3.477045e+01 -2.892054e+01 5.000000e-01
      vertex   -3.485421e+01 -2.885289e+01 5.000000e-01
    endloop
  endfacet
  facet normal -2.453744e-01 -9.694284e-01 -0.000000e+00
    outer loop
      vertex   3.456979e+01 2.899511e+01 2.500000e+00
      vertex   3.456979e+01 2.899511e+01 5.000000e-01
      vertex   3.467416e+01 2.896869e+01 2.500000e+00
    endloop
  endfacet
  facet normal -2.453744e-01 -9.694284e-01 -0.000000e+00
    outer loop
      vertex   3.467416e+01 2.896869e+01 2.500000e+00
      vertex   3.456979e+01 2.899511e+01 5.000000e-01
      vertex   3.467416e+01 2.896869e+01 5.000000e-01
    endloop
  endfacet
  facet normal -4.472136e-01 -8.944272e-01 -0.000000e+00
    outer loop
      vertex   3.467416e+01 2.896869e+01 2.500000e+00
      vertex   3.467416e+01 2.896869e+01 5.000000e-01
      vertex   3.477045e+01 2.892054e+01 2.500000e+00
    endloop
  endfacet
  facet normal -4.472136e-01 -8.944272e-01 -0.000000e+00
    outer loop
      vertex   3.477045e+01 2.892054e+01 2.500000e+00
      vertex   3.467416e+01 2.896869e+01 5.000000e-01
      vertex   3.477045e+01 2.892054e+01 5.000000e-01
    endloop
  endfacet
  facet normal -6.283181e-01 -7.779566e-01 -0.000000e+00
    outer loop
      vertex   3.477045e+01 2.892054e+01 2.500000e+00
      vertex   3.477045e+01 2.892054e+01 5.000000e-01
      vertex   3.485421e+01 2.885289e+01 2.500000e+00
    endloop
  endfacet
  facet normal -6.283181e-01 -7.779566e-01 -0.000000e+00
    outer loop
      vertex   3.485421e+01 2.885289e+01 2.500000e+00
      vertex   3.477045e+01 2.892054e+01 5.000000e-01
      vertex   3.485421e+01 2.885289e+01 5.000000e-01
    endloop
  endfacet
  facet normal 6.283181e-01 -7.779566e-01 0.000000e+00
    outer loop
      vertex   -3.485421e+01 2.885289e+01 2.500000e+00
      vertex   -3.485421e+01 2.885289e+01 5.000000e-01
      vertex   -3.477045e+01 2.892054e+01 2.500000e+00
    endloop
  endfacet
  facet normal 6.283181e-01 -7.779566e-01 0.000000e+00
    outer loop
      vertex   -3.477045e+01 2.892054e+01 2.500000e+00
      vertex   -3.485421e+01 2.885289e+01 5.000000e-01
      vertex   -3.477045e+01 2.892054e+01 5.000000e-01
    endloop
  endfacet
  facet normal 4.472136e-01 -8.944272e-01 0.000000e+00
    outer loop
      vertex   -3.477045e+01 2.892054e+01 2.500000e+00
      vertex   -3.477045e+01 2.892054e+01 5.000000e-01
      vertex   -3.467416e+01 2.896869e+01 2.500000e+00
    endloop
  endfacet
  facet normal 4.472136e-01 -8.944272e-01 0.000000e+00
    outer loop
      vertex   -3.467416e+01 2.896869e+01 2.500000e+00
      vertex   -3.477045e+01 2.892054e+01 5.000000e-01
      vertex   -3.467416e+01 2.896869e+01 5.000000e-01
    endloop
  endfacet
  facet normal 2.453744e-01 -9.694284e-01 0.000000e+00
    outer loop
      vertex   -3.467416e+01 2.896869e+01 2.500000e+00
      vertex   -3.467416e+01 2.896869e+01 5.000000e-01
      vertex   -3.456979e+01 2.899511e+01 2.500000e+00
    endloop
  endfacet
  facet normal 2.453744e-01 -9.694284e-01 0.000000e+00
    outer loop
      vertex   -3.456979e+01 2.899511e+01 2.500000e+00
      vertex   -3.467416e+01 2.896869e+01 5.000000e-01
      vertex   -3.456979e+01 2.899511e+01 5.000000e-01
    endloop
  endfacet
  facet normal -6.283181e-01 7.779566e-01 0.000000e+00
    outer loop
      vertex   3.485421e+01 -2.885289e+01 2.500000e+00
      vertex   3.485421e+01 -2.885289e+01 5.000000e-01
      vertex   3.477045e+01 -2.892054e+01 2.500000e+00
    endloop
  endfacet
  facet normal -6.283181e-01 7.779566e-01 0.000000e+00
    outer loop
      vertex   3.477045e+01 -2.892054e+01 2.500000e+00
      vertex   3.485421e+01 -2.885289e+01 5.000000e-01
      vertex   3.477045e+01 -2.892054e+01 5.000000e-01
    endloop
  endfacet
  facet normal -4.472136e-01 8.944272e-01 0.000000e+00
    outer loop
      vertex   3.477045e+01 -2.892054e+01 2.500000e+00
      vertex   3.477045e+01 -2.892054e+01 5.000000e-01
      vertex   3.467416e+01 -2.896869e+01 2.500000e+00
    endloop
  endfacet
  facet normal -4.472136e-01 8.944272e-01 0.000000e+00
    outer loop
      vertex   3.467416e+01 -2.896869e+01 2.500000e+00
      vertex   3.477045e+01 -2.892054e+01 5.000000e-01
      vertex   3.467416e+01 -2.896869e+01 5.000000e-01
    endloop
  endfacet
  facet normal -2.453744e-01 9.694284e-01 0.000000e+00
    outer loop
      vertex   3.467416e+01 -2.896869e+01 2.500000e+00
      vertex   3.467416e+01 -2.896869e+01 5.000000e-01
      vertex   3.456979e+01 -2.899511e+01 2.500000e+00
    endloop
  endfacet
  facet normal -2.453744e-01 9.694284e-01 0.000000e+00
    outer loop
      vertex   3.456979e+01 -2.899511e+01 2.500000e+00
      vertex   3.467416e+01 -2.896869e+01 5.000000e-01
      vertex   3.456979e+01 -2.899511e+01 5.000000e-01
    endloop
  endfacet
  facet normal 1.479442e-15 1.000000e+00 -0.000000e+00
    outer loop
      vertex   -3.700000e+01 -3.050000e+01 2.500000e+00
      vertex   -3.700000e+01 -3.050000e+01 1.800000e+01
      vertex   -3.219722e+01 -3.050000e+01 2.500000e+00
    endloop
  endfacet
  facet normal 0.000000e+00 1.000000e+00 -4.584147e-16
    outer loop
      vertex   -3.219722e+01 -3.050000e+01 2.500000e+00
      vertex   -3.700000e+01 -3.050000e+01 1.800000e+01
      vertex   3.700000e+01 -3.050000e+01 1.800000e+01
    endloop
  endfacet
  facet normal 0.000000e+00 1.000000e+00 -4.584147e-16
    outer loop
      vertex   -3.219722e+01 -3.050000e+01 2.500000e+00
      vertex   3.700000e+01 -3.050000e+01 1.800000e+01
      vertex   3.219722e+01 -3.050000e+01 2.500000e+00
    endloop
  endfacet
  facet normal -1.479442e-15 1.000000e+00 0.000000e+00
    outer loop
      vertex   3.219722e+01 -3.050000e+01 2.500000e+00
      vertex   3.700000e+01 -3.050000e+01 1.800000e+01
      vertex   3.700000e+01 -3.050000e+01 2.500000e+00
    endloop
  endfacet
  facet normal 0.000000e+00 1.000000e+00 -0.000000e+00
    outer loop
      vertex   3.219722e+01 -3.050000e+01 0.000000e+00
      vertex   -3.219722e+01 -3.050000e+01 0.000000e+00
      vertex   3.219722e+01 -3.050000e+01 2.500000e+00
    endloop
  endfacet
  facet normal 0.000000e+00 1.000000e+00 0.000000e+00
    outer loop
      vertex   3.219722e+01 -3.050000e+01 2.500000e+00
      vertex   -3.219722e+01 -3.050000e+01 0.000000e+00
      vertex   -3.219722e+01 -3.050000e+01 2.500000e+00
    endloop
  endfacet
  facet normal 0.000000e+00 0.000000e+00 1.000000e+00
    outer loop
      vertex   -2.700000e+01 2.050000e+01 2.500000e+00
      vertex   -3.700000e+01 2.050000e+01 2.500000e+00
      vertex   -2.700000e+01 4.500000e+00 2.500000e+00
    endloop
  endfacet
  facet normal 0.000000e+00 0.000000e+00 1.000000e+00
    outer loop
      vertex   -2.700000e+01 4.500000e+00 2.500000e+00
      vertex   -3.700000e+01 2.050000e+01 2.500000e+00
      vertex   -3.700000e+01 4.500000e+00 2.500000e+00
    endloop
  endfacet
  facet normal -9.945219e-01 -1.045285e-01 0.000000e+00
    outer loop
      vertex   -3.743444e+01 -2.912374e+01 -2.000000e+00
      vertex   -3.743444e+01 -2.912374e+01 0.000000e+00
      vertex   -3.750000e+01 -2.850000e+01 -2.000000e+00
    endloop
  endfacet
  facet normal -9.945219e-01 -1.045285e-01 0.000000e+00
    outer loop
      vertex   -3.750000e+01 -2.850000e+01 -2.000000e+00
      vertex   -3.743444e+01 -2.912374e+01 0.000000e+00
      vertex   -3.750000e+01 -2.850000e+01 0.000000e+00
    endloop
  endfacet
  facet normal -9.945219e-01 1.045285e-01 0.000000e+00
    outer loop
      vertex   -3.750000e+01 -2.850000e+01 -2.000000e+00
      vertex   -3.750000e+01 -2.850000e+01 0.000000e+00
      vertex   -3.743444e+01 -2.787626e+01 -2.000000e+00
    endloop
  endfacet
  facet normal -9.945219e-01 1.045285e-01 0.000000e+00
    outer loop
      vertex   -3.743444e+01 -2.787626e+01 -2.000000e+00
      vertex   -3.750000e+01 -2.850000e+01 0.000000e+00
      vertex   -3.743444e+01 -2.787626e+01 0.000000e+00
    endloop
  endfacet
  facet normal -9.510565e-01 3.090170e-01 0.000000e+00
    outer loop
      vertex   -3.743444e+01 -2.787626e+01 -2.000000e+00
      vertex   -3.743444e+01 -2.787626e+01 0.000000e+00
      vertex   -3.724064e+01 -2.727979e+01 -2.000000e+00
    endloop
  endfacet
  facet normal -9.510565e-01 3.090170e-01 0.000000e+00
    outer loop
      vertex   -3.724064e+01 -2.727979e+01 -2.000000e+00
      vertex   -3.743444e+01 -2.787626e+01 0.000000e+00
      vertex   -3.724064e+01 -2.727979e+01 0.000000e+00
    endloop
  endfacet
  facet normal -8.660254e-01 5.000000e-01 0.000000e+00
    outer loop
      vertex   -3.724064e+01 -2.727979e+01 -2.000000e+00
      vertex   -3.724064e+01 -2.727979e+01 0.000000e+00
      vertex   -3.692705e+01 -2.673664e+01 -2.000000e+00
    endloop
  endfacet
  facet normal -8.660254e-01 5.000000e-01 0.000000e+00
    outer loop
      vertex   -3.692705e+01 -2.673664e+01 -2.000000e+00
      vertex   -3.724064e+01 -2.727979e+01 0.000000e+00
      vertex   -3.692705e+01 -2.673664e+01 0.000000e+00
    endloop
  endfacet
  facet normal -7.431448e-01 6.691306e-01 0.000000e+00
    outer loop
      vertex   -3.692705e+01 -2.673664e+01 -2.000000e+00
      vertex   -3.692705e+01 -2.673664e+01 0.000000e+00
      vertex   -3.650739e+01 -2.627057e+01 -2.000000e+00
    endloop
  endfacet
  facet normal -7.431448e-01 6.691306e-01 -1.188615e-15
    outer loop
      vertex   -3.650739e+01 -2.627057e+01 -2.000000e+00
      vertex   -3.692705e+01 -2.673664e+01 0.000000e+00
      vertex   -3.650739e+01 -2.627057e+01 0.000000e+00
    endloop
  endfacet
  facet normal -5.877853e-01 8.090170e-01 -1.437103e-15
    outer loop
      vertex   -3.650739e+01 -2.627057e+01 -2.000000e+00
      vertex   -3.650739e+01 -2.627057e+01 0.000000e+00
      vertex   -3.600000e+01 -2.590192e+01 -2.000000e+00
    endloop
  endfacet
  facet normal -5.877853e-01 8.090170e-01 0.000000e+00
    outer loop
      vertex   -3.600000e+01 -2.590192e+01 -2.000000e+00
      vertex   -3.650739e+01 -2.627057e+01 0.000000e+00
      vertex   -3.600000e+01 -2.590192e+01 0.000000e+00
    endloop
  endfacet
  facet normal -4.067366e-01 9.135455e-01 0.000000e+00
    outer loop
      vertex   -3.600000e+01 -2.590192e+01 -2.000000e+00
      vertex   -3.600000e+01 -2.590192e+01 0.000000e+00
      vertex   -3.542705e+01 -2.564683e+01 -2.000000e+00
    endloop
  endfacet
  facet normal -4.067366e-01 9.135455e-01 0.000000e+00
    outer loop
      vertex   -3.542705e+01 -2.564683e+01 -2.000000e+00
      vertex   -3.600000e+01 -2.590192e+01 0.000000e+00
      vertex   -3.542705e+01 -2.564683e+01 0.000000e+00
    endloop
  endfacet
  facet normal -2.079117e-01 9.781476e-01 0.000000e+00
    outer loop
      vertex   -3.542705e+01 -2.564683e+01 -2.000000e+00
      vertex   -3.542705e+01 -2.564683e+01 0.000000e+00
      vertex   -3.481359e+01 -2.551643e+01 -2.000000e+00
    endloop
  endfacet
  facet normal -2.079117e-01 9.781476e-01 0.000000e+00
    outer loop
      vertex   -3.481359e+01 -2.551643e+01 -2.000000e+00
      vertex   -3.542705e+01 -2.564683e+01 0.000000e+00
      vertex   -3.481359e+01 -2.551643e+01 0.000000e+00
    endloop
  endfacet
  facet normal 0.000000e+00 1.000000e+00 0.000000e+00
    outer loop
      vertex   -3.481359e+01 -2.551643e+01 -2.000000e+00
      vertex   -3.481359e+01 -2.551643e+01 0.000000e+00
      vertex   -3.418641e+01 -2.551643e+01 -2.000000e+00
    endloop
  endfacet
  facet normal 0.000000e+00 1.000000e+00 -0.000000e+00
    outer loop
      vertex   -3.418641e+01 -2.551643e+01 -2.000000e+00
      vertex   -3.481359e+01 -2.551643e+01 0.000000e+00
      vertex   -3.418641e+01 -2.551643e+01 0.000000e+00
    endloop
  endfacet
  facet normal 2.079117e-01 9.781476e-01 -0.000000e+00
    outer loop
      vertex   -3.418641e+01 -2.551643e+01 -2.000000e+00
      vertex   -3.418641e+01 -2.551643e+01 0.000000e+00
      vertex   -3.357295e+01 -2.564683e+01 -2.000000e+00
    endloop
  endfacet
  facet normal 2.079117e-01 9.781476e-01 -0.000000e+00
    outer loop
      vertex   -3.357295e+01 -2.564683e+01 -2.000000e+00
      vertex   -3.418641e+01 -2.551643e+01 0.000000e+00
      vertex   -3.357295e+01 -2.564683e+01 0.000000e+00
    endloop
  endfacet
  facet normal 4.067366e-01 9.135455e-01 -0.000000e+00
    outer loop
      vertex   -3.357295e+01 -2.564683e+01 -2.000000e+00
      vertex   -3.357295e+01 -2.564683e+01 0.000000e+00
      vertex   -3.300000e+01 -2.590192e+01 -2.000000e+00
    endloop
  endfacet
  facet normal 4.067366e-01 9.135455e-01 -0.000000e+00
    outer loop
      vertex   -3.300000e+01 -2.590192e+01 -2.000000e+00
      vertex   -3.357295e+01 -2.564683e+01 0.000000e+00
      vertex   -3.300000e+01 -2.590192e+01 0.000000e+00
    endloop
  endfacet
  facet normal 5.877853e-01 8.090170e-01 -0.000000e+00
    outer loop
      vertex   -3.300000e+01 -2.590192e+01 -2.000000e+00
      vertex   -3.300000e+01 -2.590192e+01 0.000000e+00
      vertex   -3.249261e+01 -2.627057e+01 -2.000000e+00
    endloop
  endfacet
  facet normal 5.877853e-01 8.090170e-01 -0.000000e+00
    outer loop
      vertex   -3.249261e+01 -2.627057e+01 -2.000000e+00
      vertex   -3.300000e+01 -2.590192e+01 0.000000e+00
      vertex   -3.249261e+01 -2.627057e+01 0.000000e+00
    endloop
  endfacet
  facet normal 7.431448e-01 6.691306e-01 -0.000000e+00
    outer loop
      vertex   -3.249261e+01 -2.627057e+01 -2.000000e+00
      vertex   -3.249261e+01 -2.627057e+01 0.000000e+00
      vertex   -3.207295e+01 -2.673664e+01 -2.000000e+00
    endloop
  endfacet
  facet normal 7.431448e-01 6.691306e-01 -0.000000e+00
    outer loop
      vertex   -3.207295e+01 -2.673664e+01 -2.000000e+00
      vertex   -3.249261e+01 -2.627057e+01 0.000000e+00
      vertex   -3.207295e+01 -2.673664e+01 0.000000e+00
    endloop
  endfacet
  facet normal 8.660254e-01 5.000000e-01 -0.000000e+00
    outer loop
      vertex   -3.207295e+01 -2.673664e+01 -2.000000e+00
      vertex   -3.207295e+01 -2.673664e+01 0.000000e+00
      vertex   -3.175936e+01 -2.727979e+01 -2.000000e+00
    endloop
  endfacet
  facet normal 8.660254e-01 5.000000e-01 -0.000000e+00
    outer loop
      vertex   -3.175936e+01 -2.727979e+01 -2.000000e+00
      vertex   -3.207295e+01 -2.673664e+01 0.000000e+00
      vertex   -3.175936e+01 -2.727979e+01 0.000000e+00
    endloop
  endfacet
  facet normal 9.510565e-01 3.090170e-01 -0.000000e+00
    outer loop
      vertex   -3.175936e+01 -2.727979e+01 -2.000000e+00
      vertex   -3.175936e+01 -2.727979e+01 0.000000e+00
      vertex   -3.156556e+01 -2.787626e+01 -2.000000e+00
    endloop
  endfacet
  facet normal 9.510565e-01 3.090170e-01 5.489245e-16
    outer loop
      vertex   -3.156556e+01 -2.787626e+01 -2.000000e+00
      vertex   -3.175936e+01 -2.727979e+01 0.000000e+00
      vertex   -3.156556e+01 -2.787626e+01 0.000000e+00
    endloop
  endfacet
  facet normal 9.945219e-01 1.045285e-01 1.856799e-16
    outer loop
      vertex   -3.156556e+01 -2.787626e+01 -2.000000e+00
      vertex   -3.156556e+01 -2.787626e+01 0.000000e+00
      vertex   -3.150000e+01 -2.850000e+01 -2.000000e+00
    endloop
  endfacet
  facet normal 9.945219e-01 1.045285e-01 -0.000000e+00
    outer loop
      vertex   -3.150000e+01 -2.850000e+01 -2.000000e+00
      vertex   -3.156556e+01 -2.787626e+01 0.000000e+00
      vertex   -3.150000e+01 -2.850000e+01 0.000000e+00
    endloop
  endfacet
  facet normal 9.945219e-01 -1.045285e-01 0.000000e+00
    outer loop
      vertex   -3.150000e+01 -2.850000e+01 -2.000000e+00
      vertex   -3.150000e+01 -2.850000e+01 0.000000e+00
      vertex   -3.156556e+01 -2.912374e+01 -2.000000e+00
    endloop
  endfacet
  facet normal 9.945219e-01 -1.045285e-01 -1.856799e-16
    outer loop
      vertex   -3.156556e+01 -2.912374e+01 -2.000000e+00
      vertex   -3.150000e+01 -2.850000e+01 0.000000e+00
      vertex   -3.156556e+01 -2.912374e+01 0.000000e+00
    endloop
  endfacet
  facet normal 9.510565e-01 -3.090170e-01 -5.489245e-16
    outer loop
      vertex   -3.156556e+01 -2.912374e+01 -2.000000e+00
      vertex   -3.156556e+01 -2.912374e+01 0.000000e+00
      vertex   -3.175936e+01 -2.972021e+01 -2.000000e+00
    endloop
  endfacet
  facet normal 9.510565e-01 -3.090170e-01 0.000000e+00
    outer loop
      vertex   -3.175936e+01 -2.972021e+01 -2.000000e+00
      vertex   -3.156556e+01 -2.912374e+01 0.000000e+00
      vertex   -3.175936e+01 -2.972021e+01 0.000000e+00
    endloop
  endfacet
  facet normal 8.660254e-01 -5.000000e-01 0.000000e+00
    outer loop
      vertex   -3.175936e+01 -2.972021e+01 -2.000000e+00
      vertex   -3.175936e+01 -2.972021e+01 0.000000e+00
      vertex   -3.207295e+01 -3.026336e+01 -2.000000e+00
    endloop
  endfacet
  facet normal 8.660254e-01 -5.000000e-01 0.000000e+00
    outer loop
      vertex   -3.207295e+01 -3.026336e+01 -2.000000e+00
      vertex   -3.175936e+01 -2.972021e+01 0.000000e+00
      vertex   -3.207295e+01 -3.026336e+01 0.000000e+00
    endloop
  endfacet
  facet normal 7.431448e-01 -6.691306e-01 0.000000e+00
    outer loop
      vertex   -3.207295e+01 -3.026336e+01 -2.000000e+00
      vertex   -3.207295e+01 -3.026336e+01 0.000000e+00
      vertex   -3.249261e+01 -3.072943e+01 -2.000000e+00
    endloop
  endfacet
  facet normal 7.431448e-01 -6.691306e-01 0.000000e+00
    outer loop
      vertex   -3.249261e+01 -3.072943e+01 -2.000000e+00
      vertex   -3.207295e+01 -3.026336e+01 0.000000e+00
      vertex   -3.249261e+01 -3.072943e+01 0.000000e+00
    endloop
  endfacet
  facet normal 5.877853e-01 -8.090170e-01 0.000000e+00
    outer loop
      vertex   -3.249261e+01 -3.072943e+01 -2.000000e+00
      vertex   -3.249261e+01 -3.072943e+01 0.000000e+00
      vertex   -3.300000e+01 -3.109808e+01 -2.000000e+00
    endloop
  endfacet
  facet normal 5.877853e-01 -8.090170e-01 0.000000e+00
    outer loop
      vertex   -3.300000e+01 -3.109808e+01 -2.000000e+00
      vertex   -3.249261e+01 -3.072943e+01 0.000000e+00
      vertex   -3.300000e+01 -3.109808e+01 0.000000e+00
    endloop
  endfacet
  facet normal 4.067366e-01 -9.135455e-01 0.000000e+00
    outer loop
      vertex   -3.300000e+01 -3.109808e+01 -2.000000e+00
      vertex   -3.300000e+01 -3.109808e+01 0.000000e+00
      vertex   -3.357295e+01 -3.135317e+01 -2.000000e+00
    endloop
  endfacet
  facet normal 4.067366e-01 -9.135455e-01 0.000000e+00
    outer loop
      vertex   -3.357295e+01 -3.135317e+01 -2.000000e+00
      vertex   -3.300000e+01 -3.109808e+01 0.000000e+00
      vertex   -3.357295e+01 -3.135317e+01 0.000000e+00
    endloop
  endfacet
  facet normal 2.079117e-01 -9.781476e-01 0.000000e+00
    outer loop
      vertex   -3.357295e+01 -3.135317e+01 -2.000000e+00
      vertex   -3.357295e+01 -3.135317e+01 0.000000e+00
      vertex   -3.418641e+01 -3.148357e+01 -2.000000e+00
    endloop
  endfacet
  facet normal 2.079117e-01 -9.781476e-01 0.000000e+00
    outer loop
      vertex   -3.418641e+01 -3.148357e+01 -2.000000e+00
      vertex   -3.357295e+01 -3.135317e+01 0.000000e+00
      vertex   -3.418641e+01 -3.148357e+01 0.000000e+00
    endloop
  endfacet
  facet normal 0.000000e+00 -1.000000e+00 0.000000e+00
    outer loop
      vertex   -3.418641e+01 -3.148357e+01 -2.000000e+00
      vertex   -3.418641e+01 -3.148357e+01 0.000000e+00
      vertex   -3.481359e+01 -3.148357e+01 -2.000000e+00
    endloop
  endfacet
  facet normal 0.000000e+00 -1.000000e+00 0.000000e+00
    outer loop
      vertex   -3.481359e+01 -3.148357e+01 -2.000000e+00
      vertex   -3.418641e+01 -3.148357e+01 0.000000e+00
      vertex   -3.481359e+01 -3.148357e+01 0.000000e+00
    endloop
  endfacet
  facet normal -2.079117e-01 -9.781476e-01 0.000000e+00
    outer loop
      vertex   -3.481359e+01 -3.148357e+01 -2.000000e+00
      vertex   -3.481359e+01 -3.148357e+01 0.000000e+00
      vertex   -3.542705e+01 -3.135317e+01 -2.000000e+00
    endloop
  endfacet
  facet normal -2.079117e-01 -9.781476e-01 0.000000e+00
    outer loop
      vertex   -3.542705e+01 -3.135317e+01 -2.000000e+00
      vertex   -3.481359e+01 -3.148357e+01 0.000000e+00
      vertex   -3.542705e+01 -3.135317e+01 0.000000e+00
    endloop
  endfacet
  facet normal -4.067366e-01 -9.135455e-01 0.000000e+00
    outer loop
      vertex   -3.542705e+01 -3.135317e+01 -2.000000e+00
      vertex   -3.542705e+01 -3.135317e+01 0.000000e+00
      vertex   -3.600000e+01 -3.109808e+01 -2.000000e+00
    endloop
  endfacet
  facet normal -4.067366e-01 -9.135455e-01 0.000000e+00
    outer loop
      vertex   -3.600000e+01 -3.109808e+01 -2.000000e+00
      vertex   -3.542705e+01 -3.135317e+01 0.000000e+00
      vertex   -3.600000e+01 -3.109808e+01 0.000000e+00
    endloop
  endfacet
  facet normal -5.877853e-01 -8.090170e-01 0.000000e+00
    outer loop
      vertex   -3.600000e+01 -3.109808e+01 -2.000000e+00
      vertex   -3.600000e+01 -3.109808e+01 0.000000e+00
      vertex   -3.650739e+01 -3.072943e+01 -2.000000e+00
    endloop
  endfacet
  facet normal -5.877853e-01 -8.090170e-01 1.437103e-15
    outer loop
      vertex   -3.650739e+01 -3.072943e+01 -2.000000e+00
      vertex   -3.600000e+01 -3.109808e+01 0.000000e+00
      vertex   -3.650739e+01 -3.072943e+01 0.000000e+00
    endloop
  endfacet
  facet normal -7.431448e-01 -6.691306e-01 1.188615e-15
    outer loop
      vertex   -3.650739e+01 -3.072943e+01 -2.000000e+00
      vertex   -3.650739e+01 -3.072943e+01 0.000000e+00
      vertex   -3.692705e+01 -3.026336e+01 -2.000000e+00
    endloop
  endfacet
  facet normal -7.431448e-01 -6.691306e-01 0.000000e+00
    outer loop
      vertex   -3.692705e+01 -3.026336e+01 -2.000000e+00
      vertex   -3.650739e+01 -3.072943e+01 0.000000e+00
      vertex   -3.692705e+01 -3.026336e+01 0.000000e+00
    endloop
  endfacet
  facet normal -8.660254e-01 -5.000000e-01 0.000000e+00
    outer loop
      vertex   -3.692705e+01 -3.026336e+01 -2.000000e+00
      vertex   -3.692705e+01 -3.026336e+01 0.000000e+00
      vertex   -3.724064e+01 -2.972021e+01 -2.000000e+00
    endloop
  endfacet
  facet normal -8.660254e-01 -5.000000e-01 0.000000e+00
    outer loop
      vertex   -3.724064e+01 -2.972021e+01 -2.000000e+00
      vertex   -3.692705e+01 -3.026336e+01 0.000000e+00
      vertex   -3.724064e+01 -2.972021e+01 0.000000e+00
    endloop
  endfacet
  facet normal -9.510565e-01 -3.090170e-01 0.000000e+00
    outer loop
      vertex   -3.724064e+01 -2.972021e+01 -2.000000e+00
      vertex   -3.724064e+01 -2.972021e+01 0.000000e+00
      vertex   -3.743444e+01 -2.912374e+01 -2.000000e+00
    endloop
  endfacet
  facet normal -9.510565e-01 -3.090170e-01 0.000000e+00
    outer loop
      vertex   -3.743444e+01 -2.912374e+01 -2.000000e+00
      vertex   -3.724064e+01 -2.972021e+01 0.000000e+00
      vertex   -3.743444e+01 -2.912374e+01 0.000000e+00
    endloop
  endfacet
  facet normal 0.000000e+00 -0.000000e+00 -1.000000e+00
    outer loop
      vertex   -3.743444e+01 -2.787626e+01 -2.000000e+00
      vertex   -3.156556e+01 -2.787626e+01 -2.000000e+00
      vertex   -3.750000e+01 -2.850000e+01 -2.000000e+00
    endloop
  endfacet
  facet normal 0.000000e+00 0.000000e+00 -1.000000e+00
    outer loop
      vertex   -3.750000e+01 -2.850000e+01 -2.000000e+00
      vertex   -3.156556e+01 -2.787626e+01 -2.000000e+00
      vertex   -3.150000e+01 -2.850000e+01 -2.000000e+00
    endloop
  endfacet
  facet normal 0.000000e+00 0.000000e+00 -1.000000e+00
    outer loop
      vertex   -3.750000e+01 -2.850000e+01 -2.000000e+00
      vertex   -3.150000e+01 -2.850000e+01 -2.000000e+00
      vertex   -3.743444e+01 -2.912374e+01 -2.000000e+00
    endloop
  endfacet
  facet normal 0.000000e+00 0.000000e+00 -1.000000e+00
    outer loop
      vertex   -3.743444e+01 -2.912374e+01 -2.000000e+00
      vertex   -3.150000e+01 -2.850000e+01 -2.000000e+00
      vertex   -3.156556e+01 -2.912374e+01 -2.000000e+00
    endloop
  endfacet
  facet normal 0.000000e+00 0.000000e+00 -1.000000e+00
    outer loop
      vertex   -3.743444e+01 -2.912374e+01 -2.000000e+00
      vertex   -3.156556e+01 -2.912374e+01 -2.000000e+00
      vertex   -3.724064e+01 -2.972021e+01 -2.000000e+00
    endloop
  endfacet
  facet normal 0.000000e+00 0.000000e+00 -1.000000e+00
    outer loop
      vertex   -3.724064e+01 -2.972021e+01 -2.000000e+00
      vertex   -3.156556e+01 -2.912374e+01 -2.000000e+00
      vertex   -3.175936e+01 -2.972021e+01 -2.000000e+00
    endloop
  endfacet
  facet normal 0.000000e+00 0.000000e+00 -1.000000e+00
    outer loop
      vertex   -3.724064e+01 -2.972021e+01 -2.000000e+00
      vertex   -3.175936e+01 -2.972021e+01 -2.000000e+00
      vertex   -3.692705e+01 -3.026336e+01 -2.000000e+00
    endloop
  endfacet
  facet normal 0.000000e+00 0.000000e+00 -1.000000e+00
    outer loop
      vertex   -3.692705e+01 -3.026336e+01 -2.000000e+00
      vertex   -3.175936e+01 -2.972021e+01 -2.000000e+00
      vertex   -3.207295e+01 -3.026336e+01 -2.000000e+00
    endloop
  endfacet
  facet normal 0.000000e+00 0.000000e+00 -1.000000e+00
    outer loop
      vertex   -3.692705e+01 -3.026336e+01 -2.000000e+00
      vertex   -3.207295e+01 -3.026336e+01 -2.000000e+00
      vertex   -3.650739e+01 -3.072943e+01 -2.000000e+00
    endloop
  endfacet
  facet normal 0.000000e+00 0.000000e+00 -1.000000e+00
    outer loop
      vertex   -3.650739e+01 -3.072943e+01 -2.000000e+00
      vertex   -3.207295e+01 -3.026336e+01 -2.000000e+00
      vertex   -3.249261e+01 -3.072943e+01 -2.000000e+00
    endloop
  endfacet
  facet normal 0.000000e+00 0.000000e+00 -1.000000e+00
    outer loop
      vertex   -3.650739e+01 -3.072943e+01 -2.000000e+00
      vertex   -3.249261e+01 -3.072943e+01 -2.000000e+00
      vertex   -3.600000e+01 -3.109808e+01 -2.000000e+00
    endloop
  endfacet
  facet normal 0.000000e+00 0.000000e+00 -1.000000e+00
    outer loop
      vertex   -3.600000e+01 -3.109808e+01 -2.000000e+00
      vertex   -3.249261e+01 -3.072943e+01 -2.000000e+00
      vertex   -3.300000e+01 -3.109808e+01 -2.000000e+00
    endloop
  endfacet
  facet normal 0.000000e+00 0.000000e+00 -1.000000e+00
    outer loop
      vertex   -3.600000e+01 -3.109808e+01 -2.000000e+00
      vertex   -3.300000e+01 -3.109808e+01 -2.000000e+00
      vertex   -3.542705e+01 -3.135317e+01 -2.000000e+00
    endloop
  endfacet
  facet normal 0.000000e+00 0.000000e+00 -1.000000e+00
    outer loop
      vertex   -3.542705e+01 -3.135317e+01 -2.000000e+00
      vertex   -3.300000e+01 -3.109808e+01 -2.000000e+00
      vertex   -3.357295e+01 -3.135317e+01 -2.000000e+00
    endloop
  endfacet
  facet normal 0.000000e+00 0.000000e+00 -1.000000e+00
    outer loop
      vertex   -3.542705e+01 -3.135317e+01 -2.000000e+00
      vertex   -3.357295e+01 -3.135317e+01 -2.000000e+00
      vertex   -3.481359e+01 -3.148357e+01 -2.000000e+00
    endloop
  endfacet
  facet normal 0.000000e+00 0.000000e+00 -1.000000e+00
    outer loop
      vertex   -3.481359e+01 -3.148357e+01 -2.000000e+00
      vertex   -3.357295e+01 -3.135317e+01 -2.000000e+00
      vertex   -3.418641e+01 -3.148357e+01 -2.000000e+00
    endloop
  endfacet
  facet normal 0.000000e+00 0.000000e+00 -1.000000e+00
    outer loop
      vertex   -3.156556e+01 -2.787626e+01 -2.000000e+00
      vertex   -3.743444e+01 -2.787626e+01 -2.000000e+00
      vertex   -3.175936e+01 -2.727979e+01 -2.000000e+00
    endloop
  endfacet
  facet normal -0.000000e+00 0.000000e+00 -1.000000e+00
    outer loop
      vertex   -3.175936e+01 -2.727979e+01 -2.000000e+00
      vertex   -3.743444e+01 -2.787626e+01 -2.000000e+00
      vertex   -3.724064e+01 -2.727979e+01 -2.000000e+00
    endloop
  endfacet
  facet normal 0.000000e+00 0.000000e+00 -1.000000e+00
    outer loop
      vertex   -3.175936e+01 -2.727979e+01 -2.000000e+00
      vertex   -3.724064e+01 -2.727979e+01 -2.000000e+00
      vertex   -3.207295e+01 -2.673664e+01 -2.000000e+00
    endloop
  endfacet
  facet normal -0.000000e+00 0.000000e+00 -1.000000e+00
    outer loop
      vertex   -3.207295e+01 -2.673664e+01 -2.000000e+00
      vertex   -3.724064e+01 -2.727979e+01 -2.000000e+00
      vertex   -3.692705e+01 -2.673664e+01 -2.000000e+00
    endloop
  endfacet
  facet normal 0.000000e+00 0.000000e+00 -1.000000e+00
    outer loop
      vertex   -3.207295e+01 -2.673664e+01 -2.000000e+00
      vertex   -3.692705e+01 -2.673664e+01 -2.000000e+00
      vertex   -3.249261e+01 -2.627057e+01 -2.000000e+00
    endloop
  endfacet
  facet normal -0.000000e+00 0.000000e+00 -1.000000e+00
    outer loop
      vertex   -3.249261e+01 -2.627057e+01 -2.000000e+00
      vertex   -3.692705e+01 -2.673664e+01 -2.000000e+00
      vertex   -3.650739e+01 -2.627057e+01 -2.000000e+00
    endloop
  endfacet
  facet normal 0.000000e+00 0.000000e+00 -1.000000e+00
    outer loop
      vertex   -3.249261e+01 -2.627057e+01 -2.000000e+00
      vertex   -3.650739e+01 -2.627057e+01 -2.000000e+00
      vertex   -3.300000e+01 -2.590192e+01 -2.000000e+00
    endloop
  endfacet
  facet normal -0.000000e+00 0.000000e+00 -1.000000e+00
    outer loop
      vertex   -3.300000e+01 -2.590192e+01 -2.000000e+00
      vertex   -3.650739e+01 -2.627057e+01 -2.000000e+00
      vertex   -3.600000e+01 -2.590192e+01 -2.000000e+00
    endloop
  endfacet
  facet normal 0.000000e+00 0.000000e+00 -1.000000e+00
    outer loop
      vertex   -3.300000e+01 -2.590192e+01 -2.000000e+00
      vertex   -3.600000e+01 -2.590192e+01 -2.000000e+00
      vertex   -3.357295e+01 -2.564683e+01 -2.000000e+00
    endloop
  endfacet
  facet normal -0.000000e+00 0.000000e+00 -1.000000e+00
    outer loop
      vertex   -3.357295e+01 -2.564683e+01 -2.000000e+00
      vertex   -3.600000e+01 -2.590192e+01 -2.000000e+00
      vertex   -3.542705e+01 -2.564683e+01 -2.000000e+00
    endloop
  endfacet
  facet normal 0.000000e+00 0.000000e+00 -1.000000e+00
    outer loop
      vertex   -3.357295e+01 -2.564683e+01 -2.000000e+00
      vertex   -3.542705e+01 -2.564683e+01 -2.000000e+00
      vertex   -3.418641e+01 -2.551643e+01 -2.000000e+00
    endloop
  endfacet
  facet normal -0.000000e+00 0.000000e+00 -1.000000e+00
    outer loop
      vertex   -3.418641e+01 -2.551643e+01 -2.000000e+00
      vertex   -3.542705e+01 -2.564683e+01 -2.000000e+00
      vertex   -3.481359e+01 -2.551643e+01 -2.000000e+00
    endloop
  endfacet
  facet normal -9.945219e-01 -1.045285e-01 0.000000e+00
    outer loop
      vertex   3.156556e+01 2.787626e+01 -2.000000e+00
      vertex   3.156556e+01 2.787626e+01 0.000000e+00
      vertex   3.150000e+01 2.850000e+01 -2.000000e+00
    endloop
  endfacet
  facet normal -9.945219e-01 -1.045285e-01 0.000000e+00
    outer loop
      vertex   3.150000e+01 2.850000e+01 -2.000000e+00
      vertex   3.156556e+01 2.787626e+01 0.000000e+00
      vertex   3.150000e+01 2.850000e+01 0.000000e+00
    endloop
  endfacet
  facet normal -9.945219e-01 1.045285e-01 0.000000e+00
    outer loop
      vertex   3.150000e+01 2.850000e+01 -2.000000e+00
      vertex   3.150000e+01 2.850000e+01 0.000000e+00
      vertex   3.156556e+01 2.912374e+01 -2.000000e+00
    endloop
  endfacet
  facet normal -9.945219e-01 1.045285e-01 0.000000e+00
    outer loop
      vertex   3.156556e+01 2.912374e+01 -2.000000e+00
      vertex   3.150000e+01 2.850000e+01 0.000000e+00
      vertex   3.156556e+01 2.912374e+01 0.000000e+00
    endloop
  endfacet
  facet normal -9.510565e-01 3.090170e-01 0.000000e+00
    outer loop
      vertex   3.156556e+01 2.912374e+01 -2.000000e+00
      vertex   3.156556e+01 2.912374e+01 0.000000e+00
      vertex   3.175936e+01 2.972021e+01 -2.000000e+00
    endloop
  endfacet
  facet normal -9.510565e-01 3.090170e-01 0.000000e+00
    outer loop
      vertex   3.175936e+01 2.972021e+01 -2.000000e+00
      vertex   3.156556e+01 2.912374e+01 0.000000e+00
      vertex   3.175936e+01 2.972021e+01 0.000000e+00
    endloop
  endfacet
  facet normal -8.660254e-01 5.000000e-01 0.000000e+00
    outer loop
      vertex   3.175936e+01 2.972021e+01 -2.000000e+00
      vertex   3.175936e+01 2.972021e+01 0.000000e+00
      vertex   3.207295e+01 3.026336e+01 -2.000000e+00
    endloop
  endfacet
  facet normal -8.660254e-01 5.000000e-01 0.000000e+00
    outer loop
      vertex   3.207295e+01 3.026336e+01 -2.000000e+00
      vertex   3.175936e+01 2.972021e+01 0.000000e+00
      vertex   3.207295e+01 3.026336e+01 0.000000e+00
    endloop
  endfacet
  facet normal -7.431448e-01 6.691306e-01 0.000000e+00
    outer loop
      vertex   3.207295e+01 3.026336e+01 -2.000000e+00
      vertex   3.207295e+01 3.026336e+01 0.000000e+00
      vertex   3.249261e+01 3.072943e+01 -2.000000e+00
    endloop
  endfacet
  facet normal -7.431448e-01 6.691306e-01 -1.188615e-15
    outer loop
      vertex   3.249261e+01 3.072943e+01 -2.000000e+00
      vertex   3.207295e+01 3.026336e+01 0.000000e+00
      vertex   3.249261e+01 3.072943e+01 0.000000e+00
    endloop
  endfacet
  facet normal -5.877853e-01 8.090170e-01 -1.437103e-15
    outer loop
      vertex   3.249261e+01 3.072943e+01 -2.000000e+00
      vertex   3.249261e+01 3.072943e+01 0.000000e+00
      vertex   3.300000e+01 3.109808e+01 -2.000000e+00
    endloop
  endfacet
  facet normal -5.877853e-01 8.090170e-01 0.000000e+00
    outer loop
      vertex   3.300000e+01 3.109808e+01 -2.000000e+00
      vertex   3.249261e+01 3.072943e+01 0.000000e+00
      vertex   3.300000e+01 3.109808e+01 0.000000e+00
    endloop
  endfacet
  facet normal -4.067366e-01 9.135455e-01 0.000000e+00
    outer loop
      vertex   3.300000e+01 3.109808e+01 -2.000000e+00
      vertex   3.300000e+01 3.109808e+01 0.000000e+00
      vertex   3.357295e+01 3.135317e+01 -2.000000e+00
    endloop
  endfacet
  facet normal -4.067366e-01 9.135455e-01 0.000000e+00
    outer loop
      vertex   3.357295e+01 3.135317e+01 -2.000000e+00
      vertex   3.300000e+01 3.109808e+01 0.000000e+00
      vertex   3.357295e+01 3.135317e+01 0.000000e+00
    endloop
  endfacet
  facet normal -2.079117e-01 9.781476e-01 0.000000e+00
    outer loop
      vertex   3.357295e+01 3.135317e+01 -2.000000e+00
      vertex   3.357295e+01 3.135317e+01 0.000000e+00
      vertex   3.418641e+01 3.148357e+01 -2.000000e+00
    endloop
  endfacet
  facet normal -2.079117e-01 9.781476e-01 0.000000e+00
    outer loop
      vertex   3.418641e+01 3.148357e+01 -2.000000e+00
      vertex   3.357295e+01 3.135317e+01 0.000000e+00
      vertex   3.418641e+01 3.148357e+01 0.000000e+00
    endloop
  endfacet
  facet normal 0.000000e+00 1.000000e+00 0.000000e+00
    outer loop
      vertex   3.418641e+01 3.148357e+01 -2.000000e+00
      vertex   3.418641e+01 3.148357e+01 0.000000e+00
      vertex   3.481359e+01 3.148357e+01 -2.000000e+00
    endloop
  endfacet
  facet normal 0.000000e+00 1.000000e+00 -0.000000e+00
    outer loop
      vertex   3.481359e+01 3.148357e+01 -2.000000e+00
      vertex   3.418641e+01 3.148357e+01 0.000000e+00
      vertex   3.481359e+01 3.148357e+01 0.000000e+00
    endloop
  endfacet
  facet normal 2.079117e-01 9.781476e-01 -7.386507e-16
    outer loop
      vertex   3.481359e+01 3.148357e+01 -2.000000e+00
      vertex   3.481359e+01 3.148357e+01 0.000000e+00
      vertex   3.542705e+01 3.135317e+01 -2.000000e+00
    endloop
  endfacet
  facet normal 2.079117e-01 9.781476e-01 -0.000000e+00
    outer loop
      vertex   3.542705e+01 3.135317e+01 -2.000000e+00
      vertex   3.481359e+01 3.148357e+01 0.000000e+00
      vertex   3.542705e+01 3.135317e+01 0.000000e+00
    endloop
  endfacet
  facet normal 4.067366e-01 9.135455e-01 -0.000000e+00
    outer loop
      vertex   3.542705e+01 3.135317e+01 -2.000000e+00
      vertex   3.542705e+01 3.135317e+01 0.000000e+00
      vertex   3.600000e+01 3.109808e+01 -2.000000e+00
    endloop
  endfacet
  facet normal 4.067366e-01 9.135455e-01 -0.000000e+00
    outer loop
      vertex   3.600000e+01 3.109808e+01 -2.000000e+00
      vertex   3.542705e+01 3.135317e+01 0.000000e+00
      vertex   3.600000e+01 3.109808e+01 0.000000e+00
    endloop
  endfacet
  facet normal 5.877853e-01 8.090170e-01 -0.000000e+00
    outer loop
      vertex   3.600000e+01 3.109808e+01 -2.000000e+00
      vertex   3.600000e+01 3.109808e+01 0.000000e+00
      vertex   3.650739e+01 3.072943e+01 -2.000000e+00
    endloop
  endfacet
  facet normal 5.877853e-01 8.090170e-01 -0.000000e+00
    outer loop
      vertex   3.650739e+01 3.072943e+01 -2.000000e+00
      vertex   3.600000e+01 3.109808e+01 0.000000e+00
      vertex   3.650739e+01 3.072943e+01 0.000000e+00
    endloop
  endfacet
  facet normal 7.431448e-01 6.691306e-01 -0.000000e+00
    outer loop
      vertex   3.650739e+01 3.072943e+01 -2.000000e+00
      vertex   3.650739e+01 3.072943e+01 0.000000e+00
      vertex   3.692705e+01 3.026336e+01 -2.000000e+00
    endloop
  endfacet
  facet normal 7.431448e-01 6.691306e-01 -0.000000e+00
    outer loop
      vertex   3.692705e+01 3.026336e+01 -2.000000e+00
      vertex   3.650739e+01 3.072943e+01 0.000000e+00
      vertex   3.692705e+01 3.026336e+01 0.000000e+00
    endloop
  endfacet
  facet normal 8.660254e-01 5.000000e-01 -0.000000e+00
    outer loop
      vertex   3.692705e+01 3.026336e+01 -2.000000e+00
      vertex   3.692705e+01 3.026336e+01 0.000000e+00
      vertex   3.724064e+01 2.972021e+01 -2.000000e+00
    endloop
  endfacet
  facet normal 8.660254e-01 5.000000e-01 -0.000000e+00
    outer loop
      vertex   3.724064e+01 2.972021e+01 -2.000000e+00
      vertex   3.692705e+01 3.026336e+01 0.000000e+00
      vertex   3.724064e+01 2.972021e+01 0.000000e+00
    endloop
  endfacet
  facet normal 9.510565e-01 3.090170e-01 -0.000000e+00
    outer loop
      vertex   3.724064e+01 2.972021e+01 -2.000000e+00
      vertex   3.724064e+01 2.972021e+01 0.000000e+00
      vertex   3.743444e+01 2.912374e+01 -2.000000e+00
    endloop
  endfacet
  facet normal 9.510565e-01 3.090170e-01 5.489245e-16
    outer loop
      vertex   3.743444e+01 2.912374e+01 -2.000000e+00
      vertex   3.724064e+01 2.972021e+01 0.000000e+00
      vertex   3.743444e+01 2.912374e+01 0.000000e+00
    endloop
  endfacet
  facet normal 9.945219e-01 1.045285e-01 1.856799e-16
    outer loop
      vertex   3.743444e+01 2.912374e+01 -2.000000e+00
      vertex   3.743444e+01 2.912374e+01 0.000000e+00
      vertex   3.750000e+01 2.850000e+01 -2.000000e+00
    endloop
  endfacet
  facet normal 9.945219e-01 1.045285e-01 -0.000000e+00
    outer loop
      vertex   3.750000e+01 2.850000e+01 -2.000000e+00
      vertex   3.743444e+01 2.912374e+01 0.000000e+00
      vertex   3.750000e+01 2.850000e+01 0.000000e+00
    endloop
  endfacet
  facet normal 9.945219e-01 -1.045285e-01 0.000000e+00
    outer loop
      vertex   3.750000e+01 2.850000e+01 -2.000000e+00
      vertex   3.750000e+01 2.850000e+01 0.000000e+00
      vertex   3.743444e+01 2.787626e+01 -2.000000e+00
    endloop
  endfacet
  facet normal 9.945219e-01 -1.045285e-01 -1.856799e-16
    outer loop
      vertex   3.743444e+01 2.787626e+01 -2.000000e+00
      vertex   3.750000e+01 2.850000e+01 0.000000e+00
      vertex   3.743444e+01 2.787626e+01 0.000000e+00
    endloop
  endfacet
  facet normal 9.510565e-01 -3.090170e-01 -5.489245e-16
    outer loop
      vertex   3.743444e+01 2.787626e+01 -2.000000e+00
      vertex   3.743444e+01 2.787626e+01 0.000000e+00
      vertex   3.724064e+01 2.727979e+01 -2.000000e+00
    endloop
  endfacet
  facet normal 9.510565e-01 -3.090170e-01 0.000000e+00
    outer loop
      vertex   3.724064e+01 2.727979e+01 -2.000000e+00
      vertex   3.743444e+01 2.787626e+01 0.000000e+00
      vertex   3.724064e+01 2.727979e+01 0.000000e+00
    endloop
  endfacet
  facet normal 8.660254e-01 -5.000000e-01 0.000000e+00
    outer loop
      vertex   3.724064e+01 2.727979e+01 -2.000000e+00
      vertex   3.724064e+01 2.727979e+01 0.000000e+00
      vertex   3.692705e+01 2.673664e+01 -2.000000e+00
    endloop
  endfacet
  facet normal 8.660254e-01 -5.000000e-01 0.000000e+00
    outer loop
      vertex   3.692705e+01 2.673664e+01 -2.000000e+00
      vertex   3.724064e+01 2.727979e+01 0.000000e+00
      vertex   3.692705e+01 2.673664e+01 0.000000e+00
    endloop
  endfacet
  facet normal 7.431448e-01 -6.691306e-01 0.000000e+00
    outer loop
      vertex   3.692705e+01 2.673664e+01 -2.000000e+00
      vertex   3.692705e+01 2.673664e+01 0.000000e+00
      vertex   3.650739e+01 2.627057e+01 -2.000000e+00
    endloop
  endfacet
  facet normal 7.431448e-01 -6.691306e-01 0.000000e+00
    outer loop
      vertex   3.650739e+01 2.627057e+01 -2.000000e+00
      vertex   3.692705e+01 2.673664e+01 0.000000e+00
      vertex   3.650739e+01 2.627057e+01 0.000000e+00
    endloop
  endfacet
  facet normal 5.877853e-01 -8.090170e-01 0.000000e+00
    outer loop
      vertex   3.650739e+01 2.627057e+01 -2.000000e+00
      vertex   3.650739e+01 2.627057e+01 0.000000e+00
      vertex   3.600000e+01 2.590192e+01 -2.000000e+00
    endloop
  endfacet
  facet normal 5.877853e-01 -8.090170e-01 0.000000e+00
    outer loop
      vertex   3.600000e+01 2.590192e+01 -2.000000e+00
      vertex   3.650739e+01 2.627057e+01 0.000000e+00
      vertex   3.600000e+01 2.590192e+01 0.000000e+00
    endloop
  endfacet
  facet normal 4.067366e-01 -9.135455e-01 0.000000e+00
    outer loop
      vertex   3.600000e+01 2.590192e+01 -2.000000e+00
      vertex   3.600000e+01 2.590192e+01 0.000000e+00
      vertex   3.542705e+01 2.564683e+01 -2.000000e+00
    endloop
  endfacet
  facet normal 4.067366e-01 -9.135455e-01 0.000000e+00
    outer loop
      vertex   3.542705e+01 2.564683e+01 -2.000000e+00
      vertex   3.600000e+01 2.590192e+01 0.000000e+00
      vertex   3.542705e+01 2.564683e+01 0.000000e+00
    endloop
  endfacet
  facet normal 2.079117e-01 -9.781476e-01 0.000000e+00
    outer loop
      vertex   3.542705e+01 2.564683e+01 -2.000000e+00
      vertex   3.542705e+01 2.564683e+01 0.000000e+00
      vertex   3.481359e+01 2.551643e+01 -2.000000e+00
    endloop
  endfacet
  facet normal 2.079117e-01 -9.781476e-01 7.386507e-16
    outer loop
      vertex   3.481359e+01 2.551643e+01 -2.000000e+00
      vertex   3.542705e+01 2.564683e+01 0.000000e+00
      vertex   3.481359e+01 2.551643e+01 0.000000e+00
    endloop
  endfacet
  facet normal 0.000000e+00 -1.000000e+00 0.000000e+00
    outer loop
      vertex   3.481359e+01 2.551643e+01 -2.000000e+00
      vertex   3.481359e+01 2.551643e+01 0.000000e+00
      vertex   3.418641e+01 2.551643e+01 -2.000000e+00
    endloop
  endfacet
  facet normal 0.000000e+00 -1.000000e+00 0.000000e+00
    outer loop
      vertex   3.418641e+01 2.551643e+01 -2.000000e+00
      vertex   3.481359e+01 2.551643e+01 0.000000e+00
      vertex   3.418641e+01 2.551643e+01 0.000000e+00
    endloop
  endfacet
  facet normal -2.079117e-01 -9.781476e-01 0.000000e+00
    outer loop
      vertex   3.418641e+01 2.551643e+01 -2.000000e+00
      vertex   3.418641e+01 2.551643e+01 0.000000e+00
      vertex   3.357295e+01 2.564683e+01 -2.000000e+00
    endloop
  endfacet
  facet normal -2.079117e-01 -9.781476e-01 0.000000e+00
    outer loop
      vertex   3.357295e+01 2.564683e+01 -2.000000e+00
      vertex   3.418641e+01 2.551643e+01 0.000000e+00
      vertex   3.357295e+01 2.564683e+01 0.000000e+00
    endloop
  endfacet
  facet normal -4.067366e-01 -9.135455e-01 0.000000e+00
    outer loop
      vertex   3.357295e+01 2.564683e+01 -2.000000e+00
      vertex   3.357295e+01 2.564683e+01 0.000000e+00
      vertex   3.300000e+01 2.590192e+01 -2.000000e+00
    endloop
  endfacet
  facet normal -4.067366e-01 -9.135455e-01 0.000000e+00
    outer loop
      vertex   3.300000e+01 2.590192e+01 -2.000000e+00
      vertex   3.357295e+01 2.564683e+01 0.000000e+00
      vertex   3.300000e+01 2.590192e+01 0.000000e+00
    endloop
  endfacet
  facet normal -5.877853e-01 -8.090170e-01 0.000000e+00
    outer loop
      vertex   3.300000e+01 2.590192e+01 -2.000000e+00
      vertex   3.300000e+01 2.590192e+01 0.000000e+00
      vertex   3.249261e+01 2.627057e+01 -2.000000e+00
    endloop
  endfacet
  facet normal -5.877853e-01 -8.090170e-01 1.437103e-15
    outer loop
      vertex   3.249261e+01 2.627057e+01 -2.000000e+00
      vertex   3.300000e+01 2.590192e+01 0.000000e+00
      vertex   3.249261e+01 2.627057e+01 0.000000e+00
    endloop
  endfacet
  facet normal -7.431448e-01 -6.691306e-01 1.188615e-15
    outer loop
      vertex   3.249261e+01 2.627057e+01 -2.000000e+00
      vertex   3.249261e+01 2.627057e+01 0.000000e+00
      vertex   3.207295e+01 2.673664e+01 -2.000000e+00
    endloop
  endfacet
  facet normal -7.431448e-01 -6.691306e-01 0.000000e+00
    outer loop
      vertex   3.207295e+01 2.673664e+01 -2.000000e+00
      vertex   3.249261e+01 2.627057e+01 0.000000e+00
      vertex   3.207295e+01 2.673664e+01 0.000000e+00
    endloop
  endfacet
  facet normal -8.660254e-01 -5.000000e-01 0.000000e+00
    outer loop
      vertex   3.207295e+01 2.673664e+01 -2.000000e+00
      vertex   3.207295e+01 2.673664e+01 0.000000e+00
      vertex   3.175936e+01 2.727979e+01 -2.000000e+00
    endloop
  endfacet
  facet normal -8.660254e-01 -5.000000e-01 0.000000e+00
    outer loop
      vertex   3.175936e+01 2.727979e+01 -2.000000e+00
      vertex   3.207295e+01 2.673664e+01 0.000000e+00
      vertex   3.175936e+01 2.727979e+01 0.000000e+00
    endloop
  endfacet
  facet normal -9.510565e-01 -3.090170e-01 0.000000e+00
    outer loop
      vertex   3.175936e+01 2.727979e+01 -2.000000e+00
      vertex   3.175936e+01 2.727979e+01 0.000000e+00
      vertex   3.156556e+01 2.787626e+01 -2.000000e+00
    endloop
  endfacet
  facet normal -9.510565e-01 -3.090170e-01 0.000000e+00
    outer loop
      vertex   3.156556e+01 2.787626e+01 -2.000000e+00
      vertex   3.175936e+01 2.727979e+01 0.000000e+00
      vertex   3.156556e+01 2.787626e+01 0.000000e+00
    endloop
  endfacet
  facet normal 0.000000e+00 -0.000000e+00 -1.000000e+00
    outer loop
      vertex   3.156556e+01 2.912374e+01 -2.000000e+00
      vertex   3.743444e+01 2.912374e+01 -2.000000e+00
      vertex   3.150000e+01 2.850000e+01 -2.000000e+00
    endloop
  endfacet
  facet normal 0.000000e+00 0.000000e+00 -1.000000e+00
    outer loop
      vertex   3.150000e+01 2.850000e+01 -2.000000e+00
      vertex   3.743444e+01 2.912374e+01 -2.000000e+00
      vertex   3.750000e+01 2.850000e+01 -2.000000e+00
    endloop
  endfacet
  facet normal 0.000000e+00 0.000000e+00 -1.000000e+00
    outer loop
      vertex   3.150000e+01 2.850000e+01 -2.000000e+00
      vertex   3.750000e+01 2.850000e+01 -2.000000e+00
      vertex   3.156556e+01 2.787626e+01 -2.000000e+00
    endloop
  endfacet
  facet normal 0.000000e+00 0.000000e+00 -1.000000e+00
    outer loop
      vertex   3.156556e+01 2.787626e+01 -2.000000e+00
      vertex   3.750000e+01 2.850000e+01 -2.000000e+00
      vertex   3.743444e+01 2.787626e+01 -2.000000e+00
    endloop
  endfacet
  facet normal 0.000000e+00 0.000000e+00 -1.000000e+00
    outer loop
      vertex   3.156556e+01 2.787626e+01 -2.000000e+00
      vertex   3.743444e+01 2.787626e+01 -2.000000e+00
      vertex   3.175936e+01 2.727979e+01 -2.000000e+00
    endloop
  endfacet
  facet normal 0.000000e+00 0.000000e+00 -1.000000e+00
    outer loop
      vertex   3.175936e+01 2.727979e+01 -2.000000e+00
      vertex   3.743444e+01 2.787626e+01 -2.000000e+00
      vertex   3.724064e+01 2.727979e+01 -2.000000e+00
    endloop
  endfacet
  facet normal 0.000000e+00 0.000000e+00 -1.000000e+00
    outer loop
      vertex   3.175936e+01 2.727979e+01 -2.000000e+00
      vertex   3.724064e+01 2.727979e+01 -2.000000e+00
      vertex   3.207295e+01 2.673664e+01 -2.000000e+00
    endloop
  endfacet
  facet normal 0.000000e+00 0.000000e+00 -1.000000e+00
    outer loop
      vertex   3.207295e+01 2.673664e+01 -2.000000e+00
      vertex   3.724064e+01 2.727979e+01 -2.000000e+00
      vertex   3.692705e+01 2.673664e+01 -2.000000e+00
    endloop
  endfacet
  facet normal 0.000000e+00 0.000000e+00 -1.000000e+00
    outer loop
      vertex   3.207295e+01 2.673664e+01 -2.000000e+00
      vertex   3.692705e+01 2.673664e+01 -2.000000e+00
      vertex   3.249261e+01 2.627057e+01 -2.000000e+00
    endloop
  endfacet
  facet normal 0.000000e+00 0.000000e+00 -1.000000e+00
    outer loop
      vertex   3.249261e+01 2.627057e+01 -2.000000e+00
      vertex   3.692705e+01 2.673664e+01 -2.000000e+00
      vertex   3.650739e+01 2.627057e+01 -2.000000e+00
    endloop
  endfacet
  facet normal 0.000000e+00 0.000000e+00 -1.000000e+00
    outer loop
      vertex   3.249261e+01 2.627057e+01 -2.000000e+00
      vertex   3.650739e+01 2.627057e+01 -2.000000e+00
      vertex   3.300000e+01 2.590192e+01 -2.000000e+00
    endloop
  endfacet
  facet normal 0.000000e+00 0.000000e+00 -1.000000e+00
    outer loop
      vertex   3.300000e+01 2.590192e+01 -2.000000e+00
      vertex   3.650739e+01 2.627057e+01 -2.000000e+00
      vertex   3.600000e+01 2.590192e+01 -2.000000e+00
    endloop
  endfacet
  facet normal 0.000000e+00 0.000000e+00 -1.000000e+00
    outer loop
      vertex   3.300000e+01 2.590192e+01 -2.000000e+00
      vertex   3.600000e+01 2.590192e+01 -2.000000e+00
      vertex   3.357295e+01 2.564683e+01 -2.000000e+00
    endloop
  endfacet
  facet normal 0.000000e+00 0.000000e+00 -1.000000e+00
    outer loop
      vertex   3.357295e+01 2.564683e+01 -2.000000e+00
      vertex   3.600000e+01 2.590192e+01 -2.000000e+00
      vertex   3.542705e+01 2.564683e+01 -2.000000e+00
    endloop
  endfacet
  facet normal 0.000000e+00 0.000000e+00 -1.000000e+00
    outer loop
      vertex   3.357295e+01 2.564683e+01 -2.000000e+00
      vertex   3.542705e+01 2.564683e+01 -2.000000e+00
      vertex   3.418641e+01 2.551643e+01 -2.000000e+00
    endloop
  endfacet
  facet normal 0.000000e+00 0.000000e+00 -1.000000e+00
    outer loop
      vertex   3.418641e+01 2.551643e+01 -2.000000e+00
      vertex   3.542705e+01 2.564683e+01 -2.000000e+00
      vertex   3.481359e+01 2.551643e+01 -2.000000e+00
    endloop
  endfacet
  facet normal 0.000000e+00 0.000000e+00 -1.000000e+00
    outer loop
      vertex   3.743444e+01 2.912374e+01 -2.000000e+00
      vertex   3.156556e+01 2.912374e+01 -2.000000e+00
      vertex   3.724064e+01 2.972021e+01 -2.000000e+00
    endloop
  endfacet
  facet normal -0.000000e+00 0.000000e+00 -1.000000e+00
    outer loop
      vertex   3.724064e+01 2.972021e+01 -2.000000e+00
      vertex   3.156556e+01 2.912374e+01 -2.000000e+00
      vertex   3.175936e+01 2.972021e+01 -2.000000e+00
    endloop
  endfacet
  facet normal 0.000000e+00 0.000000e+00 -1.000000e+00
    outer loop
      vertex   3.724064e+01 2.972021e+01 -2.000000e+00
      vertex   3.175936e+01 2.972021e+01 -2.000000e+00
      vertex   3.692705e+01 3.026336e+01 -2.000000e+00
    endloop
  endfacet
  facet normal -0.000000e+00 0.000000e+00 -1.000000e+00
    outer loop
      vertex   3.692705e+01 3.026336e+01 -2.000000e+00
      vertex   3.175936e+01 2.972021e+01 -2.000000e+00
      vertex   3.207295e+01 3.026336e+01 -2.000000e+00
    endloop
  endfacet
  facet normal 0.000000e+00 0.000000e+00 -1.000000e+00
    outer loop
      vertex   3.692705e+01 3.026336e+01 -2.000000e+00
      vertex   3.207295e+01 3.026336e+01 -2.000000e+00
      vertex   3.650739e+01 3.072943e+01 -2.000000e+00
    endloop
  endfacet
  facet normal -0.000000e+00 0.000000e+00 -1.000000e+00
    outer loop
      vertex   3.650739e+01 3.072943e+01 -2.000000e+00
      vertex   3.207295e+01 3.026336e+01 -2.000000e+00
      vertex   3.249261e+01 3.072943e+01 -2.000000e+00
    endloop
  endfacet
  facet normal 0.000000e+00 0.000000e+00 -1.000000e+00
    outer loop
      vertex   3.650739e+01 3.072943e+01 -2.000000e+00
      vertex   3.249261e+01 3.072943e+01 -2.000000e+00
      vertex   3.600000e+01 3.109808e+01 -2.000000e+00
    endloop
  endfacet
  facet normal -0.000000e+00 0.000000e+00 -1.000000e+00
    outer loop
      vertex   3.600000e+01 3.109808e+01 -2.000000e+00
      vertex   3.249261e+01 3.072943e+01 -2.000000e+00
      vertex   3.300000e+01 3.109808e+01 -2.000000e+00
    endloop
  endfacet
  facet normal 0.000000e+00 0.000000e+00 -1.000000e+00
    outer loop
      vertex   3.600000e+01 3.109808e+01 -2.000000e+00
      vertex   3.300000e+01 3.109808e+01 -2.000000e+00
      vertex   3.542705e+01 3.135317e+01 -2.000000e+00
    endloop
  endfacet
  facet normal -0.000000e+00 0.000000e+00 -1.000000e+00
    outer loop
      vertex   3.542705e+01 3.135317e+01 -2.000000e+00
      vertex   3.300000e+01 3.109808e+01 -2.000000e+00
      vertex   3.357295e+01 3.135317e+01 -2.000000e+00
    endloop
  endfacet
  facet normal 0.000000e+00 0.000000e+00 -1.000000e+00
    outer loop
      vertex   3.542705e+01 3.135317e+01 -2.000000e+00
      vertex   3.357295e+01 3.135317e+01 -2.000000e+00
      vertex   3.481359e+01 3.148357e+01 -2.000000e+00
    endloop
  endfacet
  facet normal -0.000000e+00 0.000000e+00 -1.000000e+00
    outer loop
      vertex   3.481359e+01 3.148357e+01 -2.000000e+00
      vertex   3.357295e+01 3.135317e+01 -2.000000e+00
      vertex   3.418641e+01 3.148357e+01 -2.000000e+00
    endloop
  endfacet
  facet normal -9.945219e-01 -1.045285e-01 0.000000e+00
    outer loop
      vertex   -3.743444e+01 2.787626e+01 -2.000000e+00
      vertex   -3.743444e+01 2.787626e+01 0.000000e+00
      vertex   -3.750000e+01 2.850000e+01 -2.000000e+00
    endloop
  endfacet
  facet normal -9.945219e-01 -1.045285e-01 0.000000e+00
    outer loop
      vertex   -3.750000e+01 2.850000e+01 -2.000000e+00
      vertex   -3.743444e+01 2.787626e+01 0.000000e+00
      vertex   -3.750000e+01 2.850000e+01 0.000000e+00
    endloop
  endfacet
  facet normal -9.945219e-01 1.045285e-01 0.000000e+00
    outer loop
      vertex   -3.750000e+01 2.850000e+01 -2.000000e+00
      vertex   -3.750000e+01 2.850000e+01 0.000000e+00
      vertex   -3.743444e+01 2.912374e+01 -2.000000e+00
    endloop
  endfacet
  facet normal -9.945219e-01 1.045285e-01 0.000000e+00
    outer loop
      vertex   -3.743444e+01 2.912374e+01 -2.000000e+00
      vertex   -3.750000e+01 2.850000e+01 0.000000e+00
      vertex   -3.743444e+01 2.912374e+01 0.000000e+00
    endloop
  endfacet
  facet normal -9.510565e-01 3.090170e-01 0.000000e+00
    outer loop
      vertex   -3.743444e+01 2.912374e+01 -2.000000e+00
      vertex   -3.743444e+01 2.912374e+01 0.000000e+00
      vertex   -3.724064e+01 2.972021e+01 -2.000000e+00
    endloop
  endfacet
  facet normal -9.510565e-01 3.090170e-01 0.000000e+00
    outer loop
      vertex   -3.724064e+01 2.972021e+01 -2.000000e+00
      vertex   -3.743444e+01 2.912374e+01 0.000000e+00
      vertex   -3.724064e+01 2.972021e+01 0.000000e+00
    endloop
  endfacet
  facet normal -8.660254e-01 5.000000e-01 0.000000e+00
    outer loop
      vertex   -3.724064e+01 2.972021e+01 -2.000000e+00
      vertex   -3.724064e+01 2.972021e+01 0.000000e+00
      vertex   -3.692705e+01 3.026336e+01 -2.000000e+00
    endloop
  endfacet
  facet normal -8.660254e-01 5.000000e-01 0.000000e+00
    outer loop
      vertex   -3.692705e+01 3.026336e+01 -2.000000e+00
      vertex   -3.724064e+01 2.972021e+01 0.000000e+00
      vertex   -3.692705e+01 3.026336e+01 0.000000e+00
    endloop
  endfacet
  facet normal -7.431448e-01 6.691306e-01 0.000000e+00
    outer loop
      vertex   -3.692705e+01 3.026336e+01 -2.000000e+00
      vertex   -3.692705e+01 3.026336e+01 0.000000e+00
      vertex   -3.650739e+01 3.072943e+01 -2.000000e+00
    endloop
  endfacet
  facet normal -7.431448e-01 6.691306e-01 -1.188615e-15
    outer loop
      vertex   -3.650739e+01 3.072943e+01 -2.000000e+00
      vertex   -3.692705e+01 3.026336e+01 0.000000e+00
      vertex   -3.650739e+01 3.072943e+01 0.000000e+00
    endloop
  endfacet
  facet normal -5.877853e-01 8.090170e-01 -1.437103e-15
    outer loop
      vertex   -3.650739e+01 3.072943e+01 -2.000000e+00
      vertex   -3.650739e+01 3.072943e+01 0.000000e+00
      vertex   -3.600000e+01 3.109808e+01 -2.000000e+00
    endloop
  endfacet
  facet normal -5.877853e-01 8.090170e-01 0.000000e+00
    outer loop
      vertex   -3.600000e+01 3.109808e+01 -2.000000e+00
      vertex   -3.650739e+01 3.072943e+01 0.000000e+00
      vertex   -3.600000e+01 3.109808e+01 0.000000e+00
    endloop
  endfacet
  facet normal -4.067366e-01 9.135455e-01 0.000000e+00
    outer loop
      vertex   -3.600000e+01 3.109808e+01 -2.000000e+00
      vertex   -3.600000e+01 3.109808e+01 0.000000e+00
      vertex   -3.542705e+01 3.135317e+01 -2.000000e+00
    endloop
  endfacet
  facet normal -4.067366e-01 9.135455e-01 0.000000e+00
    outer loop
      vertex   -3.542705e+01 3.135317e+01 -2.000000e+00
      vertex   -3.600000e+01 3.109808e+01 0.000000e+00
      vertex   -3.542705e+01 3.135317e+01 0.000000e+00
    endloop
  endfacet
  facet normal -2.079117e-01 9.781476e-01 0.000000e+00
    outer loop
      vertex   -3.542705e+01 3.135317e+01 -2.000000e+00
      vertex   -3.542705e+01 3.135317e+01 0.000000e+00
      vertex   -3.481359e+01 3.148357e+01 -2.000000e+00
    endloop
  endfacet
  facet normal -2.079117e-01 9.781476e-01 0.000000e+00
    outer loop
      vertex   -3.481359e+01 3.148357e+01 -2.000000e+00
      vertex   -3.542705e+01 3.135317e+01 0.000000e+00
      vertex   -3.481359e+01 3.148357e+01 0.000000e+00
    endloop
  endfacet
  facet normal 0.000000e+00 1.000000e+00 0.000000e+00
    outer loop
      vertex   -3.481359e+01 3.148357e+01 -2.000000e+00
      vertex   -3.481359e+01 3.148357e+01 0.000000e+00
      vertex   -3.418641e+01 3.148357e+01 -2.000000e+00
    endloop
  endfacet
  facet normal 0.000000e+00 1.000000e+00 -0.000000e+00
    outer loop
      vertex   -3.418641e+01 3.148357e+01 -2.000000e+00
      vertex   -3.481359e+01 3.148357e+01 0.000000e+00
      vertex   -3.418641e+01 3.148357e+01 0.000000e+00
    endloop
  endfacet
  facet normal 2.079117e-01 9.781476e-01 -0.000000e+00
    outer loop
      vertex   -3.418641e+01 3.148357e+01 -2.000000e+00
      vertex   -3.418641e+01 3.148357e+01 0.000000e+00
      vertex   -3.357295e+01 3.135317e+01 -2.000000e+00
    endloop
  endfacet
  facet normal 2.079117e-01 9.781476e-01 -0.000000e+00
    outer loop
      vertex   -3.357295e+01 3.135317e+01 -2.000000e+00
      vertex   -3.418641e+01 3.148357e+01 0.000000e+00
      vertex   -3.357295e+01 3.135317e+01 0.000000e+00
    endloop
  endfacet
  facet normal 4.067366e-01 9.135455e-01 -0.000000e+00
    outer loop
      vertex   -3.357295e+01 3.135317e+01 -2.000000e+00
      vertex   -3.357295e+01 3.135317e+01 0.000000e+00
      vertex   -3.300000e+01 3.109808e+01 -2.000000e+00
    endloop
  endfacet
  facet normal 4.067366e-01 9.135455e-01 -0.000000e+00
    outer loop
      vertex   -3.300000e+01 3.109808e+01 -2.000000e+00
      vertex   -3.357295e+01 3.135317e+01 0.000000e+00
      vertex   -3.300000e+01 3.109808e+01 0.000000e+00
    endloop
  endfacet
  facet normal 5.877853e-01 8.090170e-01 -0.000000e+00
    outer loop
      vertex   -3.300000e+01 3.109808e+01 -2.000000e+00
      vertex   -3.300000e+01 3.109808e+01 0.000000e+00
      vertex   -3.249261e+01 3.072943e+01 -2.000000e+00
    endloop
  endfacet
  facet normal 5.877853e-01 8.090170e-01 -0.000000e+00
    outer loop
      vertex   -3.249261e+01 3.072943e+01 -2.000000e+00
      vertex   -3.300000e+01 3.109808e+01 0.000000e+00
      vertex   -3.249261e+01 3.072943e+01 0.000000e+00
    endloop
  endfacet
  facet normal 7.431448e-01 6.691306e-01 -0.000000e+00
    outer loop
      vertex   -3.249261e+01 3.072943e+01 -2.000000e+00
      vertex   -3.249261e+01 3.072943e+01 0.000000e+00
      vertex   -3.207295e+01 3.026336e+01 -2.000000e+00
    endloop
  endfacet
  facet normal 7.431448e-01 6.691306e-01 -0.000000e+00
    outer loop
      vertex   -3.207295e+01 3.026336e+01 -2.000000e+00
      vertex   -3.249261e+01 3.072943e+01 0.000000e+00
      vertex   -3.207295e+01 3.026336e+01 0.000000e+00
    endloop
  endfacet
  facet normal 8.660254e-01 5.000000e-01 -0.000000e+00
    outer loop
      vertex   -3.207295e+01 3.026336e+01 -2.000000e+00
      vertex   -3.207295e+01 3.026336e+01 0.000000e+00
      vertex   -3.175936e+01 2.972021e+01 -2.000000e+00
    endloop
  endfacet
  facet normal 8.660254e-01 5.000000e-01 -0.000000e+00
    outer loop
      vertex   -3.175936e+01 2.972021e+01 -2.000000e+00
      vertex   -3.207295e+01 3.026336e+01 0.000000e+00
      vertex   -3.175936e+01 2.972021e+01 0.000000e+00
    endloop
  endfacet
  facet normal 9.510565e-01 3.090170e-01 -0.000000e+00
    outer loop
      vertex   -3.175936e+01 2.972021e+01 -2.000000e+00
      vertex   -3.175936e+01 2.972021e+01 0.000000e+00
      vertex   -3.156556e+01 2.912374e+01 -2.000000e+00
    endloop
  endfacet
  facet normal 9.510565e-01 3.090170e-01 5.489245e-16
    outer loop
      vertex   -3.156556e+01 2.912374e+01 -2.000000e+00
      vertex   -3.175936e+01 2.972021e+01 0.000000e+00
      vertex   -3.156556e+01 2.912374e+01 0.000000e+00
    endloop
  endfacet
  facet normal 9.945219e-01 1.045285e-01 1.856799e-16
    outer loop
      vertex   -3.156556e+01 2.912374e+01 -2.000000e+00
      vertex   -3.156556e+01 2.912374e+01 0.000000e+00
      vertex   -3.150000e+01 2.850000e+01 -2.000000e+00
    endloop
  endfacet
  facet normal 9.945219e-01 1.045285e-01 -0.000000e+00
    outer loop
      vertex   -3.150000e+01 2.850000e+01 -2.000000e+00
      vertex   -3.156556e+01 2.912374e+01 0.000000e+00
      vertex   -3.150000e+01 2.850000e+01 0.000000e+00
    endloop
  endfacet
  facet normal 9.945219e-01 -1.045285e-01 0.000000e+00
    outer loop
      vertex   -3.150000e+01 2.850000e+01 -2.000000e+00
      vertex   -3.150000e+01 2.850000e+01 0.000000e+00
      vertex   -3.156556e+01 2.787626e+01 -2.000000e+00
    endloop
  endfacet
  facet normal 9.945219e-01 -1.045285e-01 -1.856799e-16
    outer loop
      vertex   -3.156556e+01 2.787626e+01 -2.000000e+00
      vertex   -3.150000e+01 2.850000e+01 0.000000e+00
      vertex   -3.156556e+01 2.787626e+01 0.000000e+00
    endloop
  endfacet
  facet normal 9.510565e-01 -3.090170e-01 -5.489245e-16
    outer loop
      vertex   -3.156556e+01 2.787626e+01 -2.000000e+00
      vertex   -3.156556e+01 2.787626e+01 0.000000e+00
      vertex   -3.175936e+01 2.727979e+01 -2.000000e+00
    endloop
  endfacet
  facet normal 9.510565e-01 -3.090170e-01 0.000000e+00
    outer loop
      vertex   -3.175936e+01 2.727979e+01 -2.000000e+00
      vertex   -3.156556e+01 2.787626e+01 0.000000e+00
      vertex   -3.175936e+01 2.727979e+01 0.000000e+00
    endloop
  endfacet
  facet normal 8.660254e-01 -5.000000e-01 0.000000e+00
    outer loop
      vertex   -3.175936e+01 2.727979e+01 -2.000000e+00
      vertex   -3.175936e+01 2.727979e+01 0.000000e+00
      vertex   -3.207295e+01 2.673664e+01 -2.000000e+00
    endloop
  endfacet
  facet normal 8.660254e-01 -5.000000e-01 0.000000e+00
    outer loop
      vertex   -3.207295e+01 2.673664e+01 -2.000000e+00
      vertex   -3.175936e+01 2.727979e+01 0.000000e+00
      vertex   -3.207295e+01 2.673664e+01 0.000000e+00
    endloop
  endfacet
  facet normal 7.431448e-01 -6.691306e-01 0.000000e+00
    outer loop
      vertex   -3.207295e+01 2.673664e+01 -2.000000e+00
      vertex   -3.207295e+01 2.673664e+01 0.000000e+00
      vertex   -3.249261e+01 2.627057e+01 -2.000000e+00
    endloop
  endfacet
  facet normal 7.431448e-01 -6.691306e-01 0.000000e+00
    outer loop
      vertex   -3.249261e+01 2.627057e+01 -2.000000e+00
      vertex   -3.207295e+01 2.673664e+01 0.000000e+00
      vertex   -3.249261e+01 2.627057e+01 0.000000e+00
    endloop
  endfacet
  facet normal 5.877853e-01 -8.090170e-01 0.000000e+00
    outer loop
      vertex   -3.249261e+01 2.627057e+01 -2.000000e+00
      vertex   -3.249261e+01 2.627057e+01 0.000000e+00
      vertex   -3.300000e+01 2.590192e+01 -2.000000e+00
    endloop
  endfacet
  facet normal 5.877853e-01 -8.090170e-01 0.000000e+00
    outer loop
      vertex   -3.300000e+01 2.590192e+01 -2.000000e+00
      vertex   -3.249261e+01 2.627057e+01 0.000000e+00
      vertex   -3.300000e+01 2.590192e+01 0.000000e+00
    endloop
  endfacet
  facet normal 4.067366e-01 -9.135455e-01 0.000000e+00
    outer loop
      vertex   -3.300000e+01 2.590192e+01 -2.000000e+00
      vertex   -3.300000e+01 2.590192e+01 0.000000e+00
      vertex   -3.357295e+01 2.564683e+01 -2.000000e+00
    endloop
  endfacet
  facet normal 4.067366e-01 -9.135455e-01 0.000000e+00
    outer loop
      vertex   -3.357295e+01 2.564683e+01 -2.000000e+00
      vertex   -3.300000e+01 2.590192e+01 0.000000e+00
      vertex   -3.357295e+01 2.564683e+01 0.000000e+00
    endloop
  endfacet
  facet normal 2.079117e-01 -9.781476e-01 0.000000e+00
    outer loop
      vertex   -3.357295e+01 2.564683e+01 -2.000000e+00
      vertex   -3.357295e+01 2.564683e+01 0.000000e+00
      vertex   -3.418641e+01 2.551643e+01 -2.000000e+00
    endloop
  endfacet
  facet normal 2.079117e-01 -9.781476e-01 0.000000e+00
    outer loop
      vertex   -3.418641e+01 2.551643e+01 -2.000000e+00
      vertex   -3.357295e+01 2.564683e+01 0.000000e+00
      vertex   -3.418641e+01 2.551643e+01 0.000000e+00
    endloop
  endfacet
  facet normal 0.000000e+00 -1.000000e+00 0.000000e+00
    outer loop
      vertex   -3.418641e+01 2.551643e+01 -2.000000e+00
      vertex   -3.418641e+01 2.551643e+01 0.000000e+00
      vertex   -3.481359e+01 2.551643e+01 -2.000000e+00
    endloop
  endfacet
  facet normal 0.000000e+00 -1.000000e+00 0.000000e+00
    outer loop
      vertex   -3.481359e+01 2.551643e+01 -2.000000e+00
      vertex   -3.418641e+01 2.551643e+01 0.000000e+00
      vertex   -3.481359e+01 2.551643e+01 0.000000e+00
    endloop
  endfacet
  facet normal -2.079117e-01 -9.781476e-01 0.000000e+00
    outer loop
      vertex   -3.481359e+01 2.551643e+01 -2.000000e+00
      vertex   -3.481359e+01 2.551643e+01 0.000000e+00
      vertex   -3.542705e+01 2.564683e+01 -2.000000e+00
    endloop
  endfacet
  facet normal -2.079117e-01 -9.781476e-01 0.000000e+00
    outer loop
      vertex   -3.542705e+01 2.564683e+01 -2.000000e+00
      vertex   -3.481359e+01 2.551643e+01 0.000000e+00
      vertex   -3.542705e+01 2.564683e+01 0.000000e+00
    endloop
  endfacet
  facet normal -4.067366e-01 -9.135455e-01 0.000000e+00
    outer loop
      vertex   -3.542705e+01 2.564683e+01 -2.000000e+00
      vertex   -3.542705e+01 2.564683e+01 0.000000e+00
      vertex   -3.600000e+01 2.590192e+01 -2.000000e+00
    endloop
  endfacet
  facet normal -4.067366e-01 -9.135455e-01 0.000000e+00
    outer loop
      vertex   -3.600000e+01 2.590192e+01 -2.000000e+00
      vertex   -3.542705e+01 2.564683e+01 0.000000e+00
      vertex   -3.600000e+01 2.590192e+01 0.000000e+00
    endloop
  endfacet
  facet normal -5.877853e-01 -8.090170e-01 0.000000e+00
    outer loop
      vertex   -3.600000e+01 2.590192e+01 -2.000000e+00
      vertex   -3.600000e+01 2.590192e+01 0.000000e+00
      vertex   -3.650739e+01 2.627057e+01 -2.000000e+00
    endloop
  endfacet
  facet normal -5.877853e-01 -8.090170e-01 1.437103e-15
    outer loop
      vertex   -3.650739e+01 2.627057e+01 -2.000000e+00
      vertex   -3.600000e+01 2.590192e+01 0.000000e+00
      vertex   -3.650739e+01 2.627057e+01 0.000000e+00
    endloop
  endfacet
  facet normal -7.431448e-01 -6.691306e-01 1.188615e-15
    outer loop
      vertex   -3.650739e+01 2.627057e+01 -2.000000e+00
      vertex   -3.650739e+01 2.627057e+01 0.000000e+00
      vertex   -3.692705e+01 2.673664e+01 -2.000000e+00
    endloop
  endfacet
  facet normal -7.431448e-01 -6.691306e-01 0.000000e+00
    outer loop
      vertex   -3.692705e+01 2.673664e+01 -2.000000e+00
      vertex   -3.650739e+01 2.627057e+01 0.000000e+00
      vertex   -3.692705e+01 2.673664e+01 0.000000e+00
    endloop
  endfacet
  facet normal -8.660254e-01 -5.000000e-01 0.000000e+00
    outer loop
      vertex   -3.692705e+01 2.673664e+01 -2.000000e+00
      vertex   -3.692705e+01 2.673664e+01 0.000000e+00
      vertex   -3.724064e+01 2.727979e+01 -2.000000e+00
    endloop
  endfacet
  facet normal -8.660254e-01 -5.000000e-01 0.000000e+00
    outer loop
      vertex   -3.724064e+01 2.727979e+01 -2.000000e+00
      vertex   -3.692705e+01 2.673664e+01 0.000000e+00
      vertex   -3.724064e+01 2.727979e+01 0.000000e+00
    endloop
  endfacet
  facet normal -9.510565e-01 -3.090170e-01 0.000000e+00
    outer loop
      vertex   -3.724064e+01 2.727979e+01 -2.000000e+00
      vertex   -3.724064e+01 2.727979e+01 0.000000e+00
      vertex   -3.743444e+01 2.787626e+01 -2.000000e+00
    endloop
  endfacet
  facet normal -9.510565e-01 -3.090170e-01 0.000000e+00
    outer loop
      vertex   -3.743444e+01 2.787626e+01 -2.000000e+00
      vertex   -3.724064e+01 2.727979e+01 0.000000e+00
      vertex   -3.743444e+01 2.787626e+01 0.000000e+00
    endloop
  endfacet
  facet normal 0.000000e+00 -0.000000e+00 -1.000000e+00
    outer loop
      vertex   -3.743444e+01 2.912374e+01 -2.000000e+00
      vertex   -3.156556e+01 2.912374e+01 -2.000000e+00
      vertex   -3.750000e+01 2.850000e+01 -2.000000e+00
    endloop
  endfacet
  facet normal 0.000000e+00 0.000000e+00 -1.000000e+00
    outer loop
      vertex   -3.750000e+01 2.850000e+01 -2.000000e+00
      vertex   -3.156556e+01 2.912374e+01 -2.000000e+00
      vertex   -3.150000e+01 2.850000e+01 -2.000000e+00
    endloop
  endfacet
  facet normal 0.000000e+00 0.000000e+00 -1.000000e+00
    outer loop
      vertex   -3.750000e+01 2.850000e+01 -2.000000e+00
      vertex   -3.150000e+01 2.850000e+01 -2.000000e+00
      vertex   -3.743444e+01 2.787626e+01 -2.000000e+00
    endloop
  endfacet
  facet normal 0.000000e+00 0.000000e+00 -1.000000e+00
    outer loop
      vertex   -3.743444e+01 2.787626e+01 -2.000000e+00
      vertex   -3.150000e+01 2.850000e+01 -2.000000e+00
      vertex   -3.156556e+01 2.787626e+01 -2.000000e+00
    endloop
  endfacet
  facet normal 0.000000e+00 0.000000e+00 -1.000000e+00
    outer loop
      vertex   -3.743444e+01 2.787626e+01 -2.000000e+00
      vertex   -3.156556e+01 2.787626e+01 -2.000000e+00
      vertex   -3.724064e+01 2.727979e+01 -2.000000e+00
    endloop
  endfacet
  facet normal 0.000000e+00 0.000000e+00 -1.000000e+00
    outer loop
      vertex   -3.724064e+01 2.727979e+01 -2.000000e+00
      vertex   -3.156556e+01 2.787626e+01 -2.000000e+00
      vertex   -3.175936e+01 2.727979e+01 -2.000000e+00
    endloop
  endfacet
  facet normal 0.000000e+00 0.000000e+00 -1.000000e+00
    outer loop
      vertex   -3.724064e+01 2.727979e+01 -2.000000e+00
      vertex   -3.175936e+01 2.727979e+01 -2.000000e+00
      vertex   -3.692705e+01 2.673664e+01 -2.000000e+00
    endloop
  endfacet
  facet normal 0.000000e+00 0.000000e+00 -1.000000e+00
    outer loop
      vertex   -3.692705e+01 2.673664e+01 -2.000000e+00
      vertex   -3.175936e+01 2.727979e+01 -2.000000e+00
      vertex   -3.207295e+01 2.673664e+01 -2.000000e+00
    endloop
  endfacet
  facet normal 0.000000e+00 0.000000e+00 -1.000000e+00
    outer loop
      vertex   -3.692705e+01 2.673664e+01 -2.000000e+00
      vertex   -3.207295e+01 2.673664e+01 -2.000000e+00
      vertex   -3.650739e+01 2.627057e+01 -2.000000e+00
    endloop
  endfacet
  facet normal 0.000000e+00 0.000000e+00 -1.000000e+00
    outer loop
      vertex   -3.650739e+01 2.627057e+01 -2.000000e+00
      vertex   -3.207295e+01 2.673664e+01 -2.000000e+00
      vertex   -3.249261e+01 2.627057e+01 -2.000000e+00
    endloop
  endfacet
  facet normal 0.000000e+00 0.000000e+00 -1.000000e+00
    outer loop
      vertex   -3.650739e+01 2.627057e+01 -2.000000e+00
      vertex   -3.249261e+01 2.627057e+01 -2.000000e+00
      vertex   -3.600000e+01 2.590192e+01 -2.000000e+00
    endloop
  endfacet
  facet normal 0.000000e+00 0.000000e+00 -1.000000e+00
    outer loop
      vertex   -3.600000e+01 2.590192e+01 -2.000000e+00
      vertex   -3.249261e+01 2.627057e+01 -2.000000e+00
      vertex   -3.300000e+01 2.590192e+01 -2.000000e+00
    endloop
  endfacet
  facet normal 0.000000e+00 0.000000e+00 -1.000000e+00
    outer loop
      vertex   -3.600000e+01 2.590192e+01 -2.000000e+00
      vertex   -3.300000e+01 2.590192e+01 -2.000000e+00
      vertex   -3.542705e+01 2.564683e+01 -2.000000e+00
    endloop
  endfacet
  facet normal 0.000000e+00 0.000000e+00 -1.000000e+00
    outer loop
      vertex   -3.542705e+01 2.564683e+01 -2.000000e+00
      vertex   -3.300000e+01 2.590192e+01 -2.000000e+00
      vertex   -3.357295e+01 2.564683e+01 -2.000000e+00
    endloop
  endfacet
  facet normal 0.000000e+00 0.000000e+00 -1.000000e+00
    outer loop
      vertex   -3.542705e+01 2.564683e+01 -2.000000e+00
      vertex   -3.357295e+01 2.564683e+01 -2.000000e+00
      vertex   -3.481359e+01 2.551643e+01 -2.000000e+00
    endloop
  endfacet
  facet normal 0.000000e+00 0.000000e+00 -1.000000e+00
    outer loop
      vertex   -3.481359e+01 2.551643e+01 -2.000000e+00
      vertex   -3.357295e+01 2.564683e+01 -2.000000e+00
      vertex   -3.418641e+01 2.551643e+01 -2.000000e+00
    endloop
  endfacet
  facet normal 0.000000e+00 0.000000e+00 -1.000000e+00
    outer loop
      vertex   -3.156556e+01 2.912374e+01 -2.000000e+00
      vertex   -3.743444e+01 2.912374e+01 -2.000000e+00
      vertex   -3.175936e+01 2.972021e+01 -2.000000e+00
    endloop
  endfacet
  facet normal -0.000000e+00 0.000000e+00 -1.000000e+00
    outer loop
      vertex   -3.175936e+01 2.972021e+01 -2.000000e+00
      vertex   -3.743444e+01 2.912374e+01 -2.000000e+00
      vertex   -3.724064e+01 2.972021e+01 -2.000000e+00
    endloop
  endfacet
  facet normal 0.000000e+00 0.000000e+00 -1.000000e+00
    outer loop
      vertex   -3.175936e+01 2.972021e+01 -2.000000e+00
      vertex   -3.724064e+01 2.972021e+01 -2.000000e+00
      vertex   -3.207295e+01 3.026336e+01 -2.000000e+00
    endloop
  endfacet
  facet normal -0.000000e+00 0.000000e+00 -1.000000e+00
    outer loop
      vertex   -3.207295e+01 3.026336e+01 -2.000000e+00
      vertex   -3.724064e+01 2.972021e+01 -2.000000e+00
      vertex   -3.692705e+01 3.026336e+01 -2.000000e+00
    endloop
  endfacet
  facet normal 0.000000e+00 0.000000e+00 -1.000000e+00
    outer loop
      vertex   -3.207295e+01 3.026336e+01 -2.000000e+00
      vertex   -3.692705e+01 3.026336e+01 -2.000000e+00
      vertex   -3.249261e+01 3.072943e+01 -2.000000e+00
    endloop
  endfacet
  facet normal -0.000000e+00 0.000000e+00 -1.000000e+00
    outer loop
      vertex   -3.249261e+01 3.072943e+01 -2.000000e+00
      vertex   -3.692705e+01 3.026336e+01 -2.000000e+00
      vertex   -3.650739e+01 3.072943e+01 -2.000000e+00
    endloop
  endfacet
  facet normal 0.000000e+00 0.000000e+00 -1.000000e+00
    outer loop
      vertex   -3.249261e+01 3.072943e+01 -2.000000e+00
      vertex   -3.650739e+01 3.072943e+01 -2.000000e+00
      vertex   -3.300000e+01 3.109808e+01 -2.000000e+00
    endloop
  endfacet
  facet normal -0.000000e+00 0.000000e+00 -1.000000e+00
    outer loop
      vertex   -3.300000e+01 3.109808e+01 -2.000000e+00
      vertex   -3.650739e+01 3.072943e+01 -2.000000e+00
      vertex   -3.600000e+01 3.109808e+01 -2.000000e+00
    endloop
  endfacet
  facet normal 0.000000e+00 0.000000e+00 -1.000000e+00
    outer loop
      vertex   -3.300000e+01 3.109808e+01 -2.000000e+00
      vertex   -3.600000e+01 3.109808e+01 -2.000000e+00
      vertex   -3.357295e+01 3.135317e+01 -2.000000e+00
    endloop
  endfacet
  facet normal -0.000000e+00 0.000000e+00 -1.000000e+00
    outer loop
      vertex   -3.357295e+01 3.135317e+01 -2.000000e+00
      vertex   -3.600000e+01 3.109808e+01 -2.000000e+00
      vertex   -3.542705e+01 3.135317e+01 -2.000000e+00
    endloop
  endfacet
  facet normal 0.000000e+00 0.000000e+00 -1.000000e+00
    outer loop
      vertex   -3.357295e+01 3.135317e+01 -2.000000e+00
      vertex   -3.542705e+01 3.135317e+01 -2.000000e+00
      vertex   -3.418641e+01 3.148357e+01 -2.000000e+00
    endloop
  endfacet
  facet normal -0.000000e+00 0.000000e+00 -1.000000e+00
    outer loop
      vertex   -3.418641e+01 3.148357e+01 -2.000000e+00
      vertex   -3.542705e+01 3.135317e+01 -2.000000e+00
      vertex   -3.481359e+01 3.148357e+01 -2.000000e+00
    endloop
  endfacet
  facet normal -9.945219e-01 -1.045285e-01 0.000000e+00
    outer loop
      vertex   3.156556e+01 -2.912374e+01 -2.000000e+00
      vertex   3.156556e+01 -2.912374e+01 0.000000e+00
      vertex   3.150000e+01 -2.850000e+01 -2.000000e+00
    endloop
  endfacet
  facet normal -9.945219e-01 -1.045285e-01 0.000000e+00
    outer loop
      vertex   3.150000e+01 -2.850000e+01 -2.000000e+00
      vertex   3.156556e+01 -2.912374e+01 0.000000e+00
      vertex   3.150000e+01 -2.850000e+01 0.000000e+00
    endloop
  endfacet
  facet normal -9.945219e-01 1.045285e-01 0.000000e+00
    outer loop
      vertex   3.150000e+01 -2.850000e+01 -2.000000e+00
      vertex   3.150000e+01 -2.850000e+01 0.000000e+00
      vertex   3.156556e+01 -2.787626e+01 -2.000000e+00
    endloop
  endfacet
  facet normal -9.945219e-01 1.045285e-01 0.000000e+00
    outer loop
      vertex   3.156556e+01 -2.787626e+01 -2.000000e+00
      vertex   3.150000e+01 -2.850000e+01 0.000000e+00
      vertex   3.156556e+01 -2.787626e+01 0.000000e+00
    endloop
  endfacet
  facet normal -9.510565e-01 3.090170e-01 0.000000e+00
    outer loop
      vertex   3.156556e+01 -2.787626e+01 -2.000000e+00
      vertex   3.156556e+01 -2.787626e+01 0.000000e+00
      vertex   3.175936e+01 -2.727979e+01 -2.000000e+00
    endloop
  endfacet
  facet normal -9.510565e-01 3.090170e-01 0.000000e+00
    outer loop
      vertex   3.175936e+01 -2.727979e+01 -2.000000e+00
      vertex   3.156556e+01 -2.787626e+01 0.000000e+00
      vertex   3.175936e+01 -2.727979e+01 0.000000e+00
    endloop
  endfacet
  facet normal -8.660254e-01 5.000000e-01 0.000000e+00
    outer loop
      vertex   3.175936e+01 -2.727979e+01 -2.000000e+00
      vertex   3.175936e+01 -2.727979e+01 0.000000e+00
      vertex   3.207295e+01 -2.673664e+01 -2.000000e+00
    endloop
  endfacet
  facet normal -8.660254e-01 5.000000e-01 0.000000e+00
    outer loop
      vertex   3.207295e+01 -2.673664e+01 -2.000000e+00
      vertex   3.175936e+01 -2.727979e+01 0.000000e+00
      vertex   3.207295e+01 -2.673664e+01 0.000000e+00
    endloop
  endfacet
  facet normal -7.431448e-01 6.691306e-01 0.000000e+00
    outer loop
      vertex   3.207295e+01 -2.673664e+01 -2.000000e+00
      vertex   3.207295e+01 -2.673664e+01 0.000000e+00
      vertex   3.249261e+01 -2.627057e+01 -2.000000e+00
    endloop
  endfacet
  facet normal -7.431448e-01 6.691306e-01 -1.188615e-15
    outer loop
      vertex   3.249261e+01 -2.627057e+01 -2.000000e+00
      vertex   3.207295e+01 -2.673664e+01 0.000000e+00
      vertex   3.249261e+01 -2.627057e+01 0.000000e+00
    endloop
  endfacet
  facet normal -5.877853e-01 8.090170e-01 -1.437103e-15
    outer loop
      vertex   3.249261e+01 -2.627057e+01 -2.000000e+00
      vertex   3.249261e+01 -2.627057e+01 0.000000e+00
      vertex   3.300000e+01 -2.590192e+01 -2.000000e+00
    endloop
  endfacet
  facet normal -5.877853e-01 8.090170e-01 0.000000e+00
    outer loop
      vertex   3.300000e+01 -2.590192e+01 -2.000000e+00
      vertex   3.249261e+01 -2.627057e+01 0.000000e+00
      vertex   3.300000e+01 -2.590192e+01 0.000000e+00
    endloop
  endfacet
  facet normal -4.067366e-01 9.135455e-01 0.000000e+00
    outer loop
      vertex   3.300000e+01 -2.590192e+01 -2.000000e+00
      vertex   3.300000e+01 -2.590192e+01 0.000000e+00
      vertex   3.357295e+01 -2.564683e+01 -2.000000e+00
    endloop
  endfacet
  facet normal -4.067366e-01 9.135455e-01 0.000000e+00
    outer loop
      vertex   3.357295e+01 -2.564683e+01 -2.000000e+00
      vertex   3.300000e+01 -2.590192e+01 0.000000e+00
      vertex   3.357295e+01 -2.564683e+01 0.000000e+00
    endloop
  endfacet
  facet normal -2.079117e-01 9.781476e-01 0.000000e+00
    outer loop
      vertex   3.357295e+01 -2.564683e+01 -2.000000e+00
      vertex   3.357295e+01 -2.564683e+01 0.000000e+00
      vertex   3.418641e+01 -2.551643e+01 -2.000000e+00
    endloop
  endfacet
  facet normal -2.079117e-01 9.781476e-01 0.000000e+00
    outer loop
      vertex   3.418641e+01 -2.551643e+01 -2.000000e+00
      vertex   3.357295e+01 -2.564683e+01 0.000000e+00
      vertex   3.418641e+01 -2.551643e+01 0.000000e+00
    endloop
  endfacet
  facet normal 0.000000e+00 1.000000e+00 0.000000e+00
    outer loop
      vertex   3.418641e+01 -2.551643e+01 -2.000000e+00
      vertex   3.418641e+01 -2.551643e+01 0.000000e+00
      vertex   3.481359e+01 -2.551643e+01 -2.000000e+00
    endloop
  endfacet
  facet normal 0.000000e+00 1.000000e+00 -0.000000e+00
    outer loop
      vertex   3.481359e+01 -2.551643e+01 -2.000000e+00
      vertex   3.418641e+01 -2.551643e+01 0.000000e+00
      vertex   3.481359e+01 -2.551643e+01 0.000000e+00
    endloop
  endfacet
  facet normal 2.079117e-01 9.781476e-01 -7.386507e-16
    outer loop
      vertex   3.481359e+01 -2.551643e+01 -2.000000e+00
      vertex   3.481359e+01 -2.551643e+01 0.000000e+00
      vertex   3.542705e+01 -2.564683e+01 -2.000000e+00
    endloop
  endfacet
  facet normal 2.079117e-01 9.781476e-01 -0.000000e+00
    outer loop
      vertex   3.542705e+01 -2.564683e+01 -2.000000e+00
      vertex   3.481359e+01 -2.551643e+01 0.000000e+00
      vertex   3.542705e+01 -2.564683e+01 0.000000e+00
    endloop
  endfacet
  facet normal 4.067366e-01 9.135455e-01 -0.000000e+00
    outer loop
      vertex   3.542705e+01 -2.564683e+01 -2.000000e+00
      vertex   3.542705e+01 -2.564683e+01 0.000000e+00
      vertex   3.600000e+01 -2.590192e+01 -2.000000e+00
    endloop
  endfacet
  facet normal 4.067366e-01 9.135455e-01 -0.000000e+00
    outer loop
      vertex   3.600000e+01 -2.590192e+01 -2.000000e+00
      vertex   3.542705e+01 -2.564683e+01 0.000000e+00
      vertex   3.600000e+01 -2.590192e+01 0.000000e+00
    endloop
  endfacet
  facet normal 5.877853e-01 8.090170e-01 -0.000000e+00
    outer loop
      vertex   3.600000e+01 -2.590192e+01 -2.000000e+00
      vertex   3.600000e+01 -2.590192e+01 0.000000e+00
      vertex   3.650739e+01 -2.627057e+01 -2.000000e+00
    endloop
  endfacet
  facet normal 5.877853e-01 8.090170e-01 -0.000000e+00
    outer loop
      vertex   3.650739e+01 -2.627057e+01 -2.000000e+00
      vertex   3.600000e+01 -2.590192e+01 0.000000e+00
      vertex   3.650739e+01 -2.627057e+01 0.000000e+00
    endloop
  endfacet
  facet normal 7.431448e-01 6.691306e-01 -0.000000e+00
    outer loop
      vertex   3.650739e+01 -2.627057e+01 -2.000000e+00
      vertex   3.650739e+01 -2.627057e+01 0.000000e+00
      vertex   3.692705e+01 -2.673664e+01 -2.000000e+00
    endloop
  endfacet
  facet normal 7.431448e-01 6.691306e-01 -0.000000e+00
    outer loop
      vertex   3.692705e+01 -2.673664e+01 -2.000000e+00
      vertex   3.650739e+01 -2.627057e+01 0.000000e+00
      vertex   3.692705e+01 -2.673664e+01 0.000000e+00
    endloop
  endfacet
  facet normal 8.660254e-01 5.000000e-01 -0.000000e+00
    outer loop
      vertex   3.692705e+01 -2.673664e+01 -2.000000e+00
      vertex   3.692705e+01 -2.673664e+01 0.000000e+00
      vertex   3.724064e+01 -2.727979e+01 -2.000000e+00
    endloop
  endfacet
  facet normal 8.660254e-01 5.000000e-01 -0.000000e+00
    outer loop
      vertex   3.724064e+01 -2.727979e+01 -2.000000e+00
      vertex   3.692705e+01 -2.673664e+01 0.000000e+00
      vertex   3.724064e+01 -2.727979e+01 0.000000e+00
    endloop
  endfacet
  facet normal 9.510565e-01 3.090170e-01 -0.000000e+00
    outer loop
      vertex   3.724064e+01 -2.727979e+01 -2.000000e+00
      vertex   3.724064e+01 -2.727979e+01 0.000000e+00
      vertex   3.743444e+01 -2.787626e+01 -2.000000e+00
    endloop
  endfacet
  facet normal 9.510565e-01 3.090170e-01 5.489245e-16
    outer loop
      vertex   3.743444e+01 -2.787626e+01 -2.000000e+00
      vertex   3.724064e+01 -2.727979e+01 0.000000e+00
      vertex   3.743444e+01 -2.787626e+01 0.000000e+00
    endloop
  endfacet
  facet normal 9.945219e-01 1.045285e-01 1.856799e-16
    outer loop
      vertex   3.743444e+01 -2.787626e+01 -2.000000e+00
      vertex   3.743444e+01 -2.787626e+01 0.000000e+00
      vertex   3.750000e+01 -2.850000e+01 -2.000000e+00
    endloop
  endfacet
  facet normal 9.945219e-01 1.045285e-01 -0.000000e+00
    outer loop
      vertex   3.750000e+01 -2.850000e+01 -2.000000e+00
      vertex   3.743444e+01 -2.787626e+01 0.000000e+00
      vertex   3.750000e+01 -2.850000e+01 0.000000e+00
    endloop
  endfacet
  facet normal 9.945219e-01 -1.045285e-01 0.000000e+00
    outer loop
      vertex   3.750000e+01 -2.850000e+01 -2.000000e+00
      vertex   3.750000e+01 -2.850000e+01 0.000000e+00
      vertex   3.743444e+01 -2.912374e+01 -2.000000e+00
    endloop
  endfacet
  facet normal 9.945219e-01 -1.045285e-01 -1.856799e-16
    outer loop
      vertex   3.743444e+01 -2.912374e+01 -2.000000e+00
      vertex   3.750000e+01 -2.850000e+01 0.000000e+00
      vertex   3.743444e+01 -2.912374e+01 0.000000e+00
    endloop
  endfacet
  facet normal 9.510565e-01 -3.090170e-01 -5.489245e-16
    outer loop
      vertex   3.743444e+01 -2.912374e+01 -2.000000e+00
      vertex   3.743444e+01 -2.912374e+01 0.000000e+00
      vertex   3.724064e+01 -2.972021e+01 -2.000000e+00
    endloop
  endfacet
  facet normal 9.510565e-01 -3.090170e-01 0.000000e+00
    outer loop
      vertex   3.724064e+01 -2.972021e+01 -2.000000e+00
      vertex   3.743444e+01 -2.912374e+01 0.000000e+00
      vertex   3.724064e+01 -2.972021e+01 0.000000e+00
    endloop
  endfacet
  facet normal 8.660254e-01 -5.000000e-01 0.000000e+00
    outer loop
      vertex   3.724064e+01 -2.972021e+01 -2.000000e+00
      vertex   3.724064e+01 -2.972021e+01 0.000000e+00
      vertex   3.692705e+01 -3.026336e+01 -2.000000e+00
    endloop
  endfacet
  facet normal 8.660254e-01 -5.000000e-01 0.000000e+00
    outer loop
      vertex   3.692705e+01 -3.026336e+01 -2.000000e+00
      vertex   3.724064e+01 -2.972021e+01 0.000000e+00
      vertex   3.692705e+01 -3.026336e+01 0.000000e+00
    endloop
  endfacet
  facet normal 7.431448e-01 -6.691306e-01 0.000000e+00
    outer loop
      vertex   3.692705e+01 -3.026336e+01 -2.000000e+00
      vertex   3.692705e+01 -3.026336e+01 0.000000e+00
      vertex   3.650739e+01 -3.072943e+01 -2.000000e+00
    endloop
  endfacet
  facet normal 7.431448e-01 -6.691306e-01 0.000000e+00
    outer loop
      vertex   3.650739e+01 -3.072943e+01 -2.000000e+00
      vertex   3.692705e+01 -3.026336e+01 0.000000e+00
      vertex   3.650739e+01 -3.072943e+01 0.000000e+00
    endloop
  endfacet
  facet normal 5.877853e-01 -8.090170e-01 0.000000e+00
    outer loop
      vertex   3.650739e+01 -3.072943e+01 -2.000000e+00
      vertex   3.650739e+01 -3.072943e+01 0.000000e+00
      vertex   3.600000e+01 -3.109808e+01 -2.000000e+00
    endloop
  endfacet
  facet normal 5.877853e-01 -8.090170e-01 0.000000e+00
    outer loop
      vertex   3.600000e+01 -3.109808e+01 -2.000000e+00
      vertex   3.650739e+01 -3.072943e+01 0.000000e+00
      vertex   3.600000e+01 -3.109808e+01 0.000000e+00
    endloop
  endfacet
  facet normal 4.067366e-01 -9.135455e-01 0.000000e+00
    outer loop
      vertex   3.600000e+01 -3.109808e+01 -2.000000e+00
      vertex   3.600000e+01 -3.109808e+01 0.000000e+00
      vertex   3.542705e+01 -3.135317e+01 -2.000000e+00
    endloop
  endfacet
  facet normal 4.067366e-01 -9.135455e-01 0.000000e+00
    outer loop
      vertex   3.542705e+01 -3.135317e+01 -2.000000e+00
      vertex   3.600000e+01 -3.109808e+01 0.000000e+00
      vertex   3.542705e+01 -3.135317e+01 0.000000e+00
    endloop
  endfacet
  facet normal 2.079117e-01 -9.781476e-01 0.000000e+00
    outer loop
      vertex   3.542705e+01 -3.135317e+01 -2.000000e+00
      vertex   3.542705e+01 -3.135317e+01 0.000000e+00
      vertex   3.481359e+01 -3.148357e+01 -2.000000e+00
    endloop
  endfacet
  facet normal 2.079117e-01 -9.781476e-01 7.386507e-16
    outer loop
      vertex   3.481359e+01 -3.148357e+01 -2.000000e+00
      vertex   3.542705e+01 -3.135317e+01 0.000000e+00
      vertex   3.481359e+01 -3.148357e+01 0.000000e+00
    endloop
  endfacet
  facet normal 0.000000e+00 -1.000000e+00 0.000000e+00
    outer loop
      vertex   3.481359e+01 -3.148357e+01 -2.000000e+00
      vertex   3.481359e+01 -3.148357e+01 0.000000e+00
      vertex   3.418641e+01 -3.148357e+01 -2.000000e+00
    endloop
  endfacet
  facet normal 0.000000e+00 -1.000000e+00 0.000000e+00
    outer loop
      vertex   3.418641e+01 -3.148357e+01 -2.000000e+00
      vertex   3.481359e+01 -3.148357e+01 0.000000e+00
      vertex   3.418641e+01 -3.148357e+01 0.000000e+00
    endloop
  endfacet
  facet normal -2.079117e-01 -9.781476e-01 0.000000e+00
    outer loop
      vertex   3.418641e+01 -3.148357e+01 -2.000000e+00
      vertex   3.418641e+01 -3.148357e+01 0.000000e+00
      vertex   3.357295e+01 -3.135317e+01 -2.000000e+00
    endloop
  endfacet
  facet normal -2.079117e-01 -9.781476e-01 0.000000e+00
    outer loop
      vertex   3.357295e+01 -3.135317e+01 -2.000000e+00
      vertex   3.418641e+01 -3.148357e+01 0.000000e+00
      vertex   3.357295e+01 -3.135317e+01 0.000000e+00
    endloop
  endfacet
  facet normal -4.067366e-01 -9.135455e-01 0.000000e+00
    outer loop
      vertex   3.357295e+01 -3.135317e+01 -2.000000e+00
      vertex   3.357295e+01 -3.135317e+01 0.000000e+00
      vertex   3.300000e+01 -3.109808e+01 -2.000000e+00
    endloop
  endfacet
  facet normal -4.067366e-01 -9.135455e-01 0.000000e+00
    outer loop
      vertex   3.300000e+01 -3.109808e+01 -2.000000e+00
      vertex   3.357295e+01 -3.135317e+01 0.000000e+00
      vertex   3.300000e+01 -3.109808e+01 0.000000e+00
    endloop
  endfacet
  facet normal -5.877853e-01 -8.090170e-01 0.000000e+00
    outer loop
      vertex   3.300000e+01 -3.109808e+01 -2.000000e+00
      vertex   3.300000e+01 -3.109808e+01 0.000000e+00
      vertex   3.249261e+01 -3.072943e+01 -2.000000e+00
    endloop
  endfacet
  facet normal -5.877853e-01 -8.090170e-01 1.437103e-15
    outer loop
      vertex   3.249261e+01 -3.072943e+01 -2.000000e+00
      vertex   3.300000e+01 -3.109808e+01 0.000000e+00
      vertex   3.249261e+01 -3.072943e+01 0.000000e+00
    endloop
  endfacet
  facet normal -7.431448e-01 -6.691306e-01 1.188615e-15
    outer loop
      vertex   3.249261e+01 -3.072943e+01 -2.000000e+00
      vertex   3.249261e+01 -3.072943e+01 0.000000e+00
      vertex   3.207295e+01 -3.026336e+01 -2.000000e+00
    endloop
  endfacet
  facet normal -7.431448e-01 -6.691306e-01 0.000000e+00
    outer loop
      vertex   3.207295e+01 -3.026336e+01 -2.000000e+00
      vertex   3.249261e+01 -3.072943e+01 0.000000e+00
      vertex   3.207295e+01 -3.026336e+01 0.000000e+00
    endloop
  endfacet
  facet normal -8.660254e-01 -5.000000e-01 0.000000e+00
    outer loop
      vertex   3.207295e+01 -3.026336e+01 -2.000000e+00
      vertex   3.207295e+01 -3.026336e+01 0.000000e+00
      vertex   3.175936e+01 -2.972021e+01 -2.000000e+00
    endloop
  endfacet
  facet normal -8.660254e-01 -5.000000e-01 0.000000e+00
    outer loop
      vertex   3.175936e+01 -2.972021e+01 -2.000000e+00
      vertex   3.207295e+01 -3.026336e+01 0.000000e+00
      vertex   3.175936e+01 -2.972021e+01 0.000000e+00
    endloop
  endfacet
  facet normal -9.510565e-01 -3.090170e-01 0.000000e+00
    outer loop
      vertex   3.175936e+01 -2.972021e+01 -2.000000e+00
      vertex   3.175936e+01 -2.972021e+01 0.000000e+00
      vertex   3.156556e+01 -2.912374e+01 -2.000000e+00
    endloop
  endfacet
  facet normal -9.510565e-01 -3.090170e-01 0.000000e+00
    outer loop
      vertex   3.156556e+01 -2.912374e+01 -2.000000e+00
      vertex   3.175936e+01 -2.972021e+01 0.000000e+00
      vertex   3.156556e+01 -2.912374e+01 0.000000e+00
    endloop
  endfacet
  facet normal 0.000000e+00 -0.000000e+00 -1.000000e+00
    outer loop
      vertex   3.156556e+01 -2.787626e+01 -2.000000e+00
      vertex   3.743444e+01 -2.787626e+01 -2.000000e+00
      vertex   3.150000e+01 -2.850000e+01 -2.000000e+00
    endloop
  endfacet
  facet normal 0.000000e+00 0.000000e+00 -1.000000e+00
    outer loop
      vertex   3.150000e+01 -2.850000e+01 -2.000000e+00
      vertex   3.743444e+01 -2.787626e+01 -2.000000e+00
      vertex   3.750000e+01 -2.850000e+01 -2.000000e+00
    endloop
  endfacet
  facet normal 0.000000e+00 0.000000e+00 -1.000000e+00
    outer loop
      vertex   3.150000e+01 -2.850000e+01 -2.000000e+00
      vertex   3.750000e+01 -2.850000e+01 -2.000000e+00
      vertex   3.156556e+01 -2.912374e+01 -2.000000e+00
    endloop
  endfacet
  facet normal 0.000000e+00 0.000000e+00 -1.000000e+00
    outer loop
      vertex   3.156556e+01 -2.912374e+01 -2.000000e+00
      vertex   3.750000e+01 -2.850000e+01 -2.000000e+00
      vertex   3.743444e+01 -2.912374e+01 -2.000000e+00
    endloop
  endfacet
  facet normal 0.000000e+00 0.000000e+00 -1.000000e+00
    outer loop
      vertex   3.156556e+01 -2.912374e+01 -2.000000e+00
      vertex   3.743444e+01 -2.912374e+01 -2.000000e+00
      vertex   3.175936e+01 -2.972021e+01 -2.000000e+00
    endloop
  endfacet
  facet normal 0.000000e+00 0.000000e+00 -1.000000e+00
    outer loop
      vertex   3.175936e+01 -2.972021e+01 -2.000000e+00
      vertex   3.743444e+01 -2.912374e+01 -2.000000e+00
      vertex   3.724064e+01 -2.972021e+01 -2.000000e+00
    endloop
  endfacet
  facet normal 0.000000e+00 0.000000e+00 -1.000000e+00
    outer loop
      vertex   3.175936e+01 -2.972021e+01 -2.000000e+00
      vertex   3.724064e+01 -2.972021e+01 -2.000000e+00
      vertex   3.207295e+01 -3.026336e+01 -2.000000e+00
    endloop
  endfacet
  facet normal 0.000000e+00 0.000000e+00 -1.000000e+00
    outer loop
      vertex   3.207295e+01 -3.026336e+01 -2.000000e+00
      vertex   3.724064e+01 -2.972021e+01 -2.000000e+00
      vertex   3.692705e+01 -3.026336e+01 -2.000000e+00
    endloop
  endfacet
  facet normal 0.000000e+00 0.000000e+00 -1.000000e+00
    outer loop
      vertex   3.207295e+01 -3.026336e+01 -2.000000e+00
      vertex   3.692705e+01 -3.026336e+01 -2.000000e+00
      vertex   3.249261e+01 -3.072943e+01 -2.000000e+00
    endloop
  endfacet
  facet normal 0.000000e+00 0.000000e+00 -1.000000e+00
    outer loop
      vertex   3.249261e+01 -3.072943e+01 -2.000000e+00
      vertex   3.692705e+01 -3.026336e+01 -2.000000e+00
      vertex   3.650739e+01 -3.072943e+01 -2.000000e+00
    endloop
  endfacet
  facet normal 0.000000e+00 0.000000e+00 -1.000000e+00
    outer loop
      vertex   3.249261e+01 -3.072943e+01 -2.000000e+00
      vertex   3.650739e+01 -3.072943e+01 -2.000000e+00
      vertex   3.300000e+01 -3.109808e+01 -2.000000e+00
    endloop
  endfacet
  facet normal 0.000000e+00 0.000000e+00 -1.000000e+00
    outer loop
      vertex   3.300000e+01 -3.109808e+01 -2.000000e+00
      vertex   3.650739e+01 -3.072943e+01 -2.000000e+00
      vertex   3.600000e+01 -3.109808e+01 -2.000000e+00
    endloop
  endfacet
  facet normal 0.000000e+00 0.000000e+00 -1.000000e+00
    outer loop
      vertex   3.300000e+01 -3.109808e+01 -2.000000e+00
      vertex   3.600000e+01 -3.109808e+01 -2.000000e+00
      vertex   3.357295e+01 -3.135317e+01 -2.000000e+00
    endloop
  endfacet
  facet normal 0.000000e+00 0.000000e+00 -1.000000e+00
    outer loop
      vertex   3.357295e+01 -3.135317e+01 -2.000000e+00
      vertex   3.600000e+01 -3.109808e+01 -2.000000e+00
      vertex   3.542705e+01 -3.135317e+01 -2.000000e+00
    endloop
  endfacet
  facet normal 0.000000e+00 0.000000e+00 -1.000000e+00
    outer loop
      vertex   3.357295e+01 -3.135317e+01 -2.000000e+00
      vertex   3.542705e+01 -3.135317e+01 -2.000000e+00
      vertex   3.418641e+01 -3.148357e+01 -2.000000e+00
    endloop
  endfacet
  facet normal 0.000000e+00 0.000000e+00 -1.000000e+00
    outer loop
      vertex   3.418641e+01 -3.148357e+01 -2.000000e+00
      vertex   3.542705e+01 -3.135317e+01 -2.000000e+00
      vertex   3.481359e+01 -3.148357e+01 -2.000000e+00
    endloop
  endfacet
  facet normal 0.000000e+00 0.000000e+00 -1.000000e+00
    outer loop
      vertex   3.743444e+01 -2.787626e+01 -2.000000e+00
      vertex   3.156556e+01 -2.787626e+01 -2.000000e+00
      vertex   3.724064e+01 -2.727979e+01 -2.000000e+00
    endloop
  endfacet
  facet normal -0.000000e+00 0.000000e+00 -1.000000e+00
    outer loop
      vertex   3.724064e+01 -2.727979e+01 -2.000000e+00
      vertex   3.156556e+01 -2.787626e+01 -2.000000e+00
      vertex   3.175936e+01 -2.727979e+01 -2.000000e+00
    endloop
  endfacet
  facet normal 0.000000e+00 0.000000e+00 -1.000000e+00
    outer loop
      vertex   3.724064e+01 -2.727979e+01 -2.000000e+00
      vertex   3.175936e+01 -2.727979e+01 -2.000000e+00
      vertex   3.692705e+01 -2.673664e+01 -2.000000e+00
    endloop
  endfacet
  facet normal -0.000000e+00 0.000000e+00 -1.000000e+00
    outer loop
      vertex   3.692705e+01 -2.673664e+01 -2.000000e+00
      vertex   3.175936e+01 -2.727979e+01 -2.000000e+00
      vertex   3.207295e+01 -2.673664e+01 -2.000000e+00
    endloop
  endfacet
  facet normal 0.000000e+00 0.000000e+00 -1.000000e+00
    outer loop
      vertex   3.692705e+01 -2.673664e+01 -2.000000e+00
      vertex   3.207295e+01 -2.673664e+01 -2.000000e+00
      vertex   3.650739e+01 -2.627057e+01 -2.000000e+00
    endloop
  endfacet
  facet normal -0.000000e+00 0.000000e+00 -1.000000e+00
    outer loop
      vertex   3.650739e+01 -2.627057e+01 -2.000000e+00
      vertex   3.207295e+01 -2.673664e+01 -2.000000e+00
      vertex   3.249261e+01 -2.627057e+01 -2.000000e+00
    endloop
  endfacet
  facet normal 0.000000e+00 0.000000e+00 -1.000000e+00
    outer loop
      vertex   3.650739e+01 -2.627057e+01 -2.000000e+00
      vertex   3.249261e+01 -2.627057e+01 -2.000000e+00
      vertex   3.600000e+01 -2.590192e+01 -2.000000e+00
    endloop
  endfacet
  facet normal -0.000000e+00 0.000000e+00 -1.000000e+00
    outer loop
      vertex   3.600000e+01 -2.590192e+01 -2.000000e+00
      vertex   3.249261e+01 -2.627057e+01 -2.000000e+00
      vertex   3.300000e+01 -2.590192e+01 -2.000000e+00
    endloop
  endfacet
  facet normal 0.000000e+00 0.000000e+00 -1.000000e+00
    outer loop
      vertex   3.600000e+01 -2.590192e+01 -2.000000e+00
      vertex   3.300000e+01 -2.590192e+01 -2.000000e+00
      vertex   3.542705e+01 -2.564683e+01 -2.000000e+00
    endloop
  endfacet
  facet normal -0.000000e+00 0.000000e+00 -1.000000e+00
    outer loop
      vertex   3.542705e+01 -2.564683e+01 -2.000000e+00
      vertex   3.300000e+01 -2.590192e+01 -2.000000e+00
      vertex   3.357295e+01 -2.564683e+01 -2.000000e+00
    endloop
  endfacet
  facet normal 0.000000e+00 0.000000e+00 -1.000000e+00
    outer loop
      vertex   3.542705e+01 -2.564683e+01 -2.000000e+00
      vertex   3.357295e+01 -2.564683e+01 -2.000000e+00
      vertex   3.481359e+01 -2.551643e+01 -2.000000e+00
    endloop
  endfacet
  facet normal -0.000000e+00 0.000000e+00 -1.000000e+00
    outer loop
      vertex   3.481359e+01 -2.551643e+01 -2.000000e+00
      vertex   3.357295e+01 -2.564683e+01 -2.000000e+00
      vertex   3.418641e+01 -2.551643e+01 -2.000000e+00
    endloop
  endfacet
  facet normal -1.000000e+00 0.000000e+00 0.000000e+00
    outer loop
      vertex   -3.950000e+01 -3.100000e+01 1.800000e+01
      vertex   -3.950000e+01 3.100000e+01 1.800000e+01
      vertex   -3.950000e+01 -3.100000e+01 0.000000e+00
    endloop
  endfacet
  facet normal -1.000000e+00 0.000000e+00 0.000000e+00
    outer loop
      vertex   -3.950000e+01 -3.100000e+01 0.000000e+00
      vertex   -3.950000e+01 3.100000e+01 1.800000e+01
      vertex   -3.950000e+01 3.100000e+01 0.000000e+00
    endloop
  endfacet
  facet normal 0.000000e+00 -0.000000e+00 1.000000e+00
    outer loop
      vertex   -3.944986e+01 -3.144504e+01 1.800000e+01
      vertex   -3.700000e+01 -3.050000e+01 1.800000e+01
      vertex   -3.950000e+01 -3.100000e+01 1.800000e+01
    endloop
  endfacet
  facet normal 0.000000e+00 0.000000e+00 1.000000e+00
    outer loop
      vertex   -3.950000e+01 -3.100000e+01 1.800000e+01
      vertex   -3.700000e+01 -3.050000e+01 1.800000e+01
      vertex   -3.700000e+01 3.050000e+01 1.800000e+01
    endloop
  endfacet
  facet normal 0.000000e+00 0.000000e+00 1.000000e+00
    outer loop
      vertex   -3.950000e+01 -3.100000e+01 1.800000e+01
      vertex   -3.700000e+01 3.050000e+01 1.800000e+01
      vertex   -3.950000e+01 3.100000e+01 1.800000e+01
    endloop
  endfacet
  facet normal -0.000000e+00 0.000000e+00 1.000000e+00
    outer loop
      vertex   -3.950000e+01 3.100000e+01 1.800000e+01
      vertex   -3.700000e+01 3.050000e+01 1.800000e+01
      vertex   -3.944986e+01 3.144504e+01 1.800000e+01
    endloop
  endfacet
  facet normal -0.000000e+00 0.000000e+00 1.000000e+00
    outer loop
      vertex   -3.944986e+01 3.144504e+01 1.800000e+01
      vertex   -3.700000e+01 3.050000e+01 1.800000e+01
      vertex   -3.930194e+01 3.186777e+01 1.800000e+01
    endloop
  endfacet
  facet normal -0.000000e+00 0.000000e+00 1.000000e+00
    outer loop
      vertex   -3.930194e+01 3.186777e+01 1.800000e+01
      vertex   -3.700000e+01 3.050000e+01 1.800000e+01
      vertex   -3.906366e+01 3.224698e+01 1.800000e+01
    endloop
  endfacet
  facet normal -0.000000e+00 0.000000e+00 1.000000e+00
    outer loop
      vertex   -3.906366e+01 3.224698e+01 1.800000e+01
      vertex   -3.700000e+01 3.050000e+01 1.800000e+01
      vertex   -3.874698e+01 3.256366e+01 1.800000e+01
    endloop
  endfacet
  facet normal -0.000000e+00 0.000000e+00 1.000000e+00
    outer loop
      vertex   -3.874698e+01 3.256366e+01 1.800000e+01
      vertex   -3.700000e+01 3.050000e+01 1.800000e+01
      vertex   -3.836777e+01 3.280194e+01 1.800000e+01
    endloop
  endfacet
  facet normal -0.000000e+00 0.000000e+00 1.000000e+00
    outer loop
      vertex   -3.836777e+01 3.280194e+01 1.800000e+01
      vertex   -3.700000e+01 3.050000e+01 1.800000e+01
      vertex   -3.794504e+01 3.294986e+01 1.800000e+01
    endloop
  endfacet
  facet normal -0.000000e+00 0.000000e+00 1.000000e+00
    outer loop
      vertex   -3.794504e+01 3.294986e+01 1.800000e+01
      vertex   -3.700000e+01 3.050000e+01 1.800000e+01
      vertex   -3.750000e+01 3.300000e+01 1.800000e+01
    endloop
  endfacet
  facet normal -0.000000e+00 0.000000e+00 1.000000e+00
    outer loop
      vertex   -3.750000e+01 3.300000e+01 1.800000e+01
      vertex   -3.700000e+01 3.050000e+01 1.800000e+01
      vertex   3.750000e+01 3.300000e+01 1.800000e+01
    endloop
  endfacet
  facet normal 0.000000e+00 0.000000e+00 1.000000e+00
    outer loop
      vertex   3.750000e+01 3.300000e+01 1.800000e+01
      vertex   -3.700000e+01 3.050000e+01 1.800000e+01
      vertex   3.900000e+01 3.050000e+01 1.800000e+01
    endloop
  endfacet
  facet normal 0.000000e+00 0.000000e+00 1.000000e+00
    outer loop
      vertex   3.750000e+01 3.300000e+01 1.800000e+01
      vertex   3.900000e+01 3.050000e+01 1.800000e+01
      vertex   3.794504e+01 3.294986e+01 1.800000e+01
    endloop
  endfacet
  facet normal 0.000000e+00 0.000000e+00 1.000000e+00
    outer loop
      vertex   3.794504e+01 3.294986e+01 1.800000e+01
      vertex   3.900000e+01 3.050000e+01 1.800000e+01
      vertex   3.836777e+01 3.280194e+01 1.800000e+01
    endloop
  endfacet
  facet normal 0.000000e+00 0.000000e+00 1.000000e+00
    outer loop
      vertex   3.836777e+01 3.280194e+01 1.800000e+01
      vertex   3.900000e+01 3.050000e+01 1.800000e+01
      vertex   3.874698e+01 3.256366e+01 1.800000e+01
    endloop
  endfacet
  facet normal 0.000000e+00 0.000000e+00 1.000000e+00
    outer loop
      vertex   3.874698e+01 3.256366e+01 1.800000e+01
      vertex   3.900000e+01 3.050000e+01 1.800000e+01
      vertex   3.906366e+01 3.224698e+01 1.800000e+01
    endloop
  endfacet
  facet normal 0.000000e+00 0.000000e+00 1.000000e+00
    outer loop
      vertex   3.906366e+01 3.224698e+01 1.800000e+01
      vertex   3.900000e+01 3.050000e+01 1.800000e+01
      vertex   3.930194e+01 3.186777e+01 1.800000e+01
    endloop
  endfacet
  facet normal 0.000000e+00 0.000000e+00 1.000000e+00
    outer loop
      vertex   3.930194e+01 3.186777e+01 1.800000e+01
      vertex   3.900000e+01 3.050000e+01 1.800000e+01
      vertex   3.944986e+01 3.144504e+01 1.800000e+01
    endloop
  endfacet
  facet normal 0.000000e+00 0.000000e+00 1.000000e+00
    outer loop
      vertex   3.944986e+01 3.144504e+01 1.800000e+01
      vertex   3.900000e+01 3.050000e+01 1.800000e+01
      vertex   3.950000e+01 3.100000e+01 1.800000e+01
    endloop
  endfacet
  facet normal 0.000000e+00 0.000000e+00 1.000000e+00
    outer loop
      vertex   3.950000e+01 3.100000e+01 1.800000e+01
      vertex   3.900000e+01 3.050000e+01 1.800000e+01
      vertex   3.950000e+01 1.250000e+01 1.800000e+01
    endloop
  endfacet
  facet normal 0.000000e+00 0.000000e+00 1.000000e+00
    outer loop
      vertex   3.950000e+01 1.250000e+01 1.800000e+01
      vertex   3.900000e+01 3.050000e+01 1.800000e+01
      vertex   3.900000e+01 1.250000e+01 1.800000e+01
    endloop
  endfacet
  facet normal -0.000000e+00 0.000000e+00 1.000000e+00
    outer loop
      vertex   -3.944986e+01 -3.144504e+01 1.800000e+01
      vertex   -3.930194e+01 -3.186777e+01 1.800000e+01
      vertex   -3.700000e+01 -3.050000e+01 1.800000e+01
    endloop
  endfacet
  facet normal 0.000000e+00 0.000000e+00 1.000000e+00
    outer loop
      vertex   -3.700000e+01 -3.050000e+01 1.800000e+01
      vertex   -3.930194e+01 -3.186777e+01 1.800000e+01
      vertex   -3.906366e+01 -3.224698e+01 1.800000e+01
    endloop
  endfacet
  facet normal 0.000000e+00 0.000000e+00 1.000000e+00
    outer loop
      vertex   -3.700000e+01 -3.050000e+01 1.800000e+01
      vertex   -3.906366e+01 -3.224698e+01 1.800000e+01
      vertex   -3.874698e+01 -3.256366e+01 1.800000e+01
    endloop
  endfacet
  facet normal -0.000000e+00 0.000000e+00 1.000000e+00
    outer loop
      vertex   -3.874698e+01 -3.256366e+01 1.800000e+01
      vertex   -3.836777e+01 -3.280194e+01 1.800000e+01
      vertex   -3.700000e+01 -3.050000e+01 1.800000e+01
    endloop
  endfacet
  facet normal 0.000000e+00 0.000000e+00 1.000000e+00
    outer loop
      vertex   -3.700000e+01 -3.050000e+01 1.800000e+01
      vertex   -3.836777e+01 -3.280194e+01 1.800000e+01
      vertex   -3.794504e+01 -3.294986e+01 1.800000e+01
    endloop
  endfacet
  facet normal 0.000000e+00 0.000000e+00 1.000000e+00
    outer loop
      vertex   -3.700000e+01 -3.050000e+01 1.800000e+01
      vertex   -3.794504e+01 -3.294986e+01 1.800000e+01
      vertex   -3.750000e+01 -3.300000e+01 1.800000e+01
    endloop
  endfacet
  facet normal 0.000000e+00 0.000000e+00 1.000000e+00
    outer loop
      vertex   -3.750000e+01 -3.300000e+01 1.800000e+01
      vertex   3.750000e+01 -3.300000e+01 1.800000e+01
      vertex   -3.700000e+01 -3.050000e+01 1.800000e+01
    endloop
  endfacet
  facet normal -0.000000e+00 0.000000e+00 1.000000e+00
    outer loop
      vertex   -3.700000e+01 -3.050000e+01 1.800000e+01
      vertex   3.750000e+01 -3.300000e+01 1.800000e+01
      vertex   3.700000e+01 -3.050000e+01 1.800000e+01
    endloop
  endfacet
  facet normal 0.000000e+00 0.000000e+00 1.000000e+00
    outer loop
      vertex   3.700000e+01 -3.050000e+01 1.800000e+01
      vertex   3.750000e+01 -3.300000e+01 1.800000e+01
      vertex   3.794504e+01 -3.294986e+01 1.800000e+01
    endloop
  endfacet
  facet normal 0.000000e+00 0.000000e+00 1.000000e+00
    outer loop
      vertex   3.700000e+01 -3.050000e+01 1.800000e+01
      vertex   3.794504e+01 -3.294986e+01 1.800000e+01
      vertex   3.836777e+01 -3.280194e+01 1.800000e+01
    endloop
  endfacet
  facet normal 0.000000e+00 -0.000000e+00 1.000000e+00
    outer loop
      vertex   3.836777e+01 -3.280194e+01 1.800000e+01
      vertex   3.874698e+01 -3.256366e+01 1.800000e+01
      vertex   3.700000e+01 -3.050000e+01 1.800000e+01
    endloop
  endfacet
  facet normal 0.000000e+00 0.000000e+00 1.000000e+00
    outer loop
      vertex   3.700000e+01 -3.050000e+01 1.800000e+01
      vertex   3.874698e+01 -3.256366e+01 1.800000e+01
      vertex   3.906366e+01 -3.224698e+01 1.800000e+01
    endloop
  endfacet
  facet normal 0.000000e+00 0.000000e+00 1.000000e+00
    outer loop
      vertex   3.700000e+01 -3.050000e+01 1.800000e+01
      vertex   3.906366e+01 -3.224698e+01 1.800000e+01
      vertex   3.930194e+01 -3.186777e+01 1.800000e+01
    endloop
  endfacet
  facet normal 0.000000e+00 -0.000000e+00 1.000000e+00
    outer loop
      vertex   3.930194e+01 -3.186777e+01 1.800000e+01
      vertex   3.944986e+01 -3.144504e+01 1.800000e+01
      vertex   3.700000e+01 -3.050000e+01 1.800000e+01
    endloop
  endfacet
  facet normal 0.000000e+00 0.000000e+00 1.000000e+00
    outer loop
      vertex   3.700000e+01 -3.050000e+01 1.800000e+01
      vertex   3.944986e+01 -3.144504e+01 1.800000e+01
      vertex   3.950000e+01 -3.100000e+01 1.800000e+01
    endloop
  endfacet
  facet normal -0.000000e+00 0.000000e+00 1.000000e+00
    outer loop
      vertex   3.700000e+01 -3.050000e+01 1.800000e+01
      vertex   3.950000e+01 -3.100000e+01 1.800000e+01
      vertex   3.700000e+01 7.926408e+00 1.800000e+01
    endloop
  endfacet
  facet normal -0.000000e+00 0.000000e+00 1.000000e+00
    outer loop
      vertex   3.700000e+01 7.926408e+00 1.800000e+01
      vertex   3.950000e+01 -3.100000e+01 1.800000e+01
      vertex   3.950000e+01 1.250000e+01 1.800000e+01
    endloop
  endfacet
  facet normal 0.000000e+00 0.000000e+00 1.000000e+00
    outer loop
      vertex   3.700000e+01 7.926408e+00 1.800000e+01
      vertex   3.950000e+01 1.250000e+01 1.800000e+01
      vertex   3.730400e+01 8.986405e+00 1.800000e+01
    endloop
  endfacet
  facet normal -0.000000e+00 0.000000e+00 1.000000e+00
    outer loop
      vertex   3.713709e+01 8.654111e+00 1.800000e+01
      vertex   3.703457e+01 8.296659e+00 1.800000e+01
      vertex   3.730400e+01 8.986405e+00 1.800000e+01
    endloop
  endfacet
  facet normal 0.000000e+00 0.000000e+00 1.000000e+00
    outer loop
      vertex   3.730400e+01 8.986405e+00 1.800000e+01
      vertex   3.703457e+01 8.296659e+00 1.800000e+01
      vertex   3.700000e+01 7.926408e+00 1.800000e+01
    endloop
  endfacet
endsolid
